FinancialRecordID,MonthStartDateKey,FiscalMonth,ProjectKey,CostCategory,PeriodType,BudgetAmount,ActualLaborCost,ActualMaterialCost,ActualOtherCost,ActualCostAmount,CommittedCost,ForecastToComplete,EAC,PlannedLaborHours,ActualLaborHours
FIN-000001,20241001,2024-10,1,Labor,Actual,52553.0,57814.42,0.0,0.0,57814.42,0.0,0.0,57814.42,606.61,613.5
FIN-000002,20241001,2024-10,1,Contractor,Actual,12530.11,9794.96,0.0,0.0,9794.96,0.0,0.0,9794.96,97.83,94.0
FIN-000003,20241001,2024-10,1,Material,Actual,42086.93,0.0,33485.71,0.0,33485.71,0.0,0.0,33485.71,0.0,0.0
FIN-000004,20241001,2024-10,1,Other,Actual,19269.7,0.0,0.0,16255.58,16255.58,0.0,0.0,16255.58,0.0,0.0
FIN-000005,20241101,2024-11,1,Labor,Actual,70374.58,71292.54,0.0,0.0,71292.54,0.0,0.0,71292.54,812.32,759.5
FIN-000006,20241101,2024-11,1,Contractor,Actual,16249.96,19992.52,0.0,0.0,19992.52,0.0,0.0,19992.52,126.87,166.0
FIN-000007,20241101,2024-11,1,Material,Actual,51006.91,0.0,36753.87,0.0,36753.87,0.0,0.0,36753.87,0.0,0.0
FIN-000008,20241101,2024-11,1,Other,Actual,21852.32,0.0,0.0,18385.83,18385.83,0.0,0.0,18385.83,0.0,0.0
FIN-000009,20241201,2024-12,1,Labor,Actual,83186.67,69189.8,0.0,0.0,69189.8,0.0,0.0,69189.8,960.21,740.5
FIN-000010,20241201,2024-12,1,Contractor,Actual,18479.41,24953.55,0.0,0.0,24953.55,0.0,0.0,24953.55,144.28,201.25
FIN-000011,20241201,2024-12,1,Material,Actual,59551.39,0.0,51775.97,0.0,51775.97,0.0,0.0,51775.97,0.0,0.0
FIN-000012,20241201,2024-12,1,Other,Actual,26189.01,0.0,0.0,16388.55,16388.55,0.0,0.0,16388.55,0.0,0.0
FIN-000013,20250101,2025-01,1,Labor,Actual,91812.72,73952.81,0.0,0.0,73952.81,0.0,0.0,73952.81,1059.78,777.5
FIN-000014,20250101,2025-01,1,Contractor,Actual,22488.32,36282.75,0.0,0.0,36282.75,0.0,0.0,36282.75,175.58,271.75
FIN-000015,20250101,2025-01,1,Material,Actual,67610.72,0.0,43911.76,0.0,43911.76,0.0,0.0,43911.76,0.0,0.0
FIN-000016,20250101,2025-01,1,Other,Actual,31546.72,0.0,0.0,21920.81,21920.81,0.0,0.0,21920.81,0.0,0.0
FIN-000017,20250201,2025-02,1,Labor,Actual,95675.72,114779.36,0.0,0.0,114779.36,0.0,0.0,114779.36,1104.37,1187.25
FIN-000018,20250201,2025-02,1,Contractor,Actual,26043.51,97273.41,0.0,0.0,97273.41,0.0,0.0,97273.41,203.33,746.75
FIN-000019,20250201,2025-02,1,Material,Actual,72495.01,0.0,56719.72,0.0,56719.72,0.0,0.0,56719.72,0.0,0.0
FIN-000020,20250201,2025-02,1,Other,Actual,32826.2,0.0,0.0,23656.56,23656.56,0.0,0.0,23656.56,0.0,0.0
FIN-000021,20250301,2025-03,1,Labor,Actual,100200.42,137716.24,0.0,0.0,137716.24,0.0,0.0,137716.24,1156.59,1449.75
FIN-000022,20250301,2025-03,1,Contractor,Actual,28796.93,107655.56,0.0,0.0,107655.56,0.0,0.0,107655.56,224.83,845.5
FIN-000023,20250301,2025-03,1,Material,Actual,80744.37,0.0,66000.98,0.0,66000.98,0.0,0.0,66000.98,0.0,0.0
FIN-000024,20250301,2025-03,1,Other,Actual,33893.22,0.0,0.0,29057.28,29057.28,0.0,0.0,29057.28,0.0,0.0
FIN-000025,20250401,2025-04,1,Labor,Actual,105970.95,106492.08,0.0,0.0,106492.08,0.0,0.0,106492.08,1223.2,1080.25
FIN-000026,20250401,2025-04,1,Contractor,Actual,30312.5,86399.4,0.0,0.0,86399.4,0.0,0.0,86399.4,236.66,673.5
FIN-000027,20250401,2025-04,1,Material,Actual,80854.82,0.0,53447.36,0.0,53447.36,0.0,0.0,53447.36,0.0,0.0
FIN-000028,20250401,2025-04,1,Other,Actual,34546.78,0.0,0.0,29522.98,29522.98,0.0,0.0,29522.98,0.0,0.0
FIN-000029,20250501,2025-05,1,Labor,Actual,107868.61,94348.57,0.0,0.0,94348.57,0.0,0.0,94348.57,1245.11,977.75
FIN-000030,20250501,2025-05,1,Contractor,Actual,30980.43,94542.87,0.0,0.0,94542.87,0.0,0.0,94542.87,241.88,757.0
FIN-000031,20250501,2025-05,1,Material,Actual,76412.63,0.0,51269.01,0.0,51269.01,0.0,0.0,51269.01,0.0,0.0
FIN-000032,20250501,2025-05,1,Other,Actual,35885.91,0.0,0.0,30411.1,30411.1,0.0,0.0,30411.1,0.0,0.0
FIN-000033,20250601,2025-06,1,Labor,Actual,116583.33,126034.93,0.0,0.0,126034.93,0.0,0.0,126034.93,1345.7,1311.5
FIN-000034,20250601,2025-06,1,Contractor,Actual,30298.28,110897.4,0.0,0.0,110897.4,0.0,0.0,110897.4,236.55,867.0
FIN-000035,20250601,2025-06,1,Material,Actual,75332.6,0.0,61344.96,0.0,61344.96,0.0,0.0,61344.96,0.0,0.0
FIN-000036,20250601,2025-06,1,Other,Actual,32399.42,0.0,0.0,20278.8,20278.8,0.0,0.0,20278.8,0.0,0.0
FIN-000037,20250701,2025-07,1,Labor,Forecast,102453.34,0.0,0.0,0.0,0.0,36955.8,113334.26,113334.26,1182.6,0.0
FIN-000038,20250701,2025-07,1,Contractor,Forecast,28354.47,0.0,0.0,0.0,0.0,21951.92,45545.75,45545.75,221.37,0.0
FIN-000039,20250701,2025-07,1,Material,Forecast,68759.23,0.0,0.0,0.0,0.0,34213.7,76330.68,76330.68,0.0,0.0
FIN-000040,20250701,2025-07,1,Other,Forecast,31080.18,0.0,0.0,0.0,0.0,17493.76,53696.41,53696.41,0.0,0.0
FIN-000041,20250801,2025-08,1,Labor,Forecast,93303.44,0.0,0.0,0.0,0.0,45388.86,100243.23,100243.23,1076.98,0.0
FIN-000042,20250801,2025-08,1,Contractor,Forecast,29358.21,0.0,0.0,0.0,0.0,20237.42,47029.4,47029.4,229.21,0.0
FIN-000043,20250801,2025-08,1,Material,Forecast,63956.55,0.0,0.0,0.0,0.0,30425.63,67113.74,67113.74,0.0,0.0
FIN-000044,20250801,2025-08,1,Other,Forecast,27839.89,0.0,0.0,0.0,0.0,13430.06,45941.95,45941.95,0.0,0.0
FIN-000045,20250901,2025-09,1,Labor,Forecast,90264.61,0.0,0.0,0.0,0.0,30729.27,98592.09,98592.09,1041.91,0.0
FIN-000046,20250901,2025-09,1,Contractor,Forecast,25796.02,0.0,0.0,0.0,0.0,17233.42,42332.77,42332.77,201.4,0.0
FIN-000047,20250901,2025-09,1,Material,Forecast,58412.59,0.0,0.0,0.0,0.0,28860.58,60313.47,60313.47,0.0,0.0
FIN-000048,20250901,2025-09,1,Other,Forecast,26325.98,0.0,0.0,0.0,0.0,8352.2,39723.53,39723.53,0.0,0.0
FIN-000049,20251001,2025-10,1,Labor,Forecast,77093.79,0.0,0.0,0.0,0.0,25763.2,78724.54,78724.54,889.88,0.0
FIN-000050,20251001,2025-10,1,Contractor,Forecast,24213.92,0.0,0.0,0.0,0.0,17261.03,39458.83,39458.83,189.05,0.0
FIN-000051,20251001,2025-10,1,Material,Forecast,49392.45,0.0,0.0,0.0,0.0,21182.77,48962.78,48962.78,0.0,0.0
FIN-000052,20251001,2025-10,1,Other,Forecast,22551.88,0.0,0.0,0.0,0.0,7923.72,36644.25,36644.25,0.0,0.0
FIN-000053,20251101,2025-11,1,Labor,Forecast,65239.22,0.0,0.0,0.0,0.0,19158.05,63042.12,63042.12,753.04,0.0
FIN-000054,20251101,2025-11,1,Contractor,Forecast,21260.64,0.0,0.0,0.0,0.0,9657.82,34242.84,34242.84,165.99,0.0
FIN-000055,20251101,2025-11,1,Material,Forecast,40652.17,0.0,0.0,0.0,0.0,15294.82,40319.72,40319.72,0.0,0.0
FIN-000056,20251101,2025-11,1,Other,Forecast,19412.08,0.0,0.0,0.0,0.0,9637.55,29767.15,29767.15,0.0,0.0
FIN-000057,20251201,2025-12,1,Labor,Forecast,55756.84,0.0,0.0,0.0,0.0,12654.8,55967.92,55967.92,643.59,0.0
FIN-000058,20251201,2025-12,1,Contractor,Forecast,17223.86,0.0,0.0,0.0,0.0,10631.02,29245.04,29245.04,134.47,0.0
FIN-000059,20251201,2025-12,1,Material,Forecast,31345.26,0.0,0.0,0.0,0.0,11426.95,30801.58,30801.58,0.0,0.0
FIN-000060,20251201,2025-12,1,Other,Forecast,15043.27,0.0,0.0,0.0,0.0,3728.31,22625.95,22625.95,0.0,0.0
FIN-000061,20240101,2024-01,2,Labor,Actual,46715.92,996403.45,0.0,0.0,996403.45,0.0,0.0,996403.45,528.12,10780.0
FIN-000062,20240101,2024-01,2,Contractor,Actual,13723.81,302856.7,0.0,0.0,302856.7,0.0,0.0,302856.7,102.78,2367.0
FIN-000063,20240101,2024-01,2,Material,Actual,54010.59,0.0,0.0,0.0,0.0,0.0,0.0,0.0,0.0,0.0
FIN-000064,20240101,2024-01,2,Other,Actual,21016.12,0.0,0.0,0.0,0.0,0.0,0.0,0.0,0.0,0.0
FIN-000065,20240201,2024-02,2,Labor,Actual,48738.64,571356.68,0.0,0.0,571356.68,0.0,0.0,571356.68,550.99,6215.5
FIN-000066,20240201,2024-02,2,Contractor,Actual,15180.64,150581.04,0.0,0.0,150581.04,0.0,0.0,150581.04,113.69,1163.5
FIN-000067,20240201,2024-02,2,Material,Actual,54621.15,0.0,0.0,0.0,0.0,0.0,0.0,0.0,0.0,0.0
FIN-000068,20240201,2024-02,2,Other,Actual,22228.95,0.0,0.0,0.0,0.0,0.0,0.0,0.0,0.0,0.0
FIN-000069,20240301,2024-03,2,Labor,Actual,53626.63,292286.14,0.0,0.0,292286.14,0.0,0.0,292286.14,606.25,3080.5
FIN-000070,20240301,2024-03,2,Contractor,Actual,15810.09,67787.7,0.0,0.0,67787.7,0.0,0.0,67787.7,118.4,517.25
FIN-000071,20240301,2024-03,2,Material,Actual,61660.98,0.0,0.0,0.0,0.0,0.0,0.0,0.0,0.0,0.0
FIN-000072,20240301,2024-03,2,Other,Actual,24332.23,0.0,0.0,0.0,0.0,0.0,0.0,0.0,0.0,0.0
FIN-000073,20240401,2024-04,2,Labor,Actual,57041.79,211646.04,0.0,0.0,211646.04,0.0,0.0,211646.04,644.86,2316.75
FIN-000074,20240401,2024-04,2,Contractor,Actual,17158.79,90664.82,0.0,0.0,90664.82,0.0,0.0,90664.82,128.51,715.5
FIN-000075,20240401,2024-04,2,Material,Actual,64541.68,0.0,0.0,0.0,0.0,0.0,0.0,0.0,0.0,0.0
FIN-000076,20240401,2024-04,2,Other,Actual,24905.85,0.0,0.0,0.0,0.0,0.0,0.0,0.0,0.0,0.0
FIN-000077,20240501,2024-05,2,Labor,Actual,60880.78,187039.08,0.0,0.0,187039.08,0.0,0.0,187039.08,688.26,1959.75
FIN-000078,20240501,2024-05,2,Contractor,Actual,20410.7,36593.86,0.0,0.0,36593.86,0.0,0.0,36593.86,152.86,287.5
FIN-000079,20240501,2024-05,2,Material,Actual,68903.32,0.0,0.0,0.0,0.0,0.0,0.0,0.0,0.0,0.0
FIN-000080,20240501,2024-05,2,Other,Actual,27039.53,0.0,0.0,0.0,0.0,0.0,0.0,0.0,0.0,0.0
FIN-000081,20240601,2024-06,2,Labor,Actual,66147.07,106929.08,0.0,0.0,106929.08,0.0,0.0,106929.08,747.79,1154.0
FIN-000082,20240601,2024-06,2,Contractor,Actual,22375.67,20109.04,0.0,0.0,20109.04,0.0,0.0,20109.04,167.58,149.25
FIN-000083,20240601,2024-06,2,Material,Actual,65337.39,0.0,0.0,0.0,0.0,0.0,0.0,0.0,0.0,0.0
FIN-000084,20240601,2024-06,2,Other,Actual,30219.3,0.0,0.0,0.0,0.0,0.0,0.0,0.0,0.0,0.0
FIN-000085,20240701,2024-07,2,Labor,Actual,66509.19,102744.78,0.0,0.0,102744.78,0.0,0.0,102744.78,751.89,1102.5
FIN-000086,20240701,2024-07,2,Contractor,Actual,23568.69,29817.65,0.0,0.0,29817.65,0.0,0.0,29817.65,176.51,262.75
FIN-000087,20240701,2024-07,2,Material,Actual,72819.6,0.0,0.0,0.0,0.0,0.0,0.0,0.0,0.0,0.0
FIN-000088,20240701,2024-07,2,Other,Actual,28399.4,0.0,0.0,0.0,0.0,0.0,0.0,0.0,0.0,0.0
FIN-000089,20240801,2024-08,2,Labor,Actual,75931.33,67295.45,0.0,0.0,67295.45,0.0,0.0,67295.45,858.4,711.0
FIN-000090,20240801,2024-08,2,Contractor,Actual,25511.27,11669.32,0.0,0.0,11669.32,0.0,0.0,11669.32,191.06,94.5
FIN-000091,20240801,2024-08,2,Material,Actual,71289.61,0.0,0.0,0.0,0.0,0.0,0.0,0.0,0.0,0.0
FIN-000092,20240801,2024-08,2,Other,Actual,30722.02,0.0,0.0,0.0,0.0,0.0,0.0,0.0,0.0,0.0
FIN-000093,20240901,2024-09,2,Labor,Actual,75662.03,99183.14,0.0,0.0,99183.14,0.0,0.0,99183.14,855.36,1055.75
FIN-000094,20240901,2024-09,2,Contractor,Actual,25318.58,25655.77,0.0,0.0,25655.77,0.0,0.0,25655.77,189.62,210.25
FIN-000095,20240901,2024-09,2,Material,Actual,78056.33,0.0,0.0,0.0,0.0,0.0,0.0,0.0,0.0,0.0
FIN-000096,20240901,2024-09,2,Other,Actual,30976.07,0.0,0.0,0.0,0.0,0.0,0.0,0.0,0.0,0.0
FIN-000097,20241001,2024-10,2,Labor,Actual,80504.05,68494.71,0.0,0.0,68494.71,0.0,0.0,68494.71,910.1,721.0
FIN-000098,20241001,2024-10,2,Contractor,Actual,29316.42,26877.09,0.0,0.0,26877.09,0.0,0.0,26877.09,219.56,209.0
FIN-000099,20241001,2024-10,2,Material,Actual,76246.03,0.0,0.0,0.0,0.0,0.0,0.0,0.0,0.0,0.0
FIN-000100,20241001,2024-10,2,Other,Actual,30631.03,0.0,0.0,0.0,0.0,0.0,0.0,0.0,0.0,0.0
FIN-000101,20241101,2024-11,2,Labor,Actual,88445.57,55912.11,0.0,0.0,55912.11,0.0,0.0,55912.11,999.88,574.75
FIN-000102,20241101,2024-11,2,Contractor,Actual,28777.62,18523.08,0.0,0.0,18523.08,0.0,0.0,18523.08,215.52,155.75
FIN-000103,20241101,2024-11,2,Material,Actual,76471.98,0.0,0.0,0.0,0.0,0.0,0.0,0.0,0.0,0.0
FIN-000104,20241101,2024-11,2,Other,Actual,33868.01,0.0,0.0,0.0,0.0,0.0,0.0,0.0,0.0,0.0
FIN-000105,20241201,2024-12,2,Labor,Actual,91571.15,85662.78,0.0,0.0,85662.78,0.0,0.0,85662.78,1035.21,916.25
FIN-000106,20241201,2024-12,2,Contractor,Actual,30991.14,18441.93,0.0,0.0,18441.93,0.0,0.0,18441.93,232.1,148.25
FIN-000107,20241201,2024-12,2,Material,Actual,77096.46,0.0,0.0,0.0,0.0,0.0,0.0,0.0,0.0,0.0
FIN-000108,20241201,2024-12,2,Other,Actual,33451.01,0.0,0.0,0.0,0.0,0.0,0.0,0.0,0.0,0.0
FIN-000109,20250101,2025-01,2,Labor,Actual,93253.74,49986.62,0.0,0.0,49986.62,0.0,0.0,49986.62,1054.23,545.0
FIN-000110,20250101,2025-01,2,Contractor,Actual,34354.31,27580.25,0.0,0.0,27580.25,0.0,0.0,27580.25,257.29,207.25
FIN-000111,20250101,2025-01,2,Material,Actual,79248.03,0.0,0.0,0.0,0.0,0.0,0.0,0.0,0.0,0.0
FIN-000112,20250101,2025-01,2,Other,Actual,36505.72,0.0,0.0,0.0,0.0,0.0,0.0,0.0,0.0,0.0
FIN-000113,20250201,2025-02,2,Labor,Actual,102529.95,67128.47,0.0,0.0,67128.47,0.0,0.0,67128.47,1159.1,718.5
FIN-000114,20250201,2025-02,2,Contractor,Actual,36327.97,5830.5,0.0,0.0,5830.5,0.0,0.0,5830.5,272.07,57.0
FIN-000115,20250201,2025-02,2,Material,Actual,84127.03,0.0,0.0,0.0,0.0,0.0,0.0,0.0,0.0,0.0
FIN-000116,20250201,2025-02,2,Other,Actual,37219.28,0.0,0.0,0.0,0.0,0.0,0.0,0.0,0.0,0.0
FIN-000117,20250301,2025-03,2,Labor,Actual,106117.43,18851.64,0.0,0.0,18851.64,0.0,0.0,18851.64,1199.66,200.75
FIN-000118,20250301,2025-03,2,Contractor,Actual,39679.4,5680.74,0.0,0.0,5680.74,0.0,0.0,5680.74,297.17,36.25
FIN-000119,20250301,2025-03,2,Material,Actual,82115.0,0.0,0.0,0.0,0.0,0.0,0.0,0.0,0.0,0.0
FIN-000120,20250301,2025-03,2,Other,Actual,39759.93,0.0,0.0,0.0,0.0,0.0,0.0,0.0,0.0,0.0
FIN-000121,20240201,2024-02,3,Labor,Actual,66162.63,301498.51,0.0,0.0,301498.51,0.0,0.0,301498.51,732.35,3235.75
FIN-000122,20240201,2024-02,3,Contractor,Actual,16761.59,100897.95,0.0,0.0,100897.95,0.0,0.0,100897.95,138.55,798.5
FIN-000123,20240201,2024-02,3,Material,Actual,41923.96,0.0,31156.57,0.0,31156.57,0.0,0.0,31156.57,0.0,0.0
FIN-000124,20240201,2024-02,3,Other,Actual,19932.07,0.0,0.0,16891.33,16891.33,0.0,0.0,16891.33,0.0,0.0
FIN-000125,20240301,2024-03,3,Labor,Actual,81786.94,216764.37,0.0,0.0,216764.37,0.0,0.0,216764.37,905.29,2322.5
FIN-000126,20240301,2024-03,3,Contractor,Actual,21570.78,79166.8,0.0,0.0,79166.8,0.0,0.0,79166.8,178.31,601.75
FIN-000127,20240301,2024-03,3,Material,Actual,49169.52,0.0,42139.03,0.0,42139.03,0.0,0.0,42139.03,0.0,0.0
FIN-000128,20240301,2024-03,3,Other,Actual,23934.18,0.0,0.0,17169.12,17169.12,0.0,0.0,17169.12,0.0,0.0
FIN-000129,20240401,2024-04,3,Labor,Actual,90160.2,289253.24,0.0,0.0,289253.24,0.0,0.0,289253.24,997.97,3054.5
FIN-000130,20240401,2024-04,3,Contractor,Actual,23097.43,57922.52,0.0,0.0,57922.52,0.0,0.0,57922.52,190.93,415.75
FIN-000131,20240401,2024-04,3,Material,Actual,57555.65,0.0,38301.42,0.0,38301.42,0.0,0.0,38301.42,0.0,0.0
FIN-000132,20240401,2024-04,3,Other,Actual,29800.9,0.0,0.0,21753.25,21753.25,0.0,0.0,21753.25,0.0,0.0
FIN-000133,20240501,2024-05,3,Labor,Actual,108179.78,117418.89,0.0,0.0,117418.89,0.0,0.0,117418.89,1197.43,1263.75
FIN-000134,20240501,2024-05,3,Contractor,Actual,27435.73,21772.99,0.0,0.0,21772.99,0.0,0.0,21772.99,226.79,179.25
FIN-000135,20240501,2024-05,3,Material,Actual,64174.56,0.0,55303.68,0.0,55303.68,0.0,0.0,55303.68,0.0,0.0
FIN-000136,20240501,2024-05,3,Other,Actual,32930.0,0.0,0.0,22563.55,22563.55,0.0,0.0,22563.55,0.0,0.0
FIN-000137,20240601,2024-06,3,Labor,Actual,106536.02,113427.71,0.0,0.0,113427.71,0.0,0.0,113427.71,1179.23,1205.25
FIN-000138,20240601,2024-06,3,Contractor,Actual,31615.46,33679.15,0.0,0.0,33679.15,0.0,0.0,33679.15,261.34,263.0
FIN-000139,20240601,2024-06,3,Material,Actual,69385.55,0.0,51733.79,0.0,51733.79,0.0,0.0,51733.79,0.0,0.0
FIN-000140,20240601,2024-06,3,Other,Actual,36086.79,0.0,0.0,25734.88,25734.88,0.0,0.0,25734.88,0.0,0.0
FIN-000141,20240701,2024-07,3,Labor,Actual,115414.07,91099.37,0.0,0.0,91099.37,0.0,0.0,91099.37,1277.5,1022.0
FIN-000142,20240701,2024-07,3,Contractor,Actual,34225.22,38333.19,0.0,0.0,38333.19,0.0,0.0,38333.19,282.91,283.75
FIN-000143,20240701,2024-07,3,Material,Actual,70580.35,0.0,52744.39,0.0,52744.39,0.0,0.0,52744.39,0.0,0.0
FIN-000144,20240701,2024-07,3,Other,Actual,38747.75,0.0,0.0,30899.29,30899.29,0.0,0.0,30899.29,0.0,0.0
FIN-000145,20240801,2024-08,3,Labor,Actual,135870.04,76955.88,0.0,0.0,76955.88,0.0,0.0,76955.88,1503.93,818.5
FIN-000146,20240801,2024-08,3,Contractor,Actual,38918.83,19956.09,0.0,0.0,19956.09,0.0,0.0,19956.09,321.71,139.75
FIN-000147,20240801,2024-08,3,Material,Actual,75119.39,0.0,49115.17,0.0,49115.17,0.0,0.0,49115.17,0.0,0.0
FIN-000148,20240801,2024-08,3,Other,Actual,39311.79,0.0,0.0,32608.91,32608.91,0.0,0.0,32608.91,0.0,0.0
FIN-000149,20240901,2024-09,3,Labor,Actual,132619.11,60900.37,0.0,0.0,60900.37,0.0,0.0,60900.37,1467.94,689.75
FIN-000150,20240901,2024-09,3,Contractor,Actual,36916.27,46538.53,0.0,0.0,46538.53,0.0,0.0,46538.53,305.16,363.75
FIN-000151,20240901,2024-09,3,Material,Actual,73852.44,0.0,65304.27,0.0,65304.27,0.0,0.0,65304.27,0.0,0.0
FIN-000152,20240901,2024-09,3,Other,Actual,41120.72,0.0,0.0,29844.16,29844.16,0.0,0.0,29844.16,0.0,0.0
FIN-000153,20241001,2024-10,3,Labor,Actual,133700.28,81910.95,0.0,0.0,81910.95,0.0,0.0,81910.95,1479.91,875.75
FIN-000154,20241001,2024-10,3,Contractor,Actual,40122.96,22990.81,0.0,0.0,22990.81,0.0,0.0,22990.81,331.66,156.5
FIN-000155,20241001,2024-10,3,Material,Actual,76719.42,0.0,68156.57,0.0,68156.57,0.0,0.0,68156.57,0.0,0.0
FIN-000156,20241001,2024-10,3,Other,Actual,40325.92,0.0,0.0,28777.95,28777.95,0.0,0.0,28777.95,0.0,0.0
FIN-000157,20241101,2024-11,3,Labor,Actual,138394.03,67021.49,0.0,0.0,67021.49,0.0,0.0,67021.49,1531.86,711.25
FIN-000158,20241101,2024-11,3,Contractor,Actual,39860.39,18310.89,0.0,0.0,18310.89,0.0,0.0,18310.89,329.49,148.5
FIN-000159,20241101,2024-11,3,Material,Actual,71943.94,0.0,56098.59,0.0,56098.59,0.0,0.0,56098.59,0.0,0.0
FIN-000160,20241101,2024-11,3,Other,Actual,38999.55,0.0,0.0,31482.53,31482.53,0.0,0.0,31482.53,0.0,0.0
FIN-000161,20241201,2024-12,3,Labor,Actual,135421.95,52677.72,0.0,0.0,52677.72,0.0,0.0,52677.72,1498.97,550.0
FIN-000162,20241201,2024-12,3,Contractor,Actual,41421.89,15474.74,0.0,0.0,15474.74,0.0,0.0,15474.74,342.4,105.5
FIN-000163,20241201,2024-12,3,Material,Actual,69115.41,0.0,49927.93,0.0,49927.93,0.0,0.0,49927.93,0.0,0.0
FIN-000164,20241201,2024-12,3,Other,Actual,37842.91,0.0,0.0,31782.29,31782.29,0.0,0.0,31782.29,0.0,0.0
FIN-000165,20250101,2025-01,3,Labor,Actual,121568.46,48909.52,0.0,0.0,48909.52,0.0,0.0,48909.52,1345.62,506.25
FIN-000166,20250101,2025-01,3,Contractor,Actual,38047.07,11673.61,0.0,0.0,11673.61,0.0,0.0,11673.61,314.5,97.5
FIN-000167,20250101,2025-01,3,Material,Actual,69532.12,0.0,44194.79,0.0,44194.79,0.0,0.0,44194.79,0.0,0.0
FIN-000168,20250101,2025-01,3,Other,Actual,35140.44,0.0,0.0,26075.78,26075.78,0.0,0.0,26075.78,0.0,0.0
FIN-000169,20250201,2025-02,3,Labor,Actual,118013.38,51698.92,0.0,0.0,51698.92,0.0,0.0,51698.92,1306.27,534.0
FIN-000170,20250201,2025-02,3,Contractor,Actual,40614.96,23602.74,0.0,0.0,23602.74,0.0,0.0,23602.74,335.73,176.0
FIN-000171,20250201,2025-02,3,Material,Actual,58811.75,0.0,37350.07,0.0,37350.07,0.0,0.0,37350.07,0.0,0.0
FIN-000172,20250201,2025-02,3,Other,Actual,34012.16,0.0,0.0,23483.93,23483.93,0.0,0.0,23483.93,0.0,0.0
FIN-000173,20250301,2025-03,3,Labor,Actual,107623.35,66979.36,0.0,0.0,66979.36,0.0,0.0,66979.36,1191.27,725.0
FIN-000174,20250301,2025-03,3,Contractor,Actual,36846.82,6095.78,0.0,0.0,6095.78,0.0,0.0,6095.78,304.58,35.25
FIN-000175,20250301,2025-03,3,Material,Actual,53021.06,0.0,42263.74,0.0,42263.74,0.0,0.0,42263.74,0.0,0.0
FIN-000176,20250301,2025-03,3,Other,Actual,31418.37,0.0,0.0,26289.95,26289.95,0.0,0.0,26289.95,0.0,0.0
FIN-000177,20250401,2025-04,3,Labor,Actual,102915.15,49516.95,0.0,0.0,49516.95,0.0,0.0,49516.95,1139.15,556.25
FIN-000178,20250401,2025-04,3,Contractor,Actual,35471.11,6528.11,0.0,0.0,6528.11,0.0,0.0,6528.11,293.21,37.75
FIN-000179,20250401,2025-04,3,Material,Actual,49976.65,0.0,34570.34,0.0,34570.34,0.0,0.0,34570.34,0.0,0.0
FIN-000180,20250401,2025-04,3,Other,Actual,25706.53,0.0,0.0,22333.03,22333.03,0.0,0.0,22333.03,0.0,0.0
FIN-000181,20250501,2025-05,3,Labor,Actual,86261.19,79230.51,0.0,0.0,79230.51,0.0,0.0,79230.51,954.81,828.75
FIN-000182,20250501,2025-05,3,Contractor,Actual,30007.66,0.0,0.0,0.0,0.0,0.0,0.0,0.0,248.05,0.0
FIN-000183,20250501,2025-05,3,Material,Actual,43815.18,0.0,35350.81,0.0,35350.81,0.0,0.0,35350.81,0.0,0.0
FIN-000184,20250501,2025-05,3,Other,Actual,25012.94,0.0,0.0,16170.14,16170.14,0.0,0.0,16170.14,0.0,0.0
FIN-000185,20250601,2025-06,3,Labor,Actual,78401.14,87478.75,0.0,0.0,87478.75,0.0,0.0,87478.75,867.81,923.75
FIN-000186,20250601,2025-06,3,Contractor,Actual,26741.66,12877.98,0.0,0.0,12877.98,0.0,0.0,12877.98,221.05,108.75
FIN-000187,20250601,2025-06,3,Material,Actual,36849.44,0.0,27363.39,0.0,27363.39,0.0,0.0,27363.39,0.0,0.0
FIN-000188,20250601,2025-06,3,Other,Actual,19376.49,0.0,0.0,14256.28,14256.28,0.0,0.0,14256.28,0.0,0.0
FIN-000189,20250701,2025-07,3,Labor,Forecast,67793.84,0.0,0.0,0.0,0.0,83650.43,210591.48,210591.48,750.4,0.0
FIN-000190,20250701,2025-07,3,Contractor,Forecast,23453.2,0.0,0.0,0.0,0.0,33244.79,66240.3,66240.3,193.87,0.0
FIN-000191,20250701,2025-07,3,Material,Forecast,31144.15,0.0,0.0,0.0,0.0,43498.56,99112.94,99112.94,0.0,0.0
FIN-000192,20250701,2025-07,3,Other,Forecast,17659.36,0.0,0.0,0.0,0.0,12588.59,48967.47,48967.47,0.0,0.0
FIN-000193,20240601,2024-06,4,Labor,Actual,54919.35,116922.18,0.0,0.0,116922.18,0.0,0.0,116922.18,564.29,1262.75
FIN-000194,20240601,2024-06,4,Contractor,Actual,13444.18,23965.46,0.0,0.0,23965.46,0.0,0.0,23965.46,106.73,201.25
FIN-000195,20240601,2024-06,4,Material,Actual,49105.26,0.0,40770.43,0.0,40770.43,0.0,0.0,40770.43,0.0,0.0
FIN-000196,20240601,2024-06,4,Other,Actual,14657.08,0.0,0.0,10903.06,10903.06,0.0,0.0,10903.06,0.0,0.0
FIN-000197,20240701,2024-07,4,Labor,Actual,58695.12,146314.35,0.0,0.0,146314.35,0.0,0.0,146314.35,603.09,1582.25
FIN-000198,20240701,2024-07,4,Contractor,Actual,15087.47,40063.59,0.0,0.0,40063.59,0.0,0.0,40063.59,119.77,334.5
FIN-000199,20240701,2024-07,4,Material,Actual,51842.22,0.0,37387.72,0.0,37387.72,0.0,0.0,37387.72,0.0,0.0
FIN-000200,20240701,2024-07,4,Other,Actual,14624.01,0.0,0.0,13183.21,13183.21,0.0,0.0,13183.21,0.0,0.0
FIN-000201,20240801,2024-08,4,Labor,Actual,63688.49,128374.55,0.0,0.0,128374.55,0.0,0.0,128374.55,654.39,1408.25
FIN-000202,20240801,2024-08,4,Contractor,Actual,16131.53,38173.2,0.0,0.0,38173.2,0.0,0.0,38173.2,128.06,307.5
FIN-000203,20240801,2024-08,4,Material,Actual,56528.64,0.0,46337.15,0.0,46337.15,0.0,0.0,46337.15,0.0,0.0
FIN-000204,20240801,2024-08,4,Other,Actual,17164.25,0.0,0.0,12822.66,12822.66,0.0,0.0,12822.66,0.0,0.0
FIN-000205,20240901,2024-09,4,Labor,Actual,64732.58,103335.25,0.0,0.0,103335.25,0.0,0.0,103335.25,665.12,1099.25
FIN-000206,20240901,2024-09,4,Contractor,Actual,17344.12,51919.42,0.0,0.0,51919.42,0.0,0.0,51919.42,137.69,423.5
FIN-000207,20240901,2024-09,4,Material,Actual,53915.06,0.0,47464.99,0.0,47464.99,0.0,0.0,47464.99,0.0,0.0
FIN-000208,20240901,2024-09,4,Other,Actual,17570.1,0.0,0.0,13702.57,13702.57,0.0,0.0,13702.57,0.0,0.0
FIN-000209,20241001,2024-10,4,Labor,Actual,74163.34,118680.11,0.0,0.0,118680.11,0.0,0.0,118680.11,762.02,1289.75
FIN-000210,20241001,2024-10,4,Contractor,Actual,18250.36,27592.46,0.0,0.0,27592.46,0.0,0.0,27592.46,144.88,219.5
FIN-000211,20241001,2024-10,4,Material,Actual,57940.49,0.0,51922.74,0.0,51922.74,0.0,0.0,51922.74,0.0,0.0
FIN-000212,20241001,2024-10,4,Other,Actual,18710.88,0.0,0.0,16025.84,16025.84,0.0,0.0,16025.84,0.0,0.0
FIN-000213,20241101,2024-11,4,Labor,Actual,74988.0,57334.26,0.0,0.0,57334.26,0.0,0.0,57334.26,770.49,609.25
FIN-000214,20241101,2024-11,4,Contractor,Actual,18680.43,20109.39,0.0,0.0,20109.39,0.0,0.0,20109.39,148.29,147.25
FIN-000215,20241101,2024-11,4,Material,Actual,62549.78,0.0,55747.75,0.0,55747.75,0.0,0.0,55747.75,0.0,0.0
FIN-000216,20241101,2024-11,4,Other,Actual,19760.68,0.0,0.0,14733.87,14733.87,0.0,0.0,14733.87,0.0,0.0
FIN-000217,20241201,2024-12,4,Labor,Actual,79900.46,74505.01,0.0,0.0,74505.01,0.0,0.0,74505.01,820.97,806.25
FIN-000218,20241201,2024-12,4,Contractor,Actual,21042.8,42402.96,0.0,0.0,42402.96,0.0,0.0,42402.96,167.05,354.5
FIN-000219,20241201,2024-12,4,Material,Actual,61221.64,0.0,52799.12,0.0,52799.12,0.0,0.0,52799.12,0.0,0.0
FIN-000220,20241201,2024-12,4,Other,Actual,20105.31,0.0,0.0,16100.13,16100.13,0.0,0.0,16100.13,0.0,0.0
FIN-000221,20250101,2025-01,4,Labor,Actual,83818.12,51452.95,0.0,0.0,51452.95,0.0,0.0,51452.95,861.22,543.25
FIN-000222,20250101,2025-01,4,Contractor,Actual,23337.66,32856.92,0.0,0.0,32856.92,0.0,0.0,32856.92,185.27,273.0
FIN-000223,20250101,2025-01,4,Material,Actual,62988.59,0.0,57398.59,0.0,57398.59,0.0,0.0,57398.59,0.0,0.0
FIN-000224,20250101,2025-01,4,Other,Actual,21043.26,0.0,0.0,16398.89,16398.89,0.0,0.0,16398.89,0.0,0.0
FIN-000225,20250201,2025-02,4,Labor,Actual,86994.98,45789.34,0.0,0.0,45789.34,0.0,0.0,45789.34,893.86,496.5
FIN-000226,20250201,2025-02,4,Contractor,Actual,23802.48,37780.96,0.0,0.0,37780.96,0.0,0.0,37780.96,188.96,277.75
FIN-000227,20250201,2025-02,4,Material,Actual,70082.11,0.0,58631.37,0.0,58631.37,0.0,0.0,58631.37,0.0,0.0
FIN-000228,20250201,2025-02,4,Other,Actual,19707.11,0.0,0.0,17525.7,17525.7,0.0,0.0,17525.7,0.0,0.0
FIN-000229,20250301,2025-03,4,Labor,Actual,84644.6,70518.69,0.0,0.0,70518.69,0.0,0.0,70518.69,869.71,775.75
FIN-000230,20250301,2025-03,4,Contractor,Actual,25801.1,2535.3,0.0,0.0,2535.3,0.0,0.0,2535.3,204.82,27.0
FIN-000231,20250301,2025-03,4,Material,Actual,68368.15,0.0,48975.62,0.0,48975.62,0.0,0.0,48975.62,0.0,0.0
FIN-000232,20250301,2025-03,4,Other,Actual,21695.34,0.0,0.0,14828.86,14828.86,0.0,0.0,14828.86,0.0,0.0
FIN-000233,20250401,2025-04,4,Labor,Actual,98354.35,84115.14,0.0,0.0,84115.14,0.0,0.0,84115.14,1010.58,904.75
FIN-000234,20250401,2025-04,4,Contractor,Actual,25828.53,0.0,0.0,0.0,0.0,0.0,0.0,0.0,205.04,0.0
FIN-000235,20250401,2025-04,4,Material,Actual,68839.06,0.0,62942.49,0.0,62942.49,0.0,0.0,62942.49,0.0,0.0
FIN-000236,20250401,2025-04,4,Other,Actual,22655.83,0.0,0.0,20323.3,20323.3,0.0,0.0,20323.3,0.0,0.0
FIN-000237,20250501,2025-05,4,Labor,Actual,97755.33,50912.35,0.0,0.0,50912.35,0.0,0.0,50912.35,1004.43,559.75
FIN-000238,20250501,2025-05,4,Contractor,Actual,27501.08,3212.82,0.0,0.0,3212.82,0.0,0.0,3212.82,218.32,29.25
FIN-000239,20250501,2025-05,4,Material,Actual,69337.52,0.0,66127.38,0.0,66127.38,0.0,0.0,66127.38,0.0,0.0
FIN-000240,20250501,2025-05,4,Other,Actual,21678.57,0.0,0.0,18804.84,18804.84,0.0,0.0,18804.84,0.0,0.0
FIN-000241,20250601,2025-06,4,Labor,Actual,102882.13,115981.16,0.0,0.0,115981.16,0.0,0.0,115981.16,1057.1,1251.75
FIN-000242,20250601,2025-06,4,Contractor,Actual,30024.67,8637.37,0.0,0.0,8637.37,0.0,0.0,8637.37,238.35,78.75
FIN-000243,20250601,2025-06,4,Material,Actual,68140.73,0.0,59965.03,0.0,59965.03,0.0,0.0,59965.03,0.0,0.0
FIN-000244,20250601,2025-06,4,Other,Actual,21508.13,0.0,0.0,14909.88,14909.88,0.0,0.0,14909.88,0.0,0.0
FIN-000245,20250701,2025-07,4,Labor,Forecast,109384.42,0.0,0.0,0.0,0.0,47770.69,125394.62,125394.62,1123.91,0.0
FIN-000246,20250701,2025-07,4,Contractor,Forecast,33258.3,0.0,0.0,0.0,0.0,36519.8,53168.07,53168.07,264.02,0.0
FIN-000247,20250701,2025-07,4,Material,Forecast,75203.51,0.0,0.0,0.0,0.0,67856.52,112884.35,112884.35,0.0,0.0
FIN-000248,20250701,2025-07,4,Other,Forecast,22883.9,0.0,0.0,0.0,0.0,8957.98,25902.31,25902.31,0.0,0.0
FIN-000249,20250801,2025-08,4,Labor,Forecast,106892.62,0.0,0.0,0.0,0.0,37953.97,110497.44,110497.44,1098.31,0.0
FIN-000250,20250801,2025-08,4,Contractor,Forecast,31593.95,0.0,0.0,0.0,0.0,36832.02,52998.85,52998.85,250.81,0.0
FIN-000251,20250801,2025-08,4,Material,Forecast,72805.53,0.0,0.0,0.0,0.0,84626.99,122444.11,122444.11,0.0,0.0
FIN-000252,20250801,2025-08,4,Other,Forecast,22362.02,0.0,0.0,0.0,0.0,7466.3,24126.58,24126.58,0.0,0.0
FIN-000253,20250901,2025-09,4,Labor,Forecast,113230.23,0.0,0.0,0.0,0.0,48710.07,129689.01,129689.01,1163.43,0.0
FIN-000254,20250901,2025-09,4,Contractor,Forecast,34873.02,0.0,0.0,0.0,0.0,39703.8,54359.24,54359.24,276.84,0.0
FIN-000255,20250901,2025-09,4,Material,Forecast,79260.64,0.0,0.0,0.0,0.0,90075.33,131647.48,131647.48,0.0,0.0
FIN-000256,20250901,2025-09,4,Other,Forecast,22706.86,0.0,0.0,0.0,0.0,7068.82,24950.07,24950.07,0.0,0.0
FIN-000257,20251001,2025-10,4,Labor,Forecast,122041.62,0.0,0.0,0.0,0.0,39331.63,126818.39,126818.39,1253.96,0.0
FIN-000258,20251001,2025-10,4,Contractor,Forecast,34896.85,0.0,0.0,0.0,0.0,38538.25,55445.57,55445.57,277.03,0.0
FIN-000259,20251001,2025-10,4,Material,Forecast,76865.37,0.0,0.0,0.0,0.0,76099.43,120939.65,120939.65,0.0,0.0
FIN-000260,20251001,2025-10,4,Other,Forecast,24506.97,0.0,0.0,0.0,0.0,7111.25,27909.96,27909.96,0.0,0.0
FIN-000261,20251101,2025-11,4,Labor,Forecast,117165.05,0.0,0.0,0.0,0.0,36576.15,132975.01,132975.01,1203.86,0.0
FIN-000262,20251101,2025-11,4,Contractor,Forecast,40796.65,0.0,0.0,0.0,0.0,41335.89,65667.63,65667.63,323.86,0.0
FIN-000263,20251101,2025-11,4,Material,Forecast,81077.06,0.0,0.0,0.0,0.0,88642.1,125910.99,125910.99,0.0,0.0
FIN-000264,20251101,2025-11,4,Other,Forecast,24642.37,0.0,0.0,0.0,0.0,5180.19,28052.29,28052.29,0.0,0.0
FIN-000265,20240301,2024-03,5,Labor,Actual,41835.56,209293.82,0.0,0.0,209293.82,0.0,0.0,209293.82,450.65,2352.0
FIN-000266,20240301,2024-03,5,Contractor,Actual,6402.25,71809.7,0.0,0.0,71809.7,0.0,0.0,71809.7,54.8,569.0
FIN-000267,20240301,2024-03,5,Material,Actual,23416.41,0.0,0.0,0.0,0.0,0.0,0.0,0.0,0.0,0.0
FIN-000268,20240301,2024-03,5,Other,Actual,13069.04,0.0,0.0,0.0,0.0,0.0,0.0,0.0,0.0,0.0
FIN-000269,20240401,2024-04,5,Labor,Actual,46864.19,256905.89,0.0,0.0,256905.89,0.0,0.0,256905.89,504.81,2829.0
FIN-000270,20240401,2024-04,5,Contractor,Actual,7995.34,75422.28,0.0,0.0,75422.28,0.0,0.0,75422.28,68.44,604.0
FIN-000271,20240401,2024-04,5,Material,Actual,27987.11,0.0,0.0,0.0,0.0,0.0,0.0,0.0,0.0,0.0
FIN-000272,20240401,2024-04,5,Other,Actual,14796.25,0.0,0.0,0.0,0.0,0.0,0.0,0.0,0.0,0.0
FIN-000273,20240501,2024-05,5,Labor,Actual,52174.43,160682.76,0.0,0.0,160682.76,0.0,0.0,160682.76,562.01,1793.25
FIN-000274,20240501,2024-05,5,Contractor,Actual,8683.99,53789.91,0.0,0.0,53789.91,0.0,0.0,53789.91,74.33,442.5
FIN-000275,20240501,2024-05,5,Material,Actual,28742.16,0.0,0.0,0.0,0.0,0.0,0.0,0.0,0.0,0.0
FIN-000276,20240501,2024-05,5,Other,Actual,15775.98,0.0,0.0,0.0,0.0,0.0,0.0,0.0,0.0,0.0
FIN-000277,20240601,2024-06,5,Labor,Actual,54667.88,178466.1,0.0,0.0,178466.1,0.0,0.0,178466.1,588.87,1994.5
FIN-000278,20240601,2024-06,5,Contractor,Actual,9643.0,27824.89,0.0,0.0,27824.89,0.0,0.0,27824.89,82.54,234.5
FIN-000279,20240601,2024-06,5,Material,Actual,29640.75,0.0,0.0,0.0,0.0,0.0,0.0,0.0,0.0,0.0
FIN-000280,20240601,2024-06,5,Other,Actual,16367.1,0.0,0.0,0.0,0.0,0.0,0.0,0.0,0.0,0.0
FIN-000281,20240701,2024-07,5,Labor,Actual,56907.19,160351.84,0.0,0.0,160351.84,0.0,0.0,160351.84,612.99,1760.5
FIN-000282,20240701,2024-07,5,Contractor,Actual,11019.71,33350.24,0.0,0.0,33350.24,0.0,0.0,33350.24,94.32,252.75
FIN-000283,20240701,2024-07,5,Material,Actual,31322.54,0.0,0.0,0.0,0.0,0.0,0.0,0.0,0.0,0.0
FIN-000284,20240701,2024-07,5,Other,Actual,18356.61,0.0,0.0,0.0,0.0,0.0,0.0,0.0,0.0,0.0
FIN-000285,20240801,2024-08,5,Labor,Actual,65151.56,80778.08,0.0,0.0,80778.08,0.0,0.0,80778.08,701.8,913.0
FIN-000286,20240801,2024-08,5,Contractor,Actual,11934.72,21147.42,0.0,0.0,21147.42,0.0,0.0,21147.42,102.16,196.25
FIN-000287,20240801,2024-08,5,Material,Actual,34332.92,0.0,0.0,0.0,0.0,0.0,0.0,0.0,0.0,0.0
FIN-000288,20240801,2024-08,5,Other,Actual,18439.25,0.0,0.0,0.0,0.0,0.0,0.0,0.0,0.0,0.0
FIN-000289,20240901,2024-09,5,Labor,Actual,71231.54,159508.5,0.0,0.0,159508.5,0.0,0.0,159508.5,767.29,1750.0
FIN-000290,20240901,2024-09,5,Contractor,Actual,13331.88,15284.58,0.0,0.0,15284.58,0.0,0.0,15284.58,114.11,146.0
FIN-000291,20240901,2024-09,5,Material,Actual,35137.05,0.0,0.0,0.0,0.0,0.0,0.0,0.0,0.0,0.0
FIN-000292,20240901,2024-09,5,Other,Actual,18574.89,0.0,0.0,0.0,0.0,0.0,0.0,0.0,0.0,0.0
FIN-000293,20241001,2024-10,5,Labor,Actual,70392.15,84473.65,0.0,0.0,84473.65,0.0,0.0,84473.65,758.25,964.25
FIN-000294,20241001,2024-10,5,Contractor,Actual,14835.49,12364.37,0.0,0.0,12364.37,0.0,0.0,12364.37,126.98,100.5
FIN-000295,20241001,2024-10,5,Material,Actual,33788.72,0.0,0.0,0.0,0.0,0.0,0.0,0.0,0.0,0.0
FIN-000296,20241001,2024-10,5,Other,Actual,20754.84,0.0,0.0,0.0,0.0,0.0,0.0,0.0,0.0,0.0
FIN-000297,20241101,2024-11,5,Labor,Actual,76462.28,74424.18,0.0,0.0,74424.18,0.0,0.0,74424.18,823.64,844.25
FIN-000298,20241101,2024-11,5,Contractor,Actual,16229.9,8458.9,0.0,0.0,8458.9,0.0,0.0,8458.9,138.92,69.5
FIN-000299,20241101,2024-11,5,Material,Actual,38261.77,0.0,0.0,0.0,0.0,0.0,0.0,0.0,0.0,0.0
FIN-000300,20241101,2024-11,5,Other,Actual,21875.72,0.0,0.0,0.0,0.0,0.0,0.0,0.0,0.0,0.0
FIN-000301,20241201,2024-12,5,Labor,Actual,87257.49,67634.54,0.0,0.0,67634.54,0.0,0.0,67634.54,939.92,760.5
FIN-000302,20241201,2024-12,5,Contractor,Actual,18285.82,14280.15,0.0,0.0,14280.15,0.0,0.0,14280.15,156.52,111.0
FIN-000303,20241201,2024-12,5,Material,Actual,36691.98,0.0,0.0,0.0,0.0,0.0,0.0,0.0,0.0,0.0
FIN-000304,20241201,2024-12,5,Other,Actual,23000.35,0.0,0.0,0.0,0.0,0.0,0.0,0.0,0.0,0.0
FIN-000305,20250101,2025-01,5,Labor,Actual,82004.15,84209.31,0.0,0.0,84209.31,0.0,0.0,84209.31,883.34,1006.0
FIN-000306,20250101,2025-01,5,Contractor,Actual,20634.0,5571.08,0.0,0.0,5571.08,0.0,0.0,5571.08,176.62,52.5
FIN-000307,20250101,2025-01,5,Material,Actual,36732.01,0.0,0.0,0.0,0.0,0.0,0.0,0.0,0.0,0.0
FIN-000308,20250101,2025-01,5,Other,Actual,23992.03,0.0,0.0,0.0,0.0,0.0,0.0,0.0,0.0,0.0
FIN-000309,20250301,2025-03,6,Labor,Actual,106352.09,58570.99,0.0,0.0,58570.99,0.0,0.0,58570.99,1223.15,696.25
FIN-000310,20250301,2025-03,6,Contractor,Actual,23330.24,8909.46,0.0,0.0,8909.46,0.0,0.0,8909.46,182.66,84.75
FIN-000311,20250301,2025-03,6,Material,Actual,63294.26,0.0,88128.86,0.0,88128.86,0.0,0.0,88128.86,0.0,0.0
FIN-000312,20250301,2025-03,6,Other,Actual,28925.85,0.0,0.0,48012.91,48012.91,0.0,0.0,48012.91,0.0,0.0
FIN-000313,20250401,2025-04,6,Labor,Actual,132544.35,81496.43,0.0,0.0,81496.43,0.0,0.0,81496.43,1524.38,893.25
FIN-000314,20250401,2025-04,6,Contractor,Actual,33937.45,2535.3,0.0,0.0,2535.3,0.0,0.0,2535.3,265.7,27.0
FIN-000315,20250401,2025-04,6,Material,Actual,90262.31,0.0,138885.11,0.0,138885.11,0.0,0.0,138885.11,0.0,0.0
FIN-000316,20250401,2025-04,6,Other,Actual,40173.28,0.0,0.0,57824.56,57824.56,0.0,0.0,57824.56,0.0,0.0
FIN-000317,20250501,2025-05,6,Labor,Actual,182047.22,96429.8,0.0,0.0,96429.8,0.0,0.0,96429.8,2093.71,1062.0
FIN-000318,20250501,2025-05,6,Contractor,Actual,42558.85,11433.38,0.0,0.0,11433.38,0.0,0.0,11433.38,333.2,111.25
FIN-000319,20250501,2025-05,6,Material,Actual,98022.06,0.0,130285.09,0.0,130285.09,0.0,0.0,130285.09,0.0,0.0
FIN-000320,20250501,2025-05,6,Other,Actual,47863.26,0.0,0.0,73054.16,73054.16,0.0,0.0,73054.16,0.0,0.0
FIN-000321,20250601,2025-06,6,Labor,Actual,194965.12,113083.12,0.0,0.0,113083.12,0.0,0.0,113083.12,2242.28,1291.0
FIN-000322,20250601,2025-06,6,Contractor,Actual,49101.53,0.0,0.0,0.0,0.0,0.0,0.0,0.0,384.43,0.0
FIN-000323,20250601,2025-06,6,Material,Actual,109588.21,0.0,177218.09,0.0,177218.09,0.0,0.0,177218.09,0.0,0.0
FIN-000324,20250601,2025-06,6,Other,Actual,55353.17,0.0,0.0,72223.83,72223.83,0.0,0.0,72223.83,0.0,0.0
FIN-000325,20250701,2025-07,6,Labor,Forecast,205588.97,0.0,0.0,0.0,0.0,66616.49,205476.06,205476.06,2364.46,0.0
FIN-000326,20250701,2025-07,6,Contractor,Forecast,55335.09,0.0,0.0,0.0,0.0,25339.09,54330.67,54330.67,433.23,0.0
FIN-000327,20250701,2025-07,6,Material,Forecast,118614.74,0.0,0.0,0.0,0.0,50339.01,131021.14,131021.14,0.0,0.0
FIN-000328,20250701,2025-07,6,Other,Forecast,52367.67,0.0,0.0,0.0,0.0,19168.32,57451.23,57451.23,0.0,0.0
FIN-000329,20250801,2025-08,6,Labor,Forecast,201390.35,0.0,0.0,0.0,0.0,78252.03,202618.38,202618.38,2316.17,0.0
FIN-000330,20250801,2025-08,6,Contractor,Forecast,55584.88,0.0,0.0,0.0,0.0,26732.17,61706.52,61706.52,435.18,0.0
FIN-000331,20250801,2025-08,6,Material,Forecast,110453.32,0.0,0.0,0.0,0.0,52734.61,116832.94,116832.94,0.0,0.0
FIN-000332,20250801,2025-08,6,Other,Forecast,54519.93,0.0,0.0,0.0,0.0,19569.28,60729.64,60729.64,0.0,0.0
FIN-000333,20250901,2025-09,6,Labor,Forecast,209378.94,0.0,0.0,0.0,0.0,89538.09,211629.21,211629.21,2408.05,0.0
FIN-000334,20250901,2025-09,6,Contractor,Forecast,53098.91,0.0,0.0,0.0,0.0,19305.06,54489.39,54489.39,415.72,0.0
FIN-000335,20250901,2025-09,6,Material,Forecast,98689.52,0.0,0.0,0.0,0.0,33904.84,104738.25,104738.25,0.0,0.0
FIN-000336,20250901,2025-09,6,Other,Forecast,50015.48,0.0,0.0,0.0,0.0,18856.63,49297.91,49297.91,0.0,0.0
FIN-000337,20251001,2025-10,6,Labor,Forecast,180738.26,0.0,0.0,0.0,0.0,56361.61,198842.19,198842.19,2078.65,0.0
FIN-000338,20251001,2025-10,6,Contractor,Forecast,48441.09,0.0,0.0,0.0,0.0,17835.24,46958.17,46958.17,379.25,0.0
FIN-000339,20251001,2025-10,6,Material,Forecast,83030.03,0.0,0.0,0.0,0.0,24842.74,80939.62,80939.62,0.0,0.0
FIN-000340,20251001,2025-10,6,Other,Forecast,39373.81,0.0,0.0,0.0,0.0,10895.66,44142.7,44142.7,0.0,0.0
FIN-000341,20251101,2025-11,6,Labor,Forecast,141385.17,0.0,0.0,0.0,0.0,27879.17,141285.27,141285.27,1626.06,0.0
FIN-000342,20251101,2025-11,6,Contractor,Forecast,44187.64,0.0,0.0,0.0,0.0,20724.29,45945.02,45945.02,345.95,0.0
FIN-000343,20251101,2025-11,6,Material,Forecast,62425.73,0.0,0.0,0.0,0.0,21923.86,62301.84,62301.84,0.0,0.0
FIN-000344,20251101,2025-11,6,Other,Forecast,30529.39,0.0,0.0,0.0,0.0,8501.89,34666.01,34666.01,0.0,0.0
FIN-000345,20251201,2025-12,6,Labor,Forecast,102265.65,0.0,0.0,0.0,0.0,30670.1,101441.78,101441.78,1176.15,0.0
FIN-000346,20251201,2025-12,6,Contractor,Forecast,31485.19,0.0,0.0,0.0,0.0,11089.45,30800.63,30800.63,246.5,0.0
FIN-000347,20251201,2025-12,6,Material,Forecast,45187.0,0.0,0.0,0.0,0.0,17983.72,47406.22,47406.22,0.0,0.0
FIN-000348,20251201,2025-12,6,Other,Forecast,22593.99,0.0,0.0,0.0,0.0,7332.87,24625.5,24625.5,0.0,0.0
FIN-000349,20241101,2024-11,7,Labor,Actual,47742.49,49580.68,0.0,0.0,49580.68,0.0,0.0,49580.68,566.53,576.75
FIN-000350,20241101,2024-11,7,Contractor,Actual,10546.39,14614.6,0.0,0.0,14614.6,0.0,0.0,14614.6,88.73,124.25
FIN-000351,20241101,2024-11,7,Material,Actual,40109.4,0.0,103463.3,0.0,103463.3,0.0,0.0,103463.3,0.0,0.0
FIN-000352,20241101,2024-11,7,Other,Actual,20932.26,0.0,0.0,54011.9,54011.9,0.0,0.0,54011.9,0.0,0.0
FIN-000353,20241201,2024-12,7,Labor,Actual,51362.03,86245.21,0.0,0.0,86245.21,0.0,0.0,86245.21,609.48,978.75
FIN-000354,20241201,2024-12,7,Contractor,Actual,11922.07,3521.25,0.0,0.0,3521.25,0.0,0.0,3521.25,100.31,37.5
FIN-000355,20241201,2024-12,7,Material,Actual,42155.08,0.0,99572.87,0.0,99572.87,0.0,0.0,99572.87,0.0,0.0
FIN-000356,20241201,2024-12,7,Other,Actual,23660.9,0.0,0.0,46658.55,46658.55,0.0,0.0,46658.55,0.0,0.0
FIN-000357,20250101,2025-01,7,Labor,Actual,57968.87,55965.06,0.0,0.0,55965.06,0.0,0.0,55965.06,687.88,651.5
FIN-000358,20250101,2025-01,7,Contractor,Actual,12678.76,0.0,0.0,0.0,0.0,0.0,0.0,0.0,106.68,0.0
FIN-000359,20250101,2025-01,7,Material,Actual,41897.35,0.0,91107.47,0.0,91107.47,0.0,0.0,91107.47,0.0,0.0
FIN-000360,20250101,2025-01,7,Other,Actual,24478.76,0.0,0.0,61542.06,61542.06,0.0,0.0,61542.06,0.0,0.0
FIN-000361,20250201,2025-02,7,Labor,Actual,60194.54,60302.29,0.0,0.0,60302.29,0.0,0.0,60302.29,714.29,691.25
FIN-000362,20250201,2025-02,7,Contractor,Actual,13951.89,10728.15,0.0,0.0,10728.15,0.0,0.0,10728.15,117.39,100.75
FIN-000363,20250201,2025-02,7,Material,Actual,45370.59,0.0,95415.77,0.0,95415.77,0.0,0.0,95415.77,0.0,0.0
FIN-000364,20250201,2025-02,7,Other,Actual,26348.37,0.0,0.0,56547.44,56547.44,0.0,0.0,56547.44,0.0,0.0
FIN-000365,20250301,2025-03,7,Labor,Actual,65141.8,81230.53,0.0,0.0,81230.53,0.0,0.0,81230.53,773.0,961.75
FIN-000366,20250301,2025-03,7,Contractor,Actual,15011.77,12744.17,0.0,0.0,12744.17,0.0,0.0,12744.17,126.31,129.75
FIN-000367,20250301,2025-03,7,Material,Actual,46467.85,0.0,118642.13,0.0,118642.13,0.0,0.0,118642.13,0.0,0.0
FIN-000368,20250301,2025-03,7,Other,Actual,28885.55,0.0,0.0,65855.21,65855.21,0.0,0.0,65855.21,0.0,0.0
FIN-000369,20250401,2025-04,7,Labor,Actual,69202.92,77116.12,0.0,0.0,77116.12,0.0,0.0,77116.12,821.19,853.25
FIN-000370,20250401,2025-04,7,Contractor,Actual,17879.98,4614.63,0.0,0.0,4614.63,0.0,0.0,4614.63,150.44,48.25
FIN-000371,20250401,2025-04,7,Material,Actual,53092.23,0.0,69657.19,0.0,69657.19,0.0,0.0,69657.19,0.0,0.0
FIN-000372,20250401,2025-04,7,Other,Actual,27640.65,0.0,0.0,38660.28,38660.28,0.0,0.0,38660.28,0.0,0.0
FIN-000373,20250501,2025-05,7,Labor,Actual,72429.18,64184.71,0.0,0.0,64184.71,0.0,0.0,64184.71,859.47,778.5
FIN-000374,20250501,2025-05,7,Contractor,Actual,17852.51,2953.26,0.0,0.0,2953.26,0.0,0.0,2953.26,150.21,27.0
FIN-000375,20250501,2025-05,7,Material,Actual,54595.24,0.0,62055.82,0.0,62055.82,0.0,0.0,62055.82,0.0,0.0
FIN-000376,20250501,2025-05,7,Other,Actual,28441.88,0.0,0.0,40310.28,40310.28,0.0,0.0,40310.28,0.0,0.0
FIN-000377,20250601,2025-06,7,Labor,Actual,78192.53,67661.18,0.0,0.0,67661.18,0.0,0.0,67661.18,927.86,797.5
FIN-000378,20250601,2025-06,7,Contractor,Actual,19489.58,16164.09,0.0,0.0,16164.09,0.0,0.0,16164.09,163.98,118.75
FIN-000379,20250601,2025-06,7,Material,Actual,50802.34,0.0,57370.66,0.0,57370.66,0.0,0.0,57370.66,0.0,0.0
FIN-000380,20250601,2025-06,7,Other,Actual,29870.04,0.0,0.0,31503.14,31503.14,0.0,0.0,31503.14,0.0,0.0
FIN-000381,20250701,2025-07,7,Labor,Forecast,86685.59,0.0,0.0,0.0,0.0,26091.48,63571.21,63571.21,1028.65,0.0
FIN-000382,20250701,2025-07,7,Contractor,Forecast,22289.32,0.0,0.0,0.0,0.0,7421.21,17666.2,17666.2,187.54,0.0
FIN-000383,20250701,2025-07,7,Material,Forecast,56784.49,0.0,0.0,0.0,0.0,22864.27,45646.33,45646.33,0.0,0.0
FIN-000384,20250701,2025-07,7,Other,Forecast,30631.62,0.0,0.0,0.0,0.0,8094.4,25259.35,25259.35,0.0,0.0
FIN-000385,20250801,2025-08,7,Labor,Forecast,89566.93,0.0,0.0,0.0,0.0,25396.3,71991.32,71991.32,1062.84,0.0
FIN-000386,20250801,2025-08,7,Contractor,Forecast,22758.47,0.0,0.0,0.0,0.0,7870.57,17307.68,17307.68,191.48,0.0
FIN-000387,20250801,2025-08,7,Material,Forecast,56942.18,0.0,0.0,0.0,0.0,18082.25,41269.37,41269.37,0.0,0.0
FIN-000388,20250801,2025-08,7,Other,Forecast,31265.23,0.0,0.0,0.0,0.0,8896.94,22905.25,22905.25,0.0,0.0
FIN-000389,20250901,2025-09,7,Labor,Forecast,93001.25,0.0,0.0,0.0,0.0,20919.73,74034.99,74034.99,1103.59,0.0
FIN-000390,20250901,2025-09,7,Contractor,Forecast,25550.59,0.0,0.0,0.0,0.0,7818.17,19859.7,19859.7,214.98,0.0
FIN-000391,20250901,2025-09,7,Material,Forecast,55463.06,0.0,0.0,0.0,0.0,17220.85,43558.36,43558.36,0.0,0.0
FIN-000392,20250901,2025-09,7,Other,Forecast,32974.77,0.0,0.0,0.0,0.0,7189.66,25168.67,25168.67,0.0,0.0
FIN-000393,20251001,2025-10,7,Labor,Forecast,95145.74,0.0,0.0,0.0,0.0,21178.53,74062.94,74062.94,1129.04,0.0
FIN-000394,20251001,2025-10,7,Contractor,Forecast,27563.81,0.0,0.0,0.0,0.0,8289.84,21842.98,21842.98,231.92,0.0
FIN-000395,20251001,2025-10,7,Material,Forecast,60620.91,0.0,0.0,0.0,0.0,17854.38,45358.83,45358.83,0.0,0.0
FIN-000396,20251001,2025-10,7,Other,Forecast,36149.06,0.0,0.0,0.0,0.0,7894.97,27219.44,27219.44,0.0,0.0
FIN-000397,20251101,2025-11,7,Labor,Forecast,106266.88,0.0,0.0,0.0,0.0,20201.1,79848.11,79848.11,1261.01,0.0
FIN-000398,20251101,2025-11,7,Contractor,Forecast,30020.3,0.0,0.0,0.0,0.0,8737.46,25079.81,25079.81,252.58,0.0
FIN-000399,20251101,2025-11,7,Material,Forecast,62479.86,0.0,0.0,0.0,0.0,20702.72,46417.58,46417.58,0.0,0.0
FIN-000400,20251101,2025-11,7,Other,Forecast,36993.24,0.0,0.0,0.0,0.0,6479.51,26426.82,26426.82,0.0,0.0
FIN-000401,20251201,2025-12,7,Labor,Forecast,105198.03,0.0,0.0,0.0,0.0,15731.36,86356.01,86356.01,1248.32,0.0
FIN-000402,20251201,2025-12,7,Contractor,Forecast,31048.34,0.0,0.0,0.0,0.0,9220.82,25549.26,25549.26,261.23,0.0
FIN-000403,20251201,2025-12,7,Material,Forecast,60292.49,0.0,0.0,0.0,0.0,14458.82,43564.09,43564.09,0.0,0.0
FIN-000404,20251201,2025-12,7,Other,Forecast,37992.04,0.0,0.0,0.0,0.0,6272.64,30035.7,30035.7,0.0,0.0
FIN-000405,20250101,2025-01,8,Labor,Actual,31169.5,0.0,0.0,0.0,0.0,0.0,0.0,0.0,344.01,0.0
FIN-000406,20250101,2025-01,8,Contractor,Actual,8865.65,0.0,0.0,0.0,0.0,0.0,0.0,0.0,61.99,0.0
FIN-000407,20250101,2025-01,8,Material,Actual,28239.05,0.0,22208.86,0.0,22208.86,0.0,0.0,22208.86,0.0,0.0
FIN-000408,20250101,2025-01,8,Other,Actual,12577.84,0.0,0.0,9454.71,9454.71,0.0,0.0,9454.71,0.0,0.0
FIN-000409,20250201,2025-02,8,Labor,Actual,35229.91,73127.14,0.0,0.0,73127.14,0.0,0.0,73127.14,388.83,787.25
FIN-000410,20250201,2025-02,8,Contractor,Actual,10367.08,4949.37,0.0,0.0,4949.37,0.0,0.0,4949.37,72.49,51.75
FIN-000411,20250201,2025-02,8,Material,Actual,30186.98,0.0,22893.25,0.0,22893.25,0.0,0.0,22893.25,0.0,0.0
FIN-000412,20250201,2025-02,8,Other,Actual,13921.27,0.0,0.0,10655.21,10655.21,0.0,0.0,10655.21,0.0,0.0
FIN-000413,20250301,2025-03,8,Labor,Actual,41370.78,53222.04,0.0,0.0,53222.04,0.0,0.0,53222.04,456.6,559.75
FIN-000414,20250301,2025-03,8,Contractor,Actual,10909.15,0.0,0.0,0.0,0.0,0.0,0.0,0.0,76.28,0.0
FIN-000415,20250301,2025-03,8,Material,Actual,32342.99,0.0,24565.34,0.0,24565.34,0.0,0.0,24565.34,0.0,0.0
FIN-000416,20250301,2025-03,8,Other,Actual,15262.0,0.0,0.0,10379.08,10379.08,0.0,0.0,10379.08,0.0,0.0
FIN-000417,20250401,2025-04,8,Labor,Actual,45583.64,63270.98,0.0,0.0,63270.98,0.0,0.0,63270.98,503.1,653.25
FIN-000418,20250401,2025-04,8,Contractor,Actual,12999.6,4063.86,0.0,0.0,4063.86,0.0,0.0,4063.86,90.89,23.5
FIN-000419,20250401,2025-04,8,Material,Actual,32830.5,0.0,24876.3,0.0,24876.3,0.0,0.0,24876.3,0.0,0.0
FIN-000420,20250401,2025-04,8,Other,Actual,17078.52,0.0,0.0,12093.37,12093.37,0.0,0.0,12093.37,0.0,0.0
FIN-000421,20250501,2025-05,8,Labor,Actual,48389.46,87558.31,0.0,0.0,87558.31,0.0,0.0,87558.31,534.07,921.25
FIN-000422,20250501,2025-05,8,Contractor,Actual,14863.5,5602.38,0.0,0.0,5602.38,0.0,0.0,5602.38,103.93,35.75
FIN-000423,20250501,2025-05,8,Material,Actual,37287.05,0.0,24326.08,0.0,24326.08,0.0,0.0,24326.08,0.0,0.0
FIN-000424,20250501,2025-05,8,Other,Actual,17102.84,0.0,0.0,14769.32,14769.32,0.0,0.0,14769.32,0.0,0.0
FIN-000425,20250601,2025-06,8,Labor,Actual,50111.75,87951.96,0.0,0.0,87951.96,0.0,0.0,87951.96,553.08,936.0
FIN-000426,20250601,2025-06,8,Contractor,Actual,16494.27,2272.3,0.0,0.0,2272.3,0.0,0.0,2272.3,115.33,14.5
FIN-000427,20250601,2025-06,8,Material,Actual,38627.94,0.0,32476.38,0.0,32476.38,0.0,0.0,32476.38,0.0,0.0
FIN-000428,20250601,2025-06,8,Other,Actual,18014.99,0.0,0.0,16000.42,16000.42,0.0,0.0,16000.42,0.0,0.0
FIN-000429,20250701,2025-07,8,Labor,Forecast,54744.19,0.0,0.0,0.0,0.0,20875.9,60873.76,60873.76,604.21,0.0
FIN-000430,20250701,2025-07,8,Contractor,Forecast,16747.57,0.0,0.0,0.0,0.0,8048.8,16773.2,16773.2,117.1,0.0
FIN-000431,20250701,2025-07,8,Material,Forecast,40366.52,0.0,0.0,0.0,0.0,21243.64,40556.36,40556.36,0.0,0.0
FIN-000432,20250701,2025-07,8,Other,Forecast,18753.57,0.0,0.0,0.0,0.0,5842.73,18573.02,18573.02,0.0,0.0
FIN-000433,20250801,2025-08,8,Labor,Forecast,60633.29,0.0,0.0,0.0,0.0,22986.26,65035.81,65035.81,669.2,0.0
FIN-000434,20250801,2025-08,8,Contractor,Forecast,17985.11,0.0,0.0,0.0,0.0,9293.92,18710.88,18710.88,125.75,0.0
FIN-000435,20250801,2025-08,8,Material,Forecast,41295.15,0.0,0.0,0.0,0.0,17192.12,44742.0,44742.0,0.0,0.0
FIN-000436,20250801,2025-08,8,Other,Forecast,20322.43,0.0,0.0,0.0,0.0,4883.71,20523.28,20523.28,0.0,0.0
FIN-000437,20250901,2025-09,8,Labor,Forecast,61176.94,0.0,0.0,0.0,0.0,17867.3,62783.71,62783.71,675.2,0.0
FIN-000438,20250901,2025-09,8,Contractor,Forecast,20258.74,0.0,0.0,0.0,0.0,7586.61,20150.39,20150.39,141.65,0.0
FIN-000439,20250901,2025-09,8,Material,Forecast,39848.29,0.0,0.0,0.0,0.0,16980.44,40058.33,40058.33,0.0,0.0
FIN-000440,20250901,2025-09,8,Other,Forecast,19434.7,0.0,0.0,0.0,0.0,4986.53,19030.29,19030.29,0.0,0.0
FIN-000441,20251001,2025-10,8,Labor,Forecast,62078.84,0.0,0.0,0.0,0.0,26176.08,68128.15,68128.15,685.16,0.0
FIN-000442,20251001,2025-10,8,Contractor,Forecast,22567.9,0.0,0.0,0.0,0.0,6908.33,24004.22,24004.22,157.8,0.0
FIN-000443,20251001,2025-10,8,Material,Forecast,41022.38,0.0,0.0,0.0,0.0,16587.2,42822.61,42822.61,0.0,0.0
FIN-000444,20251001,2025-10,8,Other,Forecast,19929.62,0.0,0.0,0.0,0.0,4979.3,19684.36,19684.36,0.0,0.0
FIN-000445,20251101,2025-11,8,Labor,Forecast,66211.84,0.0,0.0,0.0,0.0,20182.87,64046.7,64046.7,730.77,0.0
FIN-000446,20251101,2025-11,8,Contractor,Forecast,24358.09,0.0,0.0,0.0,0.0,8567.94,24809.25,24809.25,170.31,0.0
FIN-000447,20251101,2025-11,8,Material,Forecast,43700.83,0.0,0.0,0.0,0.0,13543.43,47745.95,47745.95,0.0,0.0
FIN-000448,20251101,2025-11,8,Other,Forecast,20205.09,0.0,0.0,0.0,0.0,5426.56,22303.25,22303.25,0.0,0.0
FIN-000449,20251201,2025-12,8,Labor,Forecast,75631.21,0.0,0.0,0.0,0.0,19305.9,83303.99,83303.99,834.73,0.0
FIN-000450,20251201,2025-12,8,Contractor,Forecast,26007.02,0.0,0.0,0.0,0.0,9077.44,26265.48,26265.48,181.84,0.0
FIN-000451,20251201,2025-12,8,Material,Forecast,45229.27,0.0,0.0,0.0,0.0,13137.26,48450.43,48450.43,0.0,0.0
FIN-000452,20251201,2025-12,8,Other,Forecast,21665.15,0.0,0.0,0.0,0.0,5204.79,22528.24,22528.24,0.0,0.0
FIN-000453,20240701,2024-07,9,Labor,Actual,68082.7,80337.59,0.0,0.0,80337.59,0.0,0.0,80337.59,852.72,861.25
FIN-000454,20240701,2024-07,9,Contractor,Actual,41443.05,48902.8,0.0,0.0,48902.8,0.0,0.0,48902.8,362.13,365.75
FIN-000455,20240701,2024-07,9,Material,Actual,18863.73,0.0,0.0,0.0,0.0,0.0,0.0,0.0,0.0,0.0
FIN-000456,20240701,2024-07,9,Other,Actual,8332.32,0.0,0.0,0.0,0.0,0.0,0.0,0.0,0.0,0.0
FIN-000457,20240801,2024-08,9,Labor,Actual,69172.48,81623.53,0.0,0.0,81623.53,0.0,0.0,81623.53,842.33,850.75
FIN-000458,20240801,2024-08,9,Contractor,Actual,15086.54,17802.12,0.0,0.0,17802.12,0.0,0.0,17802.12,130.44,131.75
FIN-000459,20240801,2024-08,9,Material,Actual,19423.86,0.0,0.0,0.0,0.0,0.0,0.0,0.0,0.0,0.0
FIN-000460,20240801,2024-08,9,Other,Actual,8952.38,0.0,0.0,0.0,0.0,0.0,0.0,0.0,0.0,0.0
FIN-000461,20240901,2024-09,9,Labor,Actual,72762.97,85860.3,0.0,0.0,85860.3,0.0,0.0,85860.3,919.31,928.5
FIN-000462,20240901,2024-09,9,Contractor,Actual,29400.99,34693.17,0.0,0.0,34693.17,0.0,0.0,34693.17,263.61,266.25
FIN-000463,20240901,2024-09,9,Material,Actual,20498.52,0.0,0.0,0.0,0.0,0.0,0.0,0.0,0.0,0.0
FIN-000464,20240901,2024-09,9,Other,Actual,9140.91,0.0,0.0,0.0,0.0,0.0,0.0,0.0,0.0,0.0
FIN-000465,20241001,2024-10,9,Labor,Actual,65289.87,77042.05,0.0,0.0,77042.05,0.0,0.0,77042.05,813.12,821.25
FIN-000466,20241001,2024-10,9,Contractor,Actual,27713.21,32701.59,0.0,0.0,32701.59,0.0,0.0,32701.59,238.37,240.75
FIN-000467,20241001,2024-10,9,Material,Actual,22206.47,0.0,0.0,0.0,0.0,0.0,0.0,0.0,0.0,0.0
FIN-000468,20241001,2024-10,9,Other,Actual,10496.97,0.0,0.0,0.0,0.0,0.0,0.0,0.0,0.0,0.0
FIN-000469,20241101,2024-11,9,Labor,Actual,37292.93,44005.66,0.0,0.0,44005.66,0.0,0.0,44005.66,444.55,449.0
FIN-000470,20241101,2024-11,9,Contractor,Actual,26159.76,30868.52,0.0,0.0,30868.52,0.0,0.0,30868.52,224.75,227.0
FIN-000471,20241101,2024-11,9,Material,Actual,23375.18,0.0,0.0,0.0,0.0,0.0,0.0,0.0,0.0,0.0
FIN-000472,20241101,2024-11,9,Other,Actual,10602.92,0.0,0.0,0.0,0.0,0.0,0.0,0.0,0.0,0.0
FIN-000473,20241201,2024-12,9,Labor,Actual,55177.94,65109.97,0.0,0.0,65109.97,0.0,0.0,65109.97,680.2,687.0
FIN-000474,20241201,2024-12,9,Contractor,Actual,17453.21,20594.79,0.0,0.0,20594.79,0.0,0.0,20594.79,165.35,167.0
FIN-000475,20241201,2024-12,9,Material,Actual,24758.69,0.0,0.0,0.0,0.0,0.0,0.0,0.0,0.0,0.0
FIN-000476,20241201,2024-12,9,Other,Actual,11256.3,0.0,0.0,0.0,0.0,0.0,0.0,0.0,0.0,0.0
FIN-000477,20250101,2025-01,9,Labor,Actual,54940.56,64829.86,0.0,0.0,64829.86,0.0,0.0,64829.86,659.16,665.75
FIN-000478,20250101,2025-01,9,Contractor,Actual,24118.82,28460.21,0.0,0.0,28460.21,0.0,0.0,28460.21,210.89,213.0
FIN-000479,20250101,2025-01,9,Material,Actual,24613.51,0.0,0.0,0.0,0.0,0.0,0.0,0.0,0.0,0.0
FIN-000480,20250101,2025-01,9,Other,Actual,11469.75,0.0,0.0,0.0,0.0,0.0,0.0,0.0,0.0,0.0
FIN-000481,20250201,2025-02,9,Labor,Actual,29406.14,34699.24,0.0,0.0,34699.24,0.0,0.0,34699.24,386.88,390.75
FIN-000482,20250201,2025-02,9,Contractor,Actual,3953.14,4664.7,0.0,0.0,4664.7,0.0,0.0,4664.7,35.15,35.5
FIN-000483,20250201,2025-02,9,Material,Actual,25146.94,0.0,0.0,0.0,0.0,0.0,0.0,0.0,0.0,0.0
FIN-000484,20250201,2025-02,9,Other,Actual,12226.79,0.0,0.0,0.0,0.0,0.0,0.0,0.0,0.0,0.0
FIN-000485,20250301,2025-03,9,Labor,Actual,157824.89,186233.37,0.0,0.0,186233.37,0.0,0.0,186233.37,1909.9,1929.0
FIN-000486,20250301,2025-03,9,Contractor,Actual,212024.39,250188.78,0.0,0.0,250188.78,0.0,0.0,250188.78,1928.22,1947.5
FIN-000487,20250301,2025-03,9,Material,Actual,24841.77,0.0,0.0,0.0,0.0,0.0,0.0,0.0,0.0,0.0
FIN-000488,20250301,2025-03,9,Other,Actual,11587.2,0.0,0.0,0.0,0.0,0.0,0.0,0.0,0.0,0.0
FIN-000489,20250401,2025-04,9,Labor,Actual,104403.82,123196.5,0.0,0.0,123196.5,0.0,0.0,123196.5,1260.89,1273.5
FIN-000490,20250401,2025-04,9,Contractor,Actual,170774.41,201513.8,0.0,0.0,201513.8,0.0,0.0,201513.8,1562.87,1578.5
FIN-000491,20250401,2025-04,9,Material,Actual,25742.17,0.0,0.0,0.0,0.0,0.0,0.0,0.0,0.0,0.0
FIN-000492,20250401,2025-04,9,Other,Actual,12973.56,0.0,0.0,0.0,0.0,0.0,0.0,0.0,0.0,0.0
FIN-000493,20250501,2025-05,9,Labor,Actual,148490.0,175218.2,0.0,0.0,175218.2,0.0,0.0,175218.2,1748.27,1765.75
FIN-000494,20250501,2025-05,9,Contractor,Actual,168524.55,198858.97,0.0,0.0,198858.97,0.0,0.0,198858.97,1536.88,1552.25
FIN-000495,20250501,2025-05,9,Material,Actual,27989.49,0.0,0.0,0.0,0.0,0.0,0.0,0.0,0.0,0.0
FIN-000496,20250501,2025-05,9,Other,Actual,11953.45,0.0,0.0,0.0,0.0,0.0,0.0,0.0,0.0,0.0
FIN-000497,20250601,2025-06,9,Labor,Actual,151685.32,178988.67,0.0,0.0,178988.67,0.0,0.0,178988.67,1807.18,1825.25
FIN-000498,20250601,2025-06,9,Contractor,Actual,210890.16,248850.39,0.0,0.0,248850.39,0.0,0.0,248850.39,1912.62,1931.75
FIN-000499,20250601,2025-06,9,Material,Actual,26532.9,0.0,0.0,0.0,0.0,0.0,0.0,0.0,0.0,0.0
FIN-000500,20250601,2025-06,9,Other,Actual,13340.95,0.0,0.0,0.0,0.0,0.0,0.0,0.0,0.0,0.0
FIN-000501,20250701,2025-07,9,Labor,Forecast,36334.44,0.0,0.0,0.0,0.0,23041.48,53626.84,53626.84,416.43,0.0
FIN-000502,20250701,2025-07,9,Contractor,Forecast,23500.53,0.0,0.0,0.0,0.0,18057.43,37970.75,37970.75,185.41,0.0
FIN-000503,20250701,2025-07,9,Material,Forecast,28473.72,0.0,0.0,0.0,0.0,18915.07,45532.3,45532.3,0.0,0.0
FIN-000504,20250701,2025-07,9,Other,Forecast,12752.22,0.0,0.0,0.0,0.0,5593.44,20373.8,20373.8,0.0,0.0
FIN-000505,20250801,2025-08,9,Labor,Forecast,38644.31,0.0,0.0,0.0,0.0,21960.29,63183.72,63183.72,442.9,0.0
FIN-000506,20250801,2025-08,9,Contractor,Forecast,24288.98,0.0,0.0,0.0,0.0,16236.02,37248.9,37248.9,191.63,0.0
FIN-000507,20250801,2025-08,9,Material,Forecast,28170.61,0.0,0.0,0.0,0.0,18966.04,46690.11,46690.11,0.0,0.0
FIN-000508,20250801,2025-08,9,Other,Forecast,13147.14,0.0,0.0,0.0,0.0,6421.61,21316.81,21316.81,0.0,0.0
FIN-000509,20250901,2025-09,9,Labor,Forecast,36876.24,0.0,0.0,0.0,0.0,15903.93,53251.15,53251.15,422.64,0.0
FIN-000510,20250901,2025-09,9,Contractor,Forecast,24513.92,0.0,0.0,0.0,0.0,12400.19,36326.16,36326.16,193.4,0.0
FIN-000511,20250901,2025-09,9,Material,Forecast,28111.2,0.0,0.0,0.0,0.0,18791.14,46768.22,46768.22,0.0,0.0
FIN-000512,20250901,2025-09,9,Other,Forecast,14597.54,0.0,0.0,0.0,0.0,5603.48,23867.24,23867.24,0.0,0.0
FIN-000513,20251001,2025-10,9,Labor,Forecast,42173.6,0.0,0.0,0.0,0.0,16816.93,61429.9,61429.9,483.35,0.0
FIN-000514,20251001,2025-10,9,Contractor,Forecast,25807.76,0.0,0.0,0.0,0.0,16733.89,40062.85,40062.85,203.61,0.0
FIN-000515,20251001,2025-10,9,Material,Forecast,28956.59,0.0,0.0,0.0,0.0,19403.6,41547.91,41547.91,0.0,0.0
FIN-000516,20251001,2025-10,9,Other,Forecast,15252.62,0.0,0.0,0.0,0.0,5201.74,23558.56,23558.56,0.0,0.0
FIN-000517,20241001,2024-10,10,Labor,Actual,78915.39,36566.97,0.0,0.0,36566.97,0.0,0.0,36566.97,782.49,365.5
FIN-000518,20241001,2024-10,10,Contractor,Actual,23274.68,0.0,0.0,0.0,0.0,0.0,0.0,0.0,157.6,0.0
FIN-000519,20241001,2024-10,10,Material,Actual,90396.81,0.0,129091.81,0.0,129091.81,0.0,0.0,129091.81,0.0,0.0
FIN-000520,20241001,2024-10,10,Other,Actual,37504.37,0.0,0.0,44430.09,44430.09,0.0,0.0,44430.09,0.0,0.0
FIN-000521,20241101,2024-11,10,Labor,Actual,92136.96,72062.49,0.0,0.0,72062.49,0.0,0.0,72062.49,913.59,778.0
FIN-000522,20241101,2024-11,10,Contractor,Actual,28359.45,10961.17,0.0,0.0,10961.17,0.0,0.0,10961.17,192.03,96.5
FIN-000523,20241101,2024-11,10,Material,Actual,114162.38,0.0,164050.77,0.0,164050.77,0.0,0.0,164050.77,0.0,0.0
FIN-000524,20241101,2024-11,10,Other,Actual,44962.63,0.0,0.0,59714.2,59714.2,0.0,0.0,59714.2,0.0,0.0
FIN-000525,20241201,2024-12,10,Labor,Actual,110270.81,58868.83,0.0,0.0,58868.83,0.0,0.0,58868.83,1093.39,645.5
FIN-000526,20241201,2024-12,10,Contractor,Actual,36773.07,15968.68,0.0,0.0,15968.68,0.0,0.0,15968.68,249.01,136.5
FIN-000527,20241201,2024-12,10,Material,Actual,126763.19,0.0,183443.17,0.0,183443.17,0.0,0.0,183443.17,0.0,0.0
FIN-000528,20241201,2024-12,10,Other,Actual,54575.66,0.0,0.0,63971.5,63971.5,0.0,0.0,63971.5,0.0,0.0
FIN-000529,20250101,2025-01,10,Labor,Actual,125123.96,81824.43,0.0,0.0,81824.43,0.0,0.0,81824.43,1240.67,870.75
FIN-000530,20250101,2025-01,10,Contractor,Actual,38667.71,30271.32,0.0,0.0,30271.32,0.0,0.0,30271.32,261.84,237.5
FIN-000531,20250101,2025-01,10,Material,Actual,133483.25,0.0,157992.16,0.0,157992.16,0.0,0.0,157992.16,0.0,0.0
FIN-000532,20250101,2025-01,10,Other,Actual,60219.92,0.0,0.0,67382.92,67382.92,0.0,0.0,67382.92,0.0,0.0
FIN-000533,20250201,2025-02,10,Labor,Actual,131074.98,40091.06,0.0,0.0,40091.06,0.0,0.0,40091.06,1299.68,425.25
FIN-000534,20250201,2025-02,10,Contractor,Actual,48153.11,16544.64,0.0,0.0,16544.64,0.0,0.0,16544.64,326.07,138.75
FIN-000535,20250201,2025-02,10,Material,Actual,150460.69,0.0,221923.47,0.0,221923.47,0.0,0.0,221923.47,0.0,0.0
FIN-000536,20250201,2025-02,10,Other,Actual,68237.67,0.0,0.0,88068.35,88068.35,0.0,0.0,88068.35,0.0,0.0
FIN-000537,20250301,2025-03,10,Labor,Actual,144940.31,48671.73,0.0,0.0,48671.73,0.0,0.0,48671.73,1437.16,520.25
FIN-000538,20250301,2025-03,10,Contractor,Actual,51280.08,2080.17,0.0,0.0,2080.17,0.0,0.0,2080.17,347.24,21.75
FIN-000539,20250301,2025-03,10,Material,Actual,154272.94,0.0,231599.54,0.0,231599.54,0.0,0.0,231599.54,0.0,0.0
FIN-000540,20250301,2025-03,10,Other,Actual,66027.05,0.0,0.0,82310.79,82310.79,0.0,0.0,82310.79,0.0,0.0
FIN-000541,20250401,2025-04,10,Labor,Actual,155108.46,44408.98,0.0,0.0,44408.98,0.0,0.0,44408.98,1537.98,489.25
FIN-000542,20250401,2025-04,10,Contractor,Actual,54847.23,1760.63,0.0,0.0,1760.63,0.0,0.0,1760.63,371.39,18.75
FIN-000543,20250401,2025-04,10,Material,Actual,163697.32,0.0,239181.08,0.0,239181.08,0.0,0.0,239181.08,0.0,0.0
FIN-000544,20250401,2025-04,10,Other,Actual,68982.26,0.0,0.0,79760.79,79760.79,0.0,0.0,79760.79,0.0,0.0
FIN-000545,20250501,2025-05,10,Labor,Actual,161423.65,39540.88,0.0,0.0,39540.88,0.0,0.0,39540.88,1600.6,438.5
FIN-000546,20250501,2025-05,10,Contractor,Actual,55868.44,2652.46,0.0,0.0,2652.46,0.0,0.0,2652.46,378.31,24.25
FIN-000547,20250501,2025-05,10,Material,Actual,154248.91,0.0,163617.97,0.0,163617.97,0.0,0.0,163617.97,0.0,0.0
FIN-000548,20250501,2025-05,10,Other,Actual,64241.61,0.0,0.0,74544.96,74544.96,0.0,0.0,74544.96,0.0,0.0
FIN-000549,20250601,2025-06,10,Labor,Actual,160386.18,77625.73,0.0,0.0,77625.73,0.0,0.0,77625.73,1590.31,836.75
FIN-000550,20250601,2025-06,10,Contractor,Actual,57484.25,11759.24,0.0,0.0,11759.24,0.0,0.0,11759.24,389.25,68.0
FIN-000551,20250601,2025-06,10,Material,Actual,145624.93,0.0,177111.61,0.0,177111.61,0.0,0.0,177111.61,0.0,0.0
FIN-000552,20250601,2025-06,10,Other,Actual,61723.81,0.0,0.0,71691.28,71691.28,0.0,0.0,71691.28,0.0,0.0
FIN-000553,20250701,2025-07,10,Labor,Forecast,150866.45,0.0,0.0,0.0,0.0,83221.58,208630.76,208630.76,1495.92,0.0
FIN-000554,20250701,2025-07,10,Contractor,Forecast,53491.44,0.0,0.0,0.0,0.0,30537.68,74411.61,74411.61,362.21,0.0
FIN-000555,20250701,2025-07,10,Material,Forecast,145847.24,0.0,0.0,0.0,0.0,83159.08,188767.28,188767.28,0.0,0.0
FIN-000556,20250701,2025-07,10,Other,Forecast,58855.09,0.0,0.0,0.0,0.0,26163.22,74092.27,74092.27,0.0,0.0
FIN-000557,20250801,2025-08,10,Labor,Forecast,130991.16,0.0,0.0,0.0,0.0,65100.04,184875.7,184875.7,1298.85,0.0
FIN-000558,20250801,2025-08,10,Contractor,Forecast,49650.15,0.0,0.0,0.0,0.0,29311.18,68102.14,68102.14,336.2,0.0
FIN-000559,20250801,2025-08,10,Material,Forecast,124613.12,0.0,0.0,0.0,0.0,79846.39,174863.75,174863.75,0.0,0.0
FIN-000560,20250801,2025-08,10,Other,Forecast,57786.77,0.0,0.0,0.0,0.0,27369.83,77470.0,77470.0,0.0,0.0
FIN-000561,20250901,2025-09,10,Labor,Forecast,123743.98,0.0,0.0,0.0,0.0,50580.51,152304.19,152304.19,1226.99,0.0
FIN-000562,20250901,2025-09,10,Contractor,Forecast,46708.97,0.0,0.0,0.0,0.0,26120.46,61189.47,61189.47,316.29,0.0
FIN-000563,20250901,2025-09,10,Material,Forecast,117386.8,0.0,0.0,0.0,0.0,61824.07,154131.91,154131.91,0.0,0.0
FIN-000564,20250901,2025-09,10,Other,Forecast,48916.46,0.0,0.0,0.0,0.0,18369.63,61941.8,61941.8,0.0,0.0
FIN-000565,20251001,2025-10,10,Labor,Forecast,114463.44,0.0,0.0,0.0,0.0,37762.12,151063.64,151063.64,1134.96,0.0
FIN-000566,20251001,2025-10,10,Contractor,Forecast,45203.9,0.0,0.0,0.0,0.0,15909.91,59280.41,59280.41,306.1,0.0
FIN-000567,20251001,2025-10,10,Material,Forecast,99651.14,0.0,0.0,0.0,0.0,49923.29,138143.67,138143.67,0.0,0.0
FIN-000568,20251001,2025-10,10,Other,Forecast,42478.5,0.0,0.0,0.0,0.0,13593.41,53016.95,53016.95,0.0,0.0
FIN-000569,20251101,2025-11,10,Labor,Forecast,95842.25,0.0,0.0,0.0,0.0,28779.83,117429.56,117429.56,950.33,0.0
FIN-000570,20251101,2025-11,10,Contractor,Forecast,37475.11,0.0,0.0,0.0,0.0,14204.23,45742.15,45742.15,253.76,0.0
FIN-000571,20251101,2025-11,10,Material,Forecast,84375.24,0.0,0.0,0.0,0.0,42979.28,113643.25,113643.25,0.0,0.0
FIN-000572,20251101,2025-11,10,Other,Forecast,35779.51,0.0,0.0,0.0,0.0,14146.32,48898.38,48898.38,0.0,0.0
FIN-000573,20251201,2025-12,10,Labor,Forecast,79152.63,0.0,0.0,0.0,0.0,25715.77,98074.77,98074.77,784.84,0.0
FIN-000574,20251201,2025-12,10,Contractor,Forecast,31520.89,0.0,0.0,0.0,0.0,12565.84,44397.04,44397.04,213.44,0.0
FIN-000575,20251201,2025-12,10,Material,Forecast,61820.1,0.0,0.0,0.0,0.0,22699.53,75275.16,75275.16,0.0,0.0
FIN-000576,20251201,2025-12,10,Other,Forecast,29705.54,0.0,0.0,0.0,0.0,7818.94,41016.3,41016.3,0.0,0.0
FIN-000577,20240701,2024-07,11,Labor,Actual,106778.43,79724.61,0.0,0.0,79724.61,0.0,0.0,79724.61,1117.5,874.75
FIN-000578,20240701,2024-07,11,Contractor,Actual,23962.17,7466.09,0.0,0.0,7466.09,0.0,0.0,7466.09,204.21,48.25
FIN-000579,20240701,2024-07,11,Material,Actual,82748.08,0.0,159685.65,0.0,159685.65,0.0,0.0,159685.65,0.0,0.0
FIN-000580,20240701,2024-07,11,Other,Actual,28913.13,0.0,0.0,62900.6,62900.6,0.0,0.0,62900.6,0.0,0.0
FIN-000581,20240801,2024-08,11,Labor,Actual,158601.59,72210.34,0.0,0.0,72210.34,0.0,0.0,72210.34,1659.86,784.75
FIN-000582,20240801,2024-08,11,Contractor,Actual,34106.39,17817.23,0.0,0.0,17817.23,0.0,0.0,17817.23,290.66,131.5
FIN-000583,20240801,2024-08,11,Material,Actual,103293.2,0.0,223819.78,0.0,223819.78,0.0,0.0,223819.78,0.0,0.0
FIN-000584,20240801,2024-08,11,Other,Actual,43991.67,0.0,0.0,86393.58,86393.58,0.0,0.0,86393.58,0.0,0.0
FIN-000585,20240901,2024-09,11,Labor,Actual,194736.92,109343.81,0.0,0.0,109343.81,0.0,0.0,109343.81,2038.04,1179.25
FIN-000586,20240901,2024-09,11,Contractor,Actual,39797.65,35683.12,0.0,0.0,35683.12,0.0,0.0,35683.12,339.16,255.75
FIN-000587,20240901,2024-09,11,Material,Actual,118562.71,0.0,238917.9,0.0,238917.9,0.0,0.0,238917.9,0.0,0.0
FIN-000588,20240901,2024-09,11,Other,Actual,51243.31,0.0,0.0,111249.69,111249.69,0.0,0.0,111249.69,0.0,0.0
FIN-000589,20241001,2024-10,11,Labor,Actual,201594.22,37707.27,0.0,0.0,37707.27,0.0,0.0,37707.27,2109.81,389.5
FIN-000590,20241001,2024-10,11,Contractor,Actual,46727.97,41750.27,0.0,0.0,41750.27,0.0,0.0,41750.27,398.22,328.0
FIN-000591,20241001,2024-10,11,Material,Actual,131187.92,0.0,254936.54,0.0,254936.54,0.0,0.0,254936.54,0.0,0.0
FIN-000592,20241001,2024-10,11,Other,Actual,58266.42,0.0,0.0,127288.49,127288.49,0.0,0.0,127288.49,0.0,0.0
FIN-000593,20241101,2024-11,11,Labor,Actual,220066.14,41164.58,0.0,0.0,41164.58,0.0,0.0,41164.58,2303.12,478.5
FIN-000594,20241101,2024-11,11,Contractor,Actual,56830.0,8890.61,0.0,0.0,8890.61,0.0,0.0,8890.61,484.31,63.25
FIN-000595,20241101,2024-11,11,Material,Actual,141605.43,0.0,241339.43,0.0,241339.43,0.0,0.0,241339.43,0.0,0.0
FIN-000596,20241101,2024-11,11,Other,Actual,58899.02,0.0,0.0,129470.21,129470.21,0.0,0.0,129470.21,0.0,0.0
FIN-000597,20241201,2024-12,11,Labor,Actual,214186.02,70486.46,0.0,0.0,70486.46,0.0,0.0,70486.46,2241.59,753.75
FIN-000598,20241201,2024-12,11,Contractor,Actual,55951.23,29644.28,0.0,0.0,29644.28,0.0,0.0,29644.28,476.82,211.25
FIN-000599,20241201,2024-12,11,Material,Actual,139906.2,0.0,244888.58,0.0,244888.58,0.0,0.0,244888.58,0.0,0.0
FIN-000600,20241201,2024-12,11,Other,Actual,55271.18,0.0,0.0,88343.53,88343.53,0.0,0.0,88343.53,0.0,0.0
FIN-000601,20250101,2025-01,11,Labor,Actual,204174.93,49331.46,0.0,0.0,49331.46,0.0,0.0,49331.46,2136.81,538.5
FIN-000602,20250101,2025-01,11,Contractor,Actual,56483.1,12842.72,0.0,0.0,12842.72,0.0,0.0,12842.72,481.35,117.0
FIN-000603,20250101,2025-01,11,Material,Actual,124750.2,0.0,226117.0,0.0,226117.0,0.0,0.0,226117.0,0.0,0.0
FIN-000604,20250101,2025-01,11,Other,Actual,49993.38,0.0,0.0,88912.35,88912.35,0.0,0.0,88912.35,0.0,0.0
FIN-000605,20250201,2025-02,11,Labor,Actual,194808.91,59631.2,0.0,0.0,59631.2,0.0,0.0,59631.2,2038.79,661.25
FIN-000606,20250201,2025-02,11,Contractor,Actual,49722.02,11149.4,0.0,0.0,11149.4,0.0,0.0,11149.4,423.73,88.25
FIN-000607,20250201,2025-02,11,Material,Actual,107776.57,0.0,202476.2,0.0,202476.2,0.0,0.0,202476.2,0.0,0.0
FIN-000608,20250201,2025-02,11,Other,Actual,42189.42,0.0,0.0,76850.97,76850.97,0.0,0.0,76850.97,0.0,0.0
FIN-000609,20250301,2025-03,11,Labor,Actual,145988.78,70289.37,0.0,0.0,70289.37,0.0,0.0,70289.37,1527.86,723.75
FIN-000610,20250301,2025-03,11,Contractor,Actual,43101.23,0.0,0.0,0.0,0.0,0.0,0.0,0.0,367.31,0.0
FIN-000611,20250301,2025-03,11,Material,Actual,77594.57,0.0,131488.84,0.0,131488.84,0.0,0.0,131488.84,0.0,0.0
FIN-000612,20250301,2025-03,11,Other,Actual,32514.89,0.0,0.0,68692.16,68692.16,0.0,0.0,68692.16,0.0,0.0
FIN-000613,20250401,2025-04,11,Labor,Actual,108698.67,25862.53,0.0,0.0,25862.53,0.0,0.0,25862.53,1137.6,289.0
FIN-000614,20250401,2025-04,11,Contractor,Actual,32004.35,0.0,0.0,0.0,0.0,0.0,0.0,0.0,272.74,0.0
FIN-000615,20250401,2025-04,11,Material,Actual,53337.92,0.0,104050.2,0.0,104050.2,0.0,0.0,104050.2,0.0,0.0
FIN-000616,20250401,2025-04,11,Other,Actual,24634.06,0.0,0.0,42492.08,42492.08,0.0,0.0,42492.08,0.0,0.0
FIN-000617,20240301,2024-03,12,Labor,Actual,215154.31,31109.16,0.0,0.0,31109.16,0.0,0.0,31109.16,2107.73,346.75
FIN-000618,20240301,2024-03,12,Contractor,Actual,60652.99,3773.61,0.0,0.0,3773.61,0.0,0.0,3773.61,457.98,34.5
FIN-000619,20240301,2024-03,12,Material,Actual,164885.18,0.0,344475.91,0.0,344475.91,0.0,0.0,344475.91,0.0,0.0
FIN-000620,20240301,2024-03,12,Other,Actual,65941.34,0.0,0.0,140599.18,140599.18,0.0,0.0,140599.18,0.0,0.0
FIN-000621,20240401,2024-04,12,Labor,Actual,214019.22,222156.96,0.0,0.0,222156.96,0.0,0.0,222156.96,2096.61,2410.5
FIN-000622,20240401,2024-04,12,Contractor,Actual,62331.95,49857.67,0.0,0.0,49857.67,0.0,0.0,49857.67,470.66,388.75
FIN-000623,20240401,2024-04,12,Material,Actual,162430.54,0.0,306858.28,0.0,306858.28,0.0,0.0,306858.28,0.0,0.0
FIN-000624,20240401,2024-04,12,Other,Actual,59888.71,0.0,0.0,117306.32,117306.32,0.0,0.0,117306.32,0.0,0.0
FIN-000625,20240501,2024-05,12,Labor,Actual,199788.12,142520.31,0.0,0.0,142520.31,0.0,0.0,142520.31,1957.19,1538.75
FIN-000626,20240501,2024-05,12,Contractor,Actual,61163.79,36309.53,0.0,0.0,36309.53,0.0,0.0,36309.53,461.84,273.5
FIN-000627,20240501,2024-05,12,Material,Actual,148913.2,0.0,322959.85,0.0,322959.85,0.0,0.0,322959.85,0.0,0.0
FIN-000628,20240501,2024-05,12,Other,Actual,58744.88,0.0,0.0,96072.69,96072.69,0.0,0.0,96072.69,0.0,0.0
FIN-000629,20240601,2024-06,12,Labor,Actual,202494.81,117303.89,0.0,0.0,117303.89,0.0,0.0,117303.89,1983.71,1264.0
FIN-000630,20240601,2024-06,12,Contractor,Actual,60216.94,19454.92,0.0,0.0,19454.92,0.0,0.0,19454.92,454.69,151.25
FIN-000631,20240601,2024-06,12,Material,Actual,144645.66,0.0,259474.43,0.0,259474.43,0.0,0.0,259474.43,0.0,0.0
FIN-000632,20240601,2024-06,12,Other,Actual,56871.54,0.0,0.0,89979.11,89979.11,0.0,0.0,89979.11,0.0,0.0
FIN-000633,20240701,2024-07,12,Labor,Actual,177165.59,118723.84,0.0,0.0,118723.84,0.0,0.0,118723.84,1735.58,1266.25
FIN-000634,20240701,2024-07,12,Contractor,Actual,61203.84,44896.96,0.0,0.0,44896.96,0.0,0.0,44896.96,462.14,349.75
FIN-000635,20240701,2024-07,12,Material,Actual,137324.51,0.0,216241.31,0.0,216241.31,0.0,0.0,216241.31,0.0,0.0
FIN-000636,20240701,2024-07,12,Other,Actual,49812.11,0.0,0.0,90572.92,90572.92,0.0,0.0,90572.92,0.0,0.0
FIN-000637,20240801,2024-08,12,Labor,Actual,179290.1,67353.35,0.0,0.0,67353.35,0.0,0.0,67353.35,1756.39,706.0
FIN-000638,20240801,2024-08,12,Contractor,Actual,59636.14,34503.67,0.0,0.0,34503.67,0.0,0.0,34503.67,450.3,265.0
FIN-000639,20240801,2024-08,12,Material,Actual,123098.97,0.0,218201.94,0.0,218201.94,0.0,0.0,218201.94,0.0,0.0
FIN-000640,20240801,2024-08,12,Other,Actual,48799.65,0.0,0.0,85901.8,85901.8,0.0,0.0,85901.8,0.0,0.0
FIN-000641,20240901,2024-09,12,Labor,Actual,178714.89,122990.32,0.0,0.0,122990.32,0.0,0.0,122990.32,1750.75,1294.5
FIN-000642,20240901,2024-09,12,Contractor,Actual,57456.52,12101.78,0.0,0.0,12101.78,0.0,0.0,12101.78,433.85,95.0
FIN-000643,20240901,2024-09,12,Material,Actual,112960.92,0.0,197815.09,0.0,197815.09,0.0,0.0,197815.09,0.0,0.0
FIN-000644,20240901,2024-09,12,Other,Actual,46011.45,0.0,0.0,71475.97,71475.97,0.0,0.0,71475.97,0.0,0.0
FIN-000645,20241001,2024-10,12,Labor,Actual,164682.86,56981.92,0.0,0.0,56981.92,0.0,0.0,56981.92,1613.29,593.75
FIN-000646,20241001,2024-10,12,Contractor,Actual,57067.78,16030.24,0.0,0.0,16030.24,0.0,0.0,16030.24,430.91,142.5
FIN-000647,20241001,2024-10,12,Material,Actual,99481.73,0.0,152639.2,0.0,152639.2,0.0,0.0,152639.2,0.0,0.0
FIN-000648,20241001,2024-10,12,Other,Actual,41425.29,0.0,0.0,85794.07,85794.07,0.0,0.0,85794.07,0.0,0.0
FIN-000649,20241101,2024-11,12,Labor,Actual,157995.82,73586.55,0.0,0.0,73586.55,0.0,0.0,73586.55,1547.78,777.25
FIN-000650,20241101,2024-11,12,Contractor,Actual,51714.94,9260.0,0.0,0.0,9260.0,0.0,0.0,9260.0,390.49,66.5
FIN-000651,20241101,2024-11,12,Material,Actual,96513.86,0.0,208486.85,0.0,208486.85,0.0,0.0,208486.85,0.0,0.0
FIN-000652,20241101,2024-11,12,Other,Actual,36755.79,0.0,0.0,70489.91,70489.91,0.0,0.0,70489.91,0.0,0.0
FIN-000653,20241201,2024-12,12,Labor,Actual,150791.47,55446.67,0.0,0.0,55446.67,0.0,0.0,55446.67,1477.21,580.25
FIN-000654,20241201,2024-12,12,Contractor,Actual,49308.44,31450.27,0.0,0.0,31450.27,0.0,0.0,31450.27,372.32,251.75
FIN-000655,20241201,2024-12,12,Material,Actual,89347.21,0.0,142128.02,0.0,142128.02,0.0,0.0,142128.02,0.0,0.0
FIN-000656,20241201,2024-12,12,Other,Actual,37325.46,0.0,0.0,71979.49,71979.49,0.0,0.0,71979.49,0.0,0.0
FIN-000657,20250101,2025-01,12,Labor,Actual,134753.33,50929.85,0.0,0.0,50929.85,0.0,0.0,50929.85,1320.09,542.0
FIN-000658,20250101,2025-01,12,Contractor,Actual,50464.59,29795.1,0.0,0.0,29795.1,0.0,0.0,29795.1,381.05,204.0
FIN-000659,20250101,2025-01,12,Material,Actual,78803.92,0.0,148893.69,0.0,148893.69,0.0,0.0,148893.69,0.0,0.0
FIN-000660,20250101,2025-01,12,Other,Actual,30989.34,0.0,0.0,60027.9,60027.9,0.0,0.0,60027.9,0.0,0.0
FIN-000661,20250201,2025-02,12,Labor,Actual,127269.38,35158.9,0.0,0.0,35158.9,0.0,0.0,35158.9,1246.78,385.75
FIN-000662,20250201,2025-02,12,Contractor,Actual,46226.38,2535.3,0.0,0.0,2535.3,0.0,0.0,2535.3,349.05,27.0
FIN-000663,20250201,2025-02,12,Material,Actual,70665.86,0.0,133939.38,0.0,133939.38,0.0,0.0,133939.38,0.0,0.0
FIN-000664,20250201,2025-02,12,Other,Actual,28234.6,0.0,0.0,59985.64,59985.64,0.0,0.0,59985.64,0.0,0.0
FIN-000665,20250301,2025-03,12,Labor,Actual,112610.95,85939.49,0.0,0.0,85939.49,0.0,0.0,85939.49,1103.18,923.5
FIN-000666,20250301,2025-03,12,Contractor,Actual,48223.94,0.0,0.0,0.0,0.0,0.0,0.0,0.0,364.13,0.0
FIN-000667,20250301,2025-03,12,Material,Actual,67207.19,0.0,115669.26,0.0,115669.26,0.0,0.0,115669.26,0.0,0.0
FIN-000668,20250301,2025-03,12,Other,Actual,27121.0,0.0,0.0,46115.92,46115.92,0.0,0.0,46115.92,0.0,0.0
FIN-000669,20250401,2025-04,12,Labor,Actual,114714.61,17221.68,0.0,0.0,17221.68,0.0,0.0,17221.68,1123.78,175.5
FIN-000670,20250401,2025-04,12,Contractor,Actual,44830.88,0.0,0.0,0.0,0.0,0.0,0.0,0.0,338.51,0.0
FIN-000671,20250401,2025-04,12,Material,Actual,58970.78,0.0,98608.21,0.0,98608.21,0.0,0.0,98608.21,0.0,0.0
FIN-000672,20250401,2025-04,12,Other,Actual,26884.73,0.0,0.0,48367.8,48367.8,0.0,0.0,48367.8,0.0,0.0
FIN-000673,20250101,2025-01,13,Labor,Actual,80098.93,8766.59,0.0,0.0,8766.59,0.0,0.0,8766.59,807.07,92.5
FIN-000674,20250101,2025-01,13,Contractor,Actual,19731.26,6900.11,0.0,0.0,6900.11,0.0,0.0,6900.11,159.22,59.5
FIN-000675,20250101,2025-01,13,Material,Actual,58325.71,0.0,56308.9,0.0,56308.9,0.0,0.0,56308.9,0.0,0.0
FIN-000676,20250101,2025-01,13,Other,Actual,23681.58,0.0,0.0,22088.92,22088.92,0.0,0.0,22088.92,0.0,0.0
FIN-000677,20250201,2025-02,13,Labor,Actual,81968.39,57462.44,0.0,0.0,57462.44,0.0,0.0,57462.44,825.91,616.25
FIN-000678,20250201,2025-02,13,Contractor,Actual,19435.69,9831.93,0.0,0.0,9831.93,0.0,0.0,9831.93,156.84,92.0
FIN-000679,20250201,2025-02,13,Material,Actual,53532.72,0.0,46580.98,0.0,46580.98,0.0,0.0,46580.98,0.0,0.0
FIN-000680,20250201,2025-02,13,Other,Actual,22529.92,0.0,0.0,17232.33,17232.33,0.0,0.0,17232.33,0.0,0.0
FIN-000681,20250301,2025-03,13,Labor,Actual,76915.42,59570.32,0.0,0.0,59570.32,0.0,0.0,59570.32,775.0,612.25
FIN-000682,20250301,2025-03,13,Contractor,Actual,18420.35,3075.23,0.0,0.0,3075.23,0.0,0.0,3075.23,148.64,32.75
FIN-000683,20250301,2025-03,13,Material,Actual,49418.65,0.0,46237.6,0.0,46237.6,0.0,0.0,46237.6,0.0,0.0
FIN-000684,20250301,2025-03,13,Other,Actual,20583.3,0.0,0.0,19170.18,19170.18,0.0,0.0,19170.18,0.0,0.0
FIN-000685,20250401,2025-04,13,Labor,Actual,67091.09,73429.02,0.0,0.0,73429.02,0.0,0.0,73429.02,676.01,784.75
FIN-000686,20250401,2025-04,13,Contractor,Actual,18071.39,8150.73,0.0,0.0,8150.73,0.0,0.0,8150.73,145.83,78.25
FIN-000687,20250401,2025-04,13,Material,Actual,45380.23,0.0,33364.18,0.0,33364.18,0.0,0.0,33364.18,0.0,0.0
FIN-000688,20250401,2025-04,13,Other,Actual,17573.77,0.0,0.0,16763.48,16763.48,0.0,0.0,16763.48,0.0,0.0
FIN-000689,20250501,2025-05,13,Labor,Actual,67963.92,72289.1,0.0,0.0,72289.1,0.0,0.0,72289.1,684.8,774.0
FIN-000690,20250501,2025-05,13,Contractor,Actual,17020.22,0.0,0.0,0.0,0.0,0.0,0.0,0.0,137.35,0.0
FIN-000691,20250501,2025-05,13,Material,Actual,42283.6,0.0,36056.13,0.0,36056.13,0.0,0.0,36056.13,0.0,0.0
FIN-000692,20250501,2025-05,13,Other,Actual,15957.69,0.0,0.0,13804.16,13804.16,0.0,0.0,13804.16,0.0,0.0
FIN-000693,20250601,2025-06,13,Labor,Actual,62143.32,91112.6,0.0,0.0,91112.6,0.0,0.0,91112.6,626.15,960.5
FIN-000694,20250601,2025-06,13,Contractor,Actual,15913.14,7497.85,0.0,0.0,7497.85,0.0,0.0,7497.85,128.41,56.0
FIN-000695,20250601,2025-06,13,Material,Actual,37640.13,0.0,30609.43,0.0,30609.43,0.0,0.0,30609.43,0.0,0.0
FIN-000696,20250601,2025-06,13,Other,Actual,15365.01,0.0,0.0,11106.62,11106.62,0.0,0.0,11106.62,0.0,0.0
FIN-000697,20250701,2025-07,13,Labor,Forecast,53023.51,0.0,0.0,0.0,0.0,26173.69,84903.37,84903.37,534.26,0.0
FIN-000698,20250701,2025-07,13,Contractor,Forecast,14846.45,0.0,0.0,0.0,0.0,12466.12,23780.7,23780.7,119.8,0.0
FIN-000699,20250701,2025-07,13,Material,Forecast,33158.49,0.0,0.0,0.0,0.0,22195.12,49840.0,49840.0,0.0,0.0
FIN-000700,20250701,2025-07,13,Other,Forecast,12484.77,0.0,0.0,0.0,0.0,6057.07,19339.74,19339.74,0.0,0.0
FIN-000701,20250801,2025-08,13,Labor,Forecast,52818.93,0.0,0.0,0.0,0.0,28280.62,79657.26,79657.26,532.2,0.0
FIN-000702,20250801,2025-08,13,Contractor,Forecast,13964.81,0.0,0.0,0.0,0.0,11037.8,21283.9,21283.9,112.69,0.0
FIN-000703,20250801,2025-08,13,Material,Forecast,29399.47,0.0,0.0,0.0,0.0,19106.0,43689.11,43689.11,0.0,0.0
FIN-000704,20250801,2025-08,13,Other,Forecast,11978.28,0.0,0.0,0.0,0.0,5058.73,20423.17,20423.17,0.0,0.0
FIN-000705,20250901,2025-09,13,Labor,Forecast,45788.31,0.0,0.0,0.0,0.0,25045.93,66756.28,66756.28,461.36,0.0
FIN-000706,20250901,2025-09,13,Contractor,Forecast,14592.53,0.0,0.0,0.0,0.0,10578.3,21598.25,21598.25,117.76,0.0
FIN-000707,20250901,2025-09,13,Material,Forecast,24993.21,0.0,0.0,0.0,0.0,18779.98,40093.28,40093.28,0.0,0.0
FIN-000708,20250901,2025-09,13,Other,Forecast,10387.69,0.0,0.0,0.0,0.0,4773.01,17611.3,17611.3,0.0,0.0
FIN-000709,20251001,2025-10,13,Labor,Forecast,41185.76,0.0,0.0,0.0,0.0,23974.55,62277.89,62277.89,414.99,0.0
FIN-000710,20251001,2025-10,13,Contractor,Forecast,13394.44,0.0,0.0,0.0,0.0,7842.92,21493.81,21493.81,108.09,0.0
FIN-000711,20251001,2025-10,13,Material,Forecast,21636.69,0.0,0.0,0.0,0.0,12750.79,31977.79,31977.79,0.0,0.0
FIN-000712,20251001,2025-10,13,Other,Forecast,9301.23,0.0,0.0,0.0,0.0,3060.91,15092.77,15092.77,0.0,0.0
FIN-000713,20240701,2024-07,14,Labor,Actual,52280.75,0.0,0.0,0.0,0.0,0.0,0.0,0.0,537.43,0.0
FIN-000714,20240701,2024-07,14,Contractor,Actual,13220.71,0.0,0.0,0.0,0.0,0.0,0.0,0.0,93.79,0.0
FIN-000715,20240701,2024-07,14,Material,Actual,43247.36,0.0,57979.92,0.0,57979.92,0.0,0.0,57979.92,0.0,0.0
FIN-000716,20240701,2024-07,14,Other,Actual,20002.95,0.0,0.0,25395.93,25395.93,0.0,0.0,25395.93,0.0,0.0
FIN-000717,20240801,2024-08,14,Labor,Actual,69979.29,107974.73,0.0,0.0,107974.73,0.0,0.0,107974.73,719.36,1217.0
FIN-000718,20240801,2024-08,14,Contractor,Actual,19512.33,18231.77,0.0,0.0,18231.77,0.0,0.0,18231.77,138.43,159.75
FIN-000719,20240801,2024-08,14,Material,Actual,53515.19,0.0,54184.72,0.0,54184.72,0.0,0.0,54184.72,0.0,0.0
FIN-000720,20240801,2024-08,14,Other,Actual,25542.29,0.0,0.0,33528.86,33528.86,0.0,0.0,33528.86,0.0,0.0
FIN-000721,20240901,2024-09,14,Labor,Actual,88012.23,132119.77,0.0,0.0,132119.77,0.0,0.0,132119.77,904.73,1495.0
FIN-000722,20240901,2024-09,14,Contractor,Actual,25208.97,32312.3,0.0,0.0,32312.3,0.0,0.0,32312.3,178.84,240.25
FIN-000723,20240901,2024-09,14,Material,Actual,63108.01,0.0,86946.41,0.0,86946.41,0.0,0.0,86946.41,0.0,0.0
FIN-000724,20240901,2024-09,14,Other,Actual,29805.39,0.0,0.0,32528.99,32528.99,0.0,0.0,32528.99,0.0,0.0
FIN-000725,20241001,2024-10,14,Labor,Actual,92825.85,83723.87,0.0,0.0,83723.87,0.0,0.0,83723.87,954.21,978.25
FIN-000726,20241001,2024-10,14,Contractor,Actual,27883.62,11993.37,0.0,0.0,11993.37,0.0,0.0,11993.37,197.82,106.75
FIN-000727,20241001,2024-10,14,Material,Actual,71900.31,0.0,83941.61,0.0,83941.61,0.0,0.0,83941.61,0.0,0.0
FIN-000728,20241001,2024-10,14,Other,Actual,35018.59,0.0,0.0,43169.16,43169.16,0.0,0.0,43169.16,0.0,0.0
FIN-000729,20241101,2024-11,14,Labor,Actual,101258.75,63558.32,0.0,0.0,63558.32,0.0,0.0,63558.32,1040.9,714.75
FIN-000730,20241101,2024-11,14,Contractor,Actual,32716.26,34071.64,0.0,0.0,34071.64,0.0,0.0,34071.64,232.1,265.0
FIN-000731,20241101,2024-11,14,Material,Actual,71901.76,0.0,81526.71,0.0,81526.71,0.0,0.0,81526.71,0.0,0.0
FIN-000732,20241101,2024-11,14,Other,Actual,36341.97,0.0,0.0,49377.26,49377.26,0.0,0.0,49377.26,0.0,0.0
FIN-000733,20241201,2024-12,14,Labor,Actual,110609.03,101537.34,0.0,0.0,101537.34,0.0,0.0,101537.34,1137.02,1173.5
FIN-000734,20241201,2024-12,14,Contractor,Actual,33121.5,14186.84,0.0,0.0,14186.84,0.0,0.0,14186.84,234.97,112.5
FIN-000735,20241201,2024-12,14,Material,Actual,79102.06,0.0,104221.09,0.0,104221.09,0.0,0.0,104221.09,0.0,0.0
FIN-000736,20241201,2024-12,14,Other,Actual,37142.27,0.0,0.0,49961.8,49961.8,0.0,0.0,49961.8,0.0,0.0
FIN-000737,20250101,2025-01,14,Labor,Actual,99960.07,87076.99,0.0,0.0,87076.99,0.0,0.0,87076.99,1027.55,959.0
FIN-000738,20250101,2025-01,14,Contractor,Actual,34155.82,21302.56,0.0,0.0,21302.56,0.0,0.0,21302.56,242.31,167.25
FIN-000739,20250101,2025-01,14,Material,Actual,68084.9,0.0,93561.55,0.0,93561.55,0.0,0.0,93561.55,0.0,0.0
FIN-000740,20250101,2025-01,14,Other,Actual,34267.64,0.0,0.0,38154.62,38154.62,0.0,0.0,38154.62,0.0,0.0
FIN-000741,20250201,2025-02,14,Labor,Actual,95393.81,71265.63,0.0,0.0,71265.63,0.0,0.0,71265.63,980.61,827.75
FIN-000742,20250201,2025-02,14,Contractor,Actual,32066.89,13259.52,0.0,0.0,13259.52,0.0,0.0,13259.52,227.49,98.5
FIN-000743,20250201,2025-02,14,Material,Actual,60780.72,0.0,79652.51,0.0,79652.51,0.0,0.0,79652.51,0.0,0.0
FIN-000744,20250201,2025-02,14,Other,Actual,31691.05,0.0,0.0,37272.01,37272.01,0.0,0.0,37272.01,0.0,0.0
FIN-000745,20250301,2025-03,14,Labor,Actual,83716.98,89737.01,0.0,0.0,89737.01,0.0,0.0,89737.01,860.58,1012.25
FIN-000746,20250301,2025-03,14,Contractor,Actual,30565.17,3267.74,0.0,0.0,3267.74,0.0,0.0,3267.74,216.84,29.75
FIN-000747,20250301,2025-03,14,Material,Actual,53708.7,0.0,62126.68,0.0,62126.68,0.0,0.0,62126.68,0.0,0.0
FIN-000748,20250301,2025-03,14,Other,Actual,24627.76,0.0,0.0,29505.66,29505.66,0.0,0.0,29505.66,0.0,0.0
FIN-000749,20250401,2025-04,14,Labor,Actual,67110.69,50931.39,0.0,0.0,50931.39,0.0,0.0,50931.39,689.87,566.5
FIN-000750,20250401,2025-04,14,Contractor,Actual,23570.93,2980.61,0.0,0.0,2980.61,0.0,0.0,2980.61,167.22,27.25
FIN-000751,20250401,2025-04,14,Material,Actual,42193.64,0.0,51584.9,0.0,51584.9,0.0,0.0,51584.9,0.0,0.0
FIN-000752,20250401,2025-04,14,Other,Actual,21932.16,0.0,0.0,25023.08,25023.08,0.0,0.0,25023.08,0.0,0.0
FIN-000753,20250501,2025-05,14,Labor,Actual,53423.76,0.0,0.0,0.0,0.0,0.0,0.0,0.0,549.18,0.0
FIN-000754,20250501,2025-05,14,Contractor,Actual,18596.64,0.0,0.0,0.0,0.0,0.0,0.0,0.0,131.93,0.0
FIN-000755,20250501,2025-05,14,Material,Actual,30156.98,0.0,31857.27,0.0,31857.27,0.0,0.0,31857.27,0.0,0.0
FIN-000756,20250501,2025-05,14,Other,Actual,15738.25,0.0,0.0,19355.77,19355.77,0.0,0.0,19355.77,0.0,0.0
FIN-000757,20250401,2025-04,15,Labor,Actual,147533.78,21493.64,0.0,0.0,21493.64,0.0,0.0,21493.64,1624.67,229.25
FIN-000758,20250401,2025-04,15,Contractor,Actual,36116.6,0.0,0.0,0.0,0.0,0.0,0.0,0.0,267.92,0.0
FIN-000759,20250401,2025-04,15,Material,Actual,105173.1,0.0,181265.63,0.0,181265.63,0.0,0.0,181265.63,0.0,0.0
FIN-000760,20250401,2025-04,15,Other,Actual,34313.18,0.0,0.0,57454.92,57454.92,0.0,0.0,57454.92,0.0,0.0
FIN-000761,20250501,2025-05,15,Labor,Actual,219142.2,66019.49,0.0,0.0,66019.49,0.0,0.0,66019.49,2413.24,750.75
FIN-000762,20250501,2025-05,15,Contractor,Actual,50601.9,0.0,0.0,0.0,0.0,0.0,0.0,0.0,375.38,0.0
FIN-000763,20250501,2025-05,15,Material,Actual,143623.08,0.0,252365.44,0.0,252365.44,0.0,0.0,252365.44,0.0,0.0
FIN-000764,20250501,2025-05,15,Other,Actual,46952.5,0.0,0.0,68790.01,68790.01,0.0,0.0,68790.01,0.0,0.0
FIN-000765,20250601,2025-06,15,Labor,Actual,277811.16,96481.78,0.0,0.0,96481.78,0.0,0.0,96481.78,3059.31,1095.25
FIN-000766,20250601,2025-06,15,Contractor,Actual,64042.21,2018.85,0.0,0.0,2018.85,0.0,0.0,2018.85,475.08,21.5
FIN-000767,20250601,2025-06,15,Material,Actual,170202.09,0.0,315893.35,0.0,315893.35,0.0,0.0,315893.35,0.0,0.0
FIN-000768,20250601,2025-06,15,Other,Actual,59572.17,0.0,0.0,118204.82,118204.82,0.0,0.0,118204.82,0.0,0.0
FIN-000769,20250701,2025-07,15,Labor,Forecast,287450.9,0.0,0.0,0.0,0.0,94720.58,301977.41,301977.41,3165.47,0.0
FIN-000770,20250701,2025-07,15,Contractor,Forecast,81297.48,0.0,0.0,0.0,0.0,39941.67,89972.48,89972.48,603.09,0.0
FIN-000771,20250701,2025-07,15,Material,Forecast,187818.12,0.0,0.0,0.0,0.0,103238.89,215805.15,215805.15,0.0,0.0
FIN-000772,20250701,2025-07,15,Other,Forecast,62738.22,0.0,0.0,0.0,0.0,25466.92,63888.22,63888.22,0.0,0.0
FIN-000773,20250801,2025-08,15,Labor,Forecast,306151.65,0.0,0.0,0.0,0.0,115735.2,320758.19,320758.19,3371.4,0.0
FIN-000774,20250801,2025-08,15,Contractor,Forecast,87943.02,0.0,0.0,0.0,0.0,41302.72,101368.54,101368.54,652.38,0.0
FIN-000775,20250801,2025-08,15,Material,Forecast,207567.45,0.0,0.0,0.0,0.0,113893.55,224714.36,224714.36,0.0,0.0
FIN-000776,20250801,2025-08,15,Other,Forecast,67498.18,0.0,0.0,0.0,0.0,29452.17,77029.23,77029.23,0.0,0.0
FIN-000777,20250901,2025-09,15,Labor,Forecast,303997.08,0.0,0.0,0.0,0.0,98986.55,305637.4,305637.4,3347.68,0.0
FIN-000778,20250901,2025-09,15,Contractor,Forecast,86776.14,0.0,0.0,0.0,0.0,42470.72,90164.11,90164.11,643.73,0.0
FIN-000779,20250901,2025-09,15,Material,Forecast,190052.91,0.0,0.0,0.0,0.0,72668.9,190787.37,190787.37,0.0,0.0
FIN-000780,20250901,2025-09,15,Other,Forecast,57366.62,0.0,0.0,0.0,0.0,15832.94,60744.13,60744.13,0.0,0.0
FIN-000781,20251001,2025-10,15,Labor,Forecast,281954.33,0.0,0.0,0.0,0.0,75937.49,297607.87,297607.87,3104.94,0.0
FIN-000782,20251001,2025-10,15,Contractor,Forecast,82481.85,0.0,0.0,0.0,0.0,35224.91,93836.87,93836.87,611.87,0.0
FIN-000783,20251001,2025-10,15,Material,Forecast,158376.43,0.0,0.0,0.0,0.0,70263.73,176777.39,176777.39,0.0,0.0
FIN-000784,20251001,2025-10,15,Other,Forecast,50598.32,0.0,0.0,0.0,0.0,18686.37,53600.47,53600.47,0.0,0.0
FIN-000785,20251101,2025-11,15,Labor,Forecast,211945.76,0.0,0.0,0.0,0.0,69801.06,242989.85,242989.85,2333.99,0.0
FIN-000786,20251101,2025-11,15,Contractor,Forecast,66734.9,0.0,0.0,0.0,0.0,31099.84,70656.42,70656.42,495.06,0.0
FIN-000787,20251101,2025-11,15,Material,Forecast,116087.82,0.0,0.0,0.0,0.0,48838.12,122533.28,122533.28,0.0,0.0
FIN-000788,20251101,2025-11,15,Other,Forecast,39686.89,0.0,0.0,0.0,0.0,11349.75,43153.41,43153.41,0.0,0.0
FIN-000789,20251201,2025-12,15,Labor,Forecast,149088.42,0.0,0.0,0.0,0.0,38870.14,153799.94,153799.94,1641.79,0.0
FIN-000790,20251201,2025-12,15,Contractor,Forecast,48848.04,0.0,0.0,0.0,0.0,17601.01,56455.02,56455.02,362.37,0.0
FIN-000791,20251201,2025-12,15,Material,Forecast,80047.47,0.0,0.0,0.0,0.0,30908.1,89914.55,89914.55,0.0,0.0
FIN-000792,20251201,2025-12,15,Other,Forecast,27408.03,0.0,0.0,0.0,0.0,6321.49,31075.73,31075.73,0.0,0.0
FIN-000793,20240701,2024-07,16,Labor,Actual,113773.06,39894.94,0.0,0.0,39894.94,0.0,0.0,39894.94,1208.66,400.0
FIN-000794,20240701,2024-07,16,Contractor,Actual,35362.2,8489.91,0.0,0.0,8489.91,0.0,0.0,8489.91,264.59,59.25
FIN-000795,20240701,2024-07,16,Material,Actual,96706.93,0.0,149533.94,0.0,149533.94,0.0,0.0,149533.94,0.0,0.0
FIN-000796,20240701,2024-07,16,Other,Actual,41653.32,0.0,0.0,66176.62,66176.62,0.0,0.0,66176.62,0.0,0.0
FIN-000797,20240801,2024-08,16,Labor,Actual,144557.56,42373.94,0.0,0.0,42373.94,0.0,0.0,42373.94,1535.7,466.5
FIN-000798,20240801,2024-08,16,Contractor,Actual,44766.09,48305.43,0.0,0.0,48305.43,0.0,0.0,48305.43,334.95,362.0
FIN-000799,20240801,2024-08,16,Material,Actual,123597.62,0.0,217626.35,0.0,217626.35,0.0,0.0,217626.35,0.0,0.0
FIN-000800,20240801,2024-08,16,Other,Actual,54561.55,0.0,0.0,95094.11,95094.11,0.0,0.0,95094.11,0.0,0.0
FIN-000801,20240901,2024-09,16,Labor,Actual,165700.59,62571.74,0.0,0.0,62571.74,0.0,0.0,62571.74,1760.31,666.25
FIN-000802,20240901,2024-09,16,Contractor,Actual,60123.63,13829.87,0.0,0.0,13829.87,0.0,0.0,13829.87,449.86,112.0
FIN-000803,20240901,2024-09,16,Material,Actual,156408.62,0.0,216948.56,0.0,216948.56,0.0,0.0,216948.56,0.0,0.0
FIN-000804,20240901,2024-09,16,Other,Actual,65827.43,0.0,0.0,96141.18,96141.18,0.0,0.0,96141.18,0.0,0.0
FIN-000805,20241001,2024-10,16,Labor,Actual,191764.06,58191.56,0.0,0.0,58191.56,0.0,0.0,58191.56,2037.19,628.25
FIN-000806,20241001,2024-10,16,Contractor,Actual,66449.99,24038.51,0.0,0.0,24038.51,0.0,0.0,24038.51,497.2,189.75
FIN-000807,20241001,2024-10,16,Material,Actual,165244.16,0.0,283953.89,0.0,283953.89,0.0,0.0,283953.89,0.0,0.0
FIN-000808,20241001,2024-10,16,Other,Actual,73612.8,0.0,0.0,100172.2,100172.2,0.0,0.0,100172.2,0.0,0.0
FIN-000809,20241101,2024-11,16,Labor,Actual,225776.0,44719.55,0.0,0.0,44719.55,0.0,0.0,44719.55,2398.52,451.75
FIN-000810,20241101,2024-11,16,Contractor,Actual,76500.87,15809.3,0.0,0.0,15809.3,0.0,0.0,15809.3,572.4,130.5
FIN-000811,20241101,2024-11,16,Material,Actual,179200.67,0.0,236954.45,0.0,236954.45,0.0,0.0,236954.45,0.0,0.0
FIN-000812,20241101,2024-11,16,Other,Actual,85812.0,0.0,0.0,144362.35,144362.35,0.0,0.0,144362.35,0.0,0.0
FIN-000813,20241201,2024-12,16,Labor,Actual,235089.46,72718.39,0.0,0.0,72718.39,0.0,0.0,72718.39,2497.46,742.5
FIN-000814,20241201,2024-12,16,Contractor,Actual,87779.98,33174.47,0.0,0.0,33174.47,0.0,0.0,33174.47,656.79,247.75
FIN-000815,20241201,2024-12,16,Material,Actual,173672.92,0.0,257166.32,0.0,257166.32,0.0,0.0,257166.32,0.0,0.0
FIN-000816,20241201,2024-12,16,Other,Actual,82733.6,0.0,0.0,116036.22,116036.22,0.0,0.0,116036.22,0.0,0.0
FIN-000817,20250101,2025-01,16,Labor,Actual,221855.13,43873.74,0.0,0.0,43873.74,0.0,0.0,43873.74,2356.86,446.25
FIN-000818,20250101,2025-01,16,Contractor,Actual,82295.41,0.0,0.0,0.0,0.0,0.0,0.0,0.0,615.76,0.0
FIN-000819,20250101,2025-01,16,Material,Actual,167840.6,0.0,264658.27,0.0,264658.27,0.0,0.0,264658.27,0.0,0.0
FIN-000820,20250101,2025-01,16,Other,Actual,82367.83,0.0,0.0,113049.02,113049.02,0.0,0.0,113049.02,0.0,0.0
FIN-000821,20250201,2025-02,16,Labor,Actual,225010.58,45968.39,0.0,0.0,45968.39,0.0,0.0,45968.39,2390.38,467.0
FIN-000822,20250201,2025-02,16,Contractor,Actual,83761.06,14286.04,0.0,0.0,14286.04,0.0,0.0,14286.04,626.72,112.0
FIN-000823,20250201,2025-02,16,Material,Actual,165439.87,0.0,297496.95,0.0,297496.95,0.0,0.0,297496.95,0.0,0.0
FIN-000824,20250201,2025-02,16,Other,Actual,76564.58,0.0,0.0,113190.99,113190.99,0.0,0.0,113190.99,0.0,0.0
FIN-000825,20250301,2025-03,16,Labor,Actual,186883.27,66493.81,0.0,0.0,66493.81,0.0,0.0,66493.81,1985.34,668.5
FIN-000826,20250301,2025-03,16,Contractor,Actual,80831.38,37581.59,0.0,0.0,37581.59,0.0,0.0,37581.59,604.8,229.0
FIN-000827,20250301,2025-03,16,Material,Actual,144845.99,0.0,260719.34,0.0,260719.34,0.0,0.0,260719.34,0.0,0.0
FIN-000828,20250301,2025-03,16,Other,Actual,66069.23,0.0,0.0,88404.53,88404.53,0.0,0.0,88404.53,0.0,0.0
FIN-000829,20250401,2025-04,16,Labor,Actual,176202.79,49837.76,0.0,0.0,49837.76,0.0,0.0,49837.76,1871.88,537.0
FIN-000830,20250401,2025-04,16,Contractor,Actual,72995.96,32074.28,0.0,0.0,32074.28,0.0,0.0,32074.28,546.18,209.75
FIN-000831,20250401,2025-04,16,Material,Actual,124836.52,0.0,206188.99,0.0,206188.99,0.0,0.0,206188.99,0.0,0.0
FIN-000832,20250401,2025-04,16,Other,Actual,58156.58,0.0,0.0,73482.92,73482.92,0.0,0.0,73482.92,0.0,0.0
FIN-000833,20250501,2025-05,16,Labor,Actual,143477.76,50509.78,0.0,0.0,50509.78,0.0,0.0,50509.78,1524.23,502.0
FIN-000834,20250501,2025-05,16,Contractor,Actual,60035.57,17542.67,0.0,0.0,17542.67,0.0,0.0,17542.67,449.2,104.75
FIN-000835,20250501,2025-05,16,Material,Actual,97776.31,0.0,140736.87,0.0,140736.87,0.0,0.0,140736.87,0.0,0.0
FIN-000836,20250501,2025-05,16,Other,Actual,44656.61,0.0,0.0,66459.4,66459.4,0.0,0.0,66459.4,0.0,0.0
FIN-000837,20250601,2025-06,16,Labor,Actual,107180.97,68237.25,0.0,0.0,68237.25,0.0,0.0,68237.25,1138.63,713.0
FIN-000838,20250601,2025-06,16,Contractor,Actual,47014.43,6398.18,0.0,0.0,6398.18,0.0,0.0,6398.18,351.78,58.25
FIN-000839,20250601,2025-06,16,Material,Actual,74708.39,0.0,128434.47,0.0,128434.47,0.0,0.0,128434.47,0.0,0.0
FIN-000840,20250601,2025-06,16,Other,Actual,37518.07,0.0,0.0,65507.1,65507.1,0.0,0.0,65507.1,0.0,0.0
FIN-000841,20240501,2024-05,17,Labor,Actual,103680.67,139524.92,0.0,0.0,139524.92,0.0,0.0,139524.92,1047.8,1483.5
FIN-000842,20240501,2024-05,17,Contractor,Actual,22195.43,51249.87,0.0,0.0,51249.87,0.0,0.0,51249.87,160.14,375.0
FIN-000843,20240501,2024-05,17,Material,Actual,90706.95,0.0,81581.41,0.0,81581.41,0.0,0.0,81581.41,0.0,0.0
FIN-000844,20240501,2024-05,17,Other,Actual,39497.05,0.0,0.0,28148.84,28148.84,0.0,0.0,28148.84,0.0,0.0
FIN-000845,20240601,2024-06,17,Labor,Actual,92513.53,115606.82,0.0,0.0,115606.82,0.0,0.0,115606.82,934.94,1246.0
FIN-000846,20240601,2024-06,17,Contractor,Actual,24315.75,65840.55,0.0,0.0,65840.55,0.0,0.0,65840.55,175.44,471.75
FIN-000847,20240601,2024-06,17,Material,Actual,81476.58,0.0,64578.99,0.0,64578.99,0.0,0.0,64578.99,0.0,0.0
FIN-000848,20240601,2024-06,17,Other,Actual,36861.02,0.0,0.0,29143.24,29143.24,0.0,0.0,29143.24,0.0,0.0
FIN-000849,20240701,2024-07,17,Labor,Actual,88450.72,81130.78,0.0,0.0,81130.78,0.0,0.0,81130.78,893.88,869.0
FIN-000850,20240701,2024-07,17,Contractor,Actual,21293.92,47631.99,0.0,0.0,47631.99,0.0,0.0,47631.99,153.64,344.0
FIN-000851,20240701,2024-07,17,Material,Actual,77570.38,0.0,66966.13,0.0,66966.13,0.0,0.0,66966.13,0.0,0.0
FIN-000852,20240701,2024-07,17,Other,Actual,35908.18,0.0,0.0,32456.47,32456.47,0.0,0.0,32456.47,0.0,0.0
FIN-000853,20240801,2024-08,17,Labor,Actual,85914.23,75076.98,0.0,0.0,75076.98,0.0,0.0,75076.98,868.25,806.0
FIN-000854,20240801,2024-08,17,Contractor,Actual,22422.73,34272.21,0.0,0.0,34272.21,0.0,0.0,34272.21,161.78,260.5
FIN-000855,20240801,2024-08,17,Material,Actual,69908.89,0.0,60014.14,0.0,60014.14,0.0,0.0,60014.14,0.0,0.0
FIN-000856,20240801,2024-08,17,Other,Actual,33242.57,0.0,0.0,28541.98,28541.98,0.0,0.0,28541.98,0.0,0.0
FIN-000857,20240901,2024-09,17,Labor,Actual,77513.09,63779.24,0.0,0.0,63779.24,0.0,0.0,63779.24,783.35,683.5
FIN-000858,20240901,2024-09,17,Contractor,Actual,21810.45,41732.39,0.0,0.0,41732.39,0.0,0.0,41732.39,157.37,308.25
FIN-000859,20240901,2024-09,17,Material,Actual,62157.62,0.0,50763.61,0.0,50763.61,0.0,0.0,50763.61,0.0,0.0
FIN-000860,20240901,2024-09,17,Other,Actual,30256.46,0.0,0.0,26010.99,26010.99,0.0,0.0,26010.99,0.0,0.0
FIN-000861,20241001,2024-10,17,Labor,Actual,71590.18,55612.66,0.0,0.0,55612.66,0.0,0.0,55612.66,723.49,567.75
FIN-000862,20241001,2024-10,17,Contractor,Actual,19430.85,16079.31,0.0,0.0,16079.31,0.0,0.0,16079.31,140.2,105.5
FIN-000863,20241001,2024-10,17,Material,Actual,57323.9,0.0,47372.4,0.0,47372.4,0.0,0.0,47372.4,0.0,0.0
FIN-000864,20241001,2024-10,17,Other,Actual,26250.56,0.0,0.0,23127.41,23127.41,0.0,0.0,23127.41,0.0,0.0
FIN-000865,20241101,2024-11,17,Labor,Actual,68417.9,57926.08,0.0,0.0,57926.08,0.0,0.0,57926.08,691.43,632.0
FIN-000866,20241101,2024-11,17,Contractor,Actual,18802.24,27764.04,0.0,0.0,27764.04,0.0,0.0,27764.04,135.66,180.5
FIN-000867,20241101,2024-11,17,Material,Actual,52592.0,0.0,39446.16,0.0,39446.16,0.0,0.0,39446.16,0.0,0.0
FIN-000868,20241101,2024-11,17,Other,Actual,22134.4,0.0,0.0,20640.16,20640.16,0.0,0.0,20640.16,0.0,0.0
FIN-000869,20241201,2024-12,17,Labor,Actual,59985.6,54428.32,0.0,0.0,54428.32,0.0,0.0,54428.32,606.21,579.25
FIN-000870,20241201,2024-12,17,Contractor,Actual,18806.41,19034.03,0.0,0.0,19034.03,0.0,0.0,19034.03,135.69,135.25
FIN-000871,20241201,2024-12,17,Material,Actual,44427.54,0.0,40349.66,0.0,40349.66,0.0,0.0,40349.66,0.0,0.0
FIN-000872,20241201,2024-12,17,Other,Actual,19864.83,0.0,0.0,17398.42,17398.42,0.0,0.0,17398.42,0.0,0.0
FIN-000873,20250101,2025-01,17,Labor,Actual,57785.02,49500.25,0.0,0.0,49500.25,0.0,0.0,49500.25,583.97,511.0
FIN-000874,20250101,2025-01,17,Contractor,Actual,16636.87,16687.75,0.0,0.0,16687.75,0.0,0.0,16687.75,120.04,96.5
FIN-000875,20250101,2025-01,17,Material,Actual,39041.79,0.0,34741.31,0.0,34741.31,0.0,0.0,34741.31,0.0,0.0
FIN-000876,20250101,2025-01,17,Other,Actual,19563.95,0.0,0.0,15377.01,15377.01,0.0,0.0,15377.01,0.0,0.0
FIN-000877,20250201,2025-02,17,Labor,Actual,52493.27,11679.3,0.0,0.0,11679.3,0.0,0.0,11679.3,530.5,128.0
FIN-000878,20250201,2025-02,17,Contractor,Actual,15708.52,9982.45,0.0,0.0,9982.45,0.0,0.0,9982.45,113.34,70.5
FIN-000879,20250201,2025-02,17,Material,Actual,34068.8,0.0,31326.96,0.0,31326.96,0.0,0.0,31326.96,0.0,0.0
FIN-000880,20250201,2025-02,17,Other,Actual,17379.15,0.0,0.0,13471.34,13471.34,0.0,0.0,13471.34,0.0,0.0
FIN-000881,20241001,2024-10,18,Labor,Actual,151926.59,7991.34,0.0,0.0,7991.34,0.0,0.0,7991.34,1652.8,96.5
FIN-000882,20241001,2024-10,18,Contractor,Actual,34137.37,0.0,0.0,0.0,0.0,0.0,0.0,0.0,284.29,0.0
FIN-000883,20241001,2024-10,18,Material,Actual,159659.52,0.0,325565.65,0.0,325565.65,0.0,0.0,325565.65,0.0,0.0
FIN-000884,20241001,2024-10,18,Other,Actual,57205.68,0.0,0.0,92051.77,92051.77,0.0,0.0,92051.77,0.0,0.0
FIN-000885,20241101,2024-11,18,Labor,Actual,212212.73,50090.84,0.0,0.0,50090.84,0.0,0.0,50090.84,2308.65,562.75
FIN-000886,20241101,2024-11,18,Contractor,Actual,49350.55,13264.86,0.0,0.0,13264.86,0.0,0.0,13264.86,410.99,115.25
FIN-000887,20241101,2024-11,18,Material,Actual,202826.2,0.0,444754.12,0.0,444754.12,0.0,0.0,444754.12,0.0,0.0
FIN-000888,20241101,2024-11,18,Other,Actual,77682.67,0.0,0.0,126545.15,126545.15,0.0,0.0,126545.15,0.0,0.0
FIN-000889,20241201,2024-12,18,Labor,Actual,280653.56,47488.45,0.0,0.0,47488.45,0.0,0.0,47488.45,3053.21,546.5
FIN-000890,20241201,2024-12,18,Contractor,Actual,59062.04,12575.27,0.0,0.0,12575.27,0.0,0.0,12575.27,491.86,105.75
FIN-000891,20241201,2024-12,18,Material,Actual,248912.94,0.0,548714.35,0.0,548714.35,0.0,0.0,548714.35,0.0,0.0
FIN-000892,20241201,2024-12,18,Other,Actual,101801.9,0.0,0.0,180118.09,180118.09,0.0,0.0,180118.09,0.0,0.0
FIN-000893,20250101,2025-01,18,Labor,Actual,330304.57,37076.97,0.0,0.0,37076.97,0.0,0.0,37076.97,3593.36,409.75
FIN-000894,20250101,2025-01,18,Contractor,Actual,75559.47,26786.36,0.0,0.0,26786.36,0.0,0.0,26786.36,629.25,226.75
FIN-000895,20250101,2025-01,18,Material,Actual,263472.48,0.0,446785.24,0.0,446785.24,0.0,0.0,446785.24,0.0,0.0
FIN-000896,20250101,2025-01,18,Other,Actual,108803.92,0.0,0.0,198795.78,198795.78,0.0,0.0,198795.78,0.0,0.0
FIN-000897,20250201,2025-02,18,Labor,Actual,346293.6,53295.36,0.0,0.0,53295.36,0.0,0.0,53295.36,3767.31,562.25
FIN-000898,20250201,2025-02,18,Contractor,Actual,75442.83,20633.16,0.0,0.0,20633.16,0.0,0.0,20633.16,628.28,140.5
FIN-000899,20250201,2025-02,18,Material,Actual,275316.13,0.0,605220.97,0.0,605220.97,0.0,0.0,605220.97,0.0,0.0
FIN-000900,20250201,2025-02,18,Other,Actual,104879.74,0.0,0.0,203172.4,203172.4,0.0,0.0,203172.4,0.0,0.0
FIN-000901,20250301,2025-03,18,Labor,Actual,324729.44,67195.65,0.0,0.0,67195.65,0.0,0.0,67195.65,3532.71,725.0
FIN-000902,20250301,2025-03,18,Contractor,Actual,74940.23,11419.81,0.0,0.0,11419.81,0.0,0.0,11419.81,624.09,108.0
FIN-000903,20250301,2025-03,18,Material,Actual,238951.91,0.0,399288.18,0.0,399288.18,0.0,0.0,399288.18,0.0,0.0
FIN-000904,20250301,2025-03,18,Other,Actual,102376.32,0.0,0.0,206720.93,206720.93,0.0,0.0,206720.93,0.0,0.0
FIN-000905,20250401,2025-04,18,Labor,Actual,287932.22,28140.17,0.0,0.0,28140.17,0.0,0.0,28140.17,3132.4,307.75
FIN-000906,20250401,2025-04,18,Contractor,Actual,68405.67,9006.88,0.0,0.0,9006.88,0.0,0.0,9006.88,569.67,82.0
FIN-000907,20250401,2025-04,18,Material,Actual,217817.78,0.0,381374.45,0.0,381374.45,0.0,0.0,381374.45,0.0,0.0
FIN-000908,20250401,2025-04,18,Other,Actual,86463.21,0.0,0.0,152574.21,152574.21,0.0,0.0,152574.21,0.0,0.0
FIN-000909,20250501,2025-05,18,Labor,Actual,225824.22,52548.18,0.0,0.0,52548.18,0.0,0.0,52548.18,2456.73,583.25
FIN-000910,20250501,2025-05,18,Contractor,Actual,63588.95,8935.85,0.0,0.0,8935.85,0.0,0.0,8935.85,529.56,61.25
FIN-000911,20250501,2025-05,18,Material,Actual,153453.46,0.0,260674.86,0.0,260674.86,0.0,0.0,260674.86,0.0,0.0
FIN-000912,20250501,2025-05,18,Other,Actual,66612.92,0.0,0.0,133489.15,133489.15,0.0,0.0,133489.15,0.0,0.0
FIN-000913,20250601,2025-06,18,Labor,Actual,161524.76,17511.16,0.0,0.0,17511.16,0.0,0.0,17511.16,1757.22,199.25
FIN-000914,20250601,2025-06,18,Contractor,Actual,43336.01,0.0,0.0,0.0,0.0,0.0,0.0,0.0,360.9,0.0
FIN-000915,20250601,2025-06,18,Material,Actual,111159.85,0.0,239554.19,0.0,239554.19,0.0,0.0,239554.19,0.0,0.0
FIN-000916,20250601,2025-06,18,Other,Actual,47378.56,0.0,0.0,79010.79,79010.79,0.0,0.0,79010.79,0.0,0.0
FIN-000917,20240301,2024-03,19,Labor,Actual,98658.39,156849.85,0.0,0.0,156849.85,0.0,0.0,156849.85,1066.08,1693.25
FIN-000918,20240301,2024-03,19,Contractor,Actual,27990.0,34699.51,0.0,0.0,34699.51,0.0,0.0,34699.51,193.55,281.75
FIN-000919,20240301,2024-03,19,Material,Actual,93646.76,0.0,139118.55,0.0,139118.55,0.0,0.0,139118.55,0.0,0.0
FIN-000920,20240301,2024-03,19,Other,Actual,42460.63,0.0,0.0,66846.89,66846.89,0.0,0.0,66846.89,0.0,0.0
FIN-000921,20240401,2024-04,19,Labor,Actual,124519.63,191575.16,0.0,0.0,191575.16,0.0,0.0,191575.16,1345.54,2056.0
FIN-000922,20240401,2024-04,19,Contractor,Actual,39171.81,45550.23,0.0,0.0,45550.23,0.0,0.0,45550.23,270.87,363.0
FIN-000923,20240401,2024-04,19,Material,Actual,118247.71,0.0,193276.37,0.0,193276.37,0.0,0.0,193276.37,0.0,0.0
FIN-000924,20240401,2024-04,19,Other,Actual,63575.34,0.0,0.0,103651.14,103651.14,0.0,0.0,103651.14,0.0,0.0
FIN-000925,20240501,2024-05,19,Labor,Actual,158069.59,131009.55,0.0,0.0,131009.55,0.0,0.0,131009.55,1708.07,1431.75
FIN-000926,20240501,2024-05,19,Contractor,Actual,46755.32,43534.87,0.0,0.0,43534.87,0.0,0.0,43534.87,323.31,332.5
FIN-000927,20240501,2024-05,19,Material,Actual,138837.54,0.0,197952.59,0.0,197952.59,0.0,0.0,197952.59,0.0,0.0
FIN-000928,20240501,2024-05,19,Other,Actual,75157.75,0.0,0.0,95641.57,95641.57,0.0,0.0,95641.57,0.0,0.0
FIN-000929,20240601,2024-06,19,Labor,Actual,176964.85,97639.57,0.0,0.0,97639.57,0.0,0.0,97639.57,1912.25,1018.25
FIN-000930,20240601,2024-06,19,Contractor,Actual,59428.09,24790.93,0.0,0.0,24790.93,0.0,0.0,24790.93,410.94,191.75
FIN-000931,20240601,2024-06,19,Material,Actual,153493.76,0.0,212981.55,0.0,212981.55,0.0,0.0,212981.55,0.0,0.0
FIN-000932,20240601,2024-06,19,Other,Actual,83256.36,0.0,0.0,128561.1,128561.1,0.0,0.0,128561.1,0.0,0.0
FIN-000933,20240701,2024-07,19,Labor,Actual,189670.88,110750.44,0.0,0.0,110750.44,0.0,0.0,110750.44,2049.55,1214.5
FIN-000934,20240701,2024-07,19,Contractor,Actual,65453.4,34540.44,0.0,0.0,34540.44,0.0,0.0,34540.44,452.61,301.75
FIN-000935,20240701,2024-07,19,Material,Actual,168078.59,0.0,221416.77,0.0,221416.77,0.0,0.0,221416.77,0.0,0.0
FIN-000936,20240701,2024-07,19,Other,Actual,80974.93,0.0,0.0,103631.81,103631.81,0.0,0.0,103631.81,0.0,0.0
FIN-000937,20240801,2024-08,19,Labor,Actual,195872.2,87728.5,0.0,0.0,87728.5,0.0,0.0,87728.5,2116.56,931.25
FIN-000938,20240801,2024-08,19,Contractor,Actual,68763.46,10160.59,0.0,0.0,10160.59,0.0,0.0,10160.59,475.5,91.75
FIN-000939,20240801,2024-08,19,Material,Actual,146699.33,0.0,230803.52,0.0,230803.52,0.0,0.0,230803.52,0.0,0.0
FIN-000940,20240801,2024-08,19,Other,Actual,79731.18,0.0,0.0,124812.6,124812.6,0.0,0.0,124812.6,0.0,0.0
FIN-000941,20240901,2024-09,19,Labor,Actual,179179.46,109445.82,0.0,0.0,109445.82,0.0,0.0,109445.82,1936.18,1143.0
FIN-000942,20240901,2024-09,19,Contractor,Actual,61269.19,22063.59,0.0,0.0,22063.59,0.0,0.0,22063.59,423.67,191.5
FIN-000943,20240901,2024-09,19,Material,Actual,146718.95,0.0,208820.12,0.0,208820.12,0.0,0.0,208820.12,0.0,0.0
FIN-000944,20240901,2024-09,19,Other,Actual,76854.65,0.0,0.0,110997.28,110997.28,0.0,0.0,110997.28,0.0,0.0
FIN-000945,20241001,2024-10,19,Labor,Actual,168537.68,88161.3,0.0,0.0,88161.3,0.0,0.0,88161.3,1821.19,919.0
FIN-000946,20241001,2024-10,19,Contractor,Actual,59715.9,36335.66,0.0,0.0,36335.66,0.0,0.0,36335.66,412.93,306.0
FIN-000947,20241001,2024-10,19,Material,Actual,118414.88,0.0,182299.84,0.0,182299.84,0.0,0.0,182299.84,0.0,0.0
FIN-000948,20241001,2024-10,19,Other,Actual,63265.14,0.0,0.0,73802.35,73802.35,0.0,0.0,73802.35,0.0,0.0
FIN-000949,20241101,2024-11,19,Labor,Actual,137936.75,39329.33,0.0,0.0,39329.33,0.0,0.0,39329.33,1490.52,422.0
FIN-000950,20241101,2024-11,19,Contractor,Actual,45058.1,17225.05,0.0,0.0,17225.05,0.0,0.0,17225.05,311.57,139.25
FIN-000951,20241101,2024-11,19,Material,Actual,93803.52,0.0,127997.27,0.0,127997.27,0.0,0.0,127997.27,0.0,0.0
FIN-000952,20241101,2024-11,19,Other,Actual,48293.34,0.0,0.0,68544.77,68544.77,0.0,0.0,68544.77,0.0,0.0
FIN-000953,20241201,2024-12,19,Labor,Actual,93444.69,34289.54,0.0,0.0,34289.54,0.0,0.0,34289.54,1009.75,365.25
FIN-000954,20241201,2024-12,19,Contractor,Actual,35671.96,3800.96,0.0,0.0,3800.96,0.0,0.0,3800.96,246.67,34.75
FIN-000955,20241201,2024-12,19,Material,Actual,66134.21,0.0,89273.93,0.0,89273.93,0.0,0.0,89273.93,0.0,0.0
FIN-000956,20241201,2024-12,19,Other,Actual,35224.08,0.0,0.0,49328.65,49328.65,0.0,0.0,49328.65,0.0,0.0
FIN-000957,20250101,2025-01,20,Labor,Actual,49368.91,28495.21,0.0,0.0,28495.21,0.0,0.0,28495.21,489.08,296.25
FIN-000958,20250101,2025-01,20,Contractor,Actual,10980.91,0.0,0.0,0.0,0.0,0.0,0.0,0.0,74.94,0.0
FIN-000959,20250101,2025-01,20,Material,Actual,34181.05,0.0,36335.64,0.0,36335.64,0.0,0.0,36335.64,0.0,0.0
FIN-000960,20250101,2025-01,20,Other,Actual,17607.63,0.0,0.0,19061.12,19061.12,0.0,0.0,19061.12,0.0,0.0
FIN-000961,20250201,2025-02,20,Labor,Actual,53823.4,60952.56,0.0,0.0,60952.56,0.0,0.0,60952.56,533.21,644.75
FIN-000962,20250201,2025-02,20,Contractor,Actual,11498.21,21612.2,0.0,0.0,21612.2,0.0,0.0,21612.2,78.47,155.25
FIN-000963,20250201,2025-02,20,Material,Actual,37716.93,0.0,44222.74,0.0,44222.74,0.0,0.0,44222.74,0.0,0.0
FIN-000964,20250201,2025-02,20,Other,Actual,18943.12,0.0,0.0,24207.4,24207.4,0.0,0.0,24207.4,0.0,0.0
FIN-000965,20250301,2025-03,20,Labor,Actual,56345.53,46981.73,0.0,0.0,46981.73,0.0,0.0,46981.73,558.19,513.5
FIN-000966,20250301,2025-03,20,Contractor,Actual,13747.32,2980.61,0.0,0.0,2980.61,0.0,0.0,2980.61,93.82,27.25
FIN-000967,20250301,2025-03,20,Material,Actual,38962.97,0.0,53613.84,0.0,53613.84,0.0,0.0,53613.84,0.0,0.0
FIN-000968,20250301,2025-03,20,Other,Actual,21320.11,0.0,0.0,24257.24,24257.24,0.0,0.0,24257.24,0.0,0.0
FIN-000969,20250401,2025-04,20,Labor,Actual,63842.46,52718.71,0.0,0.0,52718.71,0.0,0.0,52718.71,632.46,569.5
FIN-000970,20250401,2025-04,20,Contractor,Actual,14678.77,0.0,0.0,0.0,0.0,0.0,0.0,0.0,100.18,0.0
FIN-000971,20250401,2025-04,20,Material,Actual,42714.74,0.0,47987.08,0.0,47987.08,0.0,0.0,47987.08,0.0,0.0
FIN-000972,20250401,2025-04,20,Other,Actual,23115.4,0.0,0.0,28138.72,28138.72,0.0,0.0,28138.72,0.0,0.0
FIN-000973,20250501,2025-05,20,Labor,Actual,67675.08,71363.53,0.0,0.0,71363.53,0.0,0.0,71363.53,670.43,769.25
FIN-000974,20250501,2025-05,20,Contractor,Actual,16277.12,18992.03,0.0,0.0,18992.03,0.0,0.0,18992.03,111.09,125.75
FIN-000975,20250501,2025-05,20,Material,Actual,40753.71,0.0,48510.61,0.0,48510.61,0.0,0.0,48510.61,0.0,0.0
FIN-000976,20250501,2025-05,20,Other,Actual,24102.05,0.0,0.0,29974.77,29974.77,0.0,0.0,29974.77,0.0,0.0
FIN-000977,20250601,2025-06,20,Labor,Actual,78227.46,87389.47,0.0,0.0,87389.47,0.0,0.0,87389.47,774.97,919.0
FIN-000978,20250601,2025-06,20,Contractor,Actual,19084.3,10840.92,0.0,0.0,10840.92,0.0,0.0,10840.92,130.25,82.75
FIN-000979,20250601,2025-06,20,Material,Actual,46211.04,0.0,63635.0,0.0,63635.0,0.0,0.0,63635.0,0.0,0.0
FIN-000980,20250601,2025-06,20,Other,Actual,23500.98,0.0,0.0,25767.27,25767.27,0.0,0.0,25767.27,0.0,0.0
FIN-000981,20250701,2025-07,20,Labor,Forecast,80102.7,0.0,0.0,0.0,0.0,25674.9,71375.93,71375.93,793.54,0.0
FIN-000982,20250701,2025-07,20,Contractor,Forecast,21922.31,0.0,0.0,0.0,0.0,10078.93,20513.61,20513.61,149.62,0.0
FIN-000983,20250701,2025-07,20,Material,Forecast,45716.78,0.0,0.0,0.0,0.0,17374.69,43986.57,43986.57,0.0,0.0
FIN-000984,20250701,2025-07,20,Other,Forecast,25571.04,0.0,0.0,0.0,0.0,6256.96,24843.1,24843.1,0.0,0.0
FIN-000985,20250801,2025-08,20,Labor,Forecast,80738.9,0.0,0.0,0.0,0.0,34295.16,76125.19,76125.19,799.85,0.0
FIN-000986,20250801,2025-08,20,Contractor,Forecast,23385.28,0.0,0.0,0.0,0.0,9123.5,22020.4,22020.4,159.6,0.0
FIN-000987,20250801,2025-08,20,Material,Forecast,46002.4,0.0,0.0,0.0,0.0,18591.49,38846.77,38846.77,0.0,0.0
FIN-000988,20250801,2025-08,20,Other,Forecast,25632.64,0.0,0.0,0.0,0.0,7244.81,22283.96,22283.96,0.0,0.0
FIN-000989,20250901,2025-09,20,Labor,Forecast,95995.73,0.0,0.0,0.0,0.0,34647.32,93199.15,93199.15,950.99,0.0
FIN-000990,20250901,2025-09,20,Contractor,Forecast,23407.96,0.0,0.0,0.0,0.0,7907.78,20027.68,20027.68,159.76,0.0
FIN-000991,20250901,2025-09,20,Material,Forecast,50205.57,0.0,0.0,0.0,0.0,22159.41,48380.69,48380.69,0.0,0.0
FIN-000992,20250901,2025-09,20,Other,Forecast,27251.61,0.0,0.0,0.0,0.0,6481.95,25164.13,25164.13,0.0,0.0
FIN-000993,20251001,2025-10,20,Labor,Forecast,98681.38,0.0,0.0,0.0,0.0,28229.95,88621.87,88621.87,977.6,0.0
FIN-000994,20251001,2025-10,20,Contractor,Forecast,27796.78,0.0,0.0,0.0,0.0,10392.84,25265.76,25265.76,189.71,0.0
FIN-000995,20251001,2025-10,20,Material,Forecast,52669.36,0.0,0.0,0.0,0.0,18843.89,47787.9,47787.9,0.0,0.0
FIN-000996,20251001,2025-10,20,Other,Forecast,27556.72,0.0,0.0,0.0,0.0,7829.19,26515.67,26515.67,0.0,0.0
FIN-000997,20251101,2025-11,20,Labor,Forecast,103735.38,0.0,0.0,0.0,0.0,28184.36,94064.51,94064.51,1027.66,0.0
FIN-000998,20251101,2025-11,20,Contractor,Forecast,28597.94,0.0,0.0,0.0,0.0,10125.35,26547.24,26547.24,195.18,0.0
FIN-000999,20251101,2025-11,20,Material,Forecast,53400.82,0.0,0.0,0.0,0.0,15639.59,48391.74,48391.74,0.0,0.0
FIN-001000,20251101,2025-11,20,Other,Forecast,29029.14,0.0,0.0,0.0,0.0,3933.62,27849.61,27849.61,0.0,0.0
FIN-001001,20251201,2025-12,20,Labor,Forecast,104013.79,0.0,0.0,0.0,0.0,28167.52,92352.6,92352.6,1030.42,0.0
FIN-001002,20251201,2025-12,20,Contractor,Forecast,29461.74,0.0,0.0,0.0,0.0,9684.1,27505.57,27505.57,201.08,0.0
FIN-001003,20251201,2025-12,20,Material,Forecast,51430.76,0.0,0.0,0.0,0.0,16430.45,49215.63,49215.63,0.0,0.0
FIN-001004,20251201,2025-12,20,Other,Forecast,33014.07,0.0,0.0,0.0,0.0,3911.22,29480.72,29480.72,0.0,0.0
FIN-001005,20240501,2024-05,21,Labor,Actual,71963.97,51938.34,0.0,0.0,51938.34,0.0,0.0,51938.34,739.29,585.0
FIN-001006,20240501,2024-05,21,Contractor,Actual,16657.79,20131.58,0.0,0.0,20131.58,0.0,0.0,20131.58,113.29,162.5
FIN-001007,20240501,2024-05,21,Material,Actual,76913.99,0.0,98501.89,0.0,98501.89,0.0,0.0,98501.89,0.0,0.0
FIN-001008,20240501,2024-05,21,Other,Actual,22971.71,0.0,0.0,28958.26,28958.26,0.0,0.0,28958.26,0.0,0.0
FIN-001009,20240601,2024-06,21,Labor,Actual,97872.21,106244.43,0.0,0.0,106244.43,0.0,0.0,106244.43,1005.44,1136.5
FIN-001010,20240601,2024-06,21,Contractor,Actual,21277.24,72935.83,0.0,0.0,72935.83,0.0,0.0,72935.83,144.7,594.75
FIN-001011,20240601,2024-06,21,Material,Actual,104882.72,0.0,177775.63,0.0,177775.63,0.0,0.0,177775.63,0.0,0.0
FIN-001012,20240601,2024-06,21,Other,Actual,29455.84,0.0,0.0,36030.93,36030.93,0.0,0.0,36030.93,0.0,0.0
FIN-001013,20240701,2024-07,21,Labor,Actual,113610.37,129648.28,0.0,0.0,129648.28,0.0,0.0,129648.28,1167.12,1383.0
FIN-001014,20240701,2024-07,21,Contractor,Actual,27537.8,24283.05,0.0,0.0,24283.05,0.0,0.0,24283.05,187.28,212.0
FIN-001015,20240701,2024-07,21,Material,Actual,117776.64,0.0,171591.3,0.0,171591.3,0.0,0.0,171591.3,0.0,0.0
FIN-001016,20240701,2024-07,21,Other,Actual,32045.35,0.0,0.0,49517.67,49517.67,0.0,0.0,49517.67,0.0,0.0
FIN-001017,20240801,2024-08,21,Labor,Actual,131512.97,82889.45,0.0,0.0,82889.45,0.0,0.0,82889.45,1351.03,898.5
FIN-001018,20240801,2024-08,21,Contractor,Actual,29314.61,27054.25,0.0,0.0,27054.25,0.0,0.0,27054.25,199.36,219.0
FIN-001019,20240801,2024-08,21,Material,Actual,131400.74,0.0,192252.88,0.0,192252.88,0.0,0.0,192252.88,0.0,0.0
FIN-001020,20240801,2024-08,21,Other,Actual,37843.7,0.0,0.0,45420.94,45420.94,0.0,0.0,45420.94,0.0,0.0
FIN-001021,20240901,2024-09,21,Labor,Actual,150687.99,116971.34,0.0,0.0,116971.34,0.0,0.0,116971.34,1548.02,1278.25
FIN-001022,20240901,2024-09,21,Contractor,Actual,36054.3,44008.13,0.0,0.0,44008.13,0.0,0.0,44008.13,245.2,343.25
FIN-001023,20240901,2024-09,21,Material,Actual,139122.67,0.0,198343.86,0.0,198343.86,0.0,0.0,198343.86,0.0,0.0
FIN-001024,20240901,2024-09,21,Other,Actual,42464.89,0.0,0.0,56909.97,56909.97,0.0,0.0,56909.97,0.0,0.0
FIN-001025,20241001,2024-10,21,Labor,Actual,160121.57,79806.89,0.0,0.0,79806.89,0.0,0.0,79806.89,1644.93,913.5
FIN-001026,20241001,2024-10,21,Contractor,Actual,38709.87,26923.83,0.0,0.0,26923.83,0.0,0.0,26923.83,263.26,199.25
FIN-001027,20241001,2024-10,21,Material,Actual,136031.82,0.0,216824.63,0.0,216824.63,0.0,0.0,216824.63,0.0,0.0
FIN-001028,20241001,2024-10,21,Other,Actual,43204.76,0.0,0.0,65828.12,65828.12,0.0,0.0,65828.12,0.0,0.0
FIN-001029,20241101,2024-11,21,Labor,Actual,151611.56,46681.68,0.0,0.0,46681.68,0.0,0.0,46681.68,1557.5,492.0
FIN-001030,20241101,2024-11,21,Contractor,Actual,39511.01,7677.63,0.0,0.0,7677.63,0.0,0.0,7677.63,268.71,63.25
FIN-001031,20241101,2024-11,21,Material,Actual,142661.48,0.0,225707.37,0.0,225707.37,0.0,0.0,225707.37,0.0,0.0
FIN-001032,20241101,2024-11,21,Other,Actual,44898.07,0.0,0.0,59483.62,59483.62,0.0,0.0,59483.62,0.0,0.0
FIN-001033,20241201,2024-12,21,Labor,Actual,158356.81,73099.99,0.0,0.0,73099.99,0.0,0.0,73099.99,1626.8,799.75
FIN-001034,20241201,2024-12,21,Contractor,Actual,43248.02,16317.91,0.0,0.0,16317.91,0.0,0.0,16317.91,294.12,126.25
FIN-001035,20241201,2024-12,21,Material,Actual,131932.73,0.0,207708.77,0.0,207708.77,0.0,0.0,207708.77,0.0,0.0
FIN-001036,20241201,2024-12,21,Other,Actual,43080.32,0.0,0.0,68496.66,68496.66,0.0,0.0,68496.66,0.0,0.0
FIN-001037,20250101,2025-01,21,Labor,Actual,154370.77,75484.41,0.0,0.0,75484.41,0.0,0.0,75484.41,1585.85,813.75
FIN-001038,20250101,2025-01,21,Contractor,Actual,42351.58,8178.92,0.0,0.0,8178.92,0.0,0.0,8178.92,288.03,64.75
FIN-001039,20250101,2025-01,21,Material,Actual,127894.1,0.0,154676.08,0.0,154676.08,0.0,0.0,154676.08,0.0,0.0
FIN-001040,20250101,2025-01,21,Other,Actual,39352.68,0.0,0.0,51987.82,51987.82,0.0,0.0,51987.82,0.0,0.0
FIN-001041,20250201,2025-02,21,Labor,Actual,145144.97,69572.22,0.0,0.0,69572.22,0.0,0.0,69572.22,1491.07,739.0
FIN-001042,20250201,2025-02,21,Contractor,Actual,39053.27,17126.63,0.0,0.0,17126.63,0.0,0.0,17126.63,265.59,140.0
FIN-001043,20250201,2025-02,21,Material,Actual,118054.27,0.0,170714.15,0.0,170714.15,0.0,0.0,170714.15,0.0,0.0
FIN-001044,20250201,2025-02,21,Other,Actual,37540.5,0.0,0.0,49450.2,49450.2,0.0,0.0,49450.2,0.0,0.0
FIN-001045,20250301,2025-03,21,Labor,Actual,133873.36,69135.48,0.0,0.0,69135.48,0.0,0.0,69135.48,1375.28,759.75
FIN-001046,20250301,2025-03,21,Contractor,Actual,37699.22,0.0,0.0,0.0,0.0,0.0,0.0,0.0,256.39,0.0
FIN-001047,20250301,2025-03,21,Material,Actual,109219.31,0.0,175739.79,0.0,175739.79,0.0,0.0,175739.79,0.0,0.0
FIN-001048,20250301,2025-03,21,Other,Actual,32798.38,0.0,0.0,49498.63,49498.63,0.0,0.0,49498.63,0.0,0.0
FIN-001049,20250401,2025-04,21,Labor,Actual,115286.47,56587.06,0.0,0.0,56587.06,0.0,0.0,56587.06,1184.34,628.5
FIN-001050,20250401,2025-04,21,Contractor,Actual,31388.65,1777.43,0.0,0.0,1777.43,0.0,0.0,1777.43,213.47,16.25
FIN-001051,20250401,2025-04,21,Material,Actual,96165.05,0.0,118466.66,0.0,118466.66,0.0,0.0,118466.66,0.0,0.0
FIN-001052,20250401,2025-04,21,Other,Actual,28559.96,0.0,0.0,45812.04,45812.04,0.0,0.0,45812.04,0.0,0.0
FIN-001053,20250501,2025-05,21,Labor,Actual,92234.7,51936.26,0.0,0.0,51936.26,0.0,0.0,51936.26,947.53,563.25
FIN-001054,20250501,2025-05,21,Contractor,Actual,26451.68,2582.28,0.0,0.0,2582.28,0.0,0.0,2582.28,179.89,27.0
FIN-001055,20250501,2025-05,21,Material,Actual,75350.59,0.0,99315.17,0.0,99315.17,0.0,0.0,99315.17,0.0,0.0
FIN-001056,20250501,2025-05,21,Other,Actual,22518.69,0.0,0.0,29724.87,29724.87,0.0,0.0,29724.87,0.0,0.0
FIN-001057,20250601,2025-06,21,Labor,Actual,72454.96,35759.25,0.0,0.0,35759.25,0.0,0.0,35759.25,744.33,391.0
FIN-001058,20250601,2025-06,21,Contractor,Actual,24112.62,2558.78,0.0,0.0,2558.78,0.0,0.0,2558.78,163.99,27.25
FIN-001059,20250601,2025-06,21,Material,Actual,60503.06,0.0,75176.04,0.0,75176.04,0.0,0.0,75176.04,0.0,0.0
FIN-001060,20250601,2025-06,21,Other,Actual,17885.64,0.0,0.0,22771.52,22771.52,0.0,0.0,22771.52,0.0,0.0
FIN-001061,20250801,2025-08,22,Labor,Forecast,122077.6,0.0,0.0,0.0,0.0,36442.61,120879.8,120879.8,1250.76,0.0
FIN-001062,20250801,2025-08,22,Contractor,Forecast,26241.88,0.0,0.0,0.0,0.0,11112.56,28151.59,28151.59,213.36,0.0
FIN-001063,20250801,2025-08,22,Material,Forecast,78028.04,0.0,0.0,0.0,0.0,31721.66,77612.63,77612.63,0.0,0.0
FIN-001064,20250801,2025-08,22,Other,Forecast,34251.0,0.0,0.0,0.0,0.0,12054.81,36802.7,36802.7,0.0,0.0
FIN-001065,20250901,2025-09,22,Labor,Forecast,218855.59,0.0,0.0,0.0,0.0,86363.42,231419.18,231419.18,2242.31,0.0
FIN-001066,20250901,2025-09,22,Contractor,Forecast,49583.8,0.0,0.0,0.0,0.0,16452.96,49117.33,49117.33,403.14,0.0
FIN-001067,20250901,2025-09,22,Material,Forecast,128631.4,0.0,0.0,0.0,0.0,52535.95,136361.35,136361.35,0.0,0.0
FIN-001068,20250901,2025-09,22,Other,Forecast,61001.25,0.0,0.0,0.0,0.0,19523.06,61517.13,61517.13,0.0,0.0
FIN-001069,20251001,2025-10,22,Labor,Forecast,262461.44,0.0,0.0,0.0,0.0,78012.49,274859.46,274859.46,2689.08,0.0
FIN-001070,20251001,2025-10,22,Contractor,Forecast,62777.3,0.0,0.0,0.0,0.0,25547.98,61959.39,61959.39,510.41,0.0
FIN-001071,20251001,2025-10,22,Material,Forecast,137255.75,0.0,0.0,0.0,0.0,51861.5,144507.69,144507.69,0.0,0.0
FIN-001072,20251001,2025-10,22,Other,Forecast,65295.5,0.0,0.0,0.0,0.0,19823.9,68593.43,68593.43,0.0,0.0
FIN-001073,20251101,2025-11,22,Labor,Forecast,224286.73,0.0,0.0,0.0,0.0,79379.46,234191.58,234191.58,2297.96,0.0
FIN-001074,20251101,2025-11,22,Contractor,Forecast,54371.8,0.0,0.0,0.0,0.0,25921.23,55243.41,55243.41,442.07,0.0
FIN-001075,20251101,2025-11,22,Material,Forecast,103482.52,0.0,0.0,0.0,0.0,36122.96,103295.13,103295.13,0.0,0.0
FIN-001076,20251101,2025-11,22,Other,Forecast,50609.76,0.0,0.0,0.0,0.0,12771.37,53852.04,53852.04,0.0,0.0
FIN-001077,20251201,2025-12,22,Labor,Forecast,118631.52,0.0,0.0,0.0,0.0,32107.99,127249.35,127249.35,1215.45,0.0
FIN-001078,20251201,2025-12,22,Contractor,Forecast,32175.68,0.0,0.0,0.0,0.0,12074.2,34879.65,34879.65,261.6,0.0
FIN-001079,20251201,2025-12,22,Material,Forecast,51056.91,0.0,0.0,0.0,0.0,22124.86,56996.85,56996.85,0.0,0.0
FIN-001080,20251201,2025-12,22,Other,Forecast,28924.53,0.0,0.0,0.0,0.0,7243.15,28547.82,28547.82,0.0,0.0
FIN-001081,20250401,2025-04,23,Labor,Actual,57930.6,41316.51,0.0,0.0,41316.51,0.0,0.0,41316.51,688.66,467.5
FIN-001082,20250401,2025-04,23,Contractor,Actual,16564.62,3718.0,0.0,0.0,3718.0,0.0,0.0,3718.0,123.04,21.5
FIN-001083,20250401,2025-04,23,Material,Actual,57435.75,0.0,85888.98,0.0,85888.98,0.0,0.0,85888.98,0.0,0.0
FIN-001084,20250401,2025-04,23,Other,Actual,28480.12,0.0,0.0,44304.3,44304.3,0.0,0.0,44304.3,0.0,0.0
FIN-001085,20250501,2025-05,23,Labor,Actual,88624.83,43700.62,0.0,0.0,43700.62,0.0,0.0,43700.62,1053.54,483.0
FIN-001086,20250501,2025-05,23,Contractor,Actual,25865.82,5748.12,0.0,0.0,5748.12,0.0,0.0,5748.12,192.13,56.25
FIN-001087,20250501,2025-05,23,Material,Actual,77600.51,0.0,98803.6,0.0,98803.6,0.0,0.0,98803.6,0.0,0.0
FIN-001088,20250501,2025-05,23,Other,Actual,38677.22,0.0,0.0,56722.54,56722.54,0.0,0.0,56722.54,0.0,0.0
FIN-001089,20250601,2025-06,23,Labor,Actual,106976.35,77058.06,0.0,0.0,77058.06,0.0,0.0,77058.06,1271.69,807.25
FIN-001090,20250601,2025-06,23,Contractor,Actual,32437.75,8471.58,0.0,0.0,8471.58,0.0,0.0,8471.58,240.95,75.5
FIN-001091,20250601,2025-06,23,Material,Actual,86493.05,0.0,132506.78,0.0,132506.78,0.0,0.0,132506.78,0.0,0.0
FIN-001092,20250601,2025-06,23,Other,Actual,47097.77,0.0,0.0,70999.22,70999.22,0.0,0.0,70999.22,0.0,0.0
FIN-001093,20250701,2025-07,23,Labor,Forecast,118526.46,0.0,0.0,0.0,0.0,42796.86,110523.54,110523.54,1408.99,0.0
FIN-001094,20250701,2025-07,23,Contractor,Forecast,38386.6,0.0,0.0,0.0,0.0,14106.87,38897.59,38897.59,285.14,0.0
FIN-001095,20250701,2025-07,23,Material,Forecast,97259.78,0.0,0.0,0.0,0.0,50258.56,98076.27,98076.27,0.0,0.0
FIN-001096,20250701,2025-07,23,Other,Forecast,49150.01,0.0,0.0,0.0,0.0,17748.62,52679.04,52679.04,0.0,0.0
FIN-001097,20250801,2025-08,23,Labor,Forecast,122646.85,0.0,0.0,0.0,0.0,36164.23,122781.88,122781.88,1457.98,0.0
FIN-001098,20250801,2025-08,23,Contractor,Forecast,42514.22,0.0,0.0,0.0,0.0,15955.1,39273.51,39273.51,315.8,0.0
FIN-001099,20250801,2025-08,23,Material,Forecast,97450.09,0.0,0.0,0.0,0.0,41678.36,96450.23,96450.23,0.0,0.0
FIN-001100,20250801,2025-08,23,Other,Forecast,51945.06,0.0,0.0,0.0,0.0,15741.51,55569.19,55569.19,0.0,0.0
FIN-001101,20250901,2025-09,23,Labor,Forecast,113829.94,0.0,0.0,0.0,0.0,38347.96,120890.69,120890.69,1353.16,0.0
FIN-001102,20250901,2025-09,23,Contractor,Forecast,42513.09,0.0,0.0,0.0,0.0,19721.33,44971.07,44971.07,315.79,0.0
FIN-001103,20250901,2025-09,23,Material,Forecast,85395.69,0.0,0.0,0.0,0.0,31568.09,78453.63,78453.63,0.0,0.0
FIN-001104,20250901,2025-09,23,Other,Forecast,44076.03,0.0,0.0,0.0,0.0,16588.03,47159.22,47159.22,0.0,0.0
FIN-001105,20251001,2025-10,23,Labor,Forecast,104775.06,0.0,0.0,0.0,0.0,28039.86,103680.11,103680.11,1245.52,0.0
FIN-001106,20251001,2025-10,23,Contractor,Forecast,38332.52,0.0,0.0,0.0,0.0,15898.23,39260.44,39260.44,284.73,0.0
FIN-001107,20251001,2025-10,23,Material,Forecast,76956.26,0.0,0.0,0.0,0.0,32637.03,72392.93,72392.93,0.0,0.0
FIN-001108,20251001,2025-10,23,Other,Forecast,40381.96,0.0,0.0,0.0,0.0,10175.95,40797.22,40797.22,0.0,0.0
FIN-001109,20251101,2025-11,23,Labor,Forecast,82341.3,0.0,0.0,0.0,0.0,17350.42,79739.86,79739.86,978.84,0.0
FIN-001110,20251101,2025-11,23,Contractor,Forecast,33054.98,0.0,0.0,0.0,0.0,11709.62,30381.93,30381.93,245.53,0.0
FIN-001111,20251101,2025-11,23,Material,Forecast,56596.41,0.0,0.0,0.0,0.0,19572.46,53415.86,53415.86,0.0,0.0
FIN-001112,20251101,2025-11,23,Other,Forecast,30295.3,0.0,0.0,0.0,0.0,7980.96,31855.62,31855.62,0.0,0.0
FIN-001113,20251201,2025-12,23,Labor,Forecast,58753.8,0.0,0.0,0.0,0.0,14354.05,57775.77,57775.77,698.44,0.0
FIN-001114,20251201,2025-12,23,Contractor,Forecast,22542.06,0.0,0.0,0.0,0.0,8085.34,22656.74,22656.74,167.44,0.0
FIN-001115,20251201,2025-12,23,Material,Forecast,36887.16,0.0,0.0,0.0,0.0,14708.09,37068.71,37068.71,0.0,0.0
FIN-001116,20251201,2025-12,23,Other,Forecast,21204.98,0.0,0.0,0.0,0.0,4373.63,20654.47,20654.47,0.0,0.0
FIN-001117,20241001,2024-10,24,Labor,Actual,105023.69,26124.81,0.0,0.0,26124.81,0.0,0.0,26124.81,1033.79,266.25
FIN-001118,20241001,2024-10,24,Contractor,Actual,21429.73,19132.46,0.0,0.0,19132.46,0.0,0.0,19132.46,179.55,136.0
FIN-001119,20241001,2024-10,24,Material,Actual,63472.68,0.0,97311.59,0.0,97311.59,0.0,0.0,97311.59,0.0,0.0
FIN-001120,20241001,2024-10,24,Other,Actual,27787.73,0.0,0.0,42557.89,42557.89,0.0,0.0,42557.89,0.0,0.0
FIN-001121,20241101,2024-11,24,Labor,Actual,146468.86,59883.81,0.0,0.0,59883.81,0.0,0.0,59883.81,1441.75,661.5
FIN-001122,20241101,2024-11,24,Contractor,Actual,31810.72,22146.44,0.0,0.0,22146.44,0.0,0.0,22146.44,266.53,167.25
FIN-001123,20241101,2024-11,24,Material,Actual,84160.63,0.0,162884.12,0.0,162884.12,0.0,0.0,162884.12,0.0,0.0
FIN-001124,20241101,2024-11,24,Other,Actual,33912.42,0.0,0.0,58621.2,58621.2,0.0,0.0,58621.2,0.0,0.0
FIN-001125,20241201,2024-12,24,Labor,Actual,177715.44,89031.06,0.0,0.0,89031.06,0.0,0.0,89031.06,1749.32,926.25
FIN-001126,20241201,2024-12,24,Contractor,Actual,37022.3,33666.98,0.0,0.0,33666.98,0.0,0.0,33666.98,310.2,250.0
FIN-001127,20241201,2024-12,24,Material,Actual,92122.41,0.0,196929.91,0.0,196929.91,0.0,0.0,196929.91,0.0,0.0
FIN-001128,20241201,2024-12,24,Other,Actual,44521.02,0.0,0.0,74600.0,74600.0,0.0,0.0,74600.0,0.0,0.0
FIN-001129,20250101,2025-01,24,Labor,Actual,188054.93,68954.85,0.0,0.0,68954.85,0.0,0.0,68954.85,1851.1,738.0
FIN-001130,20250101,2025-01,24,Contractor,Actual,46294.01,2606.19,0.0,0.0,2606.19,0.0,0.0,2606.19,387.88,27.25
FIN-001131,20250101,2025-01,24,Material,Actual,103626.89,0.0,179523.77,0.0,179523.77,0.0,0.0,179523.77,0.0,0.0
FIN-001132,20250101,2025-01,24,Other,Actual,50355.08,0.0,0.0,88270.77,88270.77,0.0,0.0,88270.77,0.0,0.0
FIN-001133,20250201,2025-02,24,Labor,Actual,207222.98,76859.71,0.0,0.0,76859.71,0.0,0.0,76859.71,2039.78,849.75
FIN-001134,20250201,2025-02,24,Contractor,Actual,49099.87,9018.2,0.0,0.0,9018.2,0.0,0.0,9018.2,411.39,70.0
FIN-001135,20250201,2025-02,24,Material,Actual,106724.12,0.0,228631.55,0.0,228631.55,0.0,0.0,228631.55,0.0,0.0
FIN-001136,20250201,2025-02,24,Other,Actual,47671.11,0.0,0.0,71977.04,71977.04,0.0,0.0,71977.04,0.0,0.0
FIN-001137,20250301,2025-03,24,Labor,Actual,228726.81,85509.47,0.0,0.0,85509.47,0.0,0.0,85509.47,2251.45,911.75
FIN-001138,20250301,2025-03,24,Contractor,Actual,51117.03,9821.71,0.0,0.0,9821.71,0.0,0.0,9821.71,428.29,59.0
FIN-001139,20250301,2025-03,24,Material,Actual,108540.95,0.0,211708.66,0.0,211708.66,0.0,0.0,211708.66,0.0,0.0
FIN-001140,20250301,2025-03,24,Other,Actual,52904.36,0.0,0.0,84092.85,84092.85,0.0,0.0,84092.85,0.0,0.0
FIN-001141,20250401,2025-04,24,Labor,Actual,222918.93,69973.48,0.0,0.0,69973.48,0.0,0.0,69973.48,2194.28,738.5
FIN-001142,20250401,2025-04,24,Contractor,Actual,56538.75,0.0,0.0,0.0,0.0,0.0,0.0,0.0,473.72,0.0
FIN-001143,20250401,2025-04,24,Material,Actual,105804.61,0.0,190733.82,0.0,190733.82,0.0,0.0,190733.82,0.0,0.0
FIN-001144,20250401,2025-04,24,Other,Actual,48030.7,0.0,0.0,85010.09,85010.09,0.0,0.0,85010.09,0.0,0.0
FIN-001145,20250501,2025-05,24,Labor,Actual,203668.26,56290.66,0.0,0.0,56290.66,0.0,0.0,56290.66,2004.79,602.0
FIN-001146,20250501,2025-05,24,Contractor,Actual,54718.53,0.0,0.0,0.0,0.0,0.0,0.0,0.0,458.47,0.0
FIN-001147,20250501,2025-05,24,Material,Actual,93299.28,0.0,182731.94,0.0,182731.94,0.0,0.0,182731.94,0.0,0.0
FIN-001148,20250501,2025-05,24,Other,Actual,44380.76,0.0,0.0,84913.9,84913.9,0.0,0.0,84913.9,0.0,0.0
FIN-001149,20250601,2025-06,24,Labor,Actual,177572.93,80958.98,0.0,0.0,80958.98,0.0,0.0,80958.98,1747.92,829.5
FIN-001150,20250601,2025-06,24,Contractor,Actual,47561.57,2953.26,0.0,0.0,2953.26,0.0,0.0,2953.26,398.5,27.0
FIN-001151,20250601,2025-06,24,Material,Actual,74263.13,0.0,125509.87,0.0,125509.87,0.0,0.0,125509.87,0.0,0.0
FIN-001152,20250601,2025-06,24,Other,Actual,36969.41,0.0,0.0,76071.84,76071.84,0.0,0.0,76071.84,0.0,0.0
FIN-001153,20250701,2025-07,24,Labor,Forecast,146835.02,0.0,0.0,0.0,0.0,111825.98,275692.37,275692.37,1445.35,0.0
FIN-001154,20250701,2025-07,24,Contractor,Forecast,36803.24,0.0,0.0,0.0,0.0,34287.23,74967.48,74967.48,308.36,0.0
FIN-001155,20250701,2025-07,24,Material,Forecast,65615.4,0.0,0.0,0.0,0.0,54790.15,128023.12,128023.12,0.0,0.0
FIN-001156,20250701,2025-07,24,Other,Forecast,29932.28,0.0,0.0,0.0,0.0,23136.09,53270.29,53270.29,0.0,0.0
FIN-001157,20250801,2025-08,24,Labor,Forecast,102278.66,0.0,0.0,0.0,0.0,70207.4,184719.32,184719.32,1006.77,0.0
FIN-001158,20250801,2025-08,24,Contractor,Forecast,30076.44,0.0,0.0,0.0,0.0,25740.54,62029.56,62029.56,252.0,0.0
FIN-001159,20250801,2025-08,24,Material,Forecast,45187.55,0.0,0.0,0.0,0.0,40568.3,93594.36,93594.36,0.0,0.0
FIN-001160,20250801,2025-08,24,Other,Forecast,21758.78,0.0,0.0,0.0,0.0,15119.86,39710.39,39710.39,0.0,0.0
FIN-001161,20250801,2025-08,25,Labor,Forecast,87426.63,0.0,0.0,0.0,0.0,26027.8,87504.43,87504.43,857.72,0.0
FIN-001162,20250801,2025-08,25,Contractor,Forecast,15606.88,0.0,0.0,0.0,0.0,6287.68,14976.04,14976.04,127.41,0.0
FIN-001163,20250801,2025-08,25,Material,Forecast,76478.54,0.0,0.0,0.0,0.0,43704.77,78397.19,78397.19,0.0,0.0
FIN-001164,20250801,2025-08,25,Other,Forecast,26217.02,0.0,0.0,0.0,0.0,7834.32,26355.91,26355.91,0.0,0.0
FIN-001165,20250901,2025-09,25,Labor,Forecast,155173.47,0.0,0.0,0.0,0.0,59144.72,163423.73,163423.73,1522.36,0.0
FIN-001166,20250901,2025-09,25,Contractor,Forecast,29827.31,0.0,0.0,0.0,0.0,11512.56,29972.17,29972.17,243.5,0.0
FIN-001167,20250901,2025-09,25,Material,Forecast,125376.08,0.0,0.0,0.0,0.0,45789.99,120732.79,120732.79,0.0,0.0
FIN-001168,20250901,2025-09,25,Other,Forecast,44813.22,0.0,0.0,0.0,0.0,10868.95,44176.79,44176.79,0.0,0.0
FIN-001169,20251001,2025-10,25,Labor,Forecast,180450.18,0.0,0.0,0.0,0.0,73299.94,191533.52,191533.52,1770.35,0.0
FIN-001170,20251001,2025-10,25,Contractor,Forecast,36329.22,0.0,0.0,0.0,0.0,10577.7,33929.12,33929.12,296.58,0.0
FIN-001171,20251001,2025-10,25,Material,Forecast,134996.71,0.0,0.0,0.0,0.0,49137.33,136526.21,136526.21,0.0,0.0
FIN-001172,20251001,2025-10,25,Other,Forecast,51042.53,0.0,0.0,0.0,0.0,15263.74,51310.75,51310.75,0.0,0.0
FIN-001173,20251101,2025-11,25,Labor,Forecast,144626.66,0.0,0.0,0.0,0.0,38314.16,141369.12,141369.12,1418.89,0.0
FIN-001174,20251101,2025-11,25,Contractor,Forecast,32140.75,0.0,0.0,0.0,0.0,12831.74,30363.48,30363.48,262.39,0.0
FIN-001175,20251101,2025-11,25,Material,Forecast,97087.93,0.0,0.0,0.0,0.0,34499.23,95154.75,95154.75,0.0,0.0
FIN-001176,20251101,2025-11,25,Other,Forecast,36809.74,0.0,0.0,0.0,0.0,7888.49,39131.11,39131.11,0.0,0.0
FIN-001177,20251201,2025-12,25,Labor,Forecast,88954.24,0.0,0.0,0.0,0.0,24381.75,93889.94,93889.94,872.71,0.0
FIN-001178,20251201,2025-12,25,Contractor,Forecast,19726.18,0.0,0.0,0.0,0.0,7638.83,20591.25,20591.25,161.04,0.0
FIN-001179,20251201,2025-12,25,Material,Forecast,49763.2,0.0,0.0,0.0,0.0,10487.1,47952.15,47952.15,0.0,0.0
FIN-001180,20251201,2025-12,25,Other,Forecast,22153.51,0.0,0.0,0.0,0.0,5026.39,21907.98,21907.98,0.0,0.0
