RiskIssueKey,RiskIssueID,ProjectKey,RecordType,RiskTitle,RiskCategory,Probability,Impact,RiskScore,RiskSeverity,Owner,IdentifiedDateKey,DueDateKey,ClosedDateKey,IdentifiedDate,DueDate,ClosedDate,RiskStatus,MitigationStatus,IsCritical,IsOverdue
1,RI-001-01,1,Risk,Committed spend limits recovery options,Cost,5,5,25,Critical,Security Lead,20260101,20260315,,2026-01-01,2026-03-15,,Monitoring,In Progress,1,1
2,RI-001-02,1,Risk,Supplier lead time threatens the next gate — Connected Asset Insights,Schedule,4,3,12,High,Supplier Manager,20251023,20260201,,2025-10-23,2026-02-01,,Mitigated,Completed,0,0
3,RI-001-03,1,Issue,Performance margin may not meet the target,Technical,4,4,16,High,Release Manager,20260126,20260416,,2026-01-26,2026-04-16,,Open,In Progress,0,1
4,RI-001-04,1,Risk,Committed spend limits recovery options — Connected Asset Insights,Cost,3,3,9,Medium,Technical Lead,20260530,20260714,20260616,2026-05-30,2026-07-14,2026-06-16,Closed,Completed,0,0
5,RI-001-05,1,Risk,Integration sequence may compress validation,Schedule,3,1,3,Low,Systems Lead,20251103,20260205,20260101,2025-11-03,2026-02-05,2026-01-01,Closed,Completed,0,0
6,RI-001-06,1,Issue,Critical skill coverage is below demand — Connected Asset Insights,Resource,4,3,12,High,Security Lead,20260419,20260630,,2026-04-19,2026-06-30,,Mitigated,Completed,0,0
7,RI-001-07,1,Risk,Material quotation may exceed the estimate — Connected Asset Insights,Cost,2,2,4,Low,Supplier Manager,20260214,20260419,,2026-02-14,2026-04-19,,Mitigated,Completed,0,0
8,RI-002-01,2,Risk,Late design decision may affect downstream work,Schedule,4,2,8,Medium,Data Lead,20260608,20260811,,2026-06-08,2026-08-11,,Open,Not Started,0,0
9,RI-002-02,2,Risk,Scope clarification may require a budget change,Cost,3,4,12,High,Project Manager,20260613,20260811,,2026-06-13,2026-08-11,,Monitoring,Completed,0,0
10,RI-002-03,2,Issue,Vendor component readiness is uncertain — Predictive Maintenance Engine,Dependency,3,4,12,High,Product Owner,20260803,20260811,,2026-08-03,2026-08-11,,Monitoring,In Progress,0,0
11,RI-003-01,3,Risk,Interface behavior remains unproven,Technical,3,4,12,High,Technical Lead,20260807,20260811,,2026-08-07,2026-08-11,,Monitoring,Completed,0,0
12,RI-003-02,3,Risk,Environment parity is not yet demonstrated — Industrial Data Fabric,Technical,2,4,8,Medium,Systems Lead,20260704,20260811,,2026-07-04,2026-08-11,,Open,Not Started,0,0
13,RI-003-03,3,Risk,Competing portfolio priority constrains staffing,Resource,3,4,12,High,Security Lead,20260722,20260811,,2026-07-22,2026-08-11,,Open,Not Started,0,0
14,RI-003-04,3,Risk,Shared engineer availability may delay delivery,Resource,5,5,25,Critical,Supplier Manager,20260703,20260811,,2026-07-03,2026-08-11,,Open,Not Started,1,0
15,RI-003-05,3,Risk,Technical debt may complicate integration — Industrial Data Fabric,Technical,3,3,9,Medium,Release Manager,20260410,20260713,20260605,2026-04-10,2026-07-13,2026-06-05,Closed,Completed,0,0
16,RI-003-06,3,Risk,Material quotation may exceed the estimate,Cost,2,4,8,Medium,Technical Lead,20260525,20260709,20260721,2026-05-25,2026-07-09,2026-07-21,Closed,Completed,0,0
17,RI-003-07,3,Issue,Critical skill coverage is below demand,Resource,5,5,25,Critical,Systems Lead,20260613,20260811,,2026-06-13,2026-08-11,,Open,In Progress,1,0
18,RI-004-01,4,Issue,Customer test access is not yet confirmed,Dependency,5,5,25,Critical,Quality Lead,20251215,20260210,,2025-12-15,2026-02-10,,Open,Not Started,1,1
19,RI-004-02,4,Risk,Test environment availability may move the baseline — Secure Edge Gateway,Schedule,4,5,20,Critical,Finance Partner,20260102,20260426,,2026-01-02,2026-04-26,,Mitigated,Completed,0,0
20,RI-004-03,4,Risk,Verification evidence is incomplete — Secure Edge Gateway,Quality,2,4,8,Medium,Data Lead,20260315,20260526,,2026-03-15,2026-05-26,,Monitoring,In Progress,0,1
21,RI-004-04,4,Risk,Defect closure rate may miss the exit criterion,Quality,5,5,25,Critical,Project Manager,20251107,20260329,20260102,2025-11-07,2026-03-29,2026-01-02,Closed,Completed,0,0
22,RI-004-05,4,Risk,Integration sequence may compress validation,Schedule,1,5,5,Low,Product Owner,20260612,20260811,,2026-06-12,2026-08-11,,Monitoring,In Progress,0,0
23,RI-005-01,5,Risk,Integration sequence may compress validation,Schedule,4,3,12,High,Supplier Manager,20260713,20260811,,2026-07-13,2026-08-11,,Mitigated,Completed,0,0
24,RI-005-02,5,Risk,Pilot readiness depends on unresolved actions — Digital Twin Services,Schedule,2,2,4,Low,Release Manager,20260801,20260811,,2026-08-01,2026-08-11,,Monitoring,In Progress,0,0
25,RI-005-03,5,Issue,Critical skill coverage is below demand — Digital Twin Services,Resource,3,4,12,High,Technical Lead,20260717,20260811,20260718,2026-07-17,2026-08-11,2026-07-18,Closed,Completed,0,0
26,RI-005-04,5,Risk,Legacy data quality could require redesign — Digital Twin Services,Technical,4,2,8,Medium,Systems Lead,20260806,20260811,,2026-08-06,2026-08-11,,Open,Not Started,0,0
27,RI-005-05,5,Risk,Test environment availability may move the baseline — Digital Twin Services,Schedule,3,5,15,High,Security Lead,20260731,20260811,,2026-07-31,2026-08-11,,Monitoring,In Progress,0,0
28,RI-006-01,6,Issue,Pilot readiness depends on unresolved actions,Schedule,4,2,8,Medium,Project Manager,20260104,20260226,20260114,2026-01-04,2026-02-26,2026-01-14,Closed,Completed,0,0
29,RI-006-02,6,Risk,Scope clarification may require a budget change,Cost,3,4,12,High,Product Owner,20260207,20260522,,2026-02-07,2026-05-22,,Mitigated,Completed,0,0
30,RI-006-03,6,Risk,Performance margin may not meet the target,Technical,4,4,16,High,Quality Lead,20260704,20260811,,2026-07-04,2026-08-11,,Monitoring,In Progress,0,0
31,RI-006-04,6,Risk,Regression scope may exceed the test window — Operations Reliability Hub,Quality,3,3,9,Medium,Finance Partner,20260322,20260613,,2026-03-22,2026-06-13,,Mitigated,Completed,0,0
32,RI-006-05,6,Risk,Field issue recurrence needs containment,Quality,3,4,12,High,Data Lead,20260131,20260309,,2026-01-31,2026-03-09,,Mitigated,Completed,0,0
33,RI-006-06,6,Risk,Platform release timing may create a mismatch — Operations Reliability Hub,Dependency,4,2,8,Medium,Project Manager,20260408,20260615,20260616,2026-04-08,2026-06-15,2026-06-16,Closed,Not Required,0,0
34,RI-006-07,6,Risk,Test environment availability may move the baseline — Operations Reliability Hub,Schedule,3,4,12,High,Product Owner,20260327,20260730,,2026-03-27,2026-07-30,,Mitigated,Completed,0,0
35,RI-007-01,7,Issue,Platform release timing may create a mismatch,Dependency,4,2,8,Medium,Systems Lead,20260220,20260422,,2026-02-20,2026-04-22,,Open,In Progress,0,1
36,RI-007-02,7,Risk,Upstream data contract remains unresolved — Remote Monitoring Upgrade,Dependency,2,2,4,Low,Security Lead,20260525,20260811,20260611,2026-05-25,2026-08-11,2026-06-11,Closed,Completed,0,0
37,RI-007-03,7,Issue,Field issue recurrence needs containment,Quality,4,2,8,Medium,Supplier Manager,20260328,20260531,20260510,2026-03-28,2026-05-31,2026-05-10,Closed,Completed,0,0
38,RI-007-04,7,Risk,Integration sequence may compress validation,Schedule,2,1,2,Low,Release Manager,20251210,20260217,20260103,2025-12-10,2026-02-17,2026-01-03,Closed,Completed,0,0
39,RI-007-05,7,Risk,Supplier lead time threatens the next gate — Remote Monitoring Upgrade,Schedule,5,3,15,High,Technical Lead,20260507,20260712,,2026-05-07,2026-07-12,,Monitoring,Completed,0,1
40,RI-007-06,7,Issue,Supplier lead time threatens the next gate,Schedule,3,1,3,Low,Systems Lead,20260125,20260617,20260214,2026-01-25,2026-06-17,2026-02-14,Closed,Completed,0,0
41,RI-007-07,7,Issue,Supplier lead time threatens the next gate,Schedule,3,4,12,High,Security Lead,20260215,20260523,20260406,2026-02-15,2026-05-23,2026-04-06,Closed,Completed,0,0
42,RI-008-01,8,Issue,Defect closure rate may miss the exit criterion,Quality,2,3,6,Medium,Finance Partner,20260730,20260811,,2026-07-30,2026-08-11,,Mitigated,Completed,0,0
43,RI-008-02,8,Risk,Interface behavior remains unproven,Technical,4,2,8,Medium,Data Lead,20260706,20260811,20260713,2026-07-06,2026-08-11,2026-07-13,Closed,Completed,0,0
44,RI-008-03,8,Issue,Field issue recurrence needs containment,Quality,3,5,15,High,Project Manager,20260530,20260728,,2026-05-30,2026-07-28,,Open,Not Started,0,1
45,RI-008-04,8,Risk,Scope clarification may require a budget change — Energy Optimization Analytics,Cost,3,4,12,High,Product Owner,20260609,20260811,,2026-06-09,2026-08-11,,Monitoring,In Progress,0,0
46,RI-008-05,8,Risk,Platform release timing may create a mismatch,Dependency,2,3,6,Medium,Quality Lead,20260605,20260803,,2026-06-05,2026-08-03,,Open,Not Started,0,1
47,RI-008-06,8,Risk,Legacy data quality could require redesign,Technical,3,4,12,High,Finance Partner,20260409,20260702,,2026-04-09,2026-07-02,,Mitigated,Completed,0,0
48,RI-009-01,9,Issue,Security approval is on the critical path — Cloud Control Plane,Dependency,4,5,20,Critical,Release Manager,20251118,20260203,,2025-11-18,2026-02-03,,Mitigated,Completed,0,0
49,RI-009-02,9,Risk,Prototype result may require architecture rework — Cloud Control Plane,Technical,3,2,6,Medium,Technical Lead,20251123,20260115,20251126,2025-11-23,2026-01-15,2025-11-26,Closed,Not Required,0,0
50,RI-009-03,9,Risk,Regression scope may exceed the test window — Cloud Control Plane,Quality,4,2,8,Medium,Systems Lead,20260320,20260619,20260405,2026-03-20,2026-06-19,2026-04-05,Closed,Completed,0,0
51,RI-009-04,9,Risk,Legacy data quality could require redesign — Cloud Control Plane,Technical,3,2,6,Medium,Security Lead,20260518,20260804,,2026-05-18,2026-08-04,,Open,Not Started,0,1
52,RI-010-01,10,Issue,Environment parity is not yet demonstrated,Technical,2,3,6,Medium,Product Owner,20260807,20260811,,2026-08-07,2026-08-11,,Monitoring,In Progress,0,0
53,RI-010-02,10,Issue,Interface behavior remains unproven — Equipment Health Scoring,Technical,3,5,15,High,Quality Lead,20260330,20260525,,2026-03-30,2026-05-25,,Monitoring,In Progress,0,1
54,RI-010-03,10,Risk,Review capacity is concentrated in one role — Equipment Health Scoring,Resource,3,2,6,Medium,Finance Partner,20260504,20260723,,2026-05-04,2026-07-23,,Mitigated,Completed,0,0
55,RI-011-01,11,Risk,Specialist rate mix is above plan,Cost,2,1,2,Low,Security Lead,20260328,20260613,,2026-03-28,2026-06-13,,Monitoring,In Progress,0,1
56,RI-011-02,11,Risk,Critical skill coverage is below demand,Resource,3,3,9,Medium,Supplier Manager,20260516,20260811,,2026-05-16,2026-08-11,,Monitoring,In Progress,0,0
57,RI-011-03,11,Risk,Prototype result may require architecture rework — Workflow Automation Studio,Technical,3,1,3,Low,Release Manager,20260410,20260528,,2026-04-10,2026-05-28,,Mitigated,Completed,0,0
58,RI-011-04,11,Issue,Performance margin may not meet the target,Technical,2,5,10,Medium,Technical Lead,20260804,20260811,,2026-08-04,2026-08-11,,Open,In Progress,0,0
59,RI-012-01,12,Issue,Test environment availability may move the baseline,Schedule,4,3,12,High,Data Lead,20251210,20260430,20260212,2025-12-10,2026-04-30,2026-02-12,Closed,Completed,0,0
60,RI-012-02,12,Risk,Cloud run cost is trending above the baseline — RDE Portfolio Telemetry,Cost,3,3,9,Medium,Project Manager,20260807,20260811,20260811,2026-08-07,2026-08-11,2026-08-11,Closed,Completed,0,0
61,RI-012-03,12,Risk,Legacy data quality could require redesign — RDE Portfolio Telemetry,Technical,3,5,15,High,Product Owner,20251120,20260317,20251206,2025-11-20,2026-03-17,2025-12-06,Closed,Completed,0,0
62,RI-012-04,12,Risk,Scope clarification may require a budget change — RDE Portfolio Telemetry,Cost,5,2,10,Medium,Quality Lead,20260216,20260320,,2026-02-16,2026-03-20,,Monitoring,In Progress,0,1
63,RI-012-05,12,Risk,Competing portfolio priority constrains staffing — RDE Portfolio Telemetry,Resource,2,2,4,Low,Finance Partner,20260715,20260811,,2026-07-15,2026-08-11,,Open,Not Started,0,0
64,RI-013-01,13,Risk,Field issue recurrence needs containment — Quality Signal Intelligence,Quality,3,1,3,Low,Technical Lead,20260520,20260811,,2026-05-20,2026-08-11,,Open,Not Started,0,0
65,RI-013-02,13,Issue,Pilot readiness depends on unresolved actions — Quality Signal Intelligence,Schedule,2,3,6,Medium,Systems Lead,20260727,20260811,,2026-07-27,2026-08-11,,Monitoring,In Progress,0,0
66,RI-013-03,13,Issue,Environment parity is not yet demonstrated,Technical,1,4,4,Low,Security Lead,20260121,20260412,,2026-01-21,2026-04-12,,Monitoring,In Progress,0,1
67,RI-013-04,13,Risk,Prototype result may require architecture rework,Technical,1,3,3,Low,Supplier Manager,20260112,20260509,,2026-01-12,2026-05-09,,Mitigated,Completed,0,0
68,RI-013-05,13,Risk,Review capacity is concentrated in one role — Quality Signal Intelligence,Resource,5,1,5,Low,Release Manager,20260802,20260811,,2026-08-02,2026-08-11,,Open,In Progress,0,0
69,RI-013-06,13,Risk,Committed spend limits recovery options,Cost,4,1,4,Low,Technical Lead,20260205,20260521,,2026-02-05,2026-05-21,,Open,Not Started,0,1
70,RI-014-01,14,Risk,Competing portfolio priority constrains staffing,Resource,3,3,9,Medium,Quality Lead,20260705,20260811,,2026-07-05,2026-08-11,,Open,Not Started,0,0
71,RI-014-02,14,Risk,Backfill timing creates a capacity gap — Condition Monitoring Refresh,Resource,3,2,6,Medium,Finance Partner,20260630,20260810,,2026-06-30,2026-08-10,,Mitigated,Completed,0,0
72,RI-014-03,14,Issue,Vendor component readiness is uncertain — Condition Monitoring Refresh,Dependency,3,3,9,Medium,Data Lead,20260804,20260811,,2026-08-04,2026-08-11,,Monitoring,In Progress,0,0
73,RI-014-04,14,Risk,Vendor component readiness is uncertain — Condition Monitoring Refresh,Dependency,3,2,6,Medium,Project Manager,20260724,20260811,,2026-07-24,2026-08-11,,Monitoring,In Progress,0,0
74,RI-014-05,14,Risk,Supplier lead time threatens the next gate,Schedule,2,3,6,Medium,Product Owner,20260707,20260811,,2026-07-07,2026-08-11,,Mitigated,Completed,0,0
75,RI-014-06,14,Risk,Rework could consume management reserve,Cost,2,3,6,Medium,Quality Lead,20260729,20260811,,2026-07-29,2026-08-11,,Open,Not Started,0,0
76,RI-014-07,14,Risk,Security approval is on the critical path,Dependency,4,3,12,High,Finance Partner,20260618,20260811,,2026-06-18,2026-08-11,,Monitoring,In Progress,0,0
77,RI-015-01,15,Risk,Test environment availability may move the baseline — Field Service Decision Support,Schedule,2,3,6,Medium,Supplier Manager,20251205,20260215,,2025-12-05,2026-02-15,,Monitoring,In Progress,0,1
78,RI-015-02,15,Issue,Review capacity is concentrated in one role,Resource,2,2,4,Low,Release Manager,20260224,20260423,,2026-02-24,2026-04-23,,Mitigated,Completed,0,0
79,RI-015-03,15,Issue,Upstream data contract remains unresolved,Dependency,4,5,20,Critical,Technical Lead,20251111,20260210,,2025-11-11,2026-02-10,,Monitoring,Completed,1,1
80,RI-015-04,15,Risk,Vendor component readiness is uncertain — Field Service Decision Support,Dependency,2,1,2,Low,Systems Lead,20260705,20260811,,2026-07-05,2026-08-11,,Monitoring,In Progress,0,0
81,RI-015-05,15,Issue,Traceability coverage requires remediation,Quality,4,1,4,Low,Security Lead,20260622,20260811,,2026-06-22,2026-08-11,,Open,Not Started,0,0
82,RI-015-06,15,Issue,Performance margin may not meet the target,Technical,5,4,20,Critical,Supplier Manager,20260623,20260811,,2026-06-23,2026-08-11,,Monitoring,In Progress,1,0
83,RI-016-01,16,Risk,Integration sequence may compress validation — Asset Performance API,Schedule,4,1,4,Low,Project Manager,20260312,20260525,,2026-03-12,2026-05-25,,Mitigated,Completed,0,0
84,RI-016-02,16,Risk,Prototype result may require architecture rework — Asset Performance API,Technical,1,3,3,Low,Product Owner,20251218,20260226,20260215,2025-12-18,2026-02-26,2026-02-15,Closed,Not Required,0,0
85,RI-016-03,16,Risk,Customer test access is not yet confirmed — Asset Performance API,Dependency,3,4,12,High,Quality Lead,20260323,20260604,,2026-03-23,2026-06-04,,Open,Not Started,0,1
86,RI-016-04,16,Risk,Defect closure rate may miss the exit criterion,Quality,1,2,2,Low,Finance Partner,20260601,20260811,,2026-06-01,2026-08-11,,Monitoring,In Progress,0,0
87,RI-016-05,16,Risk,Shared engineer availability may delay delivery — Asset Performance API,Resource,2,1,2,Low,Data Lead,20260222,20260512,20260421,2026-02-22,2026-05-12,2026-04-21,Closed,Completed,0,0
88,RI-016-06,16,Risk,Supplier lead time threatens the next gate,Schedule,4,2,8,Medium,Project Manager,20260611,20260811,,2026-06-11,2026-08-11,,Open,Not Started,0,0
89,RI-017-01,17,Risk,Defect closure rate may miss the exit criterion — Cyber Hardening Release,Quality,3,2,6,Medium,Systems Lead,20260328,20260618,20260405,2026-03-28,2026-06-18,2026-04-05,Closed,Completed,0,0
90,RI-017-02,17,Risk,Committed spend limits recovery options — Cyber Hardening Release,Cost,3,4,12,High,Security Lead,20260424,20260711,,2026-04-24,2026-07-11,,Mitigated,Completed,0,0
91,RI-017-03,17,Issue,Test environment availability may move the baseline — Cyber Hardening Release,Schedule,2,3,6,Medium,Supplier Manager,20260309,20260620,20260426,2026-03-09,2026-06-20,2026-04-26,Closed,Not Required,0,0
92,RI-017-04,17,Risk,Environment parity is not yet demonstrated — Cyber Hardening Release,Technical,2,3,6,Medium,Release Manager,20260504,20260811,,2026-05-04,2026-08-11,,Monitoring,Completed,0,0
93,RI-017-05,17,Risk,Release window has limited recovery float,Schedule,2,2,4,Low,Technical Lead,20260808,20260811,,2026-08-08,2026-08-11,,Mitigated,Completed,0,0
94,RI-017-06,17,Risk,Vendor component readiness is uncertain,Dependency,3,4,12,High,Systems Lead,20260616,20260811,,2026-06-16,2026-08-11,,Monitoring,Completed,0,0
95,RI-017-07,17,Risk,Field issue recurrence needs containment — Cyber Hardening Release,Quality,4,3,12,High,Security Lead,20260603,20260811,,2026-06-03,2026-08-11,,Open,Not Started,0,0
96,RI-018-01,18,Issue,Regression scope may exceed the test window — Engineering Knowledge Graph,Quality,5,3,15,High,Finance Partner,20260714,20260811,,2026-07-14,2026-08-11,,Open,Not Started,0,0
97,RI-018-02,18,Risk,Integration sequence may compress validation,Schedule,3,4,12,High,Data Lead,20260530,20260721,,2026-05-30,2026-07-21,,Mitigated,Completed,0,0
98,RI-018-03,18,Risk,Pilot readiness depends on unresolved actions,Schedule,1,2,2,Low,Project Manager,20260411,20260702,,2026-04-11,2026-07-02,,Monitoring,In Progress,0,1
99,RI-018-04,18,Risk,Security approval is on the critical path — Engineering Knowledge Graph,Dependency,3,4,12,High,Product Owner,20260302,20260501,,2026-03-02,2026-05-01,,Monitoring,In Progress,0,1
100,RI-018-05,18,Risk,Pilot readiness depends on unresolved actions — Engineering Knowledge Graph,Schedule,5,3,15,High,Quality Lead,20260611,20260811,,2026-06-11,2026-08-11,,Monitoring,In Progress,0,0
101,RI-018-06,18,Issue,Interface behavior remains unproven,Technical,2,5,10,Medium,Finance Partner,20260804,20260811,,2026-08-04,2026-08-11,,Open,In Progress,0,0
102,RI-018-07,18,Risk,Competing portfolio priority constrains staffing,Resource,3,3,9,Medium,Data Lead,20260805,20260811,,2026-08-05,2026-08-11,,Open,Not Started,0,0
103,RI-019-01,19,Issue,Review capacity is concentrated in one role — Release Governance Automation,Resource,1,5,5,Low,Release Manager,20260724,20260811,,2026-07-24,2026-08-11,,Monitoring,Completed,0,0
104,RI-019-02,19,Issue,Release window has limited recovery float,Schedule,3,2,6,Medium,Technical Lead,20260712,20260811,,2026-07-12,2026-08-11,,Open,Not Started,0,0
105,RI-019-03,19,Risk,Shared engineer availability may delay delivery — Release Governance Automation,Resource,3,3,9,Medium,Systems Lead,20260728,20260811,,2026-07-28,2026-08-11,,Mitigated,Completed,0,0
106,RI-019-04,19,Risk,Upstream data contract remains unresolved — Release Governance Automation,Dependency,1,3,3,Low,Security Lead,20260316,20260506,,2026-03-16,2026-05-06,,Monitoring,In Progress,0,1
107,RI-019-05,19,Issue,Contractor transition may reduce throughput — Release Governance Automation,Resource,5,5,25,Critical,Supplier Manager,20260428,20260715,20260808,2026-04-28,2026-07-15,2026-08-08,Closed,Completed,0,0
108,RI-019-06,19,Risk,Field issue recurrence needs containment — Release Governance Automation,Quality,4,2,8,Medium,Release Manager,20260520,20260811,,2026-05-20,2026-08-11,,Open,Not Started,0,0
109,RI-020-01,20,Risk,Review capacity is concentrated in one role — Sensor Diagnostics Platform,Resource,3,3,9,Medium,Product Owner,20260629,20260811,,2026-06-29,2026-08-11,,Open,In Progress,0,0
110,RI-020-02,20,Risk,Material quotation may exceed the estimate — Sensor Diagnostics Platform,Cost,4,2,8,Medium,Quality Lead,20260811,20260811,,2026-08-11,2026-08-11,,Monitoring,In Progress,0,0
111,RI-020-03,20,Risk,Scope clarification may require a budget change,Cost,2,3,6,Medium,Finance Partner,20260410,20260713,20260723,2026-04-10,2026-07-13,2026-07-23,Closed,Not Required,0,0
112,RI-020-04,20,Risk,Late design decision may affect downstream work,Schedule,3,3,9,Medium,Data Lead,20260416,20260626,,2026-04-16,2026-06-26,,Mitigated,Completed,0,0
113,RI-020-05,20,Issue,Traceability coverage requires remediation — Sensor Diagnostics Platform,Quality,2,1,2,Low,Project Manager,20260122,20260329,20260413,2026-01-22,2026-03-29,2026-04-13,Closed,Completed,0,0
114,RI-020-06,20,Risk,Backfill timing creates a capacity gap,Resource,4,2,8,Medium,Product Owner,20260417,20260616,20260610,2026-04-17,2026-06-16,2026-06-10,Closed,Completed,0,0
115,RI-020-07,20,Risk,Late design decision may affect downstream work — Sensor Diagnostics Platform,Schedule,2,2,4,Low,Quality Lead,20260403,20260622,,2026-04-03,2026-06-22,,Mitigated,Completed,0,0
116,RI-021-01,21,Risk,Competing portfolio priority constrains staffing — Customer Operations Portal,Resource,2,4,8,Medium,Security Lead,20260603,20260725,,2026-06-03,2026-07-25,,Mitigated,Completed,0,0
117,RI-021-02,21,Risk,Review capacity is concentrated in one role — Customer Operations Portal,Resource,1,4,4,Low,Supplier Manager,20260301,20260525,20260508,2026-03-01,2026-05-25,2026-05-08,Closed,Completed,0,0
118,RI-021-03,21,Issue,Review capacity is concentrated in one role — Customer Operations Portal,Resource,5,4,20,Critical,Release Manager,20260131,20260330,20260402,2026-01-31,2026-03-30,2026-04-02,Closed,Completed,0,0
119,RI-021-04,21,Risk,Environment parity is not yet demonstrated — Customer Operations Portal,Technical,3,2,6,Medium,Technical Lead,20260629,20260806,20260727,2026-06-29,2026-08-06,2026-07-27,Closed,Completed,0,0
120,RI-021-05,21,Risk,Scope clarification may require a budget change,Cost,4,3,12,High,Systems Lead,20260716,20260811,,2026-07-16,2026-08-11,,Open,In Progress,0,0
121,RI-022-01,22,Issue,Pilot readiness depends on unresolved actions — Model Lifecycle Controls,Schedule,3,3,9,Medium,Data Lead,20260519,20260811,,2026-05-19,2026-08-11,,Monitoring,In Progress,0,0
122,RI-022-02,22,Risk,Interface behavior remains unproven,Technical,1,4,4,Low,Project Manager,20260605,20260811,,2026-06-05,2026-08-11,,Open,Not Started,0,0
123,RI-022-03,22,Risk,Legacy data quality could require redesign,Technical,3,3,9,Medium,Product Owner,20260616,20260811,,2026-06-16,2026-08-11,,Monitoring,In Progress,0,0
124,RI-022-04,22,Risk,Prototype result may require architecture rework — Model Lifecycle Controls,Technical,4,2,8,Medium,Quality Lead,20260630,20260811,,2026-06-30,2026-08-11,,Monitoring,In Progress,0,0
125,RI-022-05,22,Issue,Interface behavior remains unproven — Model Lifecycle Controls,Technical,4,2,8,Medium,Finance Partner,20260629,20260811,,2026-06-29,2026-08-11,,Monitoring,In Progress,0,0
126,RI-022-06,22,Issue,Verification evidence is incomplete,Quality,2,3,6,Medium,Data Lead,20260702,20260811,,2026-07-02,2026-08-11,,Open,In Progress,0,0
127,RI-022-07,22,Issue,Upstream data contract remains unresolved — Model Lifecycle Controls,Dependency,1,5,5,Low,Project Manager,20260802,20260811,,2026-08-02,2026-08-11,,Monitoring,In Progress,0,0
128,RI-023-01,23,Risk,Field issue recurrence needs containment — Connected Plant Pilot,Quality,3,1,3,Low,Technical Lead,20260317,20260529,,2026-03-17,2026-05-29,,Mitigated,Completed,0,0
129,RI-023-02,23,Issue,Test environment availability may move the baseline,Schedule,4,5,20,Critical,Systems Lead,20260216,20260518,20260523,2026-02-16,2026-05-18,2026-05-23,Closed,Completed,0,0
130,RI-023-03,23,Issue,Competing portfolio priority constrains staffing — Connected Plant Pilot,Resource,5,3,15,High,Security Lead,20260506,20260721,,2026-05-06,2026-07-21,,Mitigated,Completed,0,0
131,RI-024-01,24,Issue,Scope clarification may require a budget change,Cost,3,3,9,Medium,Quality Lead,20260627,20260811,,2026-06-27,2026-08-11,,Monitoring,In Progress,0,0
132,RI-024-02,24,Issue,Defect closure rate may miss the exit criterion — Reliability Benchmarking,Quality,3,3,9,Medium,Finance Partner,20260602,20260803,20260725,2026-06-02,2026-08-03,2026-07-25,Closed,Completed,0,0
133,RI-024-03,24,Issue,Integration sequence may compress validation — Reliability Benchmarking,Schedule,3,5,15,High,Data Lead,20260425,20260704,,2026-04-25,2026-07-04,,Mitigated,Completed,0,0
134,RI-024-04,24,Risk,Scope clarification may require a budget change — Reliability Benchmarking,Cost,4,2,8,Medium,Project Manager,20260428,20260612,,2026-04-28,2026-06-12,,Monitoring,In Progress,0,1
135,RI-024-05,24,Risk,Shared engineer availability may delay delivery,Resource,5,1,5,Low,Product Owner,20260512,20260811,,2026-05-12,2026-08-11,,Monitoring,Completed,0,0
136,RI-025-01,25,Issue,Integration sequence may compress validation — RDE Capacity Planning Modernization,Schedule,3,5,15,High,Supplier Manager,20260715,20260811,,2026-07-15,2026-08-11,,Mitigated,Completed,0,0
137,RI-025-02,25,Issue,Shared engineer availability may delay delivery — RDE Capacity Planning Modernization,Resource,2,4,8,Medium,Release Manager,20260716,20260811,,2026-07-16,2026-08-11,,Monitoring,In Progress,0,0
138,RI-025-03,25,Risk,Late design decision may affect downstream work — RDE Capacity Planning Modernization,Schedule,4,1,4,Low,Technical Lead,20260713,20260811,,2026-07-13,2026-08-11,,Open,In Progress,0,0
139,RI-025-04,25,Issue,Contractor transition may reduce throughput,Resource,4,3,12,High,Systems Lead,20260703,20260811,,2026-07-03,2026-08-11,,Open,Not Started,0,0
140,RI-026-01,26,Risk,Rework could consume management reserve — Connected Asset Modernization,Cost,3,2,6,Medium,Project Manager,20260319,20260614,,2026-03-19,2026-06-14,,Mitigated,Completed,0,0
141,RI-026-02,26,Risk,Shared engineer availability may delay delivery — Connected Asset Modernization,Resource,2,3,6,Medium,Product Owner,20260503,20260608,,2026-05-03,2026-06-08,,Monitoring,In Progress,0,1
142,RI-026-03,26,Risk,Performance margin may not meet the target — Connected Asset Modernization,Technical,2,2,4,Low,Quality Lead,20260426,20260702,,2026-04-26,2026-07-02,,Mitigated,Completed,0,0
143,RI-026-04,26,Risk,Interface behavior remains unproven — Connected Asset Modernization,Technical,4,2,8,Medium,Finance Partner,20260725,20260811,20260802,2026-07-25,2026-08-11,2026-08-02,Closed,Completed,0,0
144,RI-026-05,26,Issue,Technical debt may complicate integration — Connected Asset Modernization,Technical,1,4,4,Low,Data Lead,20260216,20260412,,2026-02-16,2026-04-12,,Monitoring,In Progress,0,1
145,RI-026-06,26,Risk,Regression scope may exceed the test window — Connected Asset Modernization,Quality,4,4,16,High,Project Manager,20260716,20260811,,2026-07-16,2026-08-11,,Open,In Progress,0,0
146,RI-027-01,27,Risk,Pilot readiness depends on unresolved actions,Schedule,4,1,4,Low,Systems Lead,20260807,20260811,,2026-08-07,2026-08-11,,Monitoring,In Progress,0,0
147,RI-027-02,27,Issue,External interface decision is blocking delivery — Connected Asset Analytics,Dependency,3,3,9,Medium,Security Lead,20260405,20260618,,2026-04-05,2026-06-18,,Mitigated,Completed,0,0
148,RI-027-03,27,Issue,Pilot readiness depends on unresolved actions,Schedule,5,4,20,Critical,Supplier Manager,20260422,20260811,,2026-04-22,2026-08-11,,Mitigated,Completed,0,0
149,RI-027-04,27,Risk,Backfill timing creates a capacity gap — Connected Asset Analytics,Resource,1,4,4,Low,Release Manager,20260809,20260811,20260811,2026-08-09,2026-08-11,2026-08-11,Closed,Completed,0,0
150,RI-027-05,27,Issue,Upstream data contract remains unresolved — Connected Asset Analytics,Dependency,3,2,6,Medium,Technical Lead,20260210,20260614,20260306,2026-02-10,2026-06-14,2026-03-06,Closed,Completed,0,0
151,RI-027-06,27,Risk,Defect closure rate may miss the exit criterion,Quality,2,2,4,Low,Systems Lead,20260123,20260605,20260328,2026-01-23,2026-06-05,2026-03-28,Closed,Completed,0,0
152,RI-027-07,27,Issue,Security approval is on the critical path,Dependency,2,4,8,Medium,Security Lead,20260623,20260811,,2026-06-23,2026-08-11,,Open,Not Started,0,0
153,RI-028-01,28,Issue,Competing portfolio priority constrains staffing — Connected Asset Platform,Resource,1,5,5,Low,Finance Partner,20260712,20260811,20260729,2026-07-12,2026-08-11,2026-07-29,Closed,Completed,0,0
154,RI-028-02,28,Risk,Technical debt may complicate integration,Technical,3,1,3,Low,Data Lead,20260330,20260521,20260512,2026-03-30,2026-05-21,2026-05-12,Closed,Completed,0,0
155,RI-028-03,28,Risk,Competing portfolio priority constrains staffing,Resource,3,3,9,Medium,Project Manager,20260410,20260701,20260508,2026-04-10,2026-07-01,2026-05-08,Closed,Completed,0,0
156,RI-028-04,28,Risk,Scope clarification may require a budget change — Connected Asset Platform,Cost,3,4,12,High,Product Owner,20260604,20260713,,2026-06-04,2026-07-13,,Open,Not Started,0,1
157,RI-028-05,28,Issue,Upstream data contract remains unresolved — Connected Asset Platform,Dependency,2,3,6,Medium,Quality Lead,20260207,20260415,,2026-02-07,2026-04-15,,Open,Not Started,0,1
158,RI-028-06,28,Issue,Backfill timing creates a capacity gap — Connected Asset Platform,Resource,2,3,6,Medium,Finance Partner,20260110,20260506,,2026-01-10,2026-05-06,,Mitigated,Completed,0,0
159,RI-029-01,29,Issue,Customer test access is not yet confirmed — Connected Asset Optimization,Dependency,2,3,6,Medium,Release Manager,20260113,20260414,,2026-01-13,2026-04-14,,Mitigated,Completed,0,0
160,RI-029-02,29,Risk,Pilot readiness depends on unresolved actions,Schedule,4,2,8,Medium,Technical Lead,20260101,20260429,,2026-01-01,2026-04-29,,Mitigated,Completed,0,0
161,RI-029-03,29,Risk,Competing portfolio priority constrains staffing — Connected Asset Optimization,Resource,3,3,9,Medium,Systems Lead,20260111,20260313,,2026-01-11,2026-03-13,,Open,Not Started,0,1
162,RI-029-04,29,Risk,Committed spend limits recovery options,Cost,1,3,3,Low,Security Lead,20260318,20260715,20260709,2026-03-18,2026-07-15,2026-07-09,Closed,Completed,0,0
163,RI-029-05,29,Issue,Cloud run cost is trending above the baseline,Cost,3,5,15,High,Supplier Manager,20260811,20260811,,2026-08-11,2026-08-11,,Monitoring,In Progress,0,0
164,RI-029-06,29,Issue,Regression scope may exceed the test window,Quality,2,3,6,Medium,Release Manager,20260714,20260811,,2026-07-14,2026-08-11,,Monitoring,In Progress,0,0
165,RI-029-07,29,Risk,Traceability coverage requires remediation,Quality,4,4,16,High,Technical Lead,20251215,20260212,20260110,2025-12-15,2026-02-12,2026-01-10,Closed,Completed,0,0
166,RI-030-01,30,Risk,Contractor transition may reduce throughput,Resource,2,5,10,Medium,Product Owner,20260321,20260625,,2026-03-21,2026-06-25,,Mitigated,Completed,0,0
167,RI-030-02,30,Risk,Legacy data quality could require redesign — Connected Asset Integration,Technical,3,4,12,High,Quality Lead,20260115,20260422,,2026-01-15,2026-04-22,,Mitigated,Completed,0,0
168,RI-030-03,30,Risk,Contractor transition may reduce throughput,Resource,3,5,15,High,Finance Partner,20260422,20260715,20260513,2026-04-22,2026-07-15,2026-05-13,Closed,Completed,0,0
169,RI-030-04,30,Risk,Integration sequence may compress validation,Schedule,3,2,6,Medium,Data Lead,20260618,20260811,,2026-06-18,2026-08-11,,Open,Not Started,0,0
170,RI-030-05,30,Issue,Prototype result may require architecture rework — Connected Asset Integration,Technical,2,3,6,Medium,Project Manager,20260408,20260602,20260507,2026-04-08,2026-06-02,2026-05-07,Closed,Not Required,0,0
171,RI-030-06,30,Risk,Environment parity is not yet demonstrated,Technical,4,5,20,Critical,Product Owner,20260705,20260811,,2026-07-05,2026-08-11,,Monitoring,In Progress,1,0
172,RI-031-01,31,Risk,Platform release timing may create a mismatch — Connected Asset Transformation,Dependency,3,2,6,Medium,Security Lead,20260517,20260810,20260716,2026-05-17,2026-08-10,2026-07-16,Closed,Completed,0,0
173,RI-031-02,31,Risk,Vendor component readiness is uncertain — Connected Asset Transformation,Dependency,4,4,16,High,Supplier Manager,20260503,20260713,,2026-05-03,2026-07-13,,Mitigated,Completed,0,0
174,RI-031-03,31,Risk,Traceability coverage requires remediation,Quality,2,3,6,Medium,Release Manager,20260320,20260612,20260407,2026-03-20,2026-06-12,2026-04-07,Closed,Completed,0,0
175,RI-031-04,31,Risk,Backfill timing creates a capacity gap — Connected Asset Transformation,Resource,2,2,4,Low,Technical Lead,20260526,20260811,,2026-05-26,2026-08-11,,Open,Not Started,0,0
176,RI-031-05,31,Risk,Customer test access is not yet confirmed,Dependency,2,2,4,Low,Systems Lead,20260503,20260811,,2026-05-03,2026-08-11,,Monitoring,In Progress,0,0
177,RI-031-06,31,Risk,Interface behavior remains unproven — Connected Asset Transformation,Technical,5,4,20,Critical,Security Lead,20260402,20260718,20260620,2026-04-02,2026-07-18,2026-06-20,Closed,Completed,0,0
178,RI-031-07,31,Risk,Release window has limited recovery float — Connected Asset Transformation,Schedule,4,4,16,High,Supplier Manager,20260726,20260811,,2026-07-26,2026-08-11,,Open,Not Started,0,0
179,RI-032-01,32,Issue,Prototype result may require architecture rework — Connected Asset Enablement,Technical,3,3,9,Medium,Data Lead,20260711,20260811,,2026-07-11,2026-08-11,,Open,In Progress,0,0
180,RI-032-02,32,Issue,Shared engineer availability may delay delivery — Connected Asset Enablement,Resource,3,5,15,High,Project Manager,20260528,20260723,20260727,2026-05-28,2026-07-23,2026-07-27,Closed,Completed,0,0
181,RI-032-03,32,Risk,Legacy data quality could require redesign — Connected Asset Enablement,Technical,3,2,6,Medium,Product Owner,20260704,20260811,,2026-07-04,2026-08-11,,Monitoring,In Progress,0,0
182,RI-032-04,32,Risk,Interface behavior remains unproven,Technical,2,4,8,Medium,Quality Lead,20260530,20260811,,2026-05-30,2026-08-11,,Mitigated,Completed,0,0
183,RI-032-05,32,Issue,Material quotation may exceed the estimate,Cost,2,3,6,Medium,Finance Partner,20260619,20260811,,2026-06-19,2026-08-11,,Open,In Progress,0,0
184,RI-033-01,33,Risk,Committed spend limits recovery options — Connected Asset Acceleration,Cost,3,3,9,Medium,Technical Lead,20260501,20260811,,2026-05-01,2026-08-11,,Monitoring,In Progress,0,0
185,RI-033-02,33,Issue,Technical debt may complicate integration,Technical,3,2,6,Medium,Systems Lead,20260723,20260811,,2026-07-23,2026-08-11,,Open,Not Started,0,0
186,RI-033-03,33,Risk,Cloud run cost is trending above the baseline — Connected Asset Acceleration,Cost,4,4,16,High,Security Lead,20260713,20260811,,2026-07-13,2026-08-11,,Open,Not Started,0,0
187,RI-033-04,33,Issue,Environment parity is not yet demonstrated — Connected Asset Acceleration,Technical,3,3,9,Medium,Supplier Manager,20260528,20260811,,2026-05-28,2026-08-11,,Monitoring,In Progress,0,0
188,RI-033-05,33,Risk,Security approval is on the critical path,Dependency,2,3,6,Medium,Release Manager,20260701,20260811,,2026-07-01,2026-08-11,,Open,In Progress,0,0
189,RI-034-01,34,Risk,Vendor component readiness is uncertain,Dependency,4,3,12,High,Quality Lead,20260801,20260811,,2026-08-01,2026-08-11,,Open,Not Started,0,0
190,RI-034-02,34,Issue,Pilot readiness depends on unresolved actions,Schedule,2,2,4,Low,Finance Partner,20260510,20260707,,2026-05-10,2026-07-07,,Monitoring,In Progress,0,1
191,RI-034-03,34,Risk,Field issue recurrence needs containment — Connected Asset Orchestration,Quality,3,3,9,Medium,Data Lead,20260113,20260520,,2026-01-13,2026-05-20,,Mitigated,Completed,0,0
192,RI-034-04,34,Risk,Integration sequence may compress validation — Connected Asset Orchestration,Schedule,5,1,5,Low,Project Manager,20260625,20260811,,2026-06-25,2026-08-11,,Mitigated,Completed,0,0
193,RI-034-05,34,Issue,Contractor transition may reduce throughput — Connected Asset Orchestration,Resource,3,3,9,Medium,Product Owner,20260625,20260811,,2026-06-25,2026-08-11,,Open,Not Started,0,0
194,RI-034-06,34,Issue,Field issue recurrence needs containment,Quality,4,4,16,High,Quality Lead,20260309,20260611,,2026-03-09,2026-06-11,,Monitoring,In Progress,0,1
195,RI-034-07,34,Risk,Critical skill coverage is below demand,Resource,4,3,12,High,Finance Partner,20260104,20260318,20260118,2026-01-04,2026-03-18,2026-01-18,Closed,Completed,0,0
196,RI-035-01,35,Risk,Contractor transition may reduce throughput,Resource,1,3,3,Low,Supplier Manager,20260503,20260808,,2026-05-03,2026-08-08,,Open,In Progress,0,1
197,RI-035-02,35,Risk,Traceability coverage requires remediation — Connected Asset Intelligence,Quality,2,3,6,Medium,Release Manager,20260222,20260524,20260408,2026-02-22,2026-05-24,2026-04-08,Closed,Completed,0,0
198,RI-035-03,35,Risk,External interface decision is blocking delivery — Connected Asset Intelligence,Dependency,3,3,9,Medium,Technical Lead,20260311,20260608,,2026-03-11,2026-06-08,,Mitigated,Completed,0,0
199,RI-035-04,35,Risk,Committed spend limits recovery options — Connected Asset Intelligence,Cost,2,2,4,Low,Systems Lead,20260203,20260322,,2026-02-03,2026-03-22,,Monitoring,In Progress,0,1
200,RI-035-05,35,Risk,Scope clarification may require a budget change — Connected Asset Intelligence,Cost,4,3,12,High,Security Lead,20260804,20260811,,2026-08-04,2026-08-11,,Monitoring,In Progress,0,0
201,RI-036-01,36,Risk,Supplier lead time threatens the next gate — Connected Operations Modernization,Schedule,2,3,6,Medium,Project Manager,20260510,20260811,,2026-05-10,2026-08-11,,Monitoring,In Progress,0,0
202,RI-036-02,36,Risk,Prototype result may require architecture rework,Technical,3,4,12,High,Product Owner,20260319,20260531,,2026-03-19,2026-05-31,,Mitigated,Completed,0,0
203,RI-036-03,36,Risk,Technical debt may complicate integration,Technical,3,4,12,High,Quality Lead,20260420,20260811,20260422,2026-04-20,2026-08-11,2026-04-22,Closed,Completed,0,0
204,RI-036-04,36,Risk,Interface behavior remains unproven,Technical,3,1,3,Low,Finance Partner,20260411,20260521,,2026-04-11,2026-05-21,,Mitigated,Completed,0,0
205,RI-036-05,36,Risk,Release window has limited recovery float,Schedule,3,3,9,Medium,Data Lead,20260731,20260811,,2026-07-31,2026-08-11,,Open,In Progress,0,0
206,RI-037-01,37,Risk,Interface behavior remains unproven — Connected Operations Analytics,Technical,3,2,6,Medium,Systems Lead,20251231,20260310,20260310,2025-12-31,2026-03-10,2026-03-10,Closed,Completed,0,0
207,RI-037-02,37,Risk,Regression scope may exceed the test window,Quality,4,4,16,High,Security Lead,20260220,20260426,,2026-02-20,2026-04-26,,Mitigated,Completed,0,0
208,RI-037-03,37,Issue,Regression scope may exceed the test window,Quality,3,5,15,High,Supplier Manager,20260712,20260811,,2026-07-12,2026-08-11,,Monitoring,In Progress,0,0
209,RI-037-04,37,Issue,Performance margin may not meet the target,Technical,5,4,20,Critical,Release Manager,20260706,20260811,,2026-07-06,2026-08-11,,Monitoring,Completed,1,0
210,RI-037-05,37,Risk,Scope clarification may require a budget change,Cost,2,4,8,Medium,Technical Lead,20251221,20260403,20260503,2025-12-21,2026-04-03,2026-05-03,Closed,Completed,0,0
211,RI-037-06,37,Issue,Field issue recurrence needs containment,Quality,2,4,8,Medium,Systems Lead,20260328,20260510,,2026-03-28,2026-05-10,,Open,In Progress,0,1
212,RI-037-07,37,Risk,Regression scope may exceed the test window — Connected Operations Analytics,Quality,4,1,4,Low,Security Lead,20260103,20260323,20260416,2026-01-03,2026-03-23,2026-04-16,Closed,Completed,0,0
213,RI-038-01,38,Risk,Shared engineer availability may delay delivery — Connected Operations Platform,Resource,3,3,9,Medium,Finance Partner,20260515,20260624,20260611,2026-05-15,2026-06-24,2026-06-11,Closed,Completed,0,0
214,RI-038-02,38,Risk,Security approval is on the critical path — Connected Operations Platform,Dependency,3,3,9,Medium,Data Lead,20260516,20260713,,2026-05-16,2026-07-13,,Mitigated,Completed,0,0
215,RI-038-03,38,Risk,Performance margin may not meet the target — Connected Operations Platform,Technical,3,3,9,Medium,Project Manager,20260427,20260811,,2026-04-27,2026-08-11,,Monitoring,In Progress,0,0
216,RI-038-04,38,Risk,Late design decision may affect downstream work — Connected Operations Platform,Schedule,2,1,2,Low,Product Owner,20260630,20260811,,2026-06-30,2026-08-11,,Open,In Progress,0,0
217,RI-038-05,38,Risk,Material quotation may exceed the estimate,Cost,4,5,20,Critical,Quality Lead,20260310,20260706,20260517,2026-03-10,2026-07-06,2026-05-17,Closed,Completed,0,0
218,RI-039-01,39,Risk,Review capacity is concentrated in one role,Resource,3,3,9,Medium,Release Manager,20260513,20260811,,2026-05-13,2026-08-11,,Monitoring,In Progress,0,0
219,RI-039-02,39,Risk,Review capacity is concentrated in one role — Connected Operations Optimization,Resource,3,1,3,Low,Technical Lead,20260802,20260811,,2026-08-02,2026-08-11,,Open,Not Started,0,0
220,RI-039-03,39,Issue,Security approval is on the critical path,Dependency,5,2,10,Medium,Systems Lead,20260731,20260811,,2026-07-31,2026-08-11,,Monitoring,In Progress,0,0
221,RI-039-04,39,Risk,Customer test access is not yet confirmed,Dependency,5,2,10,Medium,Security Lead,20260209,20260402,,2026-02-09,2026-04-02,,Mitigated,Completed,0,0
222,RI-039-05,39,Risk,Customer test access is not yet confirmed — Connected Operations Optimization,Dependency,3,3,9,Medium,Supplier Manager,20260207,20260430,,2026-02-07,2026-04-30,,Monitoring,In Progress,0,1
223,RI-039-06,39,Risk,Prototype result may require architecture rework — Connected Operations Optimization,Technical,2,2,4,Low,Release Manager,20260604,20260811,,2026-06-04,2026-08-11,,Open,In Progress,0,0
224,RI-040-01,40,Issue,Upstream data contract remains unresolved — Connected Operations Integration,Dependency,3,3,9,Medium,Product Owner,20260716,20260811,,2026-07-16,2026-08-11,,Open,Not Started,0,0
225,RI-040-02,40,Risk,Integration sequence may compress validation,Schedule,5,3,15,High,Quality Lead,20260806,20260811,,2026-08-06,2026-08-11,,Monitoring,In Progress,0,0
226,RI-040-03,40,Risk,Verification evidence is incomplete,Quality,4,4,16,High,Finance Partner,20260711,20260811,,2026-07-11,2026-08-11,,Open,In Progress,0,0
227,RI-040-04,40,Risk,Supplier lead time threatens the next gate — Connected Operations Integration,Schedule,5,4,20,Critical,Data Lead,20260131,20260507,,2026-01-31,2026-05-07,,Mitigated,Completed,0,0
228,RI-040-05,40,Risk,Committed spend limits recovery options,Cost,3,3,9,Medium,Project Manager,20260218,20260514,20260402,2026-02-18,2026-05-14,2026-04-02,Closed,Completed,0,0
229,RI-041-01,41,Issue,Cloud run cost is trending above the baseline,Cost,4,1,4,Low,Security Lead,20260121,20260411,,2026-01-21,2026-04-11,,Mitigated,Completed,0,0
230,RI-041-02,41,Risk,Cloud run cost is trending above the baseline — Connected Operations Transformation,Cost,3,3,9,Medium,Supplier Manager,20260711,20260811,,2026-07-11,2026-08-11,,Open,Not Started,0,0
231,RI-041-03,41,Risk,Vendor component readiness is uncertain — Connected Operations Transformation,Dependency,3,3,9,Medium,Release Manager,20260707,20260811,,2026-07-07,2026-08-11,,Mitigated,Completed,0,0
232,RI-041-04,41,Issue,Field issue recurrence needs containment,Quality,3,3,9,Medium,Technical Lead,20260403,20260519,,2026-04-03,2026-05-19,,Open,Not Started,0,1
233,RI-041-05,41,Risk,Customer test access is not yet confirmed — Connected Operations Transformation,Dependency,1,2,2,Low,Systems Lead,20260529,20260811,,2026-05-29,2026-08-11,,Open,In Progress,0,0
234,RI-042-01,42,Risk,Shared engineer availability may delay delivery,Resource,2,4,8,Medium,Data Lead,20260427,20260719,20260626,2026-04-27,2026-07-19,2026-06-26,Closed,Completed,0,0
235,RI-042-02,42,Issue,Upstream data contract remains unresolved — Connected Operations Enablement,Dependency,3,1,3,Low,Project Manager,20260324,20260731,,2026-03-24,2026-07-31,,Mitigated,Completed,0,0
236,RI-042-03,42,Risk,Platform release timing may create a mismatch,Dependency,4,2,8,Medium,Product Owner,20251001,20251205,20251231,2025-10-01,2025-12-05,2025-12-31,Closed,Completed,0,0
237,RI-043-01,43,Risk,Integration sequence may compress validation — Connected Operations Acceleration,Schedule,2,3,6,Medium,Technical Lead,20260721,20260811,,2026-07-21,2026-08-11,,Open,In Progress,0,0
238,RI-043-02,43,Risk,Vendor component readiness is uncertain — Connected Operations Acceleration,Dependency,3,2,6,Medium,Systems Lead,20260121,20260417,20260428,2026-01-21,2026-04-17,2026-04-28,Closed,Completed,0,0
239,RI-043-03,43,Risk,Traceability coverage requires remediation,Quality,3,5,15,High,Security Lead,20260115,20260309,20260304,2026-01-15,2026-03-09,2026-03-04,Closed,Completed,0,0
240,RI-043-04,43,Risk,Pilot readiness depends on unresolved actions — Connected Operations Acceleration,Schedule,3,2,6,Medium,Supplier Manager,20260620,20260728,20260622,2026-06-20,2026-07-28,2026-06-22,Closed,Completed,0,0
241,RI-043-05,43,Risk,Traceability coverage requires remediation,Quality,2,2,4,Low,Release Manager,20260601,20260811,,2026-06-01,2026-08-11,,Monitoring,In Progress,0,0
242,RI-044-01,44,Risk,Defect closure rate may miss the exit criterion — Connected Operations Orchestration,Quality,4,4,16,High,Quality Lead,20260713,20260811,,2026-07-13,2026-08-11,,Monitoring,In Progress,0,0
243,RI-044-02,44,Risk,Interface behavior remains unproven — Connected Operations Orchestration,Technical,4,3,12,High,Finance Partner,20260511,20260811,,2026-05-11,2026-08-11,,Monitoring,Completed,0,0
244,RI-044-03,44,Risk,Interface behavior remains unproven,Technical,5,3,15,High,Data Lead,20260705,20260811,,2026-07-05,2026-08-11,,Monitoring,In Progress,0,0
245,RI-044-04,44,Issue,Field issue recurrence needs containment,Quality,3,5,15,High,Project Manager,20260607,20260811,,2026-06-07,2026-08-11,,Monitoring,In Progress,0,0
246,RI-045-01,45,Issue,Security approval is on the critical path,Dependency,3,3,9,Medium,Supplier Manager,20260417,20260628,20260604,2026-04-17,2026-06-28,2026-06-04,Closed,Completed,0,0
247,RI-045-02,45,Risk,Environment parity is not yet demonstrated,Technical,1,2,2,Low,Release Manager,20260726,20260811,,2026-07-26,2026-08-11,,Mitigated,Completed,0,0
248,RI-045-03,45,Risk,Scope clarification may require a budget change — Connected Operations Intelligence,Cost,2,2,4,Low,Technical Lead,20260409,20260713,,2026-04-09,2026-07-13,,Monitoring,Completed,0,1
249,RI-045-04,45,Risk,Traceability coverage requires remediation,Quality,4,1,4,Low,Systems Lead,20260528,20260811,,2026-05-28,2026-08-11,,Mitigated,Completed,0,0
250,RI-045-05,45,Risk,Backfill timing creates a capacity gap — Connected Operations Intelligence,Resource,4,3,12,High,Security Lead,20260402,20260719,,2026-04-02,2026-07-19,,Mitigated,Completed,0,0
251,RI-046-01,46,Risk,Legacy data quality could require redesign — Connected Reliability Modernization,Technical,4,3,12,High,Project Manager,20260206,20260603,,2026-02-06,2026-06-03,,Mitigated,Completed,0,0
252,RI-046-02,46,Risk,Supplier lead time threatens the next gate,Schedule,3,3,9,Medium,Product Owner,20260622,20260811,,2026-06-22,2026-08-11,,Open,In Progress,0,0
253,RI-046-03,46,Risk,Field issue recurrence needs containment,Quality,3,3,9,Medium,Quality Lead,20260516,20260811,20260619,2026-05-16,2026-08-11,2026-06-19,Closed,Completed,0,0
254,RI-046-04,46,Issue,Release window has limited recovery float,Schedule,3,3,9,Medium,Finance Partner,20260609,20260810,20260711,2026-06-09,2026-08-10,2026-07-11,Closed,Not Required,0,0
255,RI-047-01,47,Risk,External interface decision is blocking delivery — Connected Reliability Analytics,Dependency,3,3,9,Medium,Systems Lead,20260414,20260626,,2026-04-14,2026-06-26,,Mitigated,Completed,0,0
256,RI-047-02,47,Risk,Environment parity is not yet demonstrated — Connected Reliability Analytics,Technical,4,3,12,High,Security Lead,20260616,20260731,,2026-06-16,2026-07-31,,Open,In Progress,0,1
257,RI-047-03,47,Risk,Performance margin may not meet the target — Connected Reliability Analytics,Technical,5,4,20,Critical,Supplier Manager,20260802,20260811,20260805,2026-08-02,2026-08-11,2026-08-05,Closed,Completed,0,0
258,RI-047-04,47,Risk,Prototype result may require architecture rework,Technical,2,4,8,Medium,Release Manager,20260426,20260604,,2026-04-26,2026-06-04,,Mitigated,Completed,0,0
259,RI-047-05,47,Risk,Critical skill coverage is below demand — Connected Reliability Analytics,Resource,3,5,15,High,Technical Lead,20260723,20260811,,2026-07-23,2026-08-11,,Open,Not Started,0,0
260,RI-047-06,47,Risk,Verification evidence is incomplete,Quality,3,3,9,Medium,Systems Lead,20260428,20260611,,2026-04-28,2026-06-11,,Mitigated,Completed,0,0
261,RI-047-07,47,Risk,Committed spend limits recovery options — Connected Reliability Analytics,Cost,2,2,4,Low,Security Lead,20260503,20260721,20260607,2026-05-03,2026-07-21,2026-06-07,Closed,Completed,0,0
262,RI-048-01,48,Issue,Field issue recurrence needs containment,Quality,1,1,1,Low,Finance Partner,20260515,20260714,,2026-05-15,2026-07-14,,Mitigated,Completed,0,0
263,RI-048-02,48,Issue,Vendor component readiness is uncertain — Connected Reliability Platform,Dependency,3,2,6,Medium,Data Lead,20260516,20260720,20260601,2026-05-16,2026-07-20,2026-06-01,Closed,Completed,0,0
264,RI-048-03,48,Risk,Integration sequence may compress validation — Connected Reliability Platform,Schedule,2,2,4,Low,Project Manager,20260419,20260609,,2026-04-19,2026-06-09,,Mitigated,Completed,0,0
265,RI-049-01,49,Risk,External interface decision is blocking delivery — Connected Reliability Optimization,Dependency,1,2,2,Low,Release Manager,20260606,20260811,,2026-06-06,2026-08-11,,Monitoring,In Progress,0,0
266,RI-049-02,49,Risk,Acceptance criteria remain partially ambiguous — Connected Reliability Optimization,Quality,3,3,9,Medium,Technical Lead,20260324,20260519,,2026-03-24,2026-05-19,,Mitigated,Completed,0,0
267,RI-049-03,49,Risk,Scope clarification may require a budget change,Cost,3,2,6,Medium,Systems Lead,20260225,20260702,20260722,2026-02-25,2026-07-02,2026-07-22,Closed,Not Required,0,0
268,RI-049-04,49,Risk,Competing portfolio priority constrains staffing,Resource,3,4,12,High,Security Lead,20260401,20260714,,2026-04-01,2026-07-14,,Monitoring,In Progress,0,1
269,RI-049-05,49,Risk,Performance margin may not meet the target,Technical,2,5,10,Medium,Supplier Manager,20260708,20260811,,2026-07-08,2026-08-11,,Monitoring,In Progress,0,0
270,RI-049-06,49,Risk,Interface behavior remains unproven,Technical,2,2,4,Low,Release Manager,20260215,20260527,20260218,2026-02-15,2026-05-27,2026-02-18,Closed,Completed,0,0
271,RI-049-07,49,Issue,Security approval is on the critical path — Connected Reliability Optimization,Dependency,2,2,4,Low,Technical Lead,20260519,20260717,,2026-05-19,2026-07-17,,Monitoring,In Progress,0,1
272,RI-050-01,50,Risk,Competing portfolio priority constrains staffing,Resource,3,3,9,Medium,Product Owner,20260114,20260315,,2026-01-14,2026-03-15,,Monitoring,In Progress,0,1
273,RI-050-02,50,Risk,Traceability coverage requires remediation,Quality,4,4,16,High,Quality Lead,20260804,20260811,,2026-08-04,2026-08-11,,Open,Not Started,0,0
274,RI-050-03,50,Risk,Legacy data quality could require redesign,Technical,1,2,2,Low,Finance Partner,20260711,20260811,,2026-07-11,2026-08-11,,Monitoring,In Progress,0,0
275,RI-051-01,51,Risk,Technical debt may complicate integration,Technical,2,3,6,Medium,Security Lead,20260630,20260811,,2026-06-30,2026-08-11,,Monitoring,In Progress,0,0
276,RI-051-02,51,Risk,Cloud run cost is trending above the baseline,Cost,2,1,2,Low,Supplier Manager,20260719,20260811,,2026-07-19,2026-08-11,,Open,Not Started,0,0
277,RI-051-03,51,Issue,Committed spend limits recovery options — Connected Reliability Transformation,Cost,3,4,12,High,Release Manager,20260419,20260628,20260604,2026-04-19,2026-06-28,2026-06-04,Closed,Completed,0,0
278,RI-052-01,52,Risk,Interface behavior remains unproven,Technical,3,3,9,Medium,Data Lead,20260324,20260725,20260615,2026-03-24,2026-07-25,2026-06-15,Closed,Completed,0,0
279,RI-052-02,52,Risk,Material quotation may exceed the estimate — Connected Reliability Enablement,Cost,3,4,12,High,Project Manager,20260304,20260703,,2026-03-04,2026-07-03,,Mitigated,Completed,0,0
280,RI-052-03,52,Issue,Pilot readiness depends on unresolved actions — Connected Reliability Enablement,Schedule,3,2,6,Medium,Product Owner,20260703,20260811,,2026-07-03,2026-08-11,,Open,In Progress,0,0
281,RI-052-04,52,Issue,Specialist rate mix is above plan,Cost,4,3,12,High,Quality Lead,20260331,20260531,,2026-03-31,2026-05-31,,Mitigated,Completed,0,0
282,RI-052-05,52,Risk,Late design decision may affect downstream work,Schedule,2,2,4,Low,Finance Partner,20260310,20260809,,2026-03-10,2026-08-09,,Mitigated,Completed,0,0
283,RI-052-06,52,Risk,Rework could consume management reserve,Cost,3,4,12,High,Data Lead,20260729,20260811,,2026-07-29,2026-08-11,,Monitoring,In Progress,0,0
284,RI-053-01,53,Risk,Performance margin may not meet the target — Connected Reliability Acceleration,Technical,2,2,4,Low,Technical Lead,20260408,20260606,,2026-04-08,2026-06-06,,Mitigated,Completed,0,0
285,RI-053-02,53,Risk,Technical debt may complicate integration,Technical,3,3,9,Medium,Systems Lead,20260416,20260620,,2026-04-16,2026-06-20,,Monitoring,In Progress,0,1
286,RI-053-03,53,Issue,Vendor component readiness is uncertain,Dependency,2,3,6,Medium,Security Lead,20260326,20260711,,2026-03-26,2026-07-11,,Monitoring,Completed,0,1
287,RI-054-01,54,Risk,Upstream data contract remains unresolved — Connected Reliability Orchestration,Dependency,2,2,4,Low,Quality Lead,20260616,20260811,,2026-06-16,2026-08-11,,Open,In Progress,0,0
288,RI-054-02,54,Risk,Scope clarification may require a budget change,Cost,3,2,6,Medium,Finance Partner,20260605,20260811,,2026-06-05,2026-08-11,,Monitoring,In Progress,0,0
289,RI-054-03,54,Risk,Review capacity is concentrated in one role — Connected Reliability Orchestration,Resource,3,4,12,High,Data Lead,20260628,20260811,,2026-06-28,2026-08-11,,Mitigated,Completed,0,0
290,RI-054-04,54,Risk,Performance margin may not meet the target,Technical,3,3,9,Medium,Project Manager,20260721,20260811,,2026-07-21,2026-08-11,,Monitoring,In Progress,0,0
291,RI-054-05,54,Risk,Regression scope may exceed the test window — Connected Reliability Orchestration,Quality,4,2,8,Medium,Product Owner,20260805,20260811,,2026-08-05,2026-08-11,,Open,Not Started,0,0
292,RI-054-06,54,Risk,Regression scope may exceed the test window — Connected Reliability Orchestration,Quality,3,4,12,High,Quality Lead,20260711,20260811,,2026-07-11,2026-08-11,,Monitoring,In Progress,0,0
293,RI-055-01,55,Issue,Backfill timing creates a capacity gap — Connected Reliability Intelligence,Resource,3,4,12,High,Supplier Manager,20260515,20260811,,2026-05-15,2026-08-11,,Monitoring,In Progress,0,0
294,RI-055-02,55,Issue,Specialist rate mix is above plan — Connected Reliability Intelligence,Cost,4,2,8,Medium,Release Manager,20260425,20260811,20260507,2026-04-25,2026-08-11,2026-05-07,Closed,Completed,0,0
295,RI-055-03,55,Risk,Late design decision may affect downstream work,Schedule,5,5,25,Critical,Technical Lead,20260404,20260603,20260604,2026-04-04,2026-06-03,2026-06-04,Closed,Completed,0,0
296,RI-055-04,55,Risk,Technical debt may complicate integration — Connected Reliability Intelligence,Technical,4,4,16,High,Systems Lead,20260721,20260811,,2026-07-21,2026-08-11,,Open,In Progress,0,0
297,RI-056-01,56,Issue,Traceability coverage requires remediation,Quality,2,3,6,Medium,Project Manager,20260609,20260719,,2026-06-09,2026-07-19,,Open,Not Started,0,1
298,RI-056-02,56,Risk,Interface behavior remains unproven — Connected Controls Modernization,Technical,3,3,9,Medium,Product Owner,20260507,20260612,20260529,2026-05-07,2026-06-12,2026-05-29,Closed,Completed,0,0
299,RI-056-03,56,Risk,Shared engineer availability may delay delivery — Connected Controls Modernization,Resource,3,3,9,Medium,Quality Lead,20260605,20260723,,2026-06-05,2026-07-23,,Open,In Progress,0,1
300,RI-057-01,57,Risk,Competing portfolio priority constrains staffing,Resource,4,2,8,Medium,Systems Lead,20260718,20260811,,2026-07-18,2026-08-11,,Mitigated,Completed,0,0
301,RI-057-02,57,Issue,Vendor component readiness is uncertain — Connected Controls Analytics,Dependency,5,5,25,Critical,Security Lead,20260624,20260811,,2026-06-24,2026-08-11,,Open,Not Started,1,0
302,RI-057-03,57,Risk,Committed spend limits recovery options — Connected Controls Analytics,Cost,2,4,8,Medium,Supplier Manager,20260517,20260811,,2026-05-17,2026-08-11,,Open,Not Started,0,0
303,RI-057-04,57,Issue,Performance margin may not meet the target,Technical,2,2,4,Low,Release Manager,20260531,20260811,,2026-05-31,2026-08-11,,Mitigated,Completed,0,0
304,RI-057-05,57,Issue,Vendor component readiness is uncertain — Connected Controls Analytics,Dependency,4,3,12,High,Technical Lead,20260510,20260720,,2026-05-10,2026-07-20,,Mitigated,Completed,0,0
305,RI-057-06,57,Risk,Competing portfolio priority constrains staffing,Resource,2,2,4,Low,Systems Lead,20260509,20260811,,2026-05-09,2026-08-11,,Monitoring,In Progress,0,0
306,RI-058-01,58,Risk,Pilot readiness depends on unresolved actions — Connected Controls Platform,Schedule,3,3,9,Medium,Finance Partner,20260525,20260711,20260715,2026-05-25,2026-07-11,2026-07-15,Closed,Completed,0,0
307,RI-058-02,58,Risk,Environment parity is not yet demonstrated — Connected Controls Platform,Technical,2,3,6,Medium,Data Lead,20260511,20260811,,2026-05-11,2026-08-11,,Monitoring,In Progress,0,0
308,RI-058-03,58,Issue,Pilot readiness depends on unresolved actions — Connected Controls Platform,Schedule,2,4,8,Medium,Project Manager,20260103,20260310,,2026-01-03,2026-03-10,,Open,In Progress,0,1
309,RI-058-04,58,Issue,Defect closure rate may miss the exit criterion — Connected Controls Platform,Quality,4,3,12,High,Product Owner,20260607,20260731,,2026-06-07,2026-07-31,,Mitigated,Completed,0,0
310,RI-059-01,59,Risk,Interface behavior remains unproven,Technical,1,3,3,Low,Release Manager,20260605,20260811,,2026-06-05,2026-08-11,,Monitoring,Completed,0,0
311,RI-059-02,59,Risk,Review capacity is concentrated in one role,Resource,3,3,9,Medium,Technical Lead,20260406,20260714,20260420,2026-04-06,2026-07-14,2026-04-20,Closed,Completed,0,0
312,RI-059-03,59,Issue,Committed spend limits recovery options — Connected Controls Optimization,Cost,3,5,15,High,Systems Lead,20260620,20260811,,2026-06-20,2026-08-11,,Open,In Progress,0,0
313,RI-059-04,59,Issue,Critical skill coverage is below demand,Resource,3,5,15,High,Security Lead,20260618,20260811,,2026-06-18,2026-08-11,,Monitoring,Completed,0,0
314,RI-059-05,59,Risk,Pilot readiness depends on unresolved actions — Connected Controls Optimization,Schedule,2,4,8,Medium,Supplier Manager,20260605,20260708,,2026-06-05,2026-07-08,,Mitigated,Completed,0,0
315,RI-060-01,60,Risk,Defect closure rate may miss the exit criterion — Connected Controls Integration,Quality,3,1,3,Low,Product Owner,20260610,20260811,,2026-06-10,2026-08-11,,Mitigated,Completed,0,0
316,RI-060-02,60,Risk,Technical debt may complicate integration,Technical,1,1,1,Low,Quality Lead,20251228,20260408,,2025-12-28,2026-04-08,,Open,Not Started,0,1
317,RI-060-03,60,Risk,Release window has limited recovery float — Connected Controls Integration,Schedule,3,1,3,Low,Finance Partner,20260410,20260627,,2026-04-10,2026-06-27,,Mitigated,Completed,0,0
318,RI-060-04,60,Issue,Release window has limited recovery float,Schedule,2,2,4,Low,Data Lead,20260216,20260429,,2026-02-16,2026-04-29,,Mitigated,Completed,0,0
319,RI-060-05,60,Risk,Test environment availability may move the baseline,Schedule,4,3,12,High,Project Manager,20251118,20260319,,2025-11-18,2026-03-19,,Open,Not Started,0,1
320,RI-061-01,61,Risk,Legacy data quality could require redesign — Connected Controls Transformation,Technical,4,1,4,Low,Security Lead,20260205,20260605,,2026-02-05,2026-06-05,,Monitoring,In Progress,0,1
321,RI-061-02,61,Risk,Competing portfolio priority constrains staffing,Resource,5,3,15,High,Supplier Manager,20260518,20260811,,2026-05-18,2026-08-11,,Open,Not Started,0,0
322,RI-061-03,61,Risk,Contractor transition may reduce throughput,Resource,3,3,9,Medium,Release Manager,20260227,20260426,,2026-02-27,2026-04-26,,Mitigated,Completed,0,0
323,RI-061-04,61,Risk,Performance margin may not meet the target — Connected Controls Transformation,Technical,2,2,4,Low,Technical Lead,20260621,20260811,,2026-06-21,2026-08-11,,Open,In Progress,0,0
324,RI-061-05,61,Risk,Interface behavior remains unproven,Technical,3,1,3,Low,Systems Lead,20260507,20260708,,2026-05-07,2026-07-08,,Monitoring,In Progress,0,1
325,RI-062-01,62,Issue,Review capacity is concentrated in one role,Resource,1,5,5,Low,Data Lead,20260312,20260611,,2026-03-12,2026-06-11,,Monitoring,In Progress,0,1
326,RI-062-02,62,Risk,Security approval is on the critical path,Dependency,2,2,4,Low,Project Manager,20260331,20260513,,2026-03-31,2026-05-13,,Mitigated,Completed,0,0
327,RI-062-03,62,Risk,External interface decision is blocking delivery,Dependency,2,3,6,Medium,Product Owner,20260602,20260811,,2026-06-02,2026-08-11,,Open,In Progress,0,0
328,RI-062-04,62,Risk,Supplier lead time threatens the next gate,Schedule,2,3,6,Medium,Quality Lead,20260720,20260811,,2026-07-20,2026-08-11,,Monitoring,In Progress,0,0
329,RI-062-05,62,Issue,Technical debt may complicate integration,Technical,3,4,12,High,Finance Partner,20260223,20260422,,2026-02-23,2026-04-22,,Open,Not Started,0,1
330,RI-062-06,62,Risk,Review capacity is concentrated in one role,Resource,2,5,10,Medium,Data Lead,20260413,20260609,,2026-04-13,2026-06-09,,Open,Not Started,0,1
331,RI-062-07,62,Issue,Backfill timing creates a capacity gap — Connected Controls Enablement,Resource,4,4,16,High,Project Manager,20260304,20260727,,2026-03-04,2026-07-27,,Open,Not Started,0,1
332,RI-063-01,63,Risk,Scope clarification may require a budget change — Connected Controls Acceleration,Cost,3,4,12,High,Technical Lead,20260725,20260811,,2026-07-25,2026-08-11,,Monitoring,In Progress,0,0
333,RI-063-02,63,Risk,Prototype result may require architecture rework,Technical,2,2,4,Low,Systems Lead,20260701,20260811,,2026-07-01,2026-08-11,,Mitigated,Completed,0,0
334,RI-063-03,63,Risk,Critical skill coverage is below demand,Resource,2,3,6,Medium,Security Lead,20260105,20260418,,2026-01-05,2026-04-18,,Mitigated,Completed,0,0
335,RI-063-04,63,Risk,Acceptance criteria remain partially ambiguous — Connected Controls Acceleration,Quality,3,3,9,Medium,Supplier Manager,20260411,20260614,20260703,2026-04-11,2026-06-14,2026-07-03,Closed,Not Required,0,0
336,RI-063-05,63,Issue,Test environment availability may move the baseline,Schedule,4,1,4,Low,Release Manager,20260613,20260811,,2026-06-13,2026-08-11,,Monitoring,In Progress,0,0
337,RI-063-06,63,Risk,Late design decision may affect downstream work,Schedule,4,5,20,Critical,Technical Lead,20260504,20260811,,2026-05-04,2026-08-11,,Monitoring,In Progress,1,0
338,RI-064-01,64,Risk,Material quotation may exceed the estimate — Connected Controls Orchestration,Cost,4,3,12,High,Quality Lead,20260127,20260519,,2026-01-27,2026-05-19,,Mitigated,Completed,0,0
339,RI-064-02,64,Risk,External interface decision is blocking delivery,Dependency,3,3,9,Medium,Finance Partner,20260119,20260323,20260129,2026-01-19,2026-03-23,2026-01-29,Closed,Completed,0,0
340,RI-064-03,64,Risk,Field issue recurrence needs containment,Quality,2,5,10,Medium,Data Lead,20260118,20260319,,2026-01-18,2026-03-19,,Mitigated,Completed,0,0
341,RI-065-01,65,Risk,Specialist rate mix is above plan,Cost,1,2,2,Low,Supplier Manager,20260307,20260516,,2026-03-07,2026-05-16,,Monitoring,In Progress,0,1
342,RI-065-02,65,Risk,Verification evidence is incomplete,Quality,3,3,9,Medium,Release Manager,20260301,20260430,20260516,2026-03-01,2026-04-30,2026-05-16,Closed,Completed,0,0
343,RI-065-03,65,Risk,Pilot readiness depends on unresolved actions — Connected Controls Intelligence,Schedule,2,4,8,Medium,Technical Lead,20260805,20260811,,2026-08-05,2026-08-11,,Open,In Progress,0,0
344,RI-065-04,65,Risk,Field issue recurrence needs containment,Quality,3,3,9,Medium,Systems Lead,20251224,20260226,,2025-12-24,2026-02-26,,Mitigated,Completed,0,0
345,RI-066-01,66,Risk,Prototype result may require architecture rework,Technical,3,3,9,Medium,Project Manager,20260629,20260811,,2026-06-29,2026-08-11,,Mitigated,Completed,0,0
346,RI-066-02,66,Risk,Traceability coverage requires remediation — Connected Telemetry Modernization,Quality,4,2,8,Medium,Product Owner,20260126,20260605,20260423,2026-01-26,2026-06-05,2026-04-23,Closed,Completed,0,0
347,RI-066-03,66,Issue,Performance margin may not meet the target,Technical,2,2,4,Low,Quality Lead,20260421,20260620,,2026-04-21,2026-06-20,,Mitigated,Completed,0,0
348,RI-066-04,66,Risk,Interface behavior remains unproven — Connected Telemetry Modernization,Technical,2,2,4,Low,Finance Partner,20260207,20260513,,2026-02-07,2026-05-13,,Mitigated,Completed,0,0
349,RI-067-01,67,Risk,Integration sequence may compress validation — Connected Telemetry Analytics,Schedule,1,5,5,Low,Systems Lead,20260702,20260811,,2026-07-02,2026-08-11,,Open,In Progress,0,0
350,RI-067-02,67,Risk,Late design decision may affect downstream work,Schedule,3,5,15,High,Security Lead,20260611,20260811,,2026-06-11,2026-08-11,,Open,Not Started,0,0
351,RI-067-03,67,Risk,Prototype result may require architecture rework — Connected Telemetry Analytics,Technical,3,4,12,High,Supplier Manager,20260611,20260811,20260620,2026-06-11,2026-08-11,2026-06-20,Closed,Completed,0,0
352,RI-068-01,68,Issue,Committed spend limits recovery options,Cost,1,4,4,Low,Finance Partner,20251021,20260105,,2025-10-21,2026-01-05,,Mitigated,Completed,0,0
353,RI-068-02,68,Issue,Integration sequence may compress validation,Schedule,3,3,9,Medium,Data Lead,20260512,20260804,,2026-05-12,2026-08-04,,Mitigated,Completed,0,0
354,RI-068-03,68,Risk,Specialist rate mix is above plan — Connected Telemetry Platform,Cost,2,2,4,Low,Project Manager,20260524,20260720,,2026-05-24,2026-07-20,,Mitigated,Completed,0,0
355,RI-069-01,69,Issue,Release window has limited recovery float,Schedule,2,2,4,Low,Release Manager,20260430,20260614,,2026-04-30,2026-06-14,,Open,In Progress,0,1
356,RI-069-02,69,Risk,Vendor component readiness is uncertain,Dependency,4,4,16,High,Technical Lead,20260313,20260415,,2026-03-13,2026-04-15,,Mitigated,Completed,0,0
357,RI-069-03,69,Issue,Interface behavior remains unproven — Connected Telemetry Optimization,Technical,2,4,8,Medium,Systems Lead,20260607,20260811,,2026-06-07,2026-08-11,,Open,Not Started,0,0
358,RI-069-04,69,Risk,Regression scope may exceed the test window,Quality,5,2,10,Medium,Security Lead,20260514,20260807,,2026-05-14,2026-08-07,,Monitoring,In Progress,0,1
359,RI-070-01,70,Risk,Regression scope may exceed the test window — Connected Telemetry Integration,Quality,1,3,3,Low,Product Owner,20260101,20260303,20260202,2026-01-01,2026-03-03,2026-02-02,Closed,Completed,0,0
360,RI-070-02,70,Risk,Prototype result may require architecture rework — Connected Telemetry Integration,Technical,3,4,12,High,Quality Lead,20251207,20260302,20260128,2025-12-07,2026-03-02,2026-01-28,Closed,Completed,0,0
361,RI-070-03,70,Risk,Supplier lead time threatens the next gate — Connected Telemetry Integration,Schedule,4,2,8,Medium,Finance Partner,20260421,20260703,20260429,2026-04-21,2026-07-03,2026-04-29,Closed,Completed,0,0
362,RI-070-04,70,Risk,Environment parity is not yet demonstrated — Connected Telemetry Integration,Technical,2,2,4,Low,Data Lead,20260531,20260801,,2026-05-31,2026-08-01,,Open,In Progress,0,1
363,RI-070-05,70,Risk,Committed spend limits recovery options — Connected Telemetry Integration,Cost,1,5,5,Low,Project Manager,20260713,20260811,,2026-07-13,2026-08-11,,Monitoring,In Progress,0,0
364,RI-070-06,70,Risk,Shared engineer availability may delay delivery,Resource,4,1,4,Low,Product Owner,20260525,20260729,20260625,2026-05-25,2026-07-29,2026-06-25,Closed,Not Required,0,0
365,RI-071-01,71,Risk,Acceptance criteria remain partially ambiguous,Quality,3,3,9,Medium,Security Lead,20260701,20260811,,2026-07-01,2026-08-11,,Open,Not Started,0,0
366,RI-071-02,71,Risk,Supplier lead time threatens the next gate,Schedule,5,4,20,Critical,Supplier Manager,20260627,20260811,,2026-06-27,2026-08-11,,Monitoring,In Progress,1,0
367,RI-071-03,71,Risk,Review capacity is concentrated in one role — Connected Telemetry Transformation,Resource,3,2,6,Medium,Release Manager,20260808,20260811,,2026-08-08,2026-08-11,,Open,In Progress,0,0
368,RI-071-04,71,Risk,Integration sequence may compress validation — Connected Telemetry Transformation,Schedule,3,2,6,Medium,Technical Lead,20260706,20260806,,2026-07-06,2026-08-06,,Mitigated,Completed,0,0
369,RI-072-01,72,Issue,Environment parity is not yet demonstrated — Connected Telemetry Enablement,Technical,4,4,16,High,Data Lead,20260519,20260809,,2026-05-19,2026-08-09,,Mitigated,Completed,0,0
370,RI-072-02,72,Risk,Performance margin may not meet the target,Technical,3,2,6,Medium,Project Manager,20260627,20260811,,2026-06-27,2026-08-11,,Mitigated,Completed,0,0
371,RI-072-03,72,Issue,Rework could consume management reserve — Connected Telemetry Enablement,Cost,4,1,4,Low,Product Owner,20260614,20260811,,2026-06-14,2026-08-11,,Open,Not Started,0,0
372,RI-072-04,72,Risk,Shared engineer availability may delay delivery — Connected Telemetry Enablement,Resource,2,2,4,Low,Quality Lead,20260727,20260811,,2026-07-27,2026-08-11,,Monitoring,In Progress,0,0
373,RI-072-05,72,Issue,Backfill timing creates a capacity gap,Resource,4,3,12,High,Finance Partner,20260804,20260811,,2026-08-04,2026-08-11,,Open,In Progress,0,0
374,RI-072-06,72,Risk,Material quotation may exceed the estimate,Cost,3,2,6,Medium,Data Lead,20260227,20260511,,2026-02-27,2026-05-11,,Mitigated,Completed,0,0
375,RI-072-07,72,Risk,Backfill timing creates a capacity gap,Resource,4,4,16,High,Project Manager,20260602,20260809,,2026-06-02,2026-08-09,,Mitigated,Completed,0,0
376,RI-073-01,73,Risk,Vendor component readiness is uncertain,Dependency,2,1,2,Low,Technical Lead,20260321,20260707,20260722,2026-03-21,2026-07-07,2026-07-22,Closed,Completed,0,0
377,RI-073-02,73,Risk,Review capacity is concentrated in one role,Resource,3,4,12,High,Systems Lead,20260617,20260811,,2026-06-17,2026-08-11,,Monitoring,In Progress,0,0
378,RI-073-03,73,Risk,Pilot readiness depends on unresolved actions,Schedule,3,2,6,Medium,Security Lead,20260403,20260617,,2026-04-03,2026-06-17,,Monitoring,In Progress,0,1
379,RI-073-04,73,Risk,Competing portfolio priority constrains staffing,Resource,1,3,3,Low,Supplier Manager,20260304,20260502,,2026-03-04,2026-05-02,,Monitoring,In Progress,0,1
380,RI-074-01,74,Risk,Review capacity is concentrated in one role — Connected Telemetry Orchestration,Resource,4,4,16,High,Quality Lead,20260226,20260530,,2026-02-26,2026-05-30,,Mitigated,Completed,0,0
381,RI-074-02,74,Issue,Traceability coverage requires remediation — Connected Telemetry Orchestration,Quality,2,3,6,Medium,Finance Partner,20260629,20260811,,2026-06-29,2026-08-11,,Monitoring,Completed,0,0
382,RI-074-03,74,Risk,Vendor component readiness is uncertain,Dependency,4,2,8,Medium,Data Lead,20260807,20260811,20260811,2026-08-07,2026-08-11,2026-08-11,Closed,Completed,0,0
383,RI-074-04,74,Risk,Late design decision may affect downstream work — Connected Telemetry Orchestration,Schedule,5,4,20,Critical,Project Manager,20260109,20260225,,2026-01-09,2026-02-25,,Monitoring,In Progress,1,1
384,RI-074-05,74,Risk,Pilot readiness depends on unresolved actions — Connected Telemetry Orchestration,Schedule,5,4,20,Critical,Product Owner,20260226,20260624,,2026-02-26,2026-06-24,,Mitigated,Completed,0,0
385,RI-074-06,74,Risk,Contractor transition may reduce throughput — Connected Telemetry Orchestration,Resource,3,3,9,Medium,Quality Lead,20260701,20260811,,2026-07-01,2026-08-11,,Open,Not Started,0,0
386,RI-075-01,75,Risk,Scope clarification may require a budget change,Cost,1,3,3,Low,Supplier Manager,20260718,20260811,20260807,2026-07-18,2026-08-11,2026-08-07,Closed,Completed,0,0
387,RI-075-02,75,Risk,Review capacity is concentrated in one role — Connected Telemetry Intelligence,Resource,5,3,15,High,Release Manager,20260522,20260805,20260618,2026-05-22,2026-08-05,2026-06-18,Closed,Completed,0,0
388,RI-075-03,75,Risk,Legacy data quality could require redesign — Connected Telemetry Intelligence,Technical,4,2,8,Medium,Technical Lead,20260708,20260811,,2026-07-08,2026-08-11,,Open,In Progress,0,0
389,RI-076-01,76,Risk,Supplier lead time threatens the next gate,Schedule,5,4,20,Critical,Project Manager,20251018,20260225,,2025-10-18,2026-02-25,,Mitigated,Completed,0,0
390,RI-076-02,76,Risk,Backfill timing creates a capacity gap,Resource,4,4,16,High,Product Owner,20260711,20260811,,2026-07-11,2026-08-11,,Open,Not Started,0,0
391,RI-076-03,76,Risk,Vendor component readiness is uncertain,Dependency,3,3,9,Medium,Quality Lead,20251128,20260215,,2025-11-28,2026-02-15,,Monitoring,In Progress,0,1
392,RI-076-04,76,Risk,Release window has limited recovery float,Schedule,4,3,12,High,Finance Partner,20260725,20260811,,2026-07-25,2026-08-11,,Monitoring,In Progress,0,0
393,RI-076-05,76,Issue,Field issue recurrence needs containment — Connected Workflow Modernization,Quality,4,4,16,High,Data Lead,20251109,20260114,,2025-11-09,2026-01-14,,Mitigated,Completed,0,0
394,RI-076-06,76,Risk,Shared engineer availability may delay delivery,Resource,5,4,20,Critical,Project Manager,20260509,20260811,,2026-05-09,2026-08-11,,Mitigated,Completed,0,0
395,RI-076-07,76,Risk,Customer test access is not yet confirmed,Dependency,2,1,2,Low,Product Owner,20251127,20260305,,2025-11-27,2026-03-05,,Monitoring,In Progress,0,1
396,RI-077-01,77,Issue,Integration sequence may compress validation — Connected Workflow Analytics,Schedule,2,5,10,Medium,Systems Lead,20260626,20260811,,2026-06-26,2026-08-11,,Monitoring,In Progress,0,0
397,RI-077-02,77,Risk,Customer test access is not yet confirmed — Connected Workflow Analytics,Dependency,4,5,20,Critical,Security Lead,20260612,20260811,,2026-06-12,2026-08-11,,Open,In Progress,1,0
398,RI-077-03,77,Risk,Performance margin may not meet the target — Connected Workflow Analytics,Technical,4,3,12,High,Supplier Manager,20260811,20260811,,2026-08-11,2026-08-11,,Monitoring,Completed,0,0
399,RI-077-04,77,Risk,Specialist rate mix is above plan,Cost,2,3,6,Medium,Release Manager,20260809,20260811,,2026-08-09,2026-08-11,,Monitoring,In Progress,0,0
400,RI-077-05,77,Issue,Supplier lead time threatens the next gate — Connected Workflow Analytics,Schedule,4,3,12,High,Technical Lead,20260701,20260811,,2026-07-01,2026-08-11,,Open,Not Started,0,0
401,RI-077-06,77,Risk,Vendor component readiness is uncertain — Connected Workflow Analytics,Dependency,5,4,20,Critical,Systems Lead,20260630,20260811,,2026-06-30,2026-08-11,,Monitoring,In Progress,1,0
402,RI-078-01,78,Risk,Verification evidence is incomplete,Quality,3,4,12,High,Finance Partner,20260519,20260715,,2026-05-19,2026-07-15,,Monitoring,In Progress,0,1
403,RI-078-02,78,Issue,Security approval is on the critical path,Dependency,2,4,8,Medium,Data Lead,20251220,20260314,20260107,2025-12-20,2026-03-14,2026-01-07,Closed,Not Required,0,0
404,RI-078-03,78,Issue,Prototype result may require architecture rework,Technical,3,4,12,High,Project Manager,20260121,20260402,20260225,2026-01-21,2026-04-02,2026-02-25,Closed,Completed,0,0
405,RI-079-01,79,Risk,Acceptance criteria remain partially ambiguous — Connected Workflow Optimization,Quality,5,4,20,Critical,Release Manager,20260421,20260804,,2026-04-21,2026-08-04,,Mitigated,Completed,0,0
406,RI-079-02,79,Risk,Upstream data contract remains unresolved — Connected Workflow Optimization,Dependency,4,2,8,Medium,Technical Lead,20260414,20260724,,2026-04-14,2026-07-24,,Mitigated,Completed,0,0
407,RI-079-03,79,Issue,Test environment availability may move the baseline — Connected Workflow Optimization,Schedule,4,3,12,High,Systems Lead,20260322,20260611,,2026-03-22,2026-06-11,,Mitigated,Completed,0,0
408,RI-079-04,79,Issue,Test environment availability may move the baseline — Connected Workflow Optimization,Schedule,3,3,9,Medium,Security Lead,20260606,20260811,,2026-06-06,2026-08-11,,Open,Not Started,0,0
409,RI-079-05,79,Risk,Late design decision may affect downstream work,Schedule,4,3,12,High,Supplier Manager,20260509,20260811,,2026-05-09,2026-08-11,,Open,Not Started,0,0
410,RI-079-06,79,Risk,Interface behavior remains unproven,Technical,4,3,12,High,Release Manager,20260509,20260705,20260621,2026-05-09,2026-07-05,2026-06-21,Closed,Completed,0,0
411,RI-080-01,80,Risk,Review capacity is concentrated in one role,Resource,2,3,6,Medium,Product Owner,20260807,20260811,,2026-08-07,2026-08-11,,Monitoring,In Progress,0,0
412,RI-080-02,80,Risk,Platform release timing may create a mismatch,Dependency,4,2,8,Medium,Quality Lead,20260402,20260811,,2026-04-02,2026-08-11,,Monitoring,Completed,0,0
413,RI-080-03,80,Risk,Material quotation may exceed the estimate,Cost,4,4,16,High,Finance Partner,20260628,20260811,,2026-06-28,2026-08-11,,Monitoring,In Progress,0,0
414,RI-081-01,81,Risk,Shared engineer availability may delay delivery — Connected Workflow Transformation,Resource,3,4,12,High,Security Lead,20260708,20260811,20260809,2026-07-08,2026-08-11,2026-08-09,Closed,Completed,0,0
415,RI-081-02,81,Risk,Technical debt may complicate integration — Connected Workflow Transformation,Technical,4,2,8,Medium,Supplier Manager,20260706,20260811,,2026-07-06,2026-08-11,,Monitoring,In Progress,0,0
416,RI-081-03,81,Risk,Backfill timing creates a capacity gap — Connected Workflow Transformation,Resource,4,2,8,Medium,Release Manager,20260724,20260811,,2026-07-24,2026-08-11,,Mitigated,Completed,0,0
417,RI-081-04,81,Issue,Competing portfolio priority constrains staffing,Resource,5,1,5,Low,Technical Lead,20260620,20260811,,2026-06-20,2026-08-11,,Open,Not Started,0,0
418,RI-081-05,81,Risk,Review capacity is concentrated in one role — Connected Workflow Transformation,Resource,4,5,20,Critical,Systems Lead,20260617,20260811,,2026-06-17,2026-08-11,,Mitigated,Completed,0,0
419,RI-082-01,82,Risk,Interface behavior remains unproven,Technical,4,3,12,High,Data Lead,20260323,20260603,,2026-03-23,2026-06-03,,Mitigated,Completed,0,0
420,RI-082-02,82,Risk,Pilot readiness depends on unresolved actions — Connected Workflow Enablement,Schedule,1,4,4,Low,Project Manager,20260418,20260731,20260809,2026-04-18,2026-07-31,2026-08-09,Closed,Not Required,0,0
421,RI-082-03,82,Issue,Legacy data quality could require redesign,Technical,5,2,10,Medium,Product Owner,20260123,20260401,,2026-01-23,2026-04-01,,Open,Not Started,0,1
422,RI-082-04,82,Risk,Customer test access is not yet confirmed,Dependency,3,3,9,Medium,Quality Lead,20251117,20260105,,2025-11-17,2026-01-05,,Mitigated,Completed,0,0
423,RI-082-05,82,Issue,Backfill timing creates a capacity gap,Resource,2,4,8,Medium,Finance Partner,20260606,20260811,,2026-06-06,2026-08-11,,Monitoring,In Progress,0,0
424,RI-082-06,82,Risk,Shared engineer availability may delay delivery,Resource,4,4,16,High,Data Lead,20251108,20260203,20251121,2025-11-08,2026-02-03,2025-11-21,Closed,Completed,0,0
425,RI-082-07,82,Risk,Environment parity is not yet demonstrated,Technical,2,3,6,Medium,Project Manager,20260711,20260811,,2026-07-11,2026-08-11,,Open,Not Started,0,0
426,RI-083-01,83,Risk,Interface behavior remains unproven — Connected Workflow Acceleration,Technical,3,2,6,Medium,Technical Lead,20260524,20260802,,2026-05-24,2026-08-02,,Mitigated,Completed,0,0
427,RI-083-02,83,Risk,Review capacity is concentrated in one role — Connected Workflow Acceleration,Resource,4,1,4,Low,Systems Lead,20260703,20260811,,2026-07-03,2026-08-11,,Open,In Progress,0,0
428,RI-083-03,83,Risk,Environment parity is not yet demonstrated,Technical,2,4,8,Medium,Security Lead,20260616,20260731,,2026-06-16,2026-07-31,,Open,In Progress,0,1
429,RI-083-04,83,Risk,Acceptance criteria remain partially ambiguous,Quality,3,4,12,High,Supplier Manager,20260425,20260811,,2026-04-25,2026-08-11,,Monitoring,In Progress,0,0
430,RI-083-05,83,Risk,Specialist rate mix is above plan,Cost,3,2,6,Medium,Release Manager,20260711,20260811,,2026-07-11,2026-08-11,,Monitoring,In Progress,0,0
431,RI-083-06,83,Risk,Customer test access is not yet confirmed — Connected Workflow Acceleration,Dependency,3,3,9,Medium,Technical Lead,20260522,20260811,,2026-05-22,2026-08-11,,Open,Not Started,0,0
432,RI-083-07,83,Risk,Committed spend limits recovery options,Cost,3,2,6,Medium,Systems Lead,20260625,20260811,20260808,2026-06-25,2026-08-11,2026-08-08,Closed,Not Required,0,0
433,RI-084-01,84,Risk,External interface decision is blocking delivery,Dependency,2,4,8,Medium,Quality Lead,20260617,20260811,,2026-06-17,2026-08-11,,Open,Not Started,0,0
434,RI-084-02,84,Risk,Scope clarification may require a budget change — Connected Workflow Orchestration,Cost,2,4,8,Medium,Finance Partner,20260428,20260811,,2026-04-28,2026-08-11,,Open,In Progress,0,0
435,RI-084-03,84,Risk,Review capacity is concentrated in one role,Resource,4,5,20,Critical,Data Lead,20260717,20260811,,2026-07-17,2026-08-11,,Open,Not Started,1,0
436,RI-084-04,84,Risk,Technical debt may complicate integration — Connected Workflow Orchestration,Technical,3,4,12,High,Project Manager,20260530,20260811,,2026-05-30,2026-08-11,,Open,In Progress,0,0
437,RI-084-05,84,Risk,Shared engineer availability may delay delivery,Resource,3,3,9,Medium,Product Owner,20260220,20260527,,2026-02-20,2026-05-27,,Mitigated,Completed,0,0
438,RI-084-06,84,Risk,Technical debt may complicate integration,Technical,4,4,16,High,Quality Lead,20260502,20260608,20260503,2026-05-02,2026-06-08,2026-05-03,Closed,Completed,0,0
439,RI-084-07,84,Risk,Technical debt may complicate integration — Connected Workflow Orchestration,Technical,3,4,12,High,Finance Partner,20260729,20260811,,2026-07-29,2026-08-11,,Monitoring,In Progress,0,0
440,RI-085-01,85,Risk,Regression scope may exceed the test window,Quality,3,3,9,Medium,Supplier Manager,20260614,20260811,,2026-06-14,2026-08-11,,Open,In Progress,0,0
441,RI-085-02,85,Issue,Review capacity is concentrated in one role,Resource,2,5,10,Medium,Release Manager,20260519,20260802,,2026-05-19,2026-08-02,,Mitigated,Completed,0,0
442,RI-085-03,85,Issue,Release window has limited recovery float — Connected Workflow Intelligence,Schedule,3,4,12,High,Technical Lead,20260615,20260811,,2026-06-15,2026-08-11,,Monitoring,Completed,0,0
443,RI-085-04,85,Issue,Security approval is on the critical path,Dependency,3,2,6,Medium,Systems Lead,20260701,20260811,,2026-07-01,2026-08-11,,Open,In Progress,0,0
444,RI-086-01,86,Risk,Specialist rate mix is above plan,Cost,2,2,4,Low,Project Manager,20260609,20260811,,2026-06-09,2026-08-11,,Open,Not Started,0,0
445,RI-086-02,86,Issue,Legacy data quality could require redesign,Technical,3,3,9,Medium,Product Owner,20260805,20260811,,2026-08-05,2026-08-11,,Open,In Progress,0,0
446,RI-086-03,86,Risk,Rework could consume management reserve — Connected Quality Modernization,Cost,2,2,4,Low,Quality Lead,20260407,20260603,20260505,2026-04-07,2026-06-03,2026-05-05,Closed,Not Required,0,0
447,RI-086-04,86,Risk,External interface decision is blocking delivery,Dependency,1,5,5,Low,Finance Partner,20260129,20260417,,2026-01-29,2026-04-17,,Mitigated,Completed,0,0
448,RI-086-05,86,Risk,Pilot readiness depends on unresolved actions,Schedule,1,4,4,Low,Data Lead,20260602,20260811,,2026-06-02,2026-08-11,,Mitigated,Completed,0,0
449,RI-086-06,86,Risk,Customer test access is not yet confirmed,Dependency,1,1,1,Low,Project Manager,20260206,20260324,,2026-02-06,2026-03-24,,Monitoring,In Progress,0,1
450,RI-086-07,86,Risk,Cloud run cost is trending above the baseline — Connected Quality Modernization,Cost,2,2,4,Low,Product Owner,20260604,20260811,,2026-06-04,2026-08-11,,Mitigated,Completed,0,0
451,RI-087-01,87,Issue,Customer test access is not yet confirmed — Connected Quality Analytics,Dependency,3,3,9,Medium,Systems Lead,20260220,20260520,20260510,2026-02-20,2026-05-20,2026-05-10,Closed,Completed,0,0
452,RI-087-02,87,Risk,Security approval is on the critical path,Dependency,3,3,9,Medium,Security Lead,20260716,20260811,,2026-07-16,2026-08-11,,Open,Not Started,0,0
453,RI-087-03,87,Risk,Specialist rate mix is above plan — Connected Quality Analytics,Cost,3,2,6,Medium,Supplier Manager,20260607,20260811,,2026-06-07,2026-08-11,,Monitoring,In Progress,0,0
454,RI-087-04,87,Risk,Customer test access is not yet confirmed — Connected Quality Analytics,Dependency,3,3,9,Medium,Release Manager,20260327,20260606,,2026-03-27,2026-06-06,,Mitigated,Completed,0,0
455,RI-087-05,87,Risk,Acceptance criteria remain partially ambiguous,Quality,5,4,20,Critical,Technical Lead,20260525,20260805,20260619,2026-05-25,2026-08-05,2026-06-19,Closed,Completed,0,0
456,RI-087-06,87,Risk,Committed spend limits recovery options,Cost,4,3,12,High,Systems Lead,20260506,20260714,20260617,2026-05-06,2026-07-14,2026-06-17,Closed,Completed,0,0
457,RI-088-01,88,Risk,Late design decision may affect downstream work,Schedule,3,3,9,Medium,Finance Partner,20260714,20260811,,2026-07-14,2026-08-11,,Mitigated,Completed,0,0
458,RI-088-02,88,Issue,Contractor transition may reduce throughput,Resource,3,5,15,High,Data Lead,20260606,20260811,,2026-06-06,2026-08-11,,Mitigated,Completed,0,0
459,RI-088-03,88,Issue,Customer test access is not yet confirmed — Connected Quality Platform,Dependency,3,3,9,Medium,Project Manager,20260808,20260811,20260809,2026-08-08,2026-08-11,2026-08-09,Closed,Completed,0,0
460,RI-088-04,88,Risk,Environment parity is not yet demonstrated — Connected Quality Platform,Technical,2,1,2,Low,Product Owner,20260621,20260727,,2026-06-21,2026-07-27,,Mitigated,Completed,0,0
461,RI-088-05,88,Risk,Late design decision may affect downstream work,Schedule,3,4,12,High,Quality Lead,20260722,20260811,,2026-07-22,2026-08-11,,Mitigated,Completed,0,0
462,RI-088-06,88,Risk,Supplier lead time threatens the next gate — Connected Quality Platform,Schedule,2,2,4,Low,Finance Partner,20260617,20260811,,2026-06-17,2026-08-11,,Open,Not Started,0,0
463,RI-088-07,88,Issue,Interface behavior remains unproven,Technical,1,3,3,Low,Data Lead,20260608,20260811,,2026-06-08,2026-08-11,,Monitoring,In Progress,0,0
464,RI-089-01,89,Risk,Interface behavior remains unproven,Technical,3,4,12,High,Release Manager,20260601,20260811,,2026-06-01,2026-08-11,,Monitoring,In Progress,0,0
465,RI-089-02,89,Risk,Late design decision may affect downstream work,Schedule,3,2,6,Medium,Technical Lead,20260404,20260605,,2026-04-04,2026-06-05,,Mitigated,Completed,0,0
466,RI-089-03,89,Risk,Verification evidence is incomplete,Quality,1,3,3,Low,Systems Lead,20260124,20260331,,2026-01-24,2026-03-31,,Mitigated,Completed,0,0
467,RI-089-04,89,Risk,External interface decision is blocking delivery — Connected Quality Optimization,Dependency,2,3,6,Medium,Security Lead,20260309,20260503,,2026-03-09,2026-05-03,,Mitigated,Completed,0,0
468,RI-090-01,90,Issue,Performance margin may not meet the target,Technical,4,3,12,High,Product Owner,20260618,20260811,,2026-06-18,2026-08-11,,Monitoring,In Progress,0,0
469,RI-090-02,90,Risk,Supplier lead time threatens the next gate — Connected Quality Integration,Schedule,4,4,16,High,Quality Lead,20260401,20260508,20260428,2026-04-01,2026-05-08,2026-04-28,Closed,Completed,0,0
470,RI-090-03,90,Risk,Performance margin may not meet the target,Technical,3,5,15,High,Finance Partner,20260709,20260811,,2026-07-09,2026-08-11,,Open,In Progress,0,0
471,RI-090-04,90,Risk,Field issue recurrence needs containment — Connected Quality Integration,Quality,2,3,6,Medium,Data Lead,20260423,20260727,,2026-04-23,2026-07-27,,Monitoring,In Progress,0,1
472,RI-090-05,90,Risk,Vendor component readiness is uncertain,Dependency,3,3,9,Medium,Project Manager,20260127,20260416,,2026-01-27,2026-04-16,,Monitoring,In Progress,0,1
473,RI-090-06,90,Risk,Technical debt may complicate integration,Technical,2,4,8,Medium,Product Owner,20260612,20260811,,2026-06-12,2026-08-11,,Open,Not Started,0,0
474,RI-090-07,90,Risk,Test environment availability may move the baseline,Schedule,5,5,25,Critical,Quality Lead,20260729,20260811,,2026-07-29,2026-08-11,,Monitoring,Completed,1,0
475,RI-091-01,91,Risk,Vendor component readiness is uncertain — Connected Quality Transformation,Dependency,2,4,8,Medium,Security Lead,20260809,20260811,,2026-08-09,2026-08-11,,Monitoring,In Progress,0,0
476,RI-091-02,91,Issue,Pilot readiness depends on unresolved actions — Connected Quality Transformation,Schedule,2,2,4,Low,Supplier Manager,20260603,20260725,,2026-06-03,2026-07-25,,Monitoring,In Progress,0,1
477,RI-091-03,91,Risk,Competing portfolio priority constrains staffing — Connected Quality Transformation,Resource,5,2,10,Medium,Release Manager,20260726,20260811,,2026-07-26,2026-08-11,,Open,In Progress,0,0
478,RI-091-04,91,Risk,Technical debt may complicate integration — Connected Quality Transformation,Technical,4,2,8,Medium,Technical Lead,20260613,20260811,,2026-06-13,2026-08-11,,Monitoring,In Progress,0,0
479,RI-091-05,91,Risk,Integration sequence may compress validation — Connected Quality Transformation,Schedule,4,3,12,High,Systems Lead,20260219,20260521,20260611,2026-02-19,2026-05-21,2026-06-11,Closed,Completed,0,0
480,RI-091-06,91,Risk,Test environment availability may move the baseline — Connected Quality Transformation,Schedule,3,1,3,Low,Security Lead,20260429,20260811,,2026-04-29,2026-08-11,,Monitoring,In Progress,0,0
481,RI-092-01,92,Risk,External interface decision is blocking delivery,Dependency,5,3,15,High,Data Lead,20260805,20260811,,2026-08-05,2026-08-11,,Open,In Progress,0,0
482,RI-092-02,92,Risk,Competing portfolio priority constrains staffing — Connected Quality Enablement,Resource,1,3,3,Low,Project Manager,20260705,20260811,20260709,2026-07-05,2026-08-11,2026-07-09,Closed,Completed,0,0
483,RI-092-03,92,Issue,Security approval is on the critical path,Dependency,2,5,10,Medium,Product Owner,20260706,20260811,,2026-07-06,2026-08-11,,Monitoring,In Progress,0,0
484,RI-092-04,92,Risk,Pilot readiness depends on unresolved actions — Connected Quality Enablement,Schedule,5,2,10,Medium,Quality Lead,20260306,20260523,20260323,2026-03-06,2026-05-23,2026-03-23,Closed,Not Required,0,0
485,RI-092-05,92,Risk,Integration sequence may compress validation,Schedule,3,3,9,Medium,Finance Partner,20260506,20260725,20260724,2026-05-06,2026-07-25,2026-07-24,Closed,Completed,0,0
486,RI-092-06,92,Risk,Competing portfolio priority constrains staffing,Resource,3,2,6,Medium,Data Lead,20260801,20260811,,2026-08-01,2026-08-11,,Open,Not Started,0,0
487,RI-092-07,92,Risk,Traceability coverage requires remediation,Quality,2,1,2,Low,Project Manager,20260509,20260629,20260521,2026-05-09,2026-06-29,2026-05-21,Closed,Completed,0,0
488,RI-093-01,93,Risk,Environment parity is not yet demonstrated,Technical,4,3,12,High,Technical Lead,20260418,20260615,20260601,2026-04-18,2026-06-15,2026-06-01,Closed,Completed,0,0
489,RI-093-02,93,Issue,Defect closure rate may miss the exit criterion — Connected Quality Acceleration,Quality,3,3,9,Medium,Systems Lead,20260329,20260708,,2026-03-29,2026-07-08,,Open,Not Started,0,1
490,RI-093-03,93,Issue,Traceability coverage requires remediation — Connected Quality Acceleration,Quality,4,2,8,Medium,Security Lead,20251212,20260327,20260416,2025-12-12,2026-03-27,2026-04-16,Closed,Completed,0,0
491,RI-093-04,93,Risk,Cloud run cost is trending above the baseline — Connected Quality Acceleration,Cost,4,3,12,High,Supplier Manager,20260408,20260811,,2026-04-08,2026-08-11,,Monitoring,In Progress,0,0
492,RI-093-05,93,Risk,Performance margin may not meet the target — Connected Quality Acceleration,Technical,5,4,20,Critical,Release Manager,20260215,20260423,20260417,2026-02-15,2026-04-23,2026-04-17,Closed,Completed,0,0
493,RI-094-01,94,Risk,Cloud run cost is trending above the baseline — Connected Quality Orchestration,Cost,2,4,8,Medium,Quality Lead,20260624,20260811,,2026-06-24,2026-08-11,,Monitoring,In Progress,0,0
494,RI-094-02,94,Risk,Verification evidence is incomplete,Quality,4,2,8,Medium,Finance Partner,20260228,20260506,20260331,2026-02-28,2026-05-06,2026-03-31,Closed,Completed,0,0
495,RI-094-03,94,Risk,Material quotation may exceed the estimate — Connected Quality Orchestration,Cost,1,5,5,Low,Data Lead,20260215,20260515,,2026-02-15,2026-05-15,,Mitigated,Completed,0,0
496,RI-094-04,94,Risk,Environment parity is not yet demonstrated,Technical,3,1,3,Low,Project Manager,20260401,20260620,,2026-04-01,2026-06-20,,Mitigated,Completed,0,0
497,RI-094-05,94,Issue,Scope clarification may require a budget change — Connected Quality Orchestration,Cost,4,3,12,High,Product Owner,20260603,20260811,,2026-06-03,2026-08-11,,Monitoring,Completed,0,0
498,RI-094-06,94,Risk,Interface behavior remains unproven,Technical,3,1,3,Low,Quality Lead,20260419,20260710,20260717,2026-04-19,2026-07-10,2026-07-17,Closed,Completed,0,0
499,RI-094-07,94,Risk,Release window has limited recovery float — Connected Quality Orchestration,Schedule,3,4,12,High,Finance Partner,20260214,20260528,,2026-02-14,2026-05-28,,Monitoring,In Progress,0,1
500,RI-095-01,95,Risk,Upstream data contract remains unresolved — Connected Quality Intelligence,Dependency,4,3,12,High,Supplier Manager,20260802,20260811,,2026-08-02,2026-08-11,,Monitoring,In Progress,0,0
501,RI-095-02,95,Issue,Vendor component readiness is uncertain — Connected Quality Intelligence,Dependency,3,4,12,High,Release Manager,20260710,20260811,,2026-07-10,2026-08-11,,Monitoring,In Progress,0,0
502,RI-095-03,95,Risk,Competing portfolio priority constrains staffing — Connected Quality Intelligence,Resource,4,3,12,High,Technical Lead,20260630,20260811,,2026-06-30,2026-08-11,,Open,In Progress,0,0
503,RI-095-04,95,Risk,Specialist rate mix is above plan,Cost,3,5,15,High,Systems Lead,20260719,20260811,20260725,2026-07-19,2026-08-11,2026-07-25,Closed,Completed,0,0
504,RI-095-05,95,Risk,Pilot readiness depends on unresolved actions,Schedule,4,3,12,High,Security Lead,20260719,20260811,,2026-07-19,2026-08-11,,Open,Not Started,0,0
505,RI-095-06,95,Risk,Technical debt may complicate integration — Connected Quality Intelligence,Technical,3,4,12,High,Supplier Manager,20260617,20260811,,2026-06-17,2026-08-11,,Monitoring,In Progress,0,0
506,RI-095-07,95,Risk,Rework could consume management reserve — Connected Quality Intelligence,Cost,2,2,4,Low,Release Manager,20260702,20260811,,2026-07-02,2026-08-11,,Monitoring,In Progress,0,0
507,RI-096-01,96,Risk,Critical skill coverage is below demand — Connected Engineering Modernization,Resource,1,3,3,Low,Project Manager,20260719,20260811,,2026-07-19,2026-08-11,,Monitoring,In Progress,0,0
508,RI-096-02,96,Risk,Backfill timing creates a capacity gap — Connected Engineering Modernization,Resource,5,4,20,Critical,Product Owner,20260323,20260609,20260330,2026-03-23,2026-06-09,2026-03-30,Closed,Completed,0,0
509,RI-096-03,96,Issue,Scope clarification may require a budget change — Connected Engineering Modernization,Cost,1,4,4,Low,Quality Lead,20260503,20260629,,2026-05-03,2026-06-29,,Mitigated,Completed,0,0
510,RI-096-04,96,Risk,Critical skill coverage is below demand — Connected Engineering Modernization,Resource,2,4,8,Medium,Finance Partner,20260331,20260703,,2026-03-31,2026-07-03,,Mitigated,Completed,0,0
511,RI-096-05,96,Issue,Contractor transition may reduce throughput — Connected Engineering Modernization,Resource,3,4,12,High,Data Lead,20260524,20260811,,2026-05-24,2026-08-11,,Open,Not Started,0,0
512,RI-097-01,97,Risk,Release window has limited recovery float,Schedule,2,3,6,Medium,Systems Lead,20260326,20260619,,2026-03-26,2026-06-19,,Mitigated,Completed,0,0
513,RI-097-02,97,Issue,Performance margin may not meet the target — Connected Engineering Analytics,Technical,4,4,16,High,Security Lead,20260429,20260708,,2026-04-29,2026-07-08,,Open,Not Started,0,1
514,RI-097-03,97,Issue,Performance margin may not meet the target,Technical,4,2,8,Medium,Supplier Manager,20251229,20260322,,2025-12-29,2026-03-22,,Open,Not Started,0,1
515,RI-097-04,97,Risk,Upstream data contract remains unresolved,Dependency,4,4,16,High,Release Manager,20260717,20260811,,2026-07-17,2026-08-11,,Monitoring,Completed,0,0
516,RI-097-05,97,Risk,Supplier lead time threatens the next gate,Schedule,2,4,8,Medium,Technical Lead,20260228,20260421,20260326,2026-02-28,2026-04-21,2026-03-26,Closed,Completed,0,0
517,RI-097-06,97,Risk,Shared engineer availability may delay delivery,Resource,5,3,15,High,Systems Lead,20260408,20260702,,2026-04-08,2026-07-02,,Mitigated,Completed,0,0
518,RI-097-07,97,Risk,Test environment availability may move the baseline,Schedule,4,3,12,High,Security Lead,20260721,20260811,20260729,2026-07-21,2026-08-11,2026-07-29,Closed,Completed,0,0
519,RI-098-01,98,Issue,Specialist rate mix is above plan,Cost,4,2,8,Medium,Finance Partner,20260525,20260703,,2026-05-25,2026-07-03,,Monitoring,In Progress,0,1
520,RI-098-02,98,Risk,Security approval is on the critical path — Connected Engineering Platform,Dependency,3,2,6,Medium,Data Lead,20260705,20260811,,2026-07-05,2026-08-11,,Mitigated,Completed,0,0
521,RI-098-03,98,Risk,Cloud run cost is trending above the baseline — Connected Engineering Platform,Cost,5,1,5,Low,Project Manager,20260805,20260811,,2026-08-05,2026-08-11,,Monitoring,In Progress,0,0
522,RI-098-04,98,Risk,Platform release timing may create a mismatch,Dependency,2,2,4,Low,Product Owner,20260801,20260811,,2026-08-01,2026-08-11,,Open,Not Started,0,0
523,RI-099-01,99,Risk,Pilot readiness depends on unresolved actions,Schedule,3,3,9,Medium,Release Manager,20260413,20260612,,2026-04-13,2026-06-12,,Open,In Progress,0,1
524,RI-099-02,99,Risk,Supplier lead time threatens the next gate,Schedule,4,4,16,High,Technical Lead,20260521,20260811,,2026-05-21,2026-08-11,,Monitoring,In Progress,0,0
525,RI-099-03,99,Issue,Backfill timing creates a capacity gap,Resource,2,4,8,Medium,Systems Lead,20260803,20260811,,2026-08-03,2026-08-11,,Mitigated,Completed,0,0
526,RI-100-01,100,Issue,Integration sequence may compress validation — Connected Engineering Integration,Schedule,2,2,4,Low,Product Owner,20251219,20260309,20260111,2025-12-19,2026-03-09,2026-01-11,Closed,Not Required,0,0
527,RI-100-02,100,Risk,Committed spend limits recovery options — Connected Engineering Integration,Cost,2,1,2,Low,Quality Lead,20260301,20260712,,2026-03-01,2026-07-12,,Mitigated,Completed,0,0
528,RI-100-03,100,Risk,Scope clarification may require a budget change — Connected Engineering Integration,Cost,1,2,2,Low,Finance Partner,20260415,20260714,,2026-04-15,2026-07-14,,Mitigated,Completed,0,0
529,RI-100-04,100,Risk,Supplier lead time threatens the next gate — Connected Engineering Integration,Schedule,3,2,6,Medium,Data Lead,20260412,20260608,20260630,2026-04-12,2026-06-08,2026-06-30,Closed,Completed,0,0
530,RI-100-05,100,Risk,Prototype result may require architecture rework — Connected Engineering Integration,Technical,4,3,12,High,Project Manager,20260730,20260811,,2026-07-30,2026-08-11,,Mitigated,Completed,0,0
531,RI-100-06,100,Risk,Upstream data contract remains unresolved — Connected Engineering Integration,Dependency,4,5,20,Critical,Product Owner,20260504,20260629,20260610,2026-05-04,2026-06-29,2026-06-10,Closed,Completed,0,0
532,RI-101-01,101,Risk,Rework could consume management reserve,Cost,2,3,6,Medium,Security Lead,20251122,20260211,,2025-11-22,2026-02-11,,Mitigated,Completed,0,0
533,RI-101-02,101,Issue,External interface decision is blocking delivery,Dependency,4,4,16,High,Supplier Manager,20260322,20260526,,2026-03-22,2026-05-26,,Mitigated,Completed,0,0
534,RI-101-03,101,Risk,Backfill timing creates a capacity gap — Connected Engineering Transformation,Resource,5,4,20,Critical,Release Manager,20260429,20260811,,2026-04-29,2026-08-11,,Open,Not Started,1,0
535,RI-102-01,102,Risk,Shared engineer availability may delay delivery — Connected Engineering Enablement,Resource,3,2,6,Medium,Data Lead,20260408,20260517,,2026-04-08,2026-05-17,,Mitigated,Completed,0,0
536,RI-102-02,102,Risk,Contractor transition may reduce throughput,Resource,1,2,2,Low,Project Manager,20260430,20260811,,2026-04-30,2026-08-11,,Open,In Progress,0,0
537,RI-102-03,102,Risk,Backfill timing creates a capacity gap,Resource,1,3,3,Low,Product Owner,20260808,20260811,,2026-08-08,2026-08-11,,Monitoring,In Progress,0,0
538,RI-102-04,102,Risk,Prototype result may require architecture rework,Technical,4,4,16,High,Quality Lead,20260626,20260811,,2026-06-26,2026-08-11,,Mitigated,Completed,0,0
539,RI-102-05,102,Risk,Competing portfolio priority constrains staffing,Resource,3,2,6,Medium,Finance Partner,20260224,20260604,20260611,2026-02-24,2026-06-04,2026-06-11,Closed,Completed,0,0
540,RI-102-06,102,Risk,Performance margin may not meet the target,Technical,3,3,9,Medium,Data Lead,20260526,20260801,20260707,2026-05-26,2026-08-01,2026-07-07,Closed,Completed,0,0
541,RI-102-07,102,Risk,Supplier lead time threatens the next gate,Schedule,2,1,2,Low,Project Manager,20260331,20260601,,2026-03-31,2026-06-01,,Mitigated,Completed,0,0
542,RI-103-01,103,Issue,Rework could consume management reserve — Connected Engineering Acceleration,Cost,3,5,15,High,Technical Lead,20260427,20260705,,2026-04-27,2026-07-05,,Open,In Progress,0,1
543,RI-103-02,103,Risk,Scope clarification may require a budget change — Connected Engineering Acceleration,Cost,2,2,4,Low,Systems Lead,20260624,20260811,,2026-06-24,2026-08-11,,Mitigated,Completed,0,0
544,RI-103-03,103,Risk,Technical debt may complicate integration,Technical,3,3,9,Medium,Security Lead,20260804,20260811,,2026-08-04,2026-08-11,,Open,In Progress,0,0
545,RI-103-04,103,Issue,Contractor transition may reduce throughput,Resource,3,5,15,High,Supplier Manager,20260612,20260720,,2026-06-12,2026-07-20,,Mitigated,Completed,0,0
546,RI-103-05,103,Issue,Late design decision may affect downstream work — Connected Engineering Acceleration,Schedule,3,4,12,High,Release Manager,20260607,20260811,,2026-06-07,2026-08-11,,Open,In Progress,0,0
547,RI-103-06,103,Risk,Scope clarification may require a budget change,Cost,3,5,15,High,Technical Lead,20260621,20260811,,2026-06-21,2026-08-11,,Monitoring,Completed,0,0
548,RI-103-07,103,Risk,Environment parity is not yet demonstrated,Technical,2,3,6,Medium,Systems Lead,20260306,20260614,,2026-03-06,2026-06-14,,Monitoring,In Progress,0,1
549,RI-104-01,104,Issue,Customer test access is not yet confirmed — Connected Engineering Orchestration,Dependency,1,2,2,Low,Quality Lead,20260608,20260811,20260727,2026-06-08,2026-08-11,2026-07-27,Closed,Completed,0,0
550,RI-104-02,104,Risk,Committed spend limits recovery options,Cost,3,2,6,Medium,Finance Partner,20260514,20260811,,2026-05-14,2026-08-11,,Monitoring,In Progress,0,0
551,RI-104-03,104,Issue,Committed spend limits recovery options — Connected Engineering Orchestration,Cost,3,2,6,Medium,Data Lead,20260410,20260522,20260607,2026-04-10,2026-05-22,2026-06-07,Closed,Completed,0,0
552,RI-104-04,104,Risk,Critical skill coverage is below demand,Resource,2,3,6,Medium,Project Manager,20260701,20260811,20260810,2026-07-01,2026-08-11,2026-08-10,Closed,Completed,0,0
553,RI-104-05,104,Risk,Scope clarification may require a budget change,Cost,5,3,15,High,Product Owner,20260515,20260716,20260604,2026-05-15,2026-07-16,2026-06-04,Closed,Completed,0,0
554,RI-104-06,104,Risk,Competing portfolio priority constrains staffing — Connected Engineering Orchestration,Resource,3,5,15,High,Quality Lead,20260619,20260811,,2026-06-19,2026-08-11,,Monitoring,In Progress,0,0
555,RI-105-01,105,Risk,Defect closure rate may miss the exit criterion — Connected Engineering Intelligence,Quality,3,3,9,Medium,Supplier Manager,20260421,20260724,20260809,2026-04-21,2026-07-24,2026-08-09,Closed,Completed,0,0
556,RI-105-02,105,Issue,Regression scope may exceed the test window,Quality,5,5,25,Critical,Release Manager,20260220,20260531,,2026-02-20,2026-05-31,,Mitigated,Completed,0,0
557,RI-105-03,105,Issue,Committed spend limits recovery options,Cost,3,2,6,Medium,Technical Lead,20260517,20260713,,2026-05-17,2026-07-13,,Mitigated,Completed,0,0
558,RI-105-04,105,Issue,Contractor transition may reduce throughput — Connected Engineering Intelligence,Resource,3,3,9,Medium,Systems Lead,20260622,20260811,,2026-06-22,2026-08-11,,Open,Not Started,0,0
559,RI-105-05,105,Risk,Contractor transition may reduce throughput,Resource,4,2,8,Medium,Security Lead,20251011,20260203,20251125,2025-10-11,2026-02-03,2025-11-25,Closed,Completed,0,0
560,RI-106-01,106,Risk,Verification evidence is incomplete — Connected Energy Modernization,Quality,4,2,8,Medium,Project Manager,20260303,20260704,20260415,2026-03-03,2026-07-04,2026-04-15,Closed,Not Required,0,0
561,RI-106-02,106,Risk,Integration sequence may compress validation,Schedule,3,3,9,Medium,Product Owner,20260123,20260413,,2026-01-23,2026-04-13,,Mitigated,Completed,0,0
562,RI-106-03,106,Risk,Rework could consume management reserve,Cost,3,1,3,Low,Quality Lead,20260808,20260811,20260808,2026-08-08,2026-08-11,2026-08-08,Closed,Completed,0,0
563,RI-106-04,106,Risk,Technical debt may complicate integration,Technical,5,3,15,High,Finance Partner,20260202,20260508,20260607,2026-02-02,2026-05-08,2026-06-07,Closed,Completed,0,0
564,RI-106-05,106,Risk,Security approval is on the critical path,Dependency,3,5,15,High,Data Lead,20260806,20260811,,2026-08-06,2026-08-11,,Monitoring,In Progress,0,0
565,RI-106-06,106,Risk,Pilot readiness depends on unresolved actions,Schedule,3,2,6,Medium,Project Manager,20260503,20260613,,2026-05-03,2026-06-13,,Mitigated,Completed,0,0
566,RI-106-07,106,Risk,Late design decision may affect downstream work — Connected Energy Modernization,Schedule,3,3,9,Medium,Product Owner,20260309,20260616,,2026-03-09,2026-06-16,,Monitoring,In Progress,0,1
567,RI-107-01,107,Risk,Environment parity is not yet demonstrated — Connected Energy Analytics,Technical,5,3,15,High,Systems Lead,20251109,20260113,,2025-11-09,2026-01-13,,Monitoring,In Progress,0,1
568,RI-107-02,107,Risk,Environment parity is not yet demonstrated,Technical,3,1,3,Low,Security Lead,20251203,20260303,20251209,2025-12-03,2026-03-03,2025-12-09,Closed,Completed,0,0
569,RI-107-03,107,Issue,Prototype result may require architecture rework — Connected Energy Analytics,Technical,2,3,6,Medium,Supplier Manager,20260207,20260628,20260418,2026-02-07,2026-06-28,2026-04-18,Closed,Completed,0,0
570,RI-107-04,107,Risk,Material quotation may exceed the estimate — Connected Energy Analytics,Cost,1,4,4,Low,Release Manager,20260211,20260401,20260318,2026-02-11,2026-04-01,2026-03-18,Closed,Not Required,0,0
571,RI-107-05,107,Risk,Review capacity is concentrated in one role,Resource,2,3,6,Medium,Technical Lead,20260511,20260725,,2026-05-11,2026-07-25,,Monitoring,In Progress,0,1
572,RI-107-06,107,Risk,Defect closure rate may miss the exit criterion — Connected Energy Analytics,Quality,2,5,10,Medium,Systems Lead,20260320,20260606,,2026-03-20,2026-06-06,,Mitigated,Completed,0,0
573,RI-107-07,107,Risk,Late design decision may affect downstream work — Connected Energy Analytics,Schedule,2,3,6,Medium,Security Lead,20260405,20260605,20260516,2026-04-05,2026-06-05,2026-05-16,Closed,Completed,0,0
574,RI-108-01,108,Risk,Interface behavior remains unproven,Technical,3,4,12,High,Finance Partner,20260312,20260803,,2026-03-12,2026-08-03,,Mitigated,Completed,0,0
575,RI-108-02,108,Risk,External interface decision is blocking delivery,Dependency,2,5,10,Medium,Data Lead,20260331,20260707,20260410,2026-03-31,2026-07-07,2026-04-10,Closed,Completed,0,0
576,RI-108-03,108,Risk,External interface decision is blocking delivery — Connected Energy Platform,Dependency,2,1,2,Low,Project Manager,20260602,20260811,,2026-06-02,2026-08-11,,Mitigated,Completed,0,0
577,RI-108-04,108,Risk,Traceability coverage requires remediation,Quality,3,3,9,Medium,Product Owner,20260804,20260811,,2026-08-04,2026-08-11,,Open,In Progress,0,0
578,RI-108-05,108,Risk,Material quotation may exceed the estimate,Cost,5,3,15,High,Quality Lead,20260328,20260604,,2026-03-28,2026-06-04,,Open,Not Started,0,1
579,RI-109-01,109,Issue,Legacy data quality could require redesign — Connected Energy Optimization,Technical,2,5,10,Medium,Release Manager,20260524,20260811,,2026-05-24,2026-08-11,,Open,Not Started,0,0
580,RI-109-02,109,Risk,Interface behavior remains unproven,Technical,4,5,20,Critical,Technical Lead,20260415,20260619,,2026-04-15,2026-06-19,,Mitigated,Completed,0,0
581,RI-109-03,109,Risk,Prototype result may require architecture rework,Technical,1,3,3,Low,Systems Lead,20251229,20260330,20260115,2025-12-29,2026-03-30,2026-01-15,Closed,Completed,0,0
582,RI-110-01,110,Issue,Rework could consume management reserve — Connected Energy Integration,Cost,1,3,3,Low,Product Owner,20260713,20260811,,2026-07-13,2026-08-11,,Monitoring,In Progress,0,0
583,RI-110-02,110,Risk,Review capacity is concentrated in one role — Connected Energy Integration,Resource,3,3,9,Medium,Quality Lead,20260219,20260608,,2026-02-19,2026-06-08,,Mitigated,Completed,0,0
584,RI-110-03,110,Risk,Review capacity is concentrated in one role,Resource,4,2,8,Medium,Finance Partner,20260128,20260311,,2026-01-28,2026-03-11,,Mitigated,Completed,0,0
585,RI-111-01,111,Risk,Upstream data contract remains unresolved,Dependency,2,4,8,Medium,Security Lead,20251213,20260409,,2025-12-13,2026-04-09,,Mitigated,Completed,0,0
586,RI-111-02,111,Issue,Pilot readiness depends on unresolved actions,Schedule,3,5,15,High,Supplier Manager,20260429,20260811,,2026-04-29,2026-08-11,,Monitoring,Completed,0,0
587,RI-111-03,111,Risk,Supplier lead time threatens the next gate — Connected Energy Transformation,Schedule,2,3,6,Medium,Release Manager,20251222,20260401,20260112,2025-12-22,2026-04-01,2026-01-12,Closed,Not Required,0,0
588,RI-111-04,111,Issue,Interface behavior remains unproven,Technical,4,4,16,High,Technical Lead,20260410,20260811,,2026-04-10,2026-08-11,,Open,Not Started,0,0
589,RI-111-05,111,Issue,Performance margin may not meet the target — Connected Energy Transformation,Technical,1,4,4,Low,Systems Lead,20260322,20260516,,2026-03-22,2026-05-16,,Mitigated,Completed,0,0
590,RI-112-01,112,Issue,Test environment availability may move the baseline — Connected Energy Enablement,Schedule,2,2,4,Low,Data Lead,20260511,20260720,20260615,2026-05-11,2026-07-20,2026-06-15,Closed,Completed,0,0
591,RI-112-02,112,Risk,Legacy data quality could require redesign — Connected Energy Enablement,Technical,2,3,6,Medium,Project Manager,20260422,20260716,,2026-04-22,2026-07-16,,Mitigated,Completed,0,0
592,RI-112-03,112,Risk,Legacy data quality could require redesign,Technical,4,3,12,High,Product Owner,20260310,20260509,,2026-03-10,2026-05-09,,Mitigated,Completed,0,0
593,RI-112-04,112,Risk,Defect closure rate may miss the exit criterion — Connected Energy Enablement,Quality,2,3,6,Medium,Quality Lead,20260725,20260811,,2026-07-25,2026-08-11,,Monitoring,In Progress,0,0
594,RI-112-05,112,Issue,Defect closure rate may miss the exit criterion,Quality,3,3,9,Medium,Finance Partner,20260315,20260608,,2026-03-15,2026-06-08,,Mitigated,Completed,0,0
595,RI-112-06,112,Risk,Critical skill coverage is below demand — Connected Energy Enablement,Resource,3,3,9,Medium,Data Lead,20260619,20260811,,2026-06-19,2026-08-11,,Monitoring,In Progress,0,0
596,RI-112-07,112,Issue,Review capacity is concentrated in one role — Connected Energy Enablement,Resource,3,4,12,High,Project Manager,20260529,20260811,,2026-05-29,2026-08-11,,Open,In Progress,0,0
597,RI-113-01,113,Risk,Platform release timing may create a mismatch,Dependency,4,4,16,High,Technical Lead,20260501,20260627,,2026-05-01,2026-06-27,,Mitigated,Completed,0,0
598,RI-113-02,113,Issue,Supplier lead time threatens the next gate — Connected Energy Acceleration,Schedule,4,3,12,High,Systems Lead,20260126,20260428,,2026-01-26,2026-04-28,,Mitigated,Completed,0,0
599,RI-113-03,113,Risk,Rework could consume management reserve,Cost,3,3,9,Medium,Security Lead,20260203,20260705,20260706,2026-02-03,2026-07-05,2026-07-06,Closed,Completed,0,0
600,RI-113-04,113,Risk,Late design decision may affect downstream work,Schedule,1,3,3,Low,Supplier Manager,20260731,20260811,,2026-07-31,2026-08-11,,Open,In Progress,0,0
601,RI-113-05,113,Risk,Test environment availability may move the baseline,Schedule,4,2,8,Medium,Release Manager,20260722,20260811,,2026-07-22,2026-08-11,,Mitigated,Completed,0,0
602,RI-113-06,113,Risk,Scope clarification may require a budget change — Connected Energy Acceleration,Cost,3,4,12,High,Technical Lead,20260405,20260808,,2026-04-05,2026-08-08,,Mitigated,Completed,0,0
603,RI-113-07,113,Issue,Review capacity is concentrated in one role — Connected Energy Acceleration,Resource,2,3,6,Medium,Systems Lead,20260701,20260811,,2026-07-01,2026-08-11,,Open,Not Started,0,0
604,RI-114-01,114,Risk,Committed spend limits recovery options,Cost,2,4,8,Medium,Quality Lead,20260309,20260514,,2026-03-09,2026-05-14,,Mitigated,Completed,0,0
605,RI-114-02,114,Risk,Scope clarification may require a budget change,Cost,1,1,1,Low,Finance Partner,20260617,20260803,,2026-06-17,2026-08-03,,Mitigated,Completed,0,0
606,RI-114-03,114,Issue,Legacy data quality could require redesign,Technical,3,3,9,Medium,Data Lead,20260731,20260811,,2026-07-31,2026-08-11,,Open,In Progress,0,0
607,RI-114-04,114,Risk,Defect closure rate may miss the exit criterion — Connected Energy Orchestration,Quality,5,4,20,Critical,Project Manager,20260303,20260702,,2026-03-03,2026-07-02,,Open,In Progress,1,1
608,RI-114-05,114,Issue,Critical skill coverage is below demand,Resource,2,4,8,Medium,Product Owner,20260716,20260811,,2026-07-16,2026-08-11,,Monitoring,In Progress,0,0
609,RI-115-01,115,Risk,Integration sequence may compress validation,Schedule,3,3,9,Medium,Supplier Manager,20260608,20260811,,2026-06-08,2026-08-11,,Monitoring,Completed,0,0
610,RI-115-02,115,Issue,Test environment availability may move the baseline,Schedule,2,4,8,Medium,Release Manager,20260520,20260811,,2026-05-20,2026-08-11,,Open,Not Started,0,0
611,RI-115-03,115,Risk,Vendor component readiness is uncertain,Dependency,3,2,6,Medium,Technical Lead,20260408,20260811,,2026-04-08,2026-08-11,,Monitoring,Completed,0,0
612,RI-115-04,115,Risk,Contractor transition may reduce throughput,Resource,1,2,2,Low,Systems Lead,20260714,20260811,,2026-07-14,2026-08-11,,Open,Not Started,0,0
613,RI-116-01,116,Risk,Defect closure rate may miss the exit criterion — Connected Service Modernization,Quality,2,4,8,Medium,Project Manager,20260303,20260729,20260505,2026-03-03,2026-07-29,2026-05-05,Closed,Completed,0,0
614,RI-116-02,116,Risk,External interface decision is blocking delivery — Connected Service Modernization,Dependency,3,2,6,Medium,Product Owner,20260603,20260811,,2026-06-03,2026-08-11,,Mitigated,Completed,0,0
615,RI-116-03,116,Issue,Critical skill coverage is below demand,Resource,3,3,9,Medium,Quality Lead,20251229,20260412,,2025-12-29,2026-04-12,,Mitigated,Completed,0,0
616,RI-117-01,117,Issue,Committed spend limits recovery options,Cost,2,4,8,Medium,Systems Lead,20260122,20260314,20260316,2026-01-22,2026-03-14,2026-03-16,Closed,Completed,0,0
617,RI-117-02,117,Issue,Shared engineer availability may delay delivery,Resource,1,3,3,Low,Security Lead,20260716,20260811,,2026-07-16,2026-08-11,,Open,In Progress,0,0
618,RI-117-03,117,Risk,Scope clarification may require a budget change — Connected Service Analytics,Cost,4,4,16,High,Supplier Manager,20260319,20260616,,2026-03-19,2026-06-16,,Mitigated,Completed,0,0
619,RI-117-04,117,Issue,Traceability coverage requires remediation — Connected Service Analytics,Quality,3,5,15,High,Release Manager,20260125,20260510,,2026-01-25,2026-05-10,,Monitoring,In Progress,0,1
620,RI-117-05,117,Risk,Cloud run cost is trending above the baseline,Cost,4,4,16,High,Technical Lead,20260721,20260811,,2026-07-21,2026-08-11,,Monitoring,In Progress,0,0
621,RI-117-06,117,Risk,Interface behavior remains unproven,Technical,4,5,20,Critical,Systems Lead,20260221,20260523,,2026-02-21,2026-05-23,,Mitigated,Completed,0,0
622,RI-117-07,117,Risk,Shared engineer availability may delay delivery — Connected Service Analytics,Resource,3,3,9,Medium,Security Lead,20260208,20260613,20260605,2026-02-08,2026-06-13,2026-06-05,Closed,Completed,0,0
623,RI-118-01,118,Issue,Contractor transition may reduce throughput — Connected Service Platform,Resource,2,3,6,Medium,Finance Partner,20260322,20260503,20260430,2026-03-22,2026-05-03,2026-04-30,Closed,Completed,0,0
624,RI-118-02,118,Issue,Integration sequence may compress validation — Connected Service Platform,Schedule,3,5,15,High,Data Lead,20260801,20260811,,2026-08-01,2026-08-11,,Open,In Progress,0,0
625,RI-118-03,118,Issue,Performance margin may not meet the target,Technical,4,4,16,High,Project Manager,20260510,20260706,,2026-05-10,2026-07-06,,Monitoring,In Progress,0,1
626,RI-119-01,119,Risk,Security approval is on the critical path,Dependency,2,2,4,Low,Release Manager,20251224,20260503,,2025-12-24,2026-05-03,,Monitoring,Completed,0,1
627,RI-119-02,119,Risk,Backfill timing creates a capacity gap,Resource,4,3,12,High,Technical Lead,20260318,20260723,20260705,2026-03-18,2026-07-23,2026-07-05,Closed,Completed,0,0
628,RI-119-03,119,Risk,Rework could consume management reserve,Cost,3,3,9,Medium,Systems Lead,20260105,20260313,20260301,2026-01-05,2026-03-13,2026-03-01,Closed,Completed,0,0
629,RI-119-04,119,Issue,Shared engineer availability may delay delivery,Resource,4,2,8,Medium,Security Lead,20260605,20260811,,2026-06-05,2026-08-11,,Open,Not Started,0,0
630,RI-119-05,119,Risk,Test environment availability may move the baseline,Schedule,1,3,3,Low,Supplier Manager,20260811,20260811,,2026-08-11,2026-08-11,,Open,In Progress,0,0
631,RI-120-01,120,Issue,Supplier lead time threatens the next gate — Connected Service Integration,Schedule,4,5,20,Critical,Product Owner,20260707,20260811,20260710,2026-07-07,2026-08-11,2026-07-10,Closed,Completed,0,0
632,RI-120-02,120,Issue,Committed spend limits recovery options,Cost,2,3,6,Medium,Quality Lead,20260608,20260730,,2026-06-08,2026-07-30,,Mitigated,Completed,0,0
633,RI-120-03,120,Risk,Interface behavior remains unproven,Technical,4,4,16,High,Finance Partner,20260705,20260811,,2026-07-05,2026-08-11,,Open,Not Started,0,0
634,RI-120-04,120,Risk,Defect closure rate may miss the exit criterion — Connected Service Integration,Quality,4,2,8,Medium,Data Lead,20260620,20260811,,2026-06-20,2026-08-11,,Open,In Progress,0,0
635,RI-121-01,121,Risk,Verification evidence is incomplete,Quality,3,4,12,High,Security Lead,20260206,20260407,,2026-02-06,2026-04-07,,Monitoring,In Progress,0,1
636,RI-121-02,121,Risk,Backfill timing creates a capacity gap,Resource,3,5,15,High,Supplier Manager,20260322,20260708,20260725,2026-03-22,2026-07-08,2026-07-25,Closed,Completed,0,0
637,RI-121-03,121,Risk,Specialist rate mix is above plan — Connected Service Transformation,Cost,4,3,12,High,Release Manager,20260405,20260525,20260612,2026-04-05,2026-05-25,2026-06-12,Closed,Completed,0,0
638,RI-121-04,121,Risk,Environment parity is not yet demonstrated — Connected Service Transformation,Technical,2,3,6,Medium,Technical Lead,20260402,20260605,,2026-04-02,2026-06-05,,Monitoring,In Progress,0,1
639,RI-121-05,121,Issue,Integration sequence may compress validation — Connected Service Transformation,Schedule,4,4,16,High,Systems Lead,20260409,20260521,,2026-04-09,2026-05-21,,Open,Not Started,0,1
640,RI-121-06,121,Issue,Technical debt may complicate integration,Technical,3,3,9,Medium,Security Lead,20260630,20260811,,2026-06-30,2026-08-11,,Open,In Progress,0,0
641,RI-122-01,122,Risk,Critical skill coverage is below demand,Resource,2,5,10,Medium,Data Lead,20260629,20260811,,2026-06-29,2026-08-11,,Open,In Progress,0,0
642,RI-122-02,122,Risk,Test environment availability may move the baseline,Schedule,2,4,8,Medium,Project Manager,20260522,20260811,,2026-05-22,2026-08-11,,Monitoring,In Progress,0,0
643,RI-122-03,122,Risk,Pilot readiness depends on unresolved actions — Connected Service Enablement,Schedule,1,1,1,Low,Product Owner,20260328,20260608,,2026-03-28,2026-06-08,,Monitoring,Completed,0,1
644,RI-122-04,122,Risk,Regression scope may exceed the test window — Connected Service Enablement,Quality,1,2,2,Low,Quality Lead,20260212,20260513,20260212,2026-02-12,2026-05-13,2026-02-12,Closed,Completed,0,0
645,RI-122-05,122,Risk,Competing portfolio priority constrains staffing,Resource,4,3,12,High,Finance Partner,20260328,20260803,,2026-03-28,2026-08-03,,Open,Not Started,0,1
646,RI-123-01,123,Risk,Committed spend limits recovery options — Connected Service Acceleration,Cost,4,3,12,High,Technical Lead,20260114,20260508,,2026-01-14,2026-05-08,,Monitoring,In Progress,0,1
647,RI-123-02,123,Risk,Platform release timing may create a mismatch,Dependency,3,2,6,Medium,Systems Lead,20260131,20260407,,2026-01-31,2026-04-07,,Mitigated,Completed,0,0
648,RI-123-03,123,Risk,Acceptance criteria remain partially ambiguous,Quality,3,2,6,Medium,Security Lead,20260501,20260711,20260603,2026-05-01,2026-07-11,2026-06-03,Closed,Completed,0,0
649,RI-123-04,123,Risk,Legacy data quality could require redesign,Technical,5,2,10,Medium,Supplier Manager,20260205,20260420,,2026-02-05,2026-04-20,,Mitigated,Completed,0,0
650,RI-123-05,123,Risk,Late design decision may affect downstream work,Schedule,3,3,9,Medium,Release Manager,20260514,20260729,,2026-05-14,2026-07-29,,Open,Not Started,0,1
651,RI-124-01,124,Risk,Legacy data quality could require redesign — Connected Service Orchestration,Technical,3,2,6,Medium,Quality Lead,20260711,20260811,,2026-07-11,2026-08-11,,Open,In Progress,0,0
652,RI-124-02,124,Risk,Late design decision may affect downstream work,Schedule,2,3,6,Medium,Finance Partner,20260804,20260811,,2026-08-04,2026-08-11,,Monitoring,Completed,0,0
653,RI-124-03,124,Risk,Technical debt may complicate integration — Connected Service Orchestration,Technical,3,3,9,Medium,Data Lead,20260716,20260811,,2026-07-16,2026-08-11,,Monitoring,In Progress,0,0
654,RI-124-04,124,Issue,Material quotation may exceed the estimate,Cost,3,4,12,High,Project Manager,20260701,20260811,20260722,2026-07-01,2026-08-11,2026-07-22,Closed,Completed,0,0
655,RI-125-01,125,Issue,Legacy data quality could require redesign — Connected Service Intelligence,Technical,2,4,8,Medium,Supplier Manager,20260429,20260704,,2026-04-29,2026-07-04,,Mitigated,Completed,0,0
656,RI-125-02,125,Issue,Committed spend limits recovery options — Connected Service Intelligence,Cost,3,3,9,Medium,Release Manager,20260720,20260811,,2026-07-20,2026-08-11,,Open,Not Started,0,0
657,RI-125-03,125,Risk,Cloud run cost is trending above the baseline — Connected Service Intelligence,Cost,5,5,25,Critical,Technical Lead,20260215,20260322,,2026-02-15,2026-03-22,,Mitigated,Completed,0,0
658,RI-125-04,125,Risk,Rework could consume management reserve,Cost,5,1,5,Low,Systems Lead,20260620,20260811,,2026-06-20,2026-08-11,,Open,Not Started,0,0
659,RI-125-05,125,Risk,Environment parity is not yet demonstrated,Technical,2,2,4,Low,Security Lead,20260520,20260802,20260719,2026-05-20,2026-08-02,2026-07-19,Closed,Completed,0,0
660,RI-126-01,126,Risk,Cloud run cost is trending above the baseline,Cost,4,1,4,Low,Project Manager,20260322,20260502,,2026-03-22,2026-05-02,,Mitigated,Completed,0,0
661,RI-126-02,126,Risk,Backfill timing creates a capacity gap — Industrial Asset Modernization,Resource,5,5,25,Critical,Product Owner,20260227,20260607,20260307,2026-02-27,2026-06-07,2026-03-07,Closed,Completed,0,0
662,RI-126-03,126,Risk,Integration sequence may compress validation,Schedule,2,4,8,Medium,Quality Lead,20260111,20260403,,2026-01-11,2026-04-03,,Open,In Progress,0,1
663,RI-127-01,127,Risk,Performance margin may not meet the target,Technical,3,2,6,Medium,Systems Lead,20260429,20260704,20260505,2026-04-29,2026-07-04,2026-05-05,Closed,Completed,0,0
664,RI-127-02,127,Risk,Shared engineer availability may delay delivery,Resource,2,2,4,Low,Security Lead,20260418,20260806,20260626,2026-04-18,2026-08-06,2026-06-26,Closed,Completed,0,0
665,RI-127-03,127,Risk,Competing portfolio priority constrains staffing,Resource,3,4,12,High,Supplier Manager,20260726,20260811,,2026-07-26,2026-08-11,,Open,Not Started,0,0
666,RI-127-04,127,Risk,Environment parity is not yet demonstrated — Industrial Asset Analytics,Technical,3,3,9,Medium,Release Manager,20260528,20260726,20260713,2026-05-28,2026-07-26,2026-07-13,Closed,Not Required,0,0
667,RI-127-05,127,Risk,Supplier lead time threatens the next gate,Schedule,3,2,6,Medium,Technical Lead,20260722,20260811,,2026-07-22,2026-08-11,,Open,Not Started,0,0
668,RI-127-06,127,Risk,Cloud run cost is trending above the baseline,Cost,3,3,9,Medium,Systems Lead,20260713,20260811,,2026-07-13,2026-08-11,,Mitigated,Completed,0,0
669,RI-128-01,128,Risk,Prototype result may require architecture rework — Industrial Asset Platform,Technical,3,5,15,High,Finance Partner,20260708,20260811,,2026-07-08,2026-08-11,,Open,In Progress,0,0
670,RI-128-02,128,Risk,Review capacity is concentrated in one role,Resource,4,2,8,Medium,Data Lead,20260105,20260226,,2026-01-05,2026-02-26,,Mitigated,Completed,0,0
671,RI-128-03,128,Risk,Security approval is on the critical path,Dependency,5,1,5,Low,Project Manager,20260409,20260622,20260601,2026-04-09,2026-06-22,2026-06-01,Closed,Completed,0,0
672,RI-128-04,128,Risk,Platform release timing may create a mismatch,Dependency,3,4,12,High,Product Owner,20260206,20260522,,2026-02-06,2026-05-22,,Open,Not Started,0,1
673,RI-128-05,128,Risk,Vendor component readiness is uncertain — Industrial Asset Platform,Dependency,3,2,6,Medium,Quality Lead,20260720,20260811,,2026-07-20,2026-08-11,,Monitoring,In Progress,0,0
674,RI-129-01,129,Risk,Technical debt may complicate integration — Industrial Asset Optimization,Technical,4,2,8,Medium,Release Manager,20260614,20260811,,2026-06-14,2026-08-11,,Monitoring,In Progress,0,0
675,RI-129-02,129,Risk,Interface behavior remains unproven,Technical,4,4,16,High,Technical Lead,20260503,20260707,,2026-05-03,2026-07-07,,Mitigated,Completed,0,0
676,RI-129-03,129,Risk,Contractor transition may reduce throughput,Resource,3,3,9,Medium,Systems Lead,20260607,20260811,,2026-06-07,2026-08-11,,Open,In Progress,0,0
677,RI-129-04,129,Issue,Legacy data quality could require redesign — Industrial Asset Optimization,Technical,4,3,12,High,Security Lead,20260520,20260811,20260611,2026-05-20,2026-08-11,2026-06-11,Closed,Completed,0,0
678,RI-129-05,129,Risk,Verification evidence is incomplete — Industrial Asset Optimization,Quality,2,3,6,Medium,Supplier Manager,20260709,20260811,,2026-07-09,2026-08-11,,Mitigated,Completed,0,0
679,RI-129-06,129,Issue,Scope clarification may require a budget change — Industrial Asset Optimization,Cost,3,3,9,Medium,Release Manager,20260718,20260811,,2026-07-18,2026-08-11,,Monitoring,In Progress,0,0
680,RI-130-01,130,Risk,Specialist rate mix is above plan — Industrial Asset Integration,Cost,2,2,4,Low,Product Owner,20251127,20260207,,2025-11-27,2026-02-07,,Open,Not Started,0,1
681,RI-130-02,130,Risk,Cloud run cost is trending above the baseline — Industrial Asset Integration,Cost,2,3,6,Medium,Quality Lead,20260304,20260614,20260331,2026-03-04,2026-06-14,2026-03-31,Closed,Completed,0,0
682,RI-130-03,130,Issue,Security approval is on the critical path — Industrial Asset Integration,Dependency,3,4,12,High,Finance Partner,20260205,20260611,,2026-02-05,2026-06-11,,Monitoring,Completed,0,1
683,RI-130-04,130,Risk,Committed spend limits recovery options — Industrial Asset Integration,Cost,2,4,8,Medium,Data Lead,20251005,20260203,,2025-10-05,2026-02-03,,Mitigated,Completed,0,0
684,RI-130-05,130,Issue,Performance margin may not meet the target,Technical,2,4,8,Medium,Project Manager,20251030,20260116,20251228,2025-10-30,2026-01-16,2025-12-28,Closed,Completed,0,0
685,RI-130-06,130,Risk,Field issue recurrence needs containment — Industrial Asset Integration,Quality,1,3,3,Low,Product Owner,20260325,20260612,,2026-03-25,2026-06-12,,Mitigated,Completed,0,0
686,RI-130-07,130,Issue,Scope clarification may require a budget change — Industrial Asset Integration,Cost,4,3,12,High,Quality Lead,20260503,20260621,,2026-05-03,2026-06-21,,Open,Not Started,0,1
687,RI-131-01,131,Risk,Traceability coverage requires remediation,Quality,3,3,9,Medium,Security Lead,20260309,20260515,,2026-03-09,2026-05-15,,Mitigated,Completed,0,0
688,RI-131-02,131,Issue,Legacy data quality could require redesign,Technical,4,3,12,High,Supplier Manager,20251023,20260104,,2025-10-23,2026-01-04,,Monitoring,In Progress,0,1
689,RI-131-03,131,Risk,Legacy data quality could require redesign,Technical,2,3,6,Medium,Release Manager,20260502,20260702,,2026-05-02,2026-07-02,,Monitoring,In Progress,0,1
690,RI-132-01,132,Risk,Test environment availability may move the baseline,Schedule,4,2,8,Medium,Data Lead,20260428,20260811,,2026-04-28,2026-08-11,,Open,Not Started,0,0
691,RI-132-02,132,Issue,Backfill timing creates a capacity gap,Resource,5,5,25,Critical,Project Manager,20260503,20260628,,2026-05-03,2026-06-28,,Monitoring,In Progress,1,1
692,RI-132-03,132,Issue,Late design decision may affect downstream work,Schedule,2,4,8,Medium,Product Owner,20260627,20260811,,2026-06-27,2026-08-11,,Monitoring,In Progress,0,0
693,RI-132-04,132,Issue,Defect closure rate may miss the exit criterion,Quality,1,4,4,Low,Quality Lead,20260412,20260811,20260623,2026-04-12,2026-08-11,2026-06-23,Closed,Completed,0,0
694,RI-133-01,133,Issue,Performance margin may not meet the target,Technical,2,5,10,Medium,Technical Lead,20260421,20260605,,2026-04-21,2026-06-05,,Mitigated,Completed,0,0
695,RI-133-02,133,Issue,Committed spend limits recovery options,Cost,2,3,6,Medium,Systems Lead,20260531,20260811,,2026-05-31,2026-08-11,,Monitoring,Completed,0,0
696,RI-133-03,133,Risk,External interface decision is blocking delivery,Dependency,4,4,16,High,Security Lead,20260228,20260619,,2026-02-28,2026-06-19,,Mitigated,Completed,0,0
697,RI-133-04,133,Risk,Contractor transition may reduce throughput,Resource,2,4,8,Medium,Supplier Manager,20260626,20260811,,2026-06-26,2026-08-11,,Mitigated,Completed,0,0
698,RI-133-05,133,Risk,Competing portfolio priority constrains staffing,Resource,2,3,6,Medium,Release Manager,20260622,20260811,20260724,2026-06-22,2026-08-11,2026-07-24,Closed,Completed,0,0
699,RI-133-06,133,Issue,Field issue recurrence needs containment — Industrial Asset Acceleration,Quality,3,3,9,Medium,Technical Lead,20260315,20260803,,2026-03-15,2026-08-03,,Mitigated,Completed,0,0
700,RI-134-01,134,Risk,Prototype result may require architecture rework — Industrial Asset Orchestration,Technical,2,4,8,Medium,Quality Lead,20260519,20260811,,2026-05-19,2026-08-11,,Monitoring,In Progress,0,0
701,RI-134-02,134,Risk,Committed spend limits recovery options,Cost,3,2,6,Medium,Finance Partner,20260605,20260811,20260619,2026-06-05,2026-08-11,2026-06-19,Closed,Completed,0,0
702,RI-134-03,134,Risk,Field issue recurrence needs containment,Quality,3,2,6,Medium,Data Lead,20260801,20260811,,2026-08-01,2026-08-11,,Open,Not Started,0,0
703,RI-134-04,134,Risk,External interface decision is blocking delivery — Industrial Asset Orchestration,Dependency,2,5,10,Medium,Project Manager,20260412,20260804,,2026-04-12,2026-08-04,,Open,In Progress,0,1
704,RI-134-05,134,Risk,Shared engineer availability may delay delivery,Resource,3,2,6,Medium,Product Owner,20260703,20260811,,2026-07-03,2026-08-11,,Open,Not Started,0,0
705,RI-135-01,135,Issue,Security approval is on the critical path — Industrial Asset Intelligence,Dependency,3,2,6,Medium,Supplier Manager,20260302,20260614,20260317,2026-03-02,2026-06-14,2026-03-17,Closed,Completed,0,0
706,RI-135-02,135,Risk,Interface behavior remains unproven — Industrial Asset Intelligence,Technical,3,4,12,High,Release Manager,20260609,20260811,,2026-06-09,2026-08-11,,Open,In Progress,0,0
707,RI-135-03,135,Issue,Backfill timing creates a capacity gap — Industrial Asset Intelligence,Resource,4,3,12,High,Technical Lead,20260224,20260417,,2026-02-24,2026-04-17,,Mitigated,Completed,0,0
708,RI-135-04,135,Issue,Technical debt may complicate integration — Industrial Asset Intelligence,Technical,1,3,3,Low,Systems Lead,20260318,20260613,20260321,2026-03-18,2026-06-13,2026-03-21,Closed,Completed,0,0
709,RI-135-05,135,Risk,Review capacity is concentrated in one role — Industrial Asset Intelligence,Resource,2,2,4,Low,Security Lead,20260508,20260811,,2026-05-08,2026-08-11,,Open,Not Started,0,0
710,RI-135-06,135,Risk,Performance margin may not meet the target,Technical,2,3,6,Medium,Supplier Manager,20260805,20260811,,2026-08-05,2026-08-11,,Open,In Progress,0,0
711,RI-135-07,135,Risk,Release window has limited recovery float,Schedule,3,5,15,High,Release Manager,20260215,20260521,,2026-02-15,2026-05-21,,Monitoring,Completed,0,1
712,RI-136-01,136,Issue,Backfill timing creates a capacity gap,Resource,1,3,3,Low,Project Manager,20260806,20260811,,2026-08-06,2026-08-11,,Open,Not Started,0,0
713,RI-136-02,136,Issue,Integration sequence may compress validation — Industrial Operations Modernization,Schedule,3,3,9,Medium,Product Owner,20260616,20260811,,2026-06-16,2026-08-11,,Open,Not Started,0,0
714,RI-136-03,136,Risk,Supplier lead time threatens the next gate,Schedule,3,3,9,Medium,Quality Lead,20260410,20260614,20260627,2026-04-10,2026-06-14,2026-06-27,Closed,Completed,0,0
715,RI-137-01,137,Risk,Regression scope may exceed the test window — Industrial Operations Analytics,Quality,3,2,6,Medium,Systems Lead,20251026,20260114,20260130,2025-10-26,2026-01-14,2026-01-30,Closed,Completed,0,0
716,RI-137-02,137,Risk,Cloud run cost is trending above the baseline,Cost,4,5,20,Critical,Security Lead,20260216,20260502,,2026-02-16,2026-05-02,,Mitigated,Completed,0,0
717,RI-137-03,137,Risk,Cloud run cost is trending above the baseline,Cost,4,3,12,High,Supplier Manager,20251122,20260212,20251130,2025-11-22,2026-02-12,2025-11-30,Closed,Completed,0,0
718,RI-137-04,137,Risk,Traceability coverage requires remediation,Quality,2,3,6,Medium,Release Manager,20251116,20260326,20260328,2025-11-16,2026-03-26,2026-03-28,Closed,Completed,0,0
719,RI-138-01,138,Risk,Platform release timing may create a mismatch,Dependency,3,2,6,Medium,Finance Partner,20260731,20260811,20260804,2026-07-31,2026-08-11,2026-08-04,Closed,Not Required,0,0
720,RI-138-02,138,Risk,Supplier lead time threatens the next gate,Schedule,3,4,12,High,Data Lead,20260624,20260811,,2026-06-24,2026-08-11,,Open,Not Started,0,0
721,RI-138-03,138,Risk,Prototype result may require architecture rework — Industrial Operations Platform,Technical,3,3,9,Medium,Project Manager,20260611,20260728,20260705,2026-06-11,2026-07-28,2026-07-05,Closed,Completed,0,0
722,RI-138-04,138,Risk,Pilot readiness depends on unresolved actions — Industrial Operations Platform,Schedule,2,4,8,Medium,Product Owner,20260701,20260811,,2026-07-01,2026-08-11,,Monitoring,In Progress,0,0
723,RI-138-05,138,Risk,Environment parity is not yet demonstrated,Technical,2,3,6,Medium,Quality Lead,20260802,20260811,20260808,2026-08-02,2026-08-11,2026-08-08,Closed,Completed,0,0
724,RI-139-01,139,Risk,Field issue recurrence needs containment — Industrial Operations Optimization,Quality,3,5,15,High,Release Manager,20260131,20260424,,2026-01-31,2026-04-24,,Open,Not Started,0,1
725,RI-139-02,139,Issue,Defect closure rate may miss the exit criterion — Industrial Operations Optimization,Quality,3,3,9,Medium,Technical Lead,20260312,20260502,,2026-03-12,2026-05-02,,Mitigated,Completed,0,0
726,RI-139-03,139,Risk,Technical debt may complicate integration,Technical,3,4,12,High,Systems Lead,20260320,20260517,,2026-03-20,2026-05-17,,Monitoring,Completed,0,1
727,RI-139-04,139,Issue,External interface decision is blocking delivery,Dependency,2,4,8,Medium,Security Lead,20260404,20260808,20260707,2026-04-04,2026-08-08,2026-07-07,Closed,Completed,0,0
728,RI-140-01,140,Risk,Release window has limited recovery float — Industrial Operations Integration,Schedule,5,4,20,Critical,Product Owner,20260601,20260810,20260612,2026-06-01,2026-08-10,2026-06-12,Closed,Completed,0,0
729,RI-140-02,140,Risk,Legacy data quality could require redesign — Industrial Operations Integration,Technical,2,3,6,Medium,Quality Lead,20260411,20260802,20260618,2026-04-11,2026-08-02,2026-06-18,Closed,Completed,0,0
730,RI-140-03,140,Issue,Platform release timing may create a mismatch — Industrial Operations Integration,Dependency,5,3,15,High,Finance Partner,20260806,20260811,,2026-08-06,2026-08-11,,Monitoring,In Progress,0,0
731,RI-141-01,141,Issue,Performance margin may not meet the target — Industrial Operations Transformation,Technical,3,3,9,Medium,Security Lead,20260611,20260811,,2026-06-11,2026-08-11,,Mitigated,Completed,0,0
732,RI-141-02,141,Risk,Competing portfolio priority constrains staffing — Industrial Operations Transformation,Resource,2,4,8,Medium,Supplier Manager,20260624,20260806,20260708,2026-06-24,2026-08-06,2026-07-08,Closed,Completed,0,0
733,RI-141-03,141,Risk,Scope clarification may require a budget change — Industrial Operations Transformation,Cost,4,3,12,High,Release Manager,20260425,20260811,,2026-04-25,2026-08-11,,Monitoring,In Progress,0,0
734,RI-141-04,141,Risk,Supplier lead time threatens the next gate,Schedule,1,3,3,Low,Technical Lead,20260429,20260802,20260708,2026-04-29,2026-08-02,2026-07-08,Closed,Completed,0,0
735,RI-142-01,142,Issue,Late design decision may affect downstream work — Industrial Operations Enablement,Schedule,4,3,12,High,Data Lead,20260713,20260811,,2026-07-13,2026-08-11,,Open,In Progress,0,0
736,RI-142-02,142,Risk,Test environment availability may move the baseline,Schedule,4,2,8,Medium,Project Manager,20260312,20260501,,2026-03-12,2026-05-01,,Mitigated,Completed,0,0
737,RI-142-03,142,Risk,Scope clarification may require a budget change — Industrial Operations Enablement,Cost,4,1,4,Low,Product Owner,20260207,20260514,,2026-02-07,2026-05-14,,Monitoring,In Progress,0,1
738,RI-142-04,142,Issue,Review capacity is concentrated in one role — Industrial Operations Enablement,Resource,3,2,6,Medium,Quality Lead,20260727,20260811,,2026-07-27,2026-08-11,,Open,Not Started,0,0
739,RI-142-05,142,Risk,Acceptance criteria remain partially ambiguous — Industrial Operations Enablement,Quality,3,3,9,Medium,Finance Partner,20260118,20260424,20260427,2026-01-18,2026-04-24,2026-04-27,Closed,Completed,0,0
740,RI-143-01,143,Risk,Customer test access is not yet confirmed,Dependency,4,3,12,High,Technical Lead,20251218,20260327,20260120,2025-12-18,2026-03-27,2026-01-20,Closed,Completed,0,0
741,RI-143-02,143,Issue,External interface decision is blocking delivery,Dependency,3,4,12,High,Systems Lead,20260330,20260731,,2026-03-30,2026-07-31,,Mitigated,Completed,0,0
742,RI-143-03,143,Risk,Legacy data quality could require redesign — Industrial Operations Acceleration,Technical,5,3,15,High,Security Lead,20260223,20260504,20260314,2026-02-23,2026-05-04,2026-03-14,Closed,Completed,0,0
743,RI-143-04,143,Issue,Platform release timing may create a mismatch,Dependency,3,4,12,High,Supplier Manager,20251205,20260406,20260106,2025-12-05,2026-04-06,2026-01-06,Closed,Completed,0,0
744,RI-143-05,143,Risk,Interface behavior remains unproven,Technical,3,2,6,Medium,Release Manager,20260604,20260811,,2026-06-04,2026-08-11,,Open,Not Started,0,0
745,RI-144-01,144,Issue,Late design decision may affect downstream work,Schedule,2,4,8,Medium,Quality Lead,20260205,20260320,,2026-02-05,2026-03-20,,Open,Not Started,0,1
746,RI-144-02,144,Risk,Critical skill coverage is below demand,Resource,3,3,9,Medium,Finance Partner,20260411,20260724,,2026-04-11,2026-07-24,,Mitigated,Completed,0,0
747,RI-144-03,144,Risk,Acceptance criteria remain partially ambiguous,Quality,4,4,16,High,Data Lead,20260201,20260423,20260430,2026-02-01,2026-04-23,2026-04-30,Closed,Not Required,0,0
748,RI-144-04,144,Risk,Specialist rate mix is above plan,Cost,4,4,16,High,Project Manager,20260405,20260719,,2026-04-05,2026-07-19,,Open,In Progress,0,1
749,RI-145-01,145,Risk,Legacy data quality could require redesign,Technical,3,3,9,Medium,Supplier Manager,20260311,20260428,,2026-03-11,2026-04-28,,Mitigated,Completed,0,0
750,RI-145-02,145,Risk,Upstream data contract remains unresolved — Industrial Operations Intelligence,Dependency,3,3,9,Medium,Release Manager,20260310,20260501,20260519,2026-03-10,2026-05-01,2026-05-19,Closed,Completed,0,0
751,RI-145-03,145,Risk,Competing portfolio priority constrains staffing,Resource,3,1,3,Low,Technical Lead,20260307,20260624,,2026-03-07,2026-06-24,,Mitigated,Completed,0,0
752,RI-145-04,145,Risk,Shared engineer availability may delay delivery — Industrial Operations Intelligence,Resource,2,5,10,Medium,Systems Lead,20260409,20260811,,2026-04-09,2026-08-11,,Monitoring,Completed,0,0
753,RI-145-05,145,Issue,Cloud run cost is trending above the baseline — Industrial Operations Intelligence,Cost,2,3,6,Medium,Security Lead,20260409,20260616,20260508,2026-04-09,2026-06-16,2026-05-08,Closed,Completed,0,0
754,RI-145-06,145,Issue,Legacy data quality could require redesign — Industrial Operations Intelligence,Technical,2,3,6,Medium,Supplier Manager,20260228,20260418,20260506,2026-02-28,2026-04-18,2026-05-06,Closed,Not Required,0,0
755,RI-145-07,145,Risk,Supplier lead time threatens the next gate,Schedule,3,2,6,Medium,Release Manager,20260125,20260417,,2026-01-25,2026-04-17,,Mitigated,Completed,0,0
756,RI-146-01,146,Risk,Environment parity is not yet demonstrated — Industrial Reliability Modernization,Technical,5,3,15,High,Project Manager,20260507,20260715,20260508,2026-05-07,2026-07-15,2026-05-08,Closed,Completed,0,0
757,RI-146-02,146,Risk,Backfill timing creates a capacity gap — Industrial Reliability Modernization,Resource,3,3,9,Medium,Product Owner,20260319,20260614,20260402,2026-03-19,2026-06-14,2026-04-02,Closed,Completed,0,0
758,RI-146-03,146,Risk,Prototype result may require architecture rework — Industrial Reliability Modernization,Technical,4,4,16,High,Quality Lead,20260416,20260616,20260507,2026-04-16,2026-06-16,2026-05-07,Closed,Completed,0,0
759,RI-146-04,146,Risk,Pilot readiness depends on unresolved actions — Industrial Reliability Modernization,Schedule,2,1,2,Low,Finance Partner,20260803,20260811,,2026-08-03,2026-08-11,,Mitigated,Completed,0,0
760,RI-146-05,146,Issue,Prototype result may require architecture rework,Technical,2,4,8,Medium,Data Lead,20260329,20260811,,2026-03-29,2026-08-11,,Mitigated,Completed,0,0
761,RI-147-01,147,Risk,Critical skill coverage is below demand,Resource,2,4,8,Medium,Systems Lead,20260716,20260811,,2026-07-16,2026-08-11,,Open,Not Started,0,0
762,RI-147-02,147,Risk,Backfill timing creates a capacity gap — Industrial Reliability Analytics,Resource,3,1,3,Low,Security Lead,20260206,20260622,,2026-02-06,2026-06-22,,Monitoring,In Progress,0,1
763,RI-147-03,147,Risk,External interface decision is blocking delivery — Industrial Reliability Analytics,Dependency,1,2,2,Low,Supplier Manager,20260706,20260811,,2026-07-06,2026-08-11,,Open,Not Started,0,0
764,RI-148-01,148,Issue,Platform release timing may create a mismatch — Industrial Reliability Platform,Dependency,1,2,2,Low,Finance Partner,20260525,20260717,,2026-05-25,2026-07-17,,Monitoring,In Progress,0,1
765,RI-148-02,148,Risk,Legacy data quality could require redesign,Technical,1,3,3,Low,Data Lead,20260715,20260811,,2026-07-15,2026-08-11,,Monitoring,In Progress,0,0
766,RI-148-03,148,Risk,Performance margin may not meet the target,Technical,3,4,12,High,Project Manager,20260726,20260811,,2026-07-26,2026-08-11,,Open,In Progress,0,0
767,RI-148-04,148,Risk,Upstream data contract remains unresolved,Dependency,4,4,16,High,Product Owner,20260525,20260811,,2026-05-25,2026-08-11,,Open,In Progress,0,0
768,RI-149-01,149,Issue,Vendor component readiness is uncertain,Dependency,4,4,16,High,Release Manager,20260518,20260811,,2026-05-18,2026-08-11,,Open,Not Started,0,0
769,RI-149-02,149,Risk,Contractor transition may reduce throughput — Industrial Reliability Optimization,Resource,2,4,8,Medium,Technical Lead,20260505,20260723,,2026-05-05,2026-07-23,,Monitoring,In Progress,0,1
770,RI-149-03,149,Issue,Acceptance criteria remain partially ambiguous — Industrial Reliability Optimization,Quality,4,4,16,High,Systems Lead,20260702,20260811,20260718,2026-07-02,2026-08-11,2026-07-18,Closed,Completed,0,0
771,RI-149-04,149,Risk,Review capacity is concentrated in one role — Industrial Reliability Optimization,Resource,5,3,15,High,Security Lead,20260720,20260811,,2026-07-20,2026-08-11,,Open,In Progress,0,0
772,RI-149-05,149,Risk,Customer test access is not yet confirmed — Industrial Reliability Optimization,Dependency,4,1,4,Low,Supplier Manager,20260621,20260811,,2026-06-21,2026-08-11,,Monitoring,In Progress,0,0
773,RI-149-06,149,Issue,Competing portfolio priority constrains staffing,Resource,2,4,8,Medium,Release Manager,20260423,20260803,,2026-04-23,2026-08-03,,Monitoring,In Progress,0,1
774,RI-150-01,150,Risk,Specialist rate mix is above plan — Industrial Reliability Integration,Cost,4,4,16,High,Product Owner,20260811,20260811,,2026-08-11,2026-08-11,,Open,In Progress,0,0
775,RI-150-02,150,Risk,Rework could consume management reserve — Industrial Reliability Integration,Cost,3,3,9,Medium,Quality Lead,20260802,20260811,,2026-08-02,2026-08-11,,Monitoring,In Progress,0,0
776,RI-150-03,150,Risk,Environment parity is not yet demonstrated — Industrial Reliability Integration,Technical,4,4,16,High,Finance Partner,20260627,20260811,,2026-06-27,2026-08-11,,Monitoring,In Progress,0,0
777,RI-151-01,151,Risk,Scope clarification may require a budget change — Industrial Reliability Transformation,Cost,3,4,12,High,Security Lead,20260117,20260317,20260406,2026-01-17,2026-03-17,2026-04-06,Closed,Completed,0,0
778,RI-151-02,151,Issue,Integration sequence may compress validation,Schedule,3,3,9,Medium,Supplier Manager,20251112,20260210,20251213,2025-11-12,2026-02-10,2025-12-13,Closed,Completed,0,0
779,RI-151-03,151,Issue,Supplier lead time threatens the next gate — Industrial Reliability Transformation,Schedule,3,2,6,Medium,Release Manager,20260519,20260811,,2026-05-19,2026-08-11,,Open,In Progress,0,0
780,RI-151-04,151,Issue,Critical skill coverage is below demand,Resource,4,1,4,Low,Technical Lead,20251025,20260117,20251102,2025-10-25,2026-01-17,2025-11-02,Closed,Completed,0,0
781,RI-151-05,151,Issue,Backfill timing creates a capacity gap,Resource,2,4,8,Medium,Systems Lead,20260214,20260624,,2026-02-14,2026-06-24,,Mitigated,Completed,0,0
782,RI-151-06,151,Risk,Rework could consume management reserve,Cost,1,2,2,Low,Security Lead,20260516,20260811,,2026-05-16,2026-08-11,,Open,Not Started,0,0
783,RI-151-07,151,Risk,Integration sequence may compress validation,Schedule,3,5,15,High,Supplier Manager,20260411,20260710,20260601,2026-04-11,2026-07-10,2026-06-01,Closed,Completed,0,0
784,RI-152-01,152,Risk,Acceptance criteria remain partially ambiguous,Quality,4,5,20,Critical,Data Lead,20260529,20260811,,2026-05-29,2026-08-11,,Monitoring,In Progress,1,0
785,RI-152-02,152,Risk,Prototype result may require architecture rework,Technical,3,3,9,Medium,Project Manager,20260714,20260811,,2026-07-14,2026-08-11,,Mitigated,Completed,0,0
786,RI-152-03,152,Issue,Verification evidence is incomplete — Industrial Reliability Enablement,Quality,5,3,15,High,Product Owner,20260714,20260811,,2026-07-14,2026-08-11,,Monitoring,In Progress,0,0
787,RI-153-01,153,Issue,Performance margin may not meet the target,Technical,3,2,6,Medium,Technical Lead,20260205,20260421,20260301,2026-02-05,2026-04-21,2026-03-01,Closed,Completed,0,0
788,RI-153-02,153,Risk,Performance margin may not meet the target,Technical,5,5,25,Critical,Systems Lead,20260628,20260811,,2026-06-28,2026-08-11,,Monitoring,In Progress,1,0
789,RI-153-03,153,Risk,Integration sequence may compress validation,Schedule,3,3,9,Medium,Security Lead,20260109,20260323,20260330,2026-01-09,2026-03-23,2026-03-30,Closed,Completed,0,0
790,RI-154-01,154,Risk,Late design decision may affect downstream work,Schedule,2,2,4,Low,Quality Lead,20260318,20260628,20260724,2026-03-18,2026-06-28,2026-07-24,Closed,Completed,0,0
791,RI-154-02,154,Issue,External interface decision is blocking delivery,Dependency,3,3,9,Medium,Finance Partner,20260510,20260811,20260707,2026-05-10,2026-08-11,2026-07-07,Closed,Completed,0,0
792,RI-154-03,154,Risk,Scope clarification may require a budget change — Industrial Reliability Orchestration,Cost,4,3,12,High,Data Lead,20260416,20260714,20260721,2026-04-16,2026-07-14,2026-07-21,Closed,Completed,0,0
793,RI-154-04,154,Risk,Integration sequence may compress validation,Schedule,2,4,8,Medium,Project Manager,20260713,20260811,,2026-07-13,2026-08-11,,Monitoring,In Progress,0,0
794,RI-154-05,154,Risk,Field issue recurrence needs containment — Industrial Reliability Orchestration,Quality,1,3,3,Low,Product Owner,20260711,20260811,,2026-07-11,2026-08-11,,Mitigated,Completed,0,0
795,RI-154-06,154,Risk,Performance margin may not meet the target,Technical,2,3,6,Medium,Quality Lead,20260501,20260723,20260508,2026-05-01,2026-07-23,2026-05-08,Closed,Completed,0,0
796,RI-154-07,154,Issue,Pilot readiness depends on unresolved actions — Industrial Reliability Orchestration,Schedule,4,4,16,High,Finance Partner,20260404,20260702,,2026-04-04,2026-07-02,,Mitigated,Completed,0,0
797,RI-155-01,155,Risk,Scope clarification may require a budget change — Industrial Reliability Intelligence,Cost,2,4,8,Medium,Supplier Manager,20260728,20260811,,2026-07-28,2026-08-11,,Monitoring,In Progress,0,0
798,RI-155-02,155,Risk,Scope clarification may require a budget change — Industrial Reliability Intelligence,Cost,4,2,8,Medium,Release Manager,20260410,20260709,20260424,2026-04-10,2026-07-09,2026-04-24,Closed,Completed,0,0
799,RI-155-03,155,Risk,Environment parity is not yet demonstrated — Industrial Reliability Intelligence,Technical,4,2,8,Medium,Technical Lead,20260704,20260811,,2026-07-04,2026-08-11,,Monitoring,In Progress,0,0
800,RI-155-04,155,Risk,Environment parity is not yet demonstrated — Industrial Reliability Intelligence,Technical,4,1,4,Low,Systems Lead,20260726,20260811,,2026-07-26,2026-08-11,,Monitoring,In Progress,0,0
801,RI-155-05,155,Issue,Committed spend limits recovery options,Cost,4,4,16,High,Security Lead,20260402,20260615,,2026-04-02,2026-06-15,,Open,Not Started,0,1
802,RI-156-01,156,Risk,Traceability coverage requires remediation — Industrial Controls Modernization,Quality,4,3,12,High,Project Manager,20260809,20260811,,2026-08-09,2026-08-11,,Open,Not Started,0,0
803,RI-156-02,156,Risk,External interface decision is blocking delivery,Dependency,1,2,2,Low,Product Owner,20260613,20260808,,2026-06-13,2026-08-08,,Mitigated,Completed,0,0
804,RI-156-03,156,Risk,Verification evidence is incomplete,Quality,2,3,6,Medium,Quality Lead,20260220,20260519,20260505,2026-02-20,2026-05-19,2026-05-05,Closed,Completed,0,0
805,RI-156-04,156,Risk,Contractor transition may reduce throughput — Industrial Controls Modernization,Resource,4,4,16,High,Finance Partner,20260320,20260520,20260608,2026-03-20,2026-05-20,2026-06-08,Closed,Completed,0,0
806,RI-156-05,156,Risk,Supplier lead time threatens the next gate,Schedule,2,4,8,Medium,Data Lead,20260327,20260811,,2026-03-27,2026-08-11,,Open,Not Started,0,0
807,RI-157-01,157,Risk,Vendor component readiness is uncertain,Dependency,3,3,9,Medium,Systems Lead,20260626,20260811,,2026-06-26,2026-08-11,,Monitoring,In Progress,0,0
808,RI-157-02,157,Risk,Vendor component readiness is uncertain — Industrial Controls Analytics,Dependency,5,5,25,Critical,Security Lead,20260107,20260309,20260202,2026-01-07,2026-03-09,2026-02-02,Closed,Completed,0,0
809,RI-157-03,157,Issue,Field issue recurrence needs containment,Quality,4,2,8,Medium,Supplier Manager,20260323,20260528,,2026-03-23,2026-05-28,,Monitoring,In Progress,0,1
810,RI-157-04,157,Issue,Interface behavior remains unproven,Technical,3,4,12,High,Release Manager,20260116,20260317,20260121,2026-01-16,2026-03-17,2026-01-21,Closed,Not Required,0,0
811,RI-157-05,157,Risk,Material quotation may exceed the estimate,Cost,3,3,9,Medium,Technical Lead,20260520,20260806,20260711,2026-05-20,2026-08-06,2026-07-11,Closed,Completed,0,0
812,RI-158-01,158,Risk,Field issue recurrence needs containment,Quality,3,2,6,Medium,Finance Partner,20260723,20260811,,2026-07-23,2026-08-11,,Monitoring,In Progress,0,0
813,RI-158-02,158,Risk,Security approval is on the critical path — Industrial Controls Platform,Dependency,3,2,6,Medium,Data Lead,20260805,20260811,,2026-08-05,2026-08-11,,Open,Not Started,0,0
814,RI-158-03,158,Risk,Regression scope may exceed the test window,Quality,2,3,6,Medium,Project Manager,20260718,20260811,,2026-07-18,2026-08-11,,Open,Not Started,0,0
815,RI-158-04,158,Risk,Environment parity is not yet demonstrated,Technical,4,3,12,High,Product Owner,20260501,20260606,,2026-05-01,2026-06-06,,Mitigated,Completed,0,0
816,RI-159-01,159,Risk,Committed spend limits recovery options — Industrial Controls Optimization,Cost,4,2,8,Medium,Release Manager,20260521,20260811,,2026-05-21,2026-08-11,,Mitigated,Completed,0,0
817,RI-159-02,159,Risk,Supplier lead time threatens the next gate — Industrial Controls Optimization,Schedule,3,4,12,High,Technical Lead,20260516,20260716,,2026-05-16,2026-07-16,,Mitigated,Completed,0,0
818,RI-159-03,159,Risk,Rework could consume management reserve,Cost,2,3,6,Medium,Systems Lead,20260206,20260427,20260228,2026-02-06,2026-04-27,2026-02-28,Closed,Completed,0,0
819,RI-159-04,159,Risk,External interface decision is blocking delivery — Industrial Controls Optimization,Dependency,3,3,9,Medium,Security Lead,20260329,20260616,,2026-03-29,2026-06-16,,Monitoring,Completed,0,1
820,RI-159-05,159,Risk,Regression scope may exceed the test window — Industrial Controls Optimization,Quality,2,4,8,Medium,Supplier Manager,20260706,20260811,,2026-07-06,2026-08-11,,Open,Not Started,0,0
821,RI-159-06,159,Risk,Late design decision may affect downstream work — Industrial Controls Optimization,Schedule,3,3,9,Medium,Release Manager,20260311,20260522,20260615,2026-03-11,2026-05-22,2026-06-15,Closed,Completed,0,0
822,RI-159-07,159,Risk,Backfill timing creates a capacity gap,Resource,5,3,15,High,Technical Lead,20260305,20260516,20260428,2026-03-05,2026-05-16,2026-04-28,Closed,Completed,0,0
823,RI-160-01,160,Risk,Upstream data contract remains unresolved,Dependency,2,2,4,Low,Product Owner,20260227,20260507,20260511,2026-02-27,2026-05-07,2026-05-11,Closed,Completed,0,0
824,RI-160-02,160,Issue,Test environment availability may move the baseline — Industrial Controls Integration,Schedule,4,1,4,Low,Quality Lead,20260731,20260811,,2026-07-31,2026-08-11,,Open,Not Started,0,0
825,RI-160-03,160,Risk,Supplier lead time threatens the next gate — Industrial Controls Integration,Schedule,5,3,15,High,Finance Partner,20260811,20260811,,2026-08-11,2026-08-11,,Monitoring,In Progress,0,0
826,RI-161-01,161,Risk,Contractor transition may reduce throughput — Industrial Controls Transformation,Resource,3,3,9,Medium,Security Lead,20260719,20260811,,2026-07-19,2026-08-11,,Open,Not Started,0,0
827,RI-161-02,161,Issue,Prototype result may require architecture rework — Industrial Controls Transformation,Technical,2,1,2,Low,Supplier Manager,20260501,20260619,,2026-05-01,2026-06-19,,Mitigated,Completed,0,0
828,RI-161-03,161,Risk,Technical debt may complicate integration,Technical,3,2,6,Medium,Release Manager,20260319,20260729,,2026-03-19,2026-07-29,,Monitoring,In Progress,0,1
829,RI-161-04,161,Risk,Critical skill coverage is below demand,Resource,2,4,8,Medium,Technical Lead,20260408,20260622,20260710,2026-04-08,2026-06-22,2026-07-10,Closed,Completed,0,0
830,RI-161-05,161,Risk,Pilot readiness depends on unresolved actions,Schedule,2,1,2,Low,Systems Lead,20260419,20260730,20260503,2026-04-19,2026-07-30,2026-05-03,Closed,Completed,0,0
831,RI-161-06,161,Issue,External interface decision is blocking delivery,Dependency,5,4,20,Critical,Security Lead,20260625,20260811,,2026-06-25,2026-08-11,,Open,Not Started,1,0
832,RI-162-01,162,Issue,Performance margin may not meet the target — Industrial Controls Enablement,Technical,3,3,9,Medium,Data Lead,20260224,20260415,,2026-02-24,2026-04-15,,Mitigated,Completed,0,0
833,RI-162-02,162,Risk,Technical debt may complicate integration — Industrial Controls Enablement,Technical,3,4,12,High,Project Manager,20260518,20260811,20260717,2026-05-18,2026-08-11,2026-07-17,Closed,Completed,0,0
834,RI-162-03,162,Risk,Backfill timing creates a capacity gap — Industrial Controls Enablement,Resource,5,3,15,High,Product Owner,20260607,20260731,,2026-06-07,2026-07-31,,Mitigated,Completed,0,0
835,RI-162-04,162,Risk,Defect closure rate may miss the exit criterion,Quality,4,5,20,Critical,Quality Lead,20260507,20260703,20260512,2026-05-07,2026-07-03,2026-05-12,Closed,Not Required,0,0
836,RI-162-05,162,Risk,Prototype result may require architecture rework — Industrial Controls Enablement,Technical,3,1,3,Low,Finance Partner,20260315,20260521,,2026-03-15,2026-05-21,,Monitoring,In Progress,0,1
837,RI-162-06,162,Risk,Regression scope may exceed the test window,Quality,3,3,9,Medium,Data Lead,20260428,20260604,20260428,2026-04-28,2026-06-04,2026-04-28,Closed,Completed,0,0
838,RI-163-01,163,Risk,Verification evidence is incomplete — Industrial Controls Acceleration,Quality,1,3,3,Low,Technical Lead,20260624,20260811,,2026-06-24,2026-08-11,,Monitoring,In Progress,0,0
839,RI-163-02,163,Risk,Environment parity is not yet demonstrated — Industrial Controls Acceleration,Technical,3,5,15,High,Systems Lead,20260224,20260530,20260412,2026-02-24,2026-05-30,2026-04-12,Closed,Completed,0,0
840,RI-163-03,163,Risk,Performance margin may not meet the target — Industrial Controls Acceleration,Technical,2,3,6,Medium,Security Lead,20260412,20260529,,2026-04-12,2026-05-29,,Mitigated,Completed,0,0
841,RI-164-01,164,Risk,Vendor component readiness is uncertain — Industrial Controls Orchestration,Dependency,1,5,5,Low,Quality Lead,20260514,20260625,,2026-05-14,2026-06-25,,Open,Not Started,0,1
842,RI-164-02,164,Issue,Cloud run cost is trending above the baseline — Industrial Controls Orchestration,Cost,5,3,15,High,Finance Partner,20260720,20260811,,2026-07-20,2026-08-11,,Monitoring,Completed,0,0
843,RI-164-03,164,Risk,Test environment availability may move the baseline,Schedule,4,3,12,High,Data Lead,20260415,20260615,,2026-04-15,2026-06-15,,Open,In Progress,0,1
844,RI-164-04,164,Risk,Acceptance criteria remain partially ambiguous,Quality,3,5,15,High,Project Manager,20260719,20260811,20260809,2026-07-19,2026-08-11,2026-08-09,Closed,Not Required,0,0
845,RI-164-05,164,Risk,Technical debt may complicate integration — Industrial Controls Orchestration,Technical,2,3,6,Medium,Product Owner,20260527,20260811,,2026-05-27,2026-08-11,,Monitoring,In Progress,0,0
846,RI-165-01,165,Risk,Security approval is on the critical path,Dependency,3,4,12,High,Supplier Manager,20260528,20260810,,2026-05-28,2026-08-10,,Open,In Progress,0,1
847,RI-165-02,165,Risk,Supplier lead time threatens the next gate,Schedule,2,1,2,Low,Release Manager,20260602,20260811,,2026-06-02,2026-08-11,,Monitoring,In Progress,0,0
848,RI-165-03,165,Risk,Release window has limited recovery float — Industrial Controls Intelligence,Schedule,4,4,16,High,Technical Lead,20260430,20260705,20260726,2026-04-30,2026-07-05,2026-07-26,Closed,Completed,0,0
849,RI-166-01,166,Issue,Performance margin may not meet the target,Technical,2,4,8,Medium,Project Manager,20260727,20260811,,2026-07-27,2026-08-11,,Monitoring,In Progress,0,0
850,RI-166-02,166,Risk,Prototype result may require architecture rework — Industrial Telemetry Modernization,Technical,2,2,4,Low,Product Owner,20260104,20260511,20260510,2026-01-04,2026-05-11,2026-05-10,Closed,Not Required,0,0
851,RI-166-03,166,Risk,Competing portfolio priority constrains staffing,Resource,5,3,15,High,Quality Lead,20260208,20260517,,2026-02-08,2026-05-17,,Mitigated,Completed,0,0
852,RI-166-04,166,Risk,Integration sequence may compress validation — Industrial Telemetry Modernization,Schedule,4,3,12,High,Finance Partner,20260804,20260811,,2026-08-04,2026-08-11,,Open,In Progress,0,0
853,RI-166-05,166,Issue,Release window has limited recovery float — Industrial Telemetry Modernization,Schedule,4,2,8,Medium,Data Lead,20260209,20260427,,2026-02-09,2026-04-27,,Mitigated,Completed,0,0
854,RI-166-06,166,Issue,Material quotation may exceed the estimate,Cost,1,2,2,Low,Project Manager,20260811,20260811,,2026-08-11,2026-08-11,,Open,Not Started,0,0
855,RI-167-01,167,Risk,Performance margin may not meet the target,Technical,4,3,12,High,Systems Lead,20260525,20260811,,2026-05-25,2026-08-11,,Mitigated,Completed,0,0
856,RI-167-02,167,Risk,Technical debt may complicate integration,Technical,2,2,4,Low,Security Lead,20260807,20260811,,2026-08-07,2026-08-11,,Monitoring,In Progress,0,0
857,RI-167-03,167,Issue,Material quotation may exceed the estimate,Cost,3,1,3,Low,Supplier Manager,20260315,20260601,,2026-03-15,2026-06-01,,Monitoring,In Progress,0,1
858,RI-168-01,168,Issue,Scope clarification may require a budget change,Cost,3,2,6,Medium,Finance Partner,20260317,20260603,,2026-03-17,2026-06-03,,Monitoring,In Progress,0,1
859,RI-168-02,168,Issue,Integration sequence may compress validation — Industrial Telemetry Platform,Schedule,3,4,12,High,Data Lead,20260718,20260811,,2026-07-18,2026-08-11,,Open,In Progress,0,0
860,RI-168-03,168,Risk,Environment parity is not yet demonstrated,Technical,5,1,5,Low,Project Manager,20260416,20260811,,2026-04-16,2026-08-11,,Open,Not Started,0,0
861,RI-168-04,168,Risk,Supplier lead time threatens the next gate — Industrial Telemetry Platform,Schedule,3,4,12,High,Product Owner,20260414,20260529,20260420,2026-04-14,2026-05-29,2026-04-20,Closed,Completed,0,0
862,RI-168-05,168,Issue,Pilot readiness depends on unresolved actions — Industrial Telemetry Platform,Schedule,5,2,10,Medium,Quality Lead,20260504,20260811,,2026-05-04,2026-08-11,,Mitigated,Completed,0,0
863,RI-168-06,168,Risk,Legacy data quality could require redesign — Industrial Telemetry Platform,Technical,4,4,16,High,Finance Partner,20260529,20260811,,2026-05-29,2026-08-11,,Monitoring,In Progress,0,0
864,RI-168-07,168,Issue,Pilot readiness depends on unresolved actions — Industrial Telemetry Platform,Schedule,2,4,8,Medium,Data Lead,20260727,20260811,,2026-07-27,2026-08-11,,Open,Not Started,0,0
865,RI-169-01,169,Issue,Pilot readiness depends on unresolved actions,Schedule,4,3,12,High,Release Manager,20260317,20260529,,2026-03-17,2026-05-29,,Monitoring,In Progress,0,1
866,RI-169-02,169,Risk,Test environment availability may move the baseline — Industrial Telemetry Optimization,Schedule,4,5,20,Critical,Technical Lead,20260325,20260523,20260502,2026-03-25,2026-05-23,2026-05-02,Closed,Completed,0,0
867,RI-169-03,169,Risk,Shared engineer availability may delay delivery — Industrial Telemetry Optimization,Resource,3,3,9,Medium,Systems Lead,20260405,20260707,,2026-04-05,2026-07-07,,Mitigated,Completed,0,0
868,RI-169-04,169,Issue,Test environment availability may move the baseline,Schedule,3,3,9,Medium,Security Lead,20260609,20260811,,2026-06-09,2026-08-11,,Open,Not Started,0,0
869,RI-169-05,169,Risk,Verification evidence is incomplete — Industrial Telemetry Optimization,Quality,4,4,16,High,Supplier Manager,20251123,20260312,20251206,2025-11-23,2026-03-12,2025-12-06,Closed,Completed,0,0
870,RI-169-06,169,Issue,Backfill timing creates a capacity gap — Industrial Telemetry Optimization,Resource,2,4,8,Medium,Release Manager,20260403,20260613,,2026-04-03,2026-06-13,,Mitigated,Completed,0,0
871,RI-169-07,169,Risk,Scope clarification may require a budget change — Industrial Telemetry Optimization,Cost,2,1,2,Low,Technical Lead,20260711,20260811,,2026-07-11,2026-08-11,,Open,Not Started,0,0
872,RI-170-01,170,Risk,Integration sequence may compress validation,Schedule,1,3,3,Low,Product Owner,20260225,20260421,,2026-02-25,2026-04-21,,Mitigated,Completed,0,0
873,RI-170-02,170,Issue,Customer test access is not yet confirmed — Industrial Telemetry Integration,Dependency,1,3,3,Low,Quality Lead,20260602,20260811,,2026-06-02,2026-08-11,,Open,In Progress,0,0
874,RI-170-03,170,Risk,Integration sequence may compress validation — Industrial Telemetry Integration,Schedule,3,2,6,Medium,Finance Partner,20260720,20260811,,2026-07-20,2026-08-11,,Monitoring,Completed,0,0
875,RI-170-04,170,Risk,Backfill timing creates a capacity gap,Resource,3,3,9,Medium,Data Lead,20260509,20260618,20260618,2026-05-09,2026-06-18,2026-06-18,Closed,Completed,0,0
876,RI-171-01,171,Risk,Interface behavior remains unproven,Technical,4,3,12,High,Security Lead,20260717,20260811,,2026-07-17,2026-08-11,,Monitoring,In Progress,0,0
877,RI-171-02,171,Issue,Contractor transition may reduce throughput — Industrial Telemetry Transformation,Resource,3,2,6,Medium,Supplier Manager,20260721,20260811,,2026-07-21,2026-08-11,,Open,Not Started,0,0
878,RI-171-03,171,Risk,Security approval is on the critical path — Industrial Telemetry Transformation,Dependency,2,3,6,Medium,Release Manager,20260624,20260811,,2026-06-24,2026-08-11,,Mitigated,Completed,0,0
879,RI-171-04,171,Issue,Rework could consume management reserve — Industrial Telemetry Transformation,Cost,3,4,12,High,Technical Lead,20260721,20260811,,2026-07-21,2026-08-11,,Monitoring,In Progress,0,0
880,RI-171-05,171,Risk,Security approval is on the critical path,Dependency,5,5,25,Critical,Systems Lead,20260719,20260811,,2026-07-19,2026-08-11,,Mitigated,Completed,0,0
881,RI-171-06,171,Issue,Competing portfolio priority constrains staffing — Industrial Telemetry Transformation,Resource,2,5,10,Medium,Security Lead,20260703,20260811,20260731,2026-07-03,2026-08-11,2026-07-31,Closed,Completed,0,0
882,RI-172-01,172,Risk,Test environment availability may move the baseline,Schedule,4,4,16,High,Data Lead,20260726,20260811,,2026-07-26,2026-08-11,,Monitoring,In Progress,0,0
883,RI-172-02,172,Risk,Release window has limited recovery float,Schedule,4,3,12,High,Project Manager,20260124,20260426,,2026-01-24,2026-04-26,,Mitigated,Completed,0,0
884,RI-172-03,172,Issue,Performance margin may not meet the target — Industrial Telemetry Enablement,Technical,4,5,20,Critical,Product Owner,20260613,20260811,,2026-06-13,2026-08-11,,Open,In Progress,1,0
885,RI-172-04,172,Risk,Specialist rate mix is above plan — Industrial Telemetry Enablement,Cost,2,1,2,Low,Quality Lead,20260629,20260811,,2026-06-29,2026-08-11,,Open,In Progress,0,0
886,RI-172-05,172,Risk,Prototype result may require architecture rework,Technical,2,2,4,Low,Finance Partner,20260312,20260419,20260406,2026-03-12,2026-04-19,2026-04-06,Closed,Completed,0,0
887,RI-172-06,172,Risk,Acceptance criteria remain partially ambiguous,Quality,4,2,8,Medium,Data Lead,20260520,20260804,,2026-05-20,2026-08-04,,Open,Not Started,0,1
888,RI-172-07,172,Risk,Verification evidence is incomplete — Industrial Telemetry Enablement,Quality,2,3,6,Medium,Project Manager,20260214,20260515,20260323,2026-02-14,2026-05-15,2026-03-23,Closed,Completed,0,0
889,RI-173-01,173,Risk,Field issue recurrence needs containment — Industrial Telemetry Acceleration,Quality,3,2,6,Medium,Technical Lead,20260127,20260608,20260401,2026-01-27,2026-06-08,2026-04-01,Closed,Completed,0,0
890,RI-173-02,173,Risk,Environment parity is not yet demonstrated — Industrial Telemetry Acceleration,Technical,3,3,9,Medium,Systems Lead,20260710,20260811,,2026-07-10,2026-08-11,,Open,In Progress,0,0
891,RI-173-03,173,Risk,Defect closure rate may miss the exit criterion,Quality,2,4,8,Medium,Security Lead,20260107,20260221,,2026-01-07,2026-02-21,,Monitoring,In Progress,0,1
892,RI-173-04,173,Risk,Security approval is on the critical path,Dependency,2,2,4,Low,Supplier Manager,20260228,20260509,,2026-02-28,2026-05-09,,Mitigated,Completed,0,0
893,RI-174-01,174,Risk,Integration sequence may compress validation — Industrial Telemetry Orchestration,Schedule,3,4,12,High,Quality Lead,20251213,20260228,,2025-12-13,2026-02-28,,Mitigated,Completed,0,0
894,RI-174-02,174,Risk,Late design decision may affect downstream work — Industrial Telemetry Orchestration,Schedule,2,1,2,Low,Finance Partner,20260618,20260811,,2026-06-18,2026-08-11,,Monitoring,Completed,0,0
895,RI-174-03,174,Risk,Review capacity is concentrated in one role,Resource,5,2,10,Medium,Data Lead,20260723,20260811,,2026-07-23,2026-08-11,,Open,Not Started,0,0
896,RI-174-04,174,Risk,Scope clarification may require a budget change,Cost,1,4,4,Low,Project Manager,20260401,20260810,,2026-04-01,2026-08-10,,Mitigated,Completed,0,0
897,RI-174-05,174,Risk,Upstream data contract remains unresolved — Industrial Telemetry Orchestration,Dependency,1,5,5,Low,Product Owner,20251129,20260205,,2025-11-29,2026-02-05,,Mitigated,Completed,0,0
898,RI-174-06,174,Risk,Contractor transition may reduce throughput — Industrial Telemetry Orchestration,Resource,2,3,6,Medium,Quality Lead,20260719,20260811,,2026-07-19,2026-08-11,,Mitigated,Completed,0,0
899,RI-175-01,175,Issue,Platform release timing may create a mismatch — Industrial Telemetry Intelligence,Dependency,3,5,15,High,Supplier Manager,20260326,20260515,20260523,2026-03-26,2026-05-15,2026-05-23,Closed,Completed,0,0
900,RI-175-02,175,Issue,Integration sequence may compress validation — Industrial Telemetry Intelligence,Schedule,3,4,12,High,Release Manager,20260501,20260811,20260626,2026-05-01,2026-08-11,2026-06-26,Closed,Not Required,0,0
901,RI-175-03,175,Risk,Legacy data quality could require redesign,Technical,2,4,8,Medium,Technical Lead,20260305,20260424,,2026-03-05,2026-04-24,,Mitigated,Completed,0,0
902,RI-176-01,176,Issue,Committed spend limits recovery options,Cost,4,4,16,High,Project Manager,20260513,20260811,,2026-05-13,2026-08-11,,Mitigated,Completed,0,0
903,RI-176-02,176,Risk,Vendor component readiness is uncertain,Dependency,3,3,9,Medium,Product Owner,20250922,20260118,20250924,2025-09-22,2026-01-18,2025-09-24,Closed,Completed,0,0
904,RI-176-03,176,Issue,Specialist rate mix is above plan — Industrial Workflow Modernization,Cost,4,4,16,High,Quality Lead,20260326,20260612,,2026-03-26,2026-06-12,,Monitoring,In Progress,0,1
905,RI-177-01,177,Risk,Performance margin may not meet the target,Technical,4,1,4,Low,Systems Lead,20260314,20260630,20260509,2026-03-14,2026-06-30,2026-05-09,Closed,Completed,0,0
906,RI-177-02,177,Risk,Interface behavior remains unproven,Technical,4,3,12,High,Security Lead,20260310,20260620,,2026-03-10,2026-06-20,,Open,Not Started,0,1
907,RI-177-03,177,Risk,Pilot readiness depends on unresolved actions,Schedule,4,1,4,Low,Supplier Manager,20260520,20260711,,2026-05-20,2026-07-11,,Mitigated,Completed,0,0
908,RI-178-01,178,Risk,Shared engineer availability may delay delivery,Resource,2,2,4,Low,Finance Partner,20260315,20260605,20260511,2026-03-15,2026-06-05,2026-05-11,Closed,Completed,0,0
909,RI-178-02,178,Risk,Regression scope may exceed the test window,Quality,2,2,4,Low,Data Lead,20260518,20260811,,2026-05-18,2026-08-11,,Monitoring,In Progress,0,0
910,RI-178-03,178,Risk,Traceability coverage requires remediation,Quality,3,3,9,Medium,Project Manager,20260129,20260501,20260206,2026-01-29,2026-05-01,2026-02-06,Closed,Completed,0,0
911,RI-178-04,178,Issue,Verification evidence is incomplete — Industrial Workflow Platform,Quality,4,4,16,High,Product Owner,20251108,20251213,,2025-11-08,2025-12-13,,Mitigated,Completed,0,0
912,RI-179-01,179,Risk,Defect closure rate may miss the exit criterion,Quality,3,3,9,Medium,Release Manager,20260628,20260811,,2026-06-28,2026-08-11,,Open,Not Started,0,0
913,RI-179-02,179,Issue,Rework could consume management reserve — Industrial Workflow Optimization,Cost,4,2,8,Medium,Technical Lead,20260221,20260417,20260405,2026-02-21,2026-04-17,2026-04-05,Closed,Not Required,0,0
914,RI-179-03,179,Risk,Acceptance criteria remain partially ambiguous,Quality,2,4,8,Medium,Systems Lead,20260420,20260623,,2026-04-20,2026-06-23,,Mitigated,Completed,0,0
915,RI-179-04,179,Risk,Prototype result may require architecture rework — Industrial Workflow Optimization,Technical,2,5,10,Medium,Security Lead,20260201,20260515,20260531,2026-02-01,2026-05-15,2026-05-31,Closed,Completed,0,0
916,RI-179-05,179,Risk,Review capacity is concentrated in one role — Industrial Workflow Optimization,Resource,4,2,8,Medium,Supplier Manager,20251130,20260212,,2025-11-30,2026-02-12,,Open,Not Started,0,1
917,RI-179-06,179,Risk,Pilot readiness depends on unresolved actions,Schedule,1,4,4,Low,Release Manager,20260311,20260630,20260409,2026-03-11,2026-06-30,2026-04-09,Closed,Completed,0,0
918,RI-179-07,179,Issue,Regression scope may exceed the test window — Industrial Workflow Optimization,Quality,5,3,15,High,Technical Lead,20260104,20260317,20260121,2026-01-04,2026-03-17,2026-01-21,Closed,Completed,0,0
919,RI-180-01,180,Risk,Contractor transition may reduce throughput — Industrial Workflow Integration,Resource,4,2,8,Medium,Product Owner,20260730,20260811,,2026-07-30,2026-08-11,,Open,In Progress,0,0
920,RI-180-02,180,Risk,Contractor transition may reduce throughput,Resource,2,2,4,Low,Quality Lead,20260725,20260811,,2026-07-25,2026-08-11,,Mitigated,Completed,0,0
921,RI-180-03,180,Issue,Specialist rate mix is above plan — Industrial Workflow Integration,Cost,2,5,10,Medium,Finance Partner,20260614,20260811,,2026-06-14,2026-08-11,,Monitoring,In Progress,0,0
922,RI-181-01,181,Issue,Customer test access is not yet confirmed,Dependency,2,3,6,Medium,Security Lead,20251222,20260309,20260226,2025-12-22,2026-03-09,2026-02-26,Closed,Completed,0,0
923,RI-181-02,181,Risk,External interface decision is blocking delivery,Dependency,2,2,4,Low,Supplier Manager,20260213,20260426,,2026-02-13,2026-04-26,,Open,Not Started,0,1
924,RI-181-03,181,Risk,External interface decision is blocking delivery,Dependency,4,2,8,Medium,Release Manager,20260327,20260529,,2026-03-27,2026-05-29,,Mitigated,Completed,0,0
925,RI-181-04,181,Issue,Vendor component readiness is uncertain — Industrial Workflow Transformation,Dependency,3,2,6,Medium,Technical Lead,20260205,20260524,,2026-02-05,2026-05-24,,Open,Not Started,0,1
926,RI-181-05,181,Issue,Environment parity is not yet demonstrated — Industrial Workflow Transformation,Technical,3,4,12,High,Systems Lead,20260405,20260602,,2026-04-05,2026-06-02,,Open,In Progress,0,1
927,RI-181-06,181,Risk,Customer test access is not yet confirmed — Industrial Workflow Transformation,Dependency,4,3,12,High,Security Lead,20260719,20260811,,2026-07-19,2026-08-11,,Monitoring,In Progress,0,0
928,RI-182-01,182,Risk,Backfill timing creates a capacity gap,Resource,5,2,10,Medium,Data Lead,20260226,20260712,,2026-02-26,2026-07-12,,Mitigated,Completed,0,0
929,RI-182-02,182,Risk,Defect closure rate may miss the exit criterion — Industrial Workflow Enablement,Quality,2,2,4,Low,Project Manager,20260514,20260707,,2026-05-14,2026-07-07,,Open,Not Started,0,1
930,RI-182-03,182,Risk,Upstream data contract remains unresolved,Dependency,2,3,6,Medium,Product Owner,20260612,20260730,20260622,2026-06-12,2026-07-30,2026-06-22,Closed,Not Required,0,0
931,RI-182-04,182,Issue,Legacy data quality could require redesign,Technical,3,4,12,High,Quality Lead,20260515,20260811,,2026-05-15,2026-08-11,,Open,In Progress,0,0
932,RI-182-05,182,Risk,Shared engineer availability may delay delivery,Resource,3,2,6,Medium,Finance Partner,20260327,20260630,20260516,2026-03-27,2026-06-30,2026-05-16,Closed,Completed,0,0
933,RI-182-06,182,Risk,Release window has limited recovery float,Schedule,2,2,4,Low,Data Lead,20260727,20260811,,2026-07-27,2026-08-11,,Open,Not Started,0,0
934,RI-182-07,182,Risk,Backfill timing creates a capacity gap,Resource,3,2,6,Medium,Project Manager,20260702,20260811,,2026-07-02,2026-08-11,,Monitoring,In Progress,0,0
935,RI-183-01,183,Risk,Defect closure rate may miss the exit criterion,Quality,3,3,9,Medium,Technical Lead,20260205,20260509,20260531,2026-02-05,2026-05-09,2026-05-31,Closed,Not Required,0,0
936,RI-183-02,183,Risk,Field issue recurrence needs containment,Quality,3,1,3,Low,Systems Lead,20260202,20260419,20260512,2026-02-02,2026-04-19,2026-05-12,Closed,Completed,0,0
937,RI-183-03,183,Issue,Supplier lead time threatens the next gate,Schedule,4,5,20,Critical,Security Lead,20260611,20260806,,2026-06-11,2026-08-06,,Mitigated,Completed,0,0
938,RI-183-04,183,Risk,Shared engineer availability may delay delivery — Industrial Workflow Acceleration,Resource,1,3,3,Low,Supplier Manager,20260203,20260601,,2026-02-03,2026-06-01,,Monitoring,In Progress,0,1
939,RI-183-05,183,Risk,Review capacity is concentrated in one role,Resource,3,2,6,Medium,Release Manager,20260615,20260811,,2026-06-15,2026-08-11,,Monitoring,Completed,0,0
940,RI-184-01,184,Risk,Competing portfolio priority constrains staffing,Resource,3,1,3,Low,Quality Lead,20260720,20260811,,2026-07-20,2026-08-11,,Monitoring,In Progress,0,0
941,RI-184-02,184,Risk,Supplier lead time threatens the next gate,Schedule,2,4,8,Medium,Finance Partner,20260329,20260606,20260602,2026-03-29,2026-06-06,2026-06-02,Closed,Completed,0,0
942,RI-184-03,184,Issue,External interface decision is blocking delivery,Dependency,3,2,6,Medium,Data Lead,20260506,20260811,,2026-05-06,2026-08-11,,Open,In Progress,0,0
943,RI-184-04,184,Issue,Prototype result may require architecture rework — Industrial Workflow Orchestration,Technical,1,4,4,Low,Project Manager,20260404,20260715,20260523,2026-04-04,2026-07-15,2026-05-23,Closed,Completed,0,0
944,RI-184-05,184,Risk,Interface behavior remains unproven,Technical,2,2,4,Low,Product Owner,20260417,20260811,,2026-04-17,2026-08-11,,Open,In Progress,0,0
945,RI-184-06,184,Issue,Committed spend limits recovery options,Cost,2,5,10,Medium,Quality Lead,20260330,20260704,20260628,2026-03-30,2026-07-04,2026-06-28,Closed,Completed,0,0
946,RI-184-07,184,Risk,Scope clarification may require a budget change,Cost,1,4,4,Low,Finance Partner,20260717,20260811,,2026-07-17,2026-08-11,,Monitoring,In Progress,0,0
947,RI-185-01,185,Risk,Technical debt may complicate integration,Technical,4,4,16,High,Supplier Manager,20260119,20260519,,2026-01-19,2026-05-19,,Monitoring,In Progress,0,1
948,RI-185-02,185,Issue,Technical debt may complicate integration — Industrial Workflow Intelligence,Technical,4,4,16,High,Release Manager,20260120,20260423,,2026-01-20,2026-04-23,,Monitoring,In Progress,0,1
949,RI-185-03,185,Risk,Specialist rate mix is above plan — Industrial Workflow Intelligence,Cost,2,3,6,Medium,Technical Lead,20260115,20260221,,2026-01-15,2026-02-21,,Open,In Progress,0,1
950,RI-186-01,186,Risk,Defect closure rate may miss the exit criterion,Quality,5,2,10,Medium,Project Manager,20260522,20260726,,2026-05-22,2026-07-26,,Mitigated,Completed,0,0
951,RI-186-02,186,Risk,Interface behavior remains unproven — Industrial Quality Modernization,Technical,3,3,9,Medium,Product Owner,20260425,20260623,20260625,2026-04-25,2026-06-23,2026-06-25,Closed,Completed,0,0
952,RI-186-03,186,Issue,Critical skill coverage is below demand,Resource,3,3,9,Medium,Quality Lead,20260305,20260510,20260407,2026-03-05,2026-05-10,2026-04-07,Closed,Completed,0,0
953,RI-186-04,186,Risk,External interface decision is blocking delivery — Industrial Quality Modernization,Dependency,2,3,6,Medium,Finance Partner,20260627,20260811,,2026-06-27,2026-08-11,,Open,In Progress,0,0
954,RI-186-05,186,Risk,Environment parity is not yet demonstrated — Industrial Quality Modernization,Technical,4,1,4,Low,Data Lead,20260418,20260725,,2026-04-18,2026-07-25,,Mitigated,Completed,0,0
955,RI-186-06,186,Issue,Rework could consume management reserve — Industrial Quality Modernization,Cost,4,3,12,High,Project Manager,20260711,20260811,,2026-07-11,2026-08-11,,Mitigated,Completed,0,0
956,RI-186-07,186,Issue,Critical skill coverage is below demand,Resource,2,4,8,Medium,Product Owner,20260730,20260811,20260810,2026-07-30,2026-08-11,2026-08-10,Closed,Completed,0,0
957,RI-187-01,187,Issue,Backfill timing creates a capacity gap — Industrial Quality Analytics,Resource,2,3,6,Medium,Systems Lead,20260421,20260811,,2026-04-21,2026-08-11,,Mitigated,Completed,0,0
958,RI-187-02,187,Issue,Security approval is on the critical path,Dependency,3,3,9,Medium,Security Lead,20260810,20260811,,2026-08-10,2026-08-11,,Monitoring,In Progress,0,0
959,RI-187-03,187,Issue,Technical debt may complicate integration — Industrial Quality Analytics,Technical,2,3,6,Medium,Supplier Manager,20260517,20260803,,2026-05-17,2026-08-03,,Mitigated,Completed,0,0
960,RI-187-04,187,Issue,Backfill timing creates a capacity gap,Resource,5,4,20,Critical,Release Manager,20260127,20260430,,2026-01-27,2026-04-30,,Mitigated,Completed,0,0
961,RI-187-05,187,Risk,Scope clarification may require a budget change,Cost,3,3,9,Medium,Technical Lead,20260301,20260720,,2026-03-01,2026-07-20,,Open,In Progress,0,1
962,RI-187-06,187,Risk,Supplier lead time threatens the next gate — Industrial Quality Analytics,Schedule,1,1,1,Low,Systems Lead,20260514,20260628,20260620,2026-05-14,2026-06-28,2026-06-20,Closed,Completed,0,0
963,RI-187-07,187,Risk,Critical skill coverage is below demand — Industrial Quality Analytics,Resource,4,4,16,High,Security Lead,20260729,20260811,,2026-07-29,2026-08-11,,Monitoring,Completed,0,0
964,RI-188-01,188,Issue,Backfill timing creates a capacity gap,Resource,4,2,8,Medium,Finance Partner,20260425,20260725,20260712,2026-04-25,2026-07-25,2026-07-12,Closed,Not Required,0,0
965,RI-188-02,188,Risk,Prototype result may require architecture rework — Industrial Quality Platform,Technical,3,3,9,Medium,Data Lead,20260730,20260811,,2026-07-30,2026-08-11,,Open,Not Started,0,0
966,RI-188-03,188,Risk,Review capacity is concentrated in one role,Resource,4,3,12,High,Project Manager,20260611,20260725,20260806,2026-06-11,2026-07-25,2026-08-06,Closed,Completed,0,0
967,RI-188-04,188,Issue,Interface behavior remains unproven — Industrial Quality Platform,Technical,3,3,9,Medium,Product Owner,20260605,20260725,,2026-06-05,2026-07-25,,Open,Not Started,0,1
968,RI-189-01,189,Risk,Verification evidence is incomplete — Industrial Quality Optimization,Quality,3,2,6,Medium,Release Manager,20260414,20260708,,2026-04-14,2026-07-08,,Monitoring,In Progress,0,1
969,RI-189-02,189,Risk,Interface behavior remains unproven — Industrial Quality Optimization,Technical,3,5,15,High,Technical Lead,20260422,20260810,,2026-04-22,2026-08-10,,Mitigated,Completed,0,0
970,RI-189-03,189,Issue,Shared engineer availability may delay delivery — Industrial Quality Optimization,Resource,4,5,20,Critical,Systems Lead,20260325,20260610,,2026-03-25,2026-06-10,,Mitigated,Completed,0,0
971,RI-189-04,189,Risk,Shared engineer availability may delay delivery,Resource,4,1,4,Low,Security Lead,20260105,20260409,20260504,2026-01-05,2026-04-09,2026-05-04,Closed,Completed,0,0
972,RI-190-01,190,Risk,External interface decision is blocking delivery — Industrial Quality Integration,Dependency,2,5,10,Medium,Product Owner,20260712,20260811,,2026-07-12,2026-08-11,,Open,In Progress,0,0
973,RI-190-02,190,Risk,Interface behavior remains unproven,Technical,5,4,20,Critical,Quality Lead,20260622,20260802,,2026-06-22,2026-08-02,,Mitigated,Completed,0,0
974,RI-190-03,190,Issue,Committed spend limits recovery options,Cost,3,2,6,Medium,Finance Partner,20260526,20260811,,2026-05-26,2026-08-11,,Mitigated,Completed,0,0
975,RI-190-04,190,Issue,Interface behavior remains unproven — Industrial Quality Integration,Technical,5,5,25,Critical,Data Lead,20260515,20260716,20260620,2026-05-15,2026-07-16,2026-06-20,Closed,Completed,0,0
976,RI-191-01,191,Risk,Interface behavior remains unproven — Industrial Quality Transformation,Technical,3,2,6,Medium,Security Lead,20260429,20260723,,2026-04-29,2026-07-23,,Mitigated,Completed,0,0
977,RI-191-02,191,Risk,Security approval is on the critical path — Industrial Quality Transformation,Dependency,2,3,6,Medium,Supplier Manager,20260424,20260811,,2026-04-24,2026-08-11,,Monitoring,In Progress,0,0
978,RI-191-03,191,Issue,Performance margin may not meet the target — Industrial Quality Transformation,Technical,3,4,12,High,Release Manager,20260305,20260512,20260329,2026-03-05,2026-05-12,2026-03-29,Closed,Not Required,0,0
979,RI-191-04,191,Risk,Performance margin may not meet the target — Industrial Quality Transformation,Technical,4,3,12,High,Technical Lead,20260420,20260607,,2026-04-20,2026-06-07,,Open,In Progress,0,1
980,RI-191-05,191,Risk,Competing portfolio priority constrains staffing,Resource,2,1,2,Low,Systems Lead,20260417,20260705,20260622,2026-04-17,2026-07-05,2026-06-22,Closed,Completed,0,0
981,RI-191-06,191,Risk,Rework could consume management reserve — Industrial Quality Transformation,Cost,2,4,8,Medium,Security Lead,20260802,20260811,,2026-08-02,2026-08-11,,Open,In Progress,0,0
982,RI-192-01,192,Risk,Interface behavior remains unproven,Technical,3,3,9,Medium,Data Lead,20260506,20260811,,2026-05-06,2026-08-11,,Open,Not Started,0,0
983,RI-192-02,192,Risk,Interface behavior remains unproven — Industrial Quality Enablement,Technical,5,4,20,Critical,Project Manager,20260323,20260803,20260405,2026-03-23,2026-08-03,2026-04-05,Closed,Completed,0,0
984,RI-192-03,192,Risk,Upstream data contract remains unresolved — Industrial Quality Enablement,Dependency,2,3,6,Medium,Product Owner,20260610,20260811,,2026-06-10,2026-08-11,,Monitoring,In Progress,0,0
985,RI-193-01,193,Risk,Upstream data contract remains unresolved — Industrial Quality Acceleration,Dependency,2,4,8,Medium,Technical Lead,20260727,20260811,,2026-07-27,2026-08-11,,Monitoring,In Progress,0,0
986,RI-193-02,193,Risk,Legacy data quality could require redesign — Industrial Quality Acceleration,Technical,2,1,2,Low,Systems Lead,20260802,20260811,,2026-08-02,2026-08-11,,Open,Not Started,0,0
987,RI-193-03,193,Risk,Competing portfolio priority constrains staffing,Resource,5,3,15,High,Security Lead,20260728,20260811,,2026-07-28,2026-08-11,,Open,In Progress,0,0
988,RI-194-01,194,Issue,Material quotation may exceed the estimate,Cost,5,3,15,High,Quality Lead,20260719,20260811,,2026-07-19,2026-08-11,,Open,Not Started,0,0
989,RI-194-02,194,Issue,Traceability coverage requires remediation,Quality,3,3,9,Medium,Finance Partner,20260223,20260605,,2026-02-23,2026-06-05,,Monitoring,In Progress,0,1
990,RI-194-03,194,Issue,Upstream data contract remains unresolved,Dependency,2,3,6,Medium,Data Lead,20260602,20260731,,2026-06-02,2026-07-31,,Mitigated,Completed,0,0
991,RI-194-04,194,Risk,Traceability coverage requires remediation,Quality,2,3,6,Medium,Project Manager,20251225,20260307,,2025-12-25,2026-03-07,,Mitigated,Completed,0,0
992,RI-194-05,194,Issue,Integration sequence may compress validation,Schedule,3,2,6,Medium,Product Owner,20260521,20260806,20260630,2026-05-21,2026-08-06,2026-06-30,Closed,Completed,0,0
993,RI-195-01,195,Risk,Legacy data quality could require redesign,Technical,2,3,6,Medium,Supplier Manager,20260712,20260811,,2026-07-12,2026-08-11,,Open,In Progress,0,0
994,RI-195-02,195,Risk,Release window has limited recovery float — Industrial Quality Intelligence,Schedule,3,1,3,Low,Release Manager,20260224,20260608,,2026-02-24,2026-06-08,,Open,Not Started,0,1
995,RI-195-03,195,Risk,Defect closure rate may miss the exit criterion — Industrial Quality Intelligence,Quality,4,4,16,High,Technical Lead,20260419,20260730,,2026-04-19,2026-07-30,,Monitoring,In Progress,0,1
996,RI-195-04,195,Issue,Late design decision may affect downstream work,Schedule,2,3,6,Medium,Systems Lead,20260527,20260811,,2026-05-27,2026-08-11,,Open,In Progress,0,0
997,RI-195-05,195,Risk,Interface behavior remains unproven — Industrial Quality Intelligence,Technical,3,4,12,High,Security Lead,20260322,20260510,20260425,2026-03-22,2026-05-10,2026-04-25,Closed,Completed,0,0
998,RI-195-06,195,Risk,Technical debt may complicate integration — Industrial Quality Intelligence,Technical,3,5,15,High,Supplier Manager,20260601,20260811,,2026-06-01,2026-08-11,,Open,Not Started,0,0
999,RI-196-01,196,Issue,Vendor component readiness is uncertain,Dependency,3,4,12,High,Project Manager,20260521,20260811,,2026-05-21,2026-08-11,,Open,Not Started,0,0
1000,RI-196-02,196,Risk,Test environment availability may move the baseline,Schedule,2,1,2,Low,Product Owner,20260303,20260512,,2026-03-03,2026-05-12,,Mitigated,Completed,0,0
1001,RI-196-03,196,Issue,Verification evidence is incomplete — Industrial Engineering Modernization,Quality,2,3,6,Medium,Quality Lead,20260207,20260414,20260428,2026-02-07,2026-04-14,2026-04-28,Closed,Completed,0,0
1002,RI-197-01,197,Risk,Technical debt may complicate integration,Technical,3,2,6,Medium,Systems Lead,20260318,20260621,,2026-03-18,2026-06-21,,Open,In Progress,0,1
1003,RI-197-02,197,Risk,Verification evidence is incomplete,Quality,4,3,12,High,Security Lead,20260516,20260811,,2026-05-16,2026-08-11,,Open,Not Started,0,0
1004,RI-197-03,197,Issue,External interface decision is blocking delivery — Industrial Engineering Analytics,Dependency,3,5,15,High,Supplier Manager,20260222,20260420,,2026-02-22,2026-04-20,,Monitoring,Completed,0,1
1005,RI-198-01,198,Risk,Competing portfolio priority constrains staffing — Industrial Engineering Platform,Resource,4,2,8,Medium,Finance Partner,20260605,20260811,,2026-06-05,2026-08-11,,Open,Not Started,0,0
1006,RI-198-02,198,Issue,Shared engineer availability may delay delivery — Industrial Engineering Platform,Resource,3,4,12,High,Data Lead,20260708,20260811,,2026-07-08,2026-08-11,,Open,In Progress,0,0
1007,RI-198-03,198,Risk,Technical debt may complicate integration,Technical,3,1,3,Low,Project Manager,20260720,20260811,,2026-07-20,2026-08-11,,Monitoring,In Progress,0,0
1008,RI-198-04,198,Risk,Pilot readiness depends on unresolved actions — Industrial Engineering Platform,Schedule,3,3,9,Medium,Product Owner,20260611,20260715,,2026-06-11,2026-07-15,,Mitigated,Completed,0,0
1009,RI-198-05,198,Risk,Critical skill coverage is below demand — Industrial Engineering Platform,Resource,2,3,6,Medium,Quality Lead,20260619,20260811,,2026-06-19,2026-08-11,,Open,Not Started,0,0
1010,RI-198-06,198,Risk,Performance margin may not meet the target — Industrial Engineering Platform,Technical,3,3,9,Medium,Finance Partner,20260629,20260811,,2026-06-29,2026-08-11,,Monitoring,In Progress,0,0
1011,RI-198-07,198,Risk,Contractor transition may reduce throughput,Resource,3,5,15,High,Data Lead,20260704,20260811,,2026-07-04,2026-08-11,,Open,Not Started,0,0
1012,RI-199-01,199,Risk,Prototype result may require architecture rework — Industrial Engineering Optimization,Technical,3,4,12,High,Release Manager,20260412,20260628,,2026-04-12,2026-06-28,,Monitoring,Completed,0,1
1013,RI-199-02,199,Risk,Test environment availability may move the baseline — Industrial Engineering Optimization,Schedule,4,3,12,High,Technical Lead,20260501,20260617,20260607,2026-05-01,2026-06-17,2026-06-07,Closed,Completed,0,0
1014,RI-199-03,199,Risk,Late design decision may affect downstream work,Schedule,2,2,4,Low,Systems Lead,20260226,20260610,20260531,2026-02-26,2026-06-10,2026-05-31,Closed,Completed,0,0
1015,RI-199-04,199,Risk,Test environment availability may move the baseline,Schedule,2,3,6,Medium,Security Lead,20260124,20260520,20260502,2026-01-24,2026-05-20,2026-05-02,Closed,Completed,0,0
1016,RI-199-05,199,Issue,Prototype result may require architecture rework — Industrial Engineering Optimization,Technical,3,4,12,High,Supplier Manager,20260113,20260402,,2026-01-13,2026-04-02,,Mitigated,Completed,0,0
1017,RI-200-01,200,Risk,Backfill timing creates a capacity gap — Industrial Engineering Integration,Resource,1,2,2,Low,Product Owner,20260718,20260811,,2026-07-18,2026-08-11,,Open,Not Started,0,0
1018,RI-200-02,200,Issue,Technical debt may complicate integration,Technical,5,3,15,High,Quality Lead,20260105,20260224,20260116,2026-01-05,2026-02-24,2026-01-16,Closed,Completed,0,0
1019,RI-200-03,200,Risk,Interface behavior remains unproven — Industrial Engineering Integration,Technical,3,4,12,High,Finance Partner,20260329,20260608,20260513,2026-03-29,2026-06-08,2026-05-13,Closed,Completed,0,0
1020,RI-200-04,200,Risk,Customer test access is not yet confirmed — Industrial Engineering Integration,Dependency,4,3,12,High,Data Lead,20260709,20260811,,2026-07-09,2026-08-11,,Open,In Progress,0,0
1021,RI-200-05,200,Risk,Defect closure rate may miss the exit criterion,Quality,3,2,6,Medium,Project Manager,20251212,20260406,20260401,2025-12-12,2026-04-06,2026-04-01,Closed,Completed,0,0
1022,RI-201-01,201,Risk,Customer test access is not yet confirmed,Dependency,2,1,2,Low,Security Lead,20260723,20260811,,2026-07-23,2026-08-11,,Mitigated,Completed,0,0
1023,RI-201-02,201,Issue,Committed spend limits recovery options,Cost,3,4,12,High,Supplier Manager,20260710,20260811,,2026-07-10,2026-08-11,,Open,Not Started,0,0
1024,RI-201-03,201,Risk,Shared engineer availability may delay delivery — Industrial Engineering Transformation,Resource,2,3,6,Medium,Release Manager,20251216,20260211,,2025-12-16,2026-02-11,,Mitigated,Completed,0,0
1025,RI-201-04,201,Risk,Competing portfolio priority constrains staffing — Industrial Engineering Transformation,Resource,4,1,4,Low,Technical Lead,20251123,20260123,20251218,2025-11-23,2026-01-23,2025-12-18,Closed,Completed,0,0
1026,RI-201-05,201,Risk,Supplier lead time threatens the next gate,Schedule,1,4,4,Low,Systems Lead,20251104,20260301,20260207,2025-11-04,2026-03-01,2026-02-07,Closed,Completed,0,0
1027,RI-202-01,202,Risk,Shared engineer availability may delay delivery — Industrial Engineering Enablement,Resource,3,3,9,Medium,Data Lead,20260512,20260811,,2026-05-12,2026-08-11,,Open,Not Started,0,0
1028,RI-202-02,202,Issue,Performance margin may not meet the target — Industrial Engineering Enablement,Technical,4,5,20,Critical,Project Manager,20260319,20260422,,2026-03-19,2026-04-22,,Mitigated,Completed,0,0
1029,RI-202-03,202,Risk,Verification evidence is incomplete — Industrial Engineering Enablement,Quality,2,2,4,Low,Product Owner,20260315,20260705,,2026-03-15,2026-07-05,,Monitoring,In Progress,0,1
1030,RI-202-04,202,Issue,Material quotation may exceed the estimate — Industrial Engineering Enablement,Cost,3,3,9,Medium,Quality Lead,20260728,20260811,,2026-07-28,2026-08-11,,Monitoring,In Progress,0,0
1031,RI-202-05,202,Issue,Acceptance criteria remain partially ambiguous — Industrial Engineering Enablement,Quality,3,3,9,Medium,Finance Partner,20260716,20260811,,2026-07-16,2026-08-11,,Mitigated,Completed,0,0
1032,RI-202-06,202,Issue,Review capacity is concentrated in one role — Industrial Engineering Enablement,Resource,2,2,4,Low,Data Lead,20260316,20260621,,2026-03-16,2026-06-21,,Monitoring,In Progress,0,1
1033,RI-203-01,203,Risk,Shared engineer availability may delay delivery,Resource,4,3,12,High,Technical Lead,20260614,20260806,20260614,2026-06-14,2026-08-06,2026-06-14,Closed,Completed,0,0
1034,RI-203-02,203,Risk,Shared engineer availability may delay delivery — Industrial Engineering Acceleration,Resource,2,3,6,Medium,Systems Lead,20260613,20260811,,2026-06-13,2026-08-11,,Mitigated,Completed,0,0
1035,RI-203-03,203,Risk,Environment parity is not yet demonstrated,Technical,3,4,12,High,Security Lead,20260615,20260811,,2026-06-15,2026-08-11,,Open,In Progress,0,0
1036,RI-203-04,203,Risk,Regression scope may exceed the test window,Quality,3,5,15,High,Supplier Manager,20260507,20260811,,2026-05-07,2026-08-11,,Open,In Progress,0,0
1037,RI-204-01,204,Issue,Critical skill coverage is below demand,Resource,5,3,15,High,Quality Lead,20260517,20260709,,2026-05-17,2026-07-09,,Open,Not Started,0,1
1038,RI-204-02,204,Risk,Vendor component readiness is uncertain,Dependency,2,3,6,Medium,Finance Partner,20260406,20260517,,2026-04-06,2026-05-17,,Mitigated,Completed,0,0
1039,RI-204-03,204,Risk,Scope clarification may require a budget change,Cost,3,2,6,Medium,Data Lead,20260811,20260811,,2026-08-11,2026-08-11,,Monitoring,In Progress,0,0
1040,RI-205-01,205,Risk,Verification evidence is incomplete,Quality,3,2,6,Medium,Supplier Manager,20260418,20260722,,2026-04-18,2026-07-22,,Mitigated,Completed,0,0
1041,RI-205-02,205,Risk,Environment parity is not yet demonstrated,Technical,1,3,3,Low,Release Manager,20260423,20260804,20260509,2026-04-23,2026-08-04,2026-05-09,Closed,Completed,0,0
1042,RI-205-03,205,Issue,Traceability coverage requires remediation — Industrial Engineering Intelligence,Quality,4,2,8,Medium,Technical Lead,20260326,20260502,,2026-03-26,2026-05-02,,Mitigated,Completed,0,0
1043,RI-205-04,205,Issue,Interface behavior remains unproven — Industrial Engineering Intelligence,Technical,1,2,2,Low,Systems Lead,20260712,20260811,,2026-07-12,2026-08-11,,Open,In Progress,0,0
1044,RI-206-01,206,Risk,Integration sequence may compress validation,Schedule,3,3,9,Medium,Project Manager,20260119,20260327,,2026-01-19,2026-03-27,,Mitigated,Completed,0,0
1045,RI-206-02,206,Risk,Competing portfolio priority constrains staffing — Industrial Energy Modernization,Resource,2,4,8,Medium,Product Owner,20251015,20260121,,2025-10-15,2026-01-21,,Mitigated,Completed,0,0
1046,RI-206-03,206,Issue,Legacy data quality could require redesign,Technical,4,2,8,Medium,Quality Lead,20260502,20260720,20260713,2026-05-02,2026-07-20,2026-07-13,Closed,Completed,0,0
1047,RI-206-04,206,Issue,Review capacity is concentrated in one role — Industrial Energy Modernization,Resource,2,4,8,Medium,Finance Partner,20260207,20260608,,2026-02-07,2026-06-08,,Monitoring,Completed,0,1
1048,RI-207-01,207,Risk,Technical debt may complicate integration,Technical,3,3,9,Medium,Systems Lead,20260720,20260811,,2026-07-20,2026-08-11,,Mitigated,Completed,0,0
1049,RI-207-02,207,Risk,Release window has limited recovery float — Industrial Energy Analytics,Schedule,4,3,12,High,Security Lead,20260720,20260811,20260804,2026-07-20,2026-08-11,2026-08-04,Closed,Completed,0,0
1050,RI-207-03,207,Risk,Release window has limited recovery float,Schedule,3,3,9,Medium,Supplier Manager,20260724,20260811,,2026-07-24,2026-08-11,,Mitigated,Completed,0,0
1051,RI-207-04,207,Risk,Contractor transition may reduce throughput — Industrial Energy Analytics,Resource,2,2,4,Low,Release Manager,20260325,20260705,20260426,2026-03-25,2026-07-05,2026-04-26,Closed,Completed,0,0
1052,RI-208-01,208,Risk,Field issue recurrence needs containment — Industrial Energy Platform,Quality,1,4,4,Low,Finance Partner,20260124,20260314,,2026-01-24,2026-03-14,,Mitigated,Completed,0,0
1053,RI-208-02,208,Risk,Critical skill coverage is below demand,Resource,3,4,12,High,Data Lead,20260329,20260717,,2026-03-29,2026-07-17,,Monitoring,In Progress,0,1
1054,RI-208-03,208,Risk,Performance margin may not meet the target — Industrial Energy Platform,Technical,4,2,8,Medium,Project Manager,20260422,20260612,,2026-04-22,2026-06-12,,Mitigated,Completed,0,0
1055,RI-208-04,208,Risk,Integration sequence may compress validation,Schedule,2,3,6,Medium,Product Owner,20260425,20260811,,2026-04-25,2026-08-11,,Open,Not Started,0,0
1056,RI-208-05,208,Risk,Scope clarification may require a budget change — Industrial Energy Platform,Cost,2,5,10,Medium,Quality Lead,20260502,20260724,,2026-05-02,2026-07-24,,Open,In Progress,0,1
1057,RI-209-01,209,Risk,Field issue recurrence needs containment — Industrial Energy Optimization,Quality,2,1,2,Low,Release Manager,20260528,20260811,,2026-05-28,2026-08-11,,Monitoring,Completed,0,0
1058,RI-209-02,209,Risk,Late design decision may affect downstream work — Industrial Energy Optimization,Schedule,4,4,16,High,Technical Lead,20260412,20260528,,2026-04-12,2026-05-28,,Monitoring,In Progress,0,1
1059,RI-209-03,209,Issue,Security approval is on the critical path — Industrial Energy Optimization,Dependency,4,5,20,Critical,Systems Lead,20260227,20260531,20260428,2026-02-27,2026-05-31,2026-04-28,Closed,Completed,0,0
1060,RI-209-04,209,Risk,Customer test access is not yet confirmed,Dependency,1,3,3,Low,Security Lead,20260809,20260811,,2026-08-09,2026-08-11,,Open,In Progress,0,0
1061,RI-209-05,209,Risk,Material quotation may exceed the estimate — Industrial Energy Optimization,Cost,3,4,12,High,Supplier Manager,20260727,20260811,,2026-07-27,2026-08-11,,Monitoring,In Progress,0,0
1062,RI-209-06,209,Risk,Platform release timing may create a mismatch — Industrial Energy Optimization,Dependency,3,1,3,Low,Release Manager,20260420,20260628,20260707,2026-04-20,2026-06-28,2026-07-07,Closed,Completed,0,0
1063,RI-209-07,209,Risk,Committed spend limits recovery options,Cost,2,5,10,Medium,Technical Lead,20260715,20260811,,2026-07-15,2026-08-11,,Open,Not Started,0,0
1064,RI-210-01,210,Issue,Interface behavior remains unproven,Technical,4,1,4,Low,Product Owner,20260529,20260811,,2026-05-29,2026-08-11,,Monitoring,In Progress,0,0
1065,RI-210-02,210,Risk,Regression scope may exceed the test window,Quality,3,4,12,High,Quality Lead,20260730,20260811,,2026-07-30,2026-08-11,,Monitoring,In Progress,0,0
1066,RI-210-03,210,Issue,External interface decision is blocking delivery,Dependency,4,2,8,Medium,Finance Partner,20260805,20260811,,2026-08-05,2026-08-11,,Monitoring,In Progress,0,0
1067,RI-210-04,210,Issue,Vendor component readiness is uncertain — Industrial Energy Integration,Dependency,2,2,4,Low,Data Lead,20260512,20260724,,2026-05-12,2026-07-24,,Mitigated,Completed,0,0
1068,RI-210-05,210,Risk,Legacy data quality could require redesign — Industrial Energy Integration,Technical,4,1,4,Low,Project Manager,20260622,20260811,,2026-06-22,2026-08-11,,Monitoring,In Progress,0,0
1069,RI-210-06,210,Issue,Scope clarification may require a budget change — Industrial Energy Integration,Cost,2,4,8,Medium,Product Owner,20260611,20260811,,2026-06-11,2026-08-11,,Mitigated,Completed,0,0
1070,RI-211-01,211,Risk,Shared engineer availability may delay delivery,Resource,3,2,6,Medium,Security Lead,20260528,20260731,,2026-05-28,2026-07-31,,Mitigated,Completed,0,0
1071,RI-211-02,211,Issue,Competing portfolio priority constrains staffing,Resource,1,3,3,Low,Supplier Manager,20260412,20260811,,2026-04-12,2026-08-11,,Open,In Progress,0,0
1072,RI-211-03,211,Risk,Cloud run cost is trending above the baseline — Industrial Energy Transformation,Cost,3,5,15,High,Release Manager,20260731,20260811,,2026-07-31,2026-08-11,,Monitoring,Completed,0,0
1073,RI-211-04,211,Issue,Interface behavior remains unproven — Industrial Energy Transformation,Technical,5,4,20,Critical,Technical Lead,20260120,20260429,,2026-01-20,2026-04-29,,Monitoring,In Progress,1,1
1074,RI-211-05,211,Risk,Cloud run cost is trending above the baseline — Industrial Energy Transformation,Cost,4,1,4,Low,Systems Lead,20260605,20260729,,2026-06-05,2026-07-29,,Monitoring,In Progress,0,1
1075,RI-212-01,212,Issue,Prototype result may require architecture rework,Technical,3,3,9,Medium,Data Lead,20251230,20260221,,2025-12-30,2026-02-21,,Mitigated,Completed,0,0
1076,RI-212-02,212,Risk,Backfill timing creates a capacity gap — Industrial Energy Enablement,Resource,5,3,15,High,Project Manager,20260315,20260628,,2026-03-15,2026-06-28,,Monitoring,In Progress,0,1
1077,RI-212-03,212,Issue,External interface decision is blocking delivery,Dependency,3,2,6,Medium,Product Owner,20251219,20260216,20260120,2025-12-19,2026-02-16,2026-01-20,Closed,Not Required,0,0
1078,RI-213-01,213,Risk,Pilot readiness depends on unresolved actions,Schedule,4,2,8,Medium,Technical Lead,20251125,20260203,,2025-11-25,2026-02-03,,Open,In Progress,0,1
1079,RI-213-02,213,Risk,Traceability coverage requires remediation — Industrial Energy Acceleration,Quality,4,4,16,High,Systems Lead,20260623,20260811,,2026-06-23,2026-08-11,,Open,Not Started,0,0
1080,RI-213-03,213,Risk,Vendor component readiness is uncertain — Industrial Energy Acceleration,Dependency,3,2,6,Medium,Security Lead,20260507,20260725,,2026-05-07,2026-07-25,,Monitoring,In Progress,0,1
1081,RI-214-01,214,Issue,Supplier lead time threatens the next gate — Industrial Energy Orchestration,Schedule,1,4,4,Low,Quality Lead,20260402,20260529,20260410,2026-04-02,2026-05-29,2026-04-10,Closed,Completed,0,0
1082,RI-214-02,214,Issue,Committed spend limits recovery options,Cost,1,4,4,Low,Finance Partner,20260614,20260811,,2026-06-14,2026-08-11,,Monitoring,In Progress,0,0
1083,RI-214-03,214,Risk,Technical debt may complicate integration — Industrial Energy Orchestration,Technical,3,5,15,High,Data Lead,20260321,20260615,,2026-03-21,2026-06-15,,Mitigated,Completed,0,0
1084,RI-214-04,214,Issue,Customer test access is not yet confirmed — Industrial Energy Orchestration,Dependency,3,5,15,High,Project Manager,20260731,20260811,,2026-07-31,2026-08-11,,Monitoring,In Progress,0,0
1085,RI-215-01,215,Risk,Pilot readiness depends on unresolved actions — Industrial Energy Intelligence,Schedule,3,2,6,Medium,Supplier Manager,20260424,20260629,,2026-04-24,2026-06-29,,Monitoring,In Progress,0,1
1086,RI-215-02,215,Risk,Technical debt may complicate integration,Technical,3,4,12,High,Release Manager,20260702,20260811,,2026-07-02,2026-08-11,,Monitoring,In Progress,0,0
1087,RI-215-03,215,Issue,Performance margin may not meet the target — Industrial Energy Intelligence,Technical,3,3,9,Medium,Technical Lead,20260718,20260811,,2026-07-18,2026-08-11,,Open,Not Started,0,0
1088,RI-215-04,215,Risk,Rework could consume management reserve,Cost,3,2,6,Medium,Systems Lead,20260531,20260722,20260604,2026-05-31,2026-07-22,2026-06-04,Closed,Completed,0,0
1089,RI-215-05,215,Risk,Cloud run cost is trending above the baseline — Industrial Energy Intelligence,Cost,2,3,6,Medium,Security Lead,20260714,20260811,,2026-07-14,2026-08-11,,Monitoring,Completed,0,0
1090,RI-216-01,216,Risk,Critical skill coverage is below demand,Resource,4,4,16,High,Project Manager,20260702,20260811,,2026-07-02,2026-08-11,,Monitoring,Completed,0,0
1091,RI-216-02,216,Risk,Backfill timing creates a capacity gap — Industrial Service Modernization,Resource,3,4,12,High,Product Owner,20260705,20260811,,2026-07-05,2026-08-11,,Open,Not Started,0,0
1092,RI-216-03,216,Risk,Competing portfolio priority constrains staffing,Resource,3,2,6,Medium,Quality Lead,20260806,20260811,20260810,2026-08-06,2026-08-11,2026-08-10,Closed,Not Required,0,0
1093,RI-216-04,216,Risk,Cloud run cost is trending above the baseline,Cost,3,4,12,High,Finance Partner,20260801,20260811,,2026-08-01,2026-08-11,,Open,In Progress,0,0
1094,RI-216-05,216,Issue,Prototype result may require architecture rework — Industrial Service Modernization,Technical,4,1,4,Low,Data Lead,20260528,20260811,,2026-05-28,2026-08-11,,Mitigated,Completed,0,0
1095,RI-216-06,216,Issue,Upstream data contract remains unresolved,Dependency,4,4,16,High,Project Manager,20260616,20260811,,2026-06-16,2026-08-11,,Open,In Progress,0,0
1096,RI-217-01,217,Risk,Competing portfolio priority constrains staffing — Industrial Service Analytics,Resource,1,3,3,Low,Systems Lead,20251106,20260215,,2025-11-06,2026-02-15,,Monitoring,In Progress,0,1
1097,RI-217-02,217,Risk,Customer test access is not yet confirmed — Industrial Service Analytics,Dependency,3,3,9,Medium,Security Lead,20260309,20260527,,2026-03-09,2026-05-27,,Open,In Progress,0,1
1098,RI-217-03,217,Risk,Security approval is on the critical path,Dependency,5,3,15,High,Supplier Manager,20260710,20260811,,2026-07-10,2026-08-11,,Open,In Progress,0,0
1099,RI-218-01,218,Issue,Rework could consume management reserve,Cost,4,4,16,High,Finance Partner,20260211,20260606,20260425,2026-02-11,2026-06-06,2026-04-25,Closed,Completed,0,0
1100,RI-218-02,218,Issue,Late design decision may affect downstream work — Industrial Service Platform,Schedule,2,3,6,Medium,Data Lead,20260630,20260811,,2026-06-30,2026-08-11,,Mitigated,Completed,0,0
1101,RI-218-03,218,Risk,Prototype result may require architecture rework,Technical,3,4,12,High,Project Manager,20260502,20260811,,2026-05-02,2026-08-11,,Monitoring,In Progress,0,0
1102,RI-218-04,218,Risk,Supplier lead time threatens the next gate,Schedule,3,2,6,Medium,Product Owner,20260129,20260609,,2026-01-29,2026-06-09,,Mitigated,Completed,0,0
1103,RI-219-01,219,Risk,Specialist rate mix is above plan,Cost,3,2,6,Medium,Release Manager,20260716,20260811,,2026-07-16,2026-08-11,,Monitoring,In Progress,0,0
1104,RI-219-02,219,Issue,Contractor transition may reduce throughput,Resource,4,5,20,Critical,Technical Lead,20260602,20260811,,2026-06-02,2026-08-11,,Monitoring,Completed,1,0
1105,RI-219-03,219,Risk,Critical skill coverage is below demand — Industrial Service Optimization,Resource,3,4,12,High,Systems Lead,20260207,20260520,,2026-02-07,2026-05-20,,Mitigated,Completed,0,0
1106,RI-219-04,219,Risk,Technical debt may complicate integration — Industrial Service Optimization,Technical,3,3,9,Medium,Security Lead,20260303,20260627,,2026-03-03,2026-06-27,,Mitigated,Completed,0,0
1107,RI-219-05,219,Risk,Scope clarification may require a budget change — Industrial Service Optimization,Cost,3,2,6,Medium,Supplier Manager,20260701,20260811,,2026-07-01,2026-08-11,,Monitoring,In Progress,0,0
1108,RI-219-06,219,Risk,Cloud run cost is trending above the baseline — Industrial Service Optimization,Cost,2,4,8,Medium,Release Manager,20260214,20260502,,2026-02-14,2026-05-02,,Mitigated,Completed,0,0
1109,RI-219-07,219,Risk,Release window has limited recovery float,Schedule,2,3,6,Medium,Technical Lead,20260801,20260811,,2026-08-01,2026-08-11,,Open,In Progress,0,0
1110,RI-220-01,220,Risk,Competing portfolio priority constrains staffing — Industrial Service Integration,Resource,4,4,16,High,Product Owner,20260119,20260328,,2026-01-19,2026-03-28,,Monitoring,In Progress,0,1
1111,RI-220-02,220,Risk,Backfill timing creates a capacity gap — Industrial Service Integration,Resource,1,2,2,Low,Quality Lead,20260602,20260805,,2026-06-02,2026-08-05,,Mitigated,Completed,0,0
1112,RI-220-03,220,Issue,Traceability coverage requires remediation,Quality,5,3,15,High,Finance Partner,20260325,20260613,,2026-03-25,2026-06-13,,Monitoring,In Progress,0,1
1113,RI-220-04,220,Risk,Acceptance criteria remain partially ambiguous,Quality,2,1,2,Low,Data Lead,20260721,20260811,,2026-07-21,2026-08-11,,Monitoring,In Progress,0,0
1114,RI-221-01,221,Issue,Prototype result may require architecture rework,Technical,2,4,8,Medium,Security Lead,20260311,20260622,,2026-03-11,2026-06-22,,Mitigated,Completed,0,0
1115,RI-221-02,221,Risk,Shared engineer availability may delay delivery,Resource,2,3,6,Medium,Supplier Manager,20260527,20260811,,2026-05-27,2026-08-11,,Open,In Progress,0,0
1116,RI-221-03,221,Risk,Field issue recurrence needs containment — Industrial Service Transformation,Quality,2,4,8,Medium,Release Manager,20260520,20260811,,2026-05-20,2026-08-11,,Monitoring,In Progress,0,0
1117,RI-221-04,221,Risk,Backfill timing creates a capacity gap — Industrial Service Transformation,Resource,2,5,10,Medium,Technical Lead,20260117,20260314,20260202,2026-01-17,2026-03-14,2026-02-02,Closed,Completed,0,0
1118,RI-221-05,221,Risk,Backfill timing creates a capacity gap,Resource,3,4,12,High,Systems Lead,20251103,20260116,20251124,2025-11-03,2026-01-16,2025-11-24,Closed,Completed,0,0
1119,RI-222-01,222,Risk,Environment parity is not yet demonstrated,Technical,4,2,8,Medium,Data Lead,20251107,20251229,20260113,2025-11-07,2025-12-29,2026-01-13,Closed,Completed,0,0
1120,RI-222-02,222,Risk,Cloud run cost is trending above the baseline,Cost,3,1,3,Low,Project Manager,20260511,20260811,,2026-05-11,2026-08-11,,Mitigated,Completed,0,0
1121,RI-222-03,222,Risk,Competing portfolio priority constrains staffing,Resource,4,4,16,High,Product Owner,20251206,20260118,20251211,2025-12-06,2026-01-18,2025-12-11,Closed,Completed,0,0
1122,RI-222-04,222,Risk,Late design decision may affect downstream work,Schedule,4,3,12,High,Quality Lead,20260724,20260811,,2026-07-24,2026-08-11,,Monitoring,Completed,0,0
1123,RI-222-05,222,Risk,Environment parity is not yet demonstrated — Industrial Service Enablement,Technical,3,5,15,High,Finance Partner,20260511,20260811,20260521,2026-05-11,2026-08-11,2026-05-21,Closed,Completed,0,0
1124,RI-222-06,222,Risk,Review capacity is concentrated in one role — Industrial Service Enablement,Resource,3,1,3,Low,Data Lead,20260425,20260729,,2026-04-25,2026-07-29,,Mitigated,Completed,0,0
1125,RI-223-01,223,Risk,Interface behavior remains unproven — Industrial Service Acceleration,Technical,4,3,12,High,Technical Lead,20260608,20260811,,2026-06-08,2026-08-11,,Mitigated,Completed,0,0
1126,RI-223-02,223,Risk,Release window has limited recovery float,Schedule,4,3,12,High,Systems Lead,20260401,20260602,20260515,2026-04-01,2026-06-02,2026-05-15,Closed,Completed,0,0
1127,RI-223-03,223,Risk,Pilot readiness depends on unresolved actions — Industrial Service Acceleration,Schedule,2,1,2,Low,Security Lead,20260213,20260418,,2026-02-13,2026-04-18,,Mitigated,Completed,0,0
1128,RI-223-04,223,Risk,Traceability coverage requires remediation — Industrial Service Acceleration,Quality,3,5,15,High,Supplier Manager,20260802,20260811,,2026-08-02,2026-08-11,,Open,In Progress,0,0
1129,RI-223-05,223,Risk,Rework could consume management reserve — Industrial Service Acceleration,Cost,4,2,8,Medium,Release Manager,20260224,20260623,20260712,2026-02-24,2026-06-23,2026-07-12,Closed,Completed,0,0
1130,RI-223-06,223,Risk,Test environment availability may move the baseline — Industrial Service Acceleration,Schedule,1,3,3,Low,Technical Lead,20260629,20260811,,2026-06-29,2026-08-11,,Open,Not Started,0,0
1131,RI-223-07,223,Risk,Security approval is on the critical path,Dependency,2,2,4,Low,Systems Lead,20260612,20260811,20260728,2026-06-12,2026-08-11,2026-07-28,Closed,Completed,0,0
1132,RI-224-01,224,Risk,Material quotation may exceed the estimate,Cost,2,3,6,Medium,Quality Lead,20260103,20260306,,2026-01-03,2026-03-06,,Mitigated,Completed,0,0
1133,RI-224-02,224,Issue,Rework could consume management reserve — Industrial Service Orchestration,Cost,5,3,15,High,Finance Partner,20251203,20260205,,2025-12-03,2026-02-05,,Monitoring,In Progress,0,1
1134,RI-224-03,224,Issue,Prototype result may require architecture rework — Industrial Service Orchestration,Technical,3,4,12,High,Data Lead,20260712,20260811,,2026-07-12,2026-08-11,,Open,In Progress,0,0
1135,RI-224-04,224,Risk,Vendor component readiness is uncertain — Industrial Service Orchestration,Dependency,3,3,9,Medium,Project Manager,20260423,20260730,,2026-04-23,2026-07-30,,Monitoring,In Progress,0,1
1136,RI-225-01,225,Risk,Rework could consume management reserve,Cost,4,3,12,High,Supplier Manager,20260409,20260619,,2026-04-09,2026-06-19,,Mitigated,Completed,0,0
1137,RI-225-02,225,Risk,Critical skill coverage is below demand — Industrial Service Intelligence,Resource,3,2,6,Medium,Release Manager,20260611,20260725,20260615,2026-06-11,2026-07-25,2026-06-15,Closed,Completed,0,0
1138,RI-225-03,225,Risk,Scope clarification may require a budget change — Industrial Service Intelligence,Cost,3,4,12,High,Technical Lead,20260409,20260606,20260704,2026-04-09,2026-06-06,2026-07-04,Closed,Completed,0,0
1139,RI-225-04,225,Risk,Legacy data quality could require redesign,Technical,2,5,10,Medium,Systems Lead,20260315,20260529,20260522,2026-03-15,2026-05-29,2026-05-22,Closed,Not Required,0,0
1140,RI-225-05,225,Risk,Competing portfolio priority constrains staffing,Resource,3,1,3,Low,Security Lead,20260409,20260613,,2026-04-09,2026-06-13,,Open,Not Started,0,1
1141,RI-225-06,225,Risk,Backfill timing creates a capacity gap — Industrial Service Intelligence,Resource,4,4,16,High,Supplier Manager,20260511,20260811,,2026-05-11,2026-08-11,,Open,In Progress,0,0
1142,RI-226-01,226,Risk,Pilot readiness depends on unresolved actions,Schedule,3,4,12,High,Project Manager,20260519,20260728,20260801,2026-05-19,2026-07-28,2026-08-01,Closed,Completed,0,0
1143,RI-226-02,226,Issue,Supplier lead time threatens the next gate — Digital Asset Modernization,Schedule,3,4,12,High,Product Owner,20260802,20260811,,2026-08-02,2026-08-11,,Open,Not Started,0,0
1144,RI-226-03,226,Risk,Verification evidence is incomplete,Quality,4,4,16,High,Quality Lead,20260129,20260510,,2026-01-29,2026-05-10,,Mitigated,Completed,0,0
1145,RI-227-01,227,Issue,Release window has limited recovery float,Schedule,3,4,12,High,Systems Lead,20260707,20260811,,2026-07-07,2026-08-11,,Monitoring,In Progress,0,0
1146,RI-227-02,227,Issue,Integration sequence may compress validation — Digital Asset Analytics,Schedule,4,3,12,High,Security Lead,20260322,20260630,,2026-03-22,2026-06-30,,Mitigated,Completed,0,0
1147,RI-227-03,227,Risk,Legacy data quality could require redesign,Technical,2,2,4,Low,Supplier Manager,20260129,20260329,20260416,2026-01-29,2026-03-29,2026-04-16,Closed,Completed,0,0
1148,RI-227-04,227,Risk,External interface decision is blocking delivery,Dependency,3,2,6,Medium,Release Manager,20260123,20260506,,2026-01-23,2026-05-06,,Monitoring,Completed,0,1
1149,RI-227-05,227,Risk,Test environment availability may move the baseline,Schedule,2,3,6,Medium,Technical Lead,20260514,20260718,20260620,2026-05-14,2026-07-18,2026-06-20,Closed,Completed,0,0
1150,RI-228-01,228,Issue,Critical skill coverage is below demand,Resource,3,4,12,High,Finance Partner,20260412,20260622,,2026-04-12,2026-06-22,,Mitigated,Completed,0,0
1151,RI-228-02,228,Issue,Rework could consume management reserve,Cost,2,4,8,Medium,Data Lead,20260116,20260321,20260329,2026-01-16,2026-03-21,2026-03-29,Closed,Completed,0,0
1152,RI-228-03,228,Issue,Field issue recurrence needs containment — Digital Asset Platform,Quality,4,3,12,High,Project Manager,20260120,20260426,,2026-01-20,2026-04-26,,Mitigated,Completed,0,0
1153,RI-228-04,228,Risk,Upstream data contract remains unresolved,Dependency,3,2,6,Medium,Product Owner,20251221,20260205,,2025-12-21,2026-02-05,,Monitoring,In Progress,0,1
1154,RI-229-01,229,Risk,Review capacity is concentrated in one role — Digital Asset Optimization,Resource,4,4,16,High,Release Manager,20260225,20260616,,2026-02-25,2026-06-16,,Mitigated,Completed,0,0
1155,RI-229-02,229,Risk,Rework could consume management reserve — Digital Asset Optimization,Cost,1,4,4,Low,Technical Lead,20260624,20260811,,2026-06-24,2026-08-11,,Monitoring,In Progress,0,0
1156,RI-229-03,229,Risk,Vendor component readiness is uncertain,Dependency,3,4,12,High,Systems Lead,20260312,20260613,20260511,2026-03-12,2026-06-13,2026-05-11,Closed,Completed,0,0
1157,RI-230-01,230,Risk,Verification evidence is incomplete,Quality,4,5,20,Critical,Product Owner,20260324,20260602,,2026-03-24,2026-06-02,,Mitigated,Completed,0,0
1158,RI-230-02,230,Risk,Contractor transition may reduce throughput,Resource,2,3,6,Medium,Quality Lead,20260326,20260714,,2026-03-26,2026-07-14,,Mitigated,Completed,0,0
1159,RI-230-03,230,Risk,Critical skill coverage is below demand,Resource,2,1,2,Low,Finance Partner,20260419,20260706,,2026-04-19,2026-07-06,,Mitigated,Completed,0,0
1160,RI-230-04,230,Issue,Performance margin may not meet the target — Digital Asset Integration,Technical,3,2,6,Medium,Data Lead,20260412,20260722,20260430,2026-04-12,2026-07-22,2026-04-30,Closed,Completed,0,0
1161,RI-230-05,230,Risk,Backfill timing creates a capacity gap — Digital Asset Integration,Resource,2,3,6,Medium,Project Manager,20260505,20260714,,2026-05-05,2026-07-14,,Monitoring,Completed,0,1
1162,RI-230-06,230,Risk,Defect closure rate may miss the exit criterion,Quality,2,4,8,Medium,Product Owner,20260404,20260811,20260423,2026-04-04,2026-08-11,2026-04-23,Closed,Not Required,0,0
1163,RI-230-07,230,Issue,Committed spend limits recovery options,Cost,2,4,8,Medium,Quality Lead,20260521,20260717,,2026-05-21,2026-07-17,,Mitigated,Completed,0,0
1164,RI-231-01,231,Risk,Prototype result may require architecture rework,Technical,2,2,4,Low,Security Lead,20260413,20260611,,2026-04-13,2026-06-11,,Mitigated,Completed,0,0
1165,RI-231-02,231,Risk,Rework could consume management reserve,Cost,3,2,6,Medium,Supplier Manager,20260708,20260811,,2026-07-08,2026-08-11,,Monitoring,In Progress,0,0
1166,RI-231-03,231,Risk,Traceability coverage requires remediation,Quality,1,3,3,Low,Release Manager,20260513,20260623,,2026-05-13,2026-06-23,,Mitigated,Completed,0,0
1167,RI-231-04,231,Risk,Late design decision may affect downstream work — Digital Asset Transformation,Schedule,4,2,8,Medium,Technical Lead,20260603,20260806,,2026-06-03,2026-08-06,,Monitoring,In Progress,0,1
1168,RI-231-05,231,Risk,Review capacity is concentrated in one role,Resource,4,2,8,Medium,Systems Lead,20260113,20260522,,2026-01-13,2026-05-22,,Mitigated,Completed,0,0
1169,RI-231-06,231,Issue,Environment parity is not yet demonstrated — Digital Asset Transformation,Technical,4,2,8,Medium,Security Lead,20260320,20260517,20260412,2026-03-20,2026-05-17,2026-04-12,Closed,Completed,0,0
1170,RI-232-01,232,Risk,Vendor component readiness is uncertain,Dependency,4,3,12,High,Data Lead,20260722,20260811,,2026-07-22,2026-08-11,,Monitoring,In Progress,0,0
1171,RI-232-02,232,Risk,Contractor transition may reduce throughput,Resource,5,4,20,Critical,Project Manager,20260528,20260809,,2026-05-28,2026-08-09,,Monitoring,In Progress,1,1
1172,RI-232-03,232,Risk,Test environment availability may move the baseline — Digital Asset Enablement,Schedule,4,4,16,High,Product Owner,20260424,20260702,20260514,2026-04-24,2026-07-02,2026-05-14,Closed,Completed,0,0
1173,RI-233-01,233,Issue,Environment parity is not yet demonstrated — Digital Asset Acceleration,Technical,3,2,6,Medium,Technical Lead,20260527,20260811,,2026-05-27,2026-08-11,,Monitoring,In Progress,0,0
1174,RI-233-02,233,Risk,Shared engineer availability may delay delivery,Resource,1,2,2,Low,Systems Lead,20260725,20260811,,2026-07-25,2026-08-11,,Monitoring,In Progress,0,0
1175,RI-233-03,233,Risk,Specialist rate mix is above plan — Digital Asset Acceleration,Cost,3,2,6,Medium,Security Lead,20260619,20260811,,2026-06-19,2026-08-11,,Monitoring,In Progress,0,0
1176,RI-233-04,233,Risk,Customer test access is not yet confirmed,Dependency,2,2,4,Low,Supplier Manager,20260216,20260411,20260227,2026-02-16,2026-04-11,2026-02-27,Closed,Completed,0,0
1177,RI-234-01,234,Risk,Prototype result may require architecture rework — Digital Asset Orchestration,Technical,4,5,20,Critical,Quality Lead,20260128,20260329,20260309,2026-01-28,2026-03-29,2026-03-09,Closed,Completed,0,0
1178,RI-234-02,234,Issue,Supplier lead time threatens the next gate,Schedule,5,4,20,Critical,Finance Partner,20260204,20260406,20260506,2026-02-04,2026-04-06,2026-05-06,Closed,Completed,0,0
1179,RI-234-03,234,Issue,Vendor component readiness is uncertain,Dependency,3,3,9,Medium,Data Lead,20260717,20260811,,2026-07-17,2026-08-11,,Monitoring,In Progress,0,0
1180,RI-234-04,234,Issue,Critical skill coverage is below demand — Digital Asset Orchestration,Resource,3,3,9,Medium,Project Manager,20251120,20260128,,2025-11-20,2026-01-28,,Open,In Progress,0,1
1181,RI-235-01,235,Issue,Pilot readiness depends on unresolved actions — Digital Asset Intelligence,Schedule,2,5,10,Medium,Supplier Manager,20260409,20260707,,2026-04-09,2026-07-07,,Open,Not Started,0,1
1182,RI-235-02,235,Risk,Regression scope may exceed the test window — Digital Asset Intelligence,Quality,5,1,5,Low,Release Manager,20260609,20260811,,2026-06-09,2026-08-11,,Monitoring,In Progress,0,0
1183,RI-235-03,235,Issue,Pilot readiness depends on unresolved actions — Digital Asset Intelligence,Schedule,4,3,12,High,Technical Lead,20260412,20260715,,2026-04-12,2026-07-15,,Mitigated,Completed,0,0
1184,RI-236-01,236,Risk,Traceability coverage requires remediation — Digital Operations Modernization,Quality,4,3,12,High,Project Manager,20260602,20260811,,2026-06-02,2026-08-11,,Open,Not Started,0,0
1185,RI-236-02,236,Issue,Legacy data quality could require redesign — Digital Operations Modernization,Technical,3,5,15,High,Product Owner,20260527,20260723,20260718,2026-05-27,2026-07-23,2026-07-18,Closed,Completed,0,0
1186,RI-236-03,236,Risk,Legacy data quality could require redesign,Technical,5,3,15,High,Quality Lead,20260708,20260811,,2026-07-08,2026-08-11,,Open,In Progress,0,0
1187,RI-236-04,236,Risk,Material quotation may exceed the estimate — Digital Operations Modernization,Cost,5,5,25,Critical,Finance Partner,20260215,20260626,,2026-02-15,2026-06-26,,Monitoring,In Progress,1,1
1188,RI-237-01,237,Risk,Verification evidence is incomplete,Quality,3,5,15,High,Systems Lead,20260504,20260722,,2026-05-04,2026-07-22,,Mitigated,Completed,0,0
1189,RI-237-02,237,Risk,Environment parity is not yet demonstrated — Digital Operations Analytics,Technical,2,3,6,Medium,Security Lead,20260111,20260517,,2026-01-11,2026-05-17,,Mitigated,Completed,0,0
1190,RI-237-03,237,Risk,Prototype result may require architecture rework,Technical,3,2,6,Medium,Supplier Manager,20260708,20260811,,2026-07-08,2026-08-11,,Monitoring,In Progress,0,0
1191,RI-238-01,238,Risk,Committed spend limits recovery options,Cost,1,3,3,Low,Finance Partner,20260427,20260615,,2026-04-27,2026-06-15,,Monitoring,Completed,0,1
1192,RI-238-02,238,Risk,Environment parity is not yet demonstrated — Digital Operations Platform,Technical,2,2,4,Low,Data Lead,20260625,20260731,,2026-06-25,2026-07-31,,Monitoring,In Progress,0,1
1193,RI-238-03,238,Risk,Test environment availability may move the baseline — Digital Operations Platform,Schedule,4,3,12,High,Project Manager,20260416,20260802,20260612,2026-04-16,2026-08-02,2026-06-12,Closed,Completed,0,0
1194,RI-238-04,238,Risk,Rework could consume management reserve,Cost,4,3,12,High,Product Owner,20260209,20260701,,2026-02-09,2026-07-01,,Monitoring,In Progress,0,1
1195,RI-239-01,239,Risk,Committed spend limits recovery options — Digital Operations Optimization,Cost,5,4,20,Critical,Release Manager,20260511,20260626,,2026-05-11,2026-06-26,,Mitigated,Completed,0,0
1196,RI-239-02,239,Risk,Upstream data contract remains unresolved,Dependency,5,4,20,Critical,Technical Lead,20260708,20260811,,2026-07-08,2026-08-11,,Monitoring,In Progress,1,0
1197,RI-239-03,239,Issue,Test environment availability may move the baseline,Schedule,3,3,9,Medium,Systems Lead,20260325,20260601,20260524,2026-03-25,2026-06-01,2026-05-24,Closed,Completed,0,0
1198,RI-239-04,239,Issue,Customer test access is not yet confirmed,Dependency,3,5,15,High,Security Lead,20260603,20260729,,2026-06-03,2026-07-29,,Monitoring,In Progress,0,1
1199,RI-240-01,240,Risk,Pilot readiness depends on unresolved actions,Schedule,2,3,6,Medium,Product Owner,20260803,20260811,,2026-08-03,2026-08-11,,Open,Not Started,0,0
1200,RI-240-02,240,Issue,Interface behavior remains unproven — Digital Operations Integration,Technical,3,4,12,High,Quality Lead,20260523,20260723,,2026-05-23,2026-07-23,,Open,Not Started,0,1
1201,RI-240-03,240,Risk,Specialist rate mix is above plan — Digital Operations Integration,Cost,5,3,15,High,Finance Partner,20260114,20260602,,2026-01-14,2026-06-02,,Mitigated,Completed,0,0
1202,RI-240-04,240,Issue,Shared engineer availability may delay delivery,Resource,5,2,10,Medium,Data Lead,20260207,20260422,,2026-02-07,2026-04-22,,Monitoring,Completed,0,1
1203,RI-241-01,241,Risk,Environment parity is not yet demonstrated,Technical,3,2,6,Medium,Security Lead,20260701,20260811,,2026-07-01,2026-08-11,,Monitoring,In Progress,0,0
1204,RI-241-02,241,Issue,Review capacity is concentrated in one role,Resource,4,2,8,Medium,Supplier Manager,20260121,20260414,20260126,2026-01-21,2026-04-14,2026-01-26,Closed,Completed,0,0
1205,RI-241-03,241,Risk,Shared engineer availability may delay delivery,Resource,2,2,4,Low,Release Manager,20260524,20260804,20260721,2026-05-24,2026-08-04,2026-07-21,Closed,Completed,0,0
1206,RI-241-04,241,Risk,Specialist rate mix is above plan,Cost,3,5,15,High,Technical Lead,20260514,20260713,20260702,2026-05-14,2026-07-13,2026-07-02,Closed,Completed,0,0
1207,RI-241-05,241,Issue,Pilot readiness depends on unresolved actions — Digital Operations Transformation,Schedule,2,5,10,Medium,Systems Lead,20260708,20260811,,2026-07-08,2026-08-11,,Mitigated,Completed,0,0
1208,RI-241-06,241,Risk,Test environment availability may move the baseline — Digital Operations Transformation,Schedule,2,3,6,Medium,Security Lead,20260527,20260811,,2026-05-27,2026-08-11,,Monitoring,In Progress,0,0
1209,RI-241-07,241,Risk,Competing portfolio priority constrains staffing — Digital Operations Transformation,Resource,3,3,9,Medium,Supplier Manager,20260615,20260811,,2026-06-15,2026-08-11,,Monitoring,In Progress,0,0
1210,RI-242-01,242,Issue,Technical debt may complicate integration,Technical,4,2,8,Medium,Data Lead,20251129,20260201,,2025-11-29,2026-02-01,,Mitigated,Completed,0,0
1211,RI-242-02,242,Risk,Specialist rate mix is above plan,Cost,1,3,3,Low,Project Manager,20251127,20260126,,2025-11-27,2026-01-26,,Monitoring,In Progress,0,1
1212,RI-242-03,242,Risk,Specialist rate mix is above plan — Digital Operations Enablement,Cost,4,2,8,Medium,Product Owner,20260711,20260811,20260713,2026-07-11,2026-08-11,2026-07-13,Closed,Completed,0,0
1213,RI-242-04,242,Risk,Environment parity is not yet demonstrated,Technical,3,2,6,Medium,Quality Lead,20260328,20260621,,2026-03-28,2026-06-21,,Monitoring,In Progress,0,1
1214,RI-242-05,242,Risk,Rework could consume management reserve — Digital Operations Enablement,Cost,5,5,25,Critical,Finance Partner,20260526,20260811,,2026-05-26,2026-08-11,,Open,In Progress,1,0
1215,RI-243-01,243,Risk,Committed spend limits recovery options,Cost,2,5,10,Medium,Technical Lead,20260623,20260811,,2026-06-23,2026-08-11,,Open,Not Started,0,0
1216,RI-243-02,243,Issue,Committed spend limits recovery options,Cost,5,5,25,Critical,Systems Lead,20260208,20260528,20260505,2026-02-08,2026-05-28,2026-05-05,Closed,Completed,0,0
1217,RI-243-03,243,Risk,Interface behavior remains unproven,Technical,1,2,2,Low,Security Lead,20260313,20260513,,2026-03-13,2026-05-13,,Mitigated,Completed,0,0
1218,RI-243-04,243,Risk,Supplier lead time threatens the next gate,Schedule,4,3,12,High,Supplier Manager,20260513,20260811,,2026-05-13,2026-08-11,,Open,In Progress,0,0
1219,RI-244-01,244,Risk,External interface decision is blocking delivery — Digital Operations Orchestration,Dependency,3,1,3,Low,Quality Lead,20260605,20260729,,2026-06-05,2026-07-29,,Mitigated,Completed,0,0
1220,RI-244-02,244,Risk,Committed spend limits recovery options — Digital Operations Orchestration,Cost,5,4,20,Critical,Finance Partner,20260702,20260811,,2026-07-02,2026-08-11,,Mitigated,Completed,0,0
1221,RI-244-03,244,Risk,Release window has limited recovery float — Digital Operations Orchestration,Schedule,3,2,6,Medium,Data Lead,20260809,20260811,,2026-08-09,2026-08-11,,Open,In Progress,0,0
1222,RI-244-04,244,Risk,Committed spend limits recovery options — Digital Operations Orchestration,Cost,3,2,6,Medium,Project Manager,20260609,20260811,,2026-06-09,2026-08-11,,Open,Not Started,0,0
1223,RI-244-05,244,Risk,Critical skill coverage is below demand,Resource,2,2,4,Low,Product Owner,20260706,20260811,,2026-07-06,2026-08-11,,Open,Not Started,0,0
1224,RI-244-06,244,Risk,Late design decision may affect downstream work — Digital Operations Orchestration,Schedule,5,3,15,High,Quality Lead,20260807,20260811,,2026-08-07,2026-08-11,,Monitoring,In Progress,0,0
1225,RI-244-07,244,Risk,Review capacity is concentrated in one role,Resource,3,5,15,High,Finance Partner,20260531,20260811,,2026-05-31,2026-08-11,,Monitoring,In Progress,0,0
1226,RI-245-01,245,Risk,Regression scope may exceed the test window — Digital Operations Intelligence,Quality,2,3,6,Medium,Supplier Manager,20260403,20260627,20260715,2026-04-03,2026-06-27,2026-07-15,Closed,Completed,0,0
1227,RI-245-02,245,Risk,Prototype result may require architecture rework — Digital Operations Intelligence,Technical,4,1,4,Low,Release Manager,20260528,20260811,,2026-05-28,2026-08-11,,Mitigated,Completed,0,0
1228,RI-245-03,245,Risk,Cloud run cost is trending above the baseline,Cost,4,4,16,High,Technical Lead,20260422,20260811,,2026-04-22,2026-08-11,,Monitoring,Completed,0,0
1229,RI-246-01,246,Risk,Competing portfolio priority constrains staffing — Digital Reliability Modernization,Resource,4,3,12,High,Project Manager,20260628,20260811,,2026-06-28,2026-08-11,,Monitoring,In Progress,0,0
1230,RI-246-02,246,Risk,Verification evidence is incomplete,Quality,3,4,12,High,Product Owner,20251206,20260212,,2025-12-06,2026-02-12,,Monitoring,In Progress,0,1
1231,RI-246-03,246,Risk,Shared engineer availability may delay delivery,Resource,4,4,16,High,Quality Lead,20260224,20260501,,2026-02-24,2026-05-01,,Mitigated,Completed,0,0
1232,RI-247-01,247,Risk,Customer test access is not yet confirmed,Dependency,4,2,8,Medium,Systems Lead,20260421,20260621,,2026-04-21,2026-06-21,,Mitigated,Completed,0,0
1233,RI-247-02,247,Risk,Cloud run cost is trending above the baseline,Cost,3,3,9,Medium,Security Lead,20260730,20260811,,2026-07-30,2026-08-11,,Mitigated,Completed,0,0
1234,RI-247-03,247,Risk,Upstream data contract remains unresolved — Digital Reliability Analytics,Dependency,3,4,12,High,Supplier Manager,20260728,20260811,,2026-07-28,2026-08-11,,Open,Not Started,0,0
1235,RI-247-04,247,Issue,Security approval is on the critical path,Dependency,4,3,12,High,Release Manager,20260429,20260710,,2026-04-29,2026-07-10,,Mitigated,Completed,0,0
1236,RI-247-05,247,Issue,Competing portfolio priority constrains staffing — Digital Reliability Analytics,Resource,2,3,6,Medium,Technical Lead,20260506,20260811,,2026-05-06,2026-08-11,,Mitigated,Completed,0,0
1237,RI-247-06,247,Risk,Critical skill coverage is below demand — Digital Reliability Analytics,Resource,3,4,12,High,Systems Lead,20260521,20260716,20260808,2026-05-21,2026-07-16,2026-08-08,Closed,Completed,0,0
1238,RI-247-07,247,Risk,Interface behavior remains unproven,Technical,3,3,9,Medium,Security Lead,20260727,20260811,,2026-07-27,2026-08-11,,Open,Not Started,0,0
1239,RI-248-01,248,Risk,Cloud run cost is trending above the baseline — Digital Reliability Platform,Cost,4,1,4,Low,Finance Partner,20260209,20260511,,2026-02-09,2026-05-11,,Monitoring,In Progress,0,1
1240,RI-248-02,248,Risk,Prototype result may require architecture rework,Technical,3,5,15,High,Data Lead,20260220,20260414,20260424,2026-02-20,2026-04-14,2026-04-24,Closed,Completed,0,0
1241,RI-248-03,248,Risk,Field issue recurrence needs containment,Quality,2,4,8,Medium,Project Manager,20251219,20260222,,2025-12-19,2026-02-22,,Monitoring,In Progress,0,1
1242,RI-248-04,248,Risk,Performance margin may not meet the target,Technical,3,1,3,Low,Product Owner,20260716,20260811,,2026-07-16,2026-08-11,,Mitigated,Completed,0,0
1243,RI-248-05,248,Risk,Security approval is on the critical path — Digital Reliability Platform,Dependency,4,4,16,High,Quality Lead,20260729,20260811,,2026-07-29,2026-08-11,,Open,Not Started,0,0
1244,RI-248-06,248,Risk,Prototype result may require architecture rework,Technical,4,3,12,High,Finance Partner,20251119,20260222,,2025-11-19,2026-02-22,,Monitoring,In Progress,0,1
1245,RI-249-01,249,Risk,Scope clarification may require a budget change,Cost,4,2,8,Medium,Release Manager,20260723,20260811,,2026-07-23,2026-08-11,,Mitigated,Completed,0,0
1246,RI-249-02,249,Risk,Release window has limited recovery float,Schedule,3,3,9,Medium,Technical Lead,20260213,20260410,,2026-02-13,2026-04-10,,Monitoring,Completed,0,1
1247,RI-249-03,249,Risk,Supplier lead time threatens the next gate — Digital Reliability Optimization,Schedule,4,1,4,Low,Systems Lead,20260116,20260413,,2026-01-16,2026-04-13,,Monitoring,In Progress,0,1
1248,RI-249-04,249,Risk,Pilot readiness depends on unresolved actions — Digital Reliability Optimization,Schedule,2,1,2,Low,Security Lead,20260629,20260811,20260708,2026-06-29,2026-08-11,2026-07-08,Closed,Not Required,0,0
1249,RI-249-05,249,Issue,Technical debt may complicate integration,Technical,1,4,4,Low,Supplier Manager,20260531,20260703,20260613,2026-05-31,2026-07-03,2026-06-13,Closed,Completed,0,0
1250,RI-249-06,249,Risk,Competing portfolio priority constrains staffing,Resource,3,3,9,Medium,Release Manager,20260419,20260612,,2026-04-19,2026-06-12,,Mitigated,Completed,0,0
1251,RI-250-01,250,Risk,Defect closure rate may miss the exit criterion,Quality,3,4,12,High,Product Owner,20260720,20260811,,2026-07-20,2026-08-11,,Open,Not Started,0,0
1252,RI-250-02,250,Issue,Test environment availability may move the baseline,Schedule,3,4,12,High,Quality Lead,20260429,20260811,,2026-04-29,2026-08-11,,Monitoring,In Progress,0,0
1253,RI-250-03,250,Risk,Legacy data quality could require redesign — Digital Reliability Integration,Technical,3,3,9,Medium,Finance Partner,20260526,20260811,,2026-05-26,2026-08-11,,Monitoring,In Progress,0,0
1254,RI-250-04,250,Risk,Material quotation may exceed the estimate,Cost,2,3,6,Medium,Data Lead,20260426,20260805,,2026-04-26,2026-08-05,,Open,Not Started,0,1
1255,RI-251-01,251,Risk,Review capacity is concentrated in one role,Resource,1,4,4,Low,Security Lead,20260805,20260811,,2026-08-05,2026-08-11,,Monitoring,Completed,0,0
1256,RI-251-02,251,Risk,Field issue recurrence needs containment,Quality,3,2,6,Medium,Supplier Manager,20260610,20260810,20260624,2026-06-10,2026-08-10,2026-06-24,Closed,Completed,0,0
1257,RI-251-03,251,Risk,Committed spend limits recovery options — Digital Reliability Transformation,Cost,3,3,9,Medium,Release Manager,20260714,20260811,,2026-07-14,2026-08-11,,Monitoring,In Progress,0,0
1258,RI-251-04,251,Risk,Verification evidence is incomplete,Quality,3,3,9,Medium,Technical Lead,20260713,20260811,,2026-07-13,2026-08-11,,Open,In Progress,0,0
1259,RI-252-01,252,Risk,Specialist rate mix is above plan,Cost,2,4,8,Medium,Data Lead,20260620,20260811,,2026-06-20,2026-08-11,,Open,In Progress,0,0
1260,RI-252-02,252,Issue,Critical skill coverage is below demand — Digital Reliability Enablement,Resource,3,3,9,Medium,Project Manager,20260521,20260804,,2026-05-21,2026-08-04,,Monitoring,Completed,0,1
1261,RI-252-03,252,Issue,Cloud run cost is trending above the baseline — Digital Reliability Enablement,Cost,5,4,20,Critical,Product Owner,20260802,20260811,,2026-08-02,2026-08-11,,Monitoring,Completed,1,0
1262,RI-252-04,252,Risk,Legacy data quality could require redesign,Technical,3,3,9,Medium,Quality Lead,20260429,20260711,,2026-04-29,2026-07-11,,Mitigated,Completed,0,0
1263,RI-252-05,252,Risk,Pilot readiness depends on unresolved actions — Digital Reliability Enablement,Schedule,3,2,6,Medium,Finance Partner,20260511,20260704,,2026-05-11,2026-07-04,,Open,In Progress,0,1
1264,RI-252-06,252,Risk,Prototype result may require architecture rework,Technical,2,2,4,Low,Data Lead,20260717,20260811,,2026-07-17,2026-08-11,,Open,Not Started,0,0
1265,RI-253-01,253,Risk,Legacy data quality could require redesign,Technical,3,3,9,Medium,Technical Lead,20260204,20260410,20260425,2026-02-04,2026-04-10,2026-04-25,Closed,Not Required,0,0
1266,RI-253-02,253,Risk,Supplier lead time threatens the next gate — Digital Reliability Acceleration,Schedule,1,4,4,Low,Systems Lead,20250911,20251124,,2025-09-11,2025-11-24,,Mitigated,Completed,0,0
1267,RI-253-03,253,Issue,Interface behavior remains unproven — Digital Reliability Acceleration,Technical,2,5,10,Medium,Security Lead,20251223,20260314,20260315,2025-12-23,2026-03-14,2026-03-15,Closed,Completed,0,0
1268,RI-253-04,253,Issue,Legacy data quality could require redesign,Technical,2,3,6,Medium,Supplier Manager,20260422,20260623,20260509,2026-04-22,2026-06-23,2026-05-09,Closed,Completed,0,0
1269,RI-253-05,253,Risk,Environment parity is not yet demonstrated — Digital Reliability Acceleration,Technical,5,4,20,Critical,Release Manager,20250902,20251024,20251028,2025-09-02,2025-10-24,2025-10-28,Closed,Completed,0,0
1270,RI-253-06,253,Risk,Review capacity is concentrated in one role,Resource,3,4,12,High,Technical Lead,20260305,20260515,,2026-03-05,2026-05-15,,Open,Not Started,0,1
1271,RI-254-01,254,Risk,Security approval is on the critical path — Digital Reliability Orchestration,Dependency,1,5,5,Low,Quality Lead,20260712,20260811,,2026-07-12,2026-08-11,,Mitigated,Completed,0,0
1272,RI-254-02,254,Risk,Late design decision may affect downstream work,Schedule,2,2,4,Low,Finance Partner,20260504,20260612,,2026-05-04,2026-06-12,,Mitigated,Completed,0,0
1273,RI-254-03,254,Risk,Backfill timing creates a capacity gap — Digital Reliability Orchestration,Resource,3,5,15,High,Data Lead,20260317,20260715,,2026-03-17,2026-07-15,,Open,In Progress,0,1
1274,RI-255-01,255,Risk,Committed spend limits recovery options,Cost,3,4,12,High,Supplier Manager,20260516,20260811,,2026-05-16,2026-08-11,,Open,In Progress,0,0
1275,RI-255-02,255,Risk,Late design decision may affect downstream work,Schedule,3,2,6,Medium,Release Manager,20260412,20260523,,2026-04-12,2026-05-23,,Monitoring,In Progress,0,1
1276,RI-255-03,255,Issue,Verification evidence is incomplete,Quality,3,3,9,Medium,Technical Lead,20260808,20260811,,2026-08-08,2026-08-11,,Open,Not Started,0,0
1277,RI-255-04,255,Risk,Pilot readiness depends on unresolved actions — Digital Reliability Intelligence,Schedule,3,2,6,Medium,Systems Lead,20260214,20260508,,2026-02-14,2026-05-08,,Mitigated,Completed,0,0
1278,RI-256-01,256,Risk,Cloud run cost is trending above the baseline — Digital Controls Modernization,Cost,3,3,9,Medium,Project Manager,20260731,20260811,,2026-07-31,2026-08-11,,Open,Not Started,0,0
1279,RI-256-02,256,Risk,Release window has limited recovery float,Schedule,2,2,4,Low,Product Owner,20260519,20260727,,2026-05-19,2026-07-27,,Monitoring,In Progress,0,1
1280,RI-256-03,256,Issue,Customer test access is not yet confirmed,Dependency,3,5,15,High,Quality Lead,20260728,20260811,,2026-07-28,2026-08-11,,Monitoring,Completed,0,0
1281,RI-257-01,257,Risk,Review capacity is concentrated in one role — Digital Controls Analytics,Resource,3,4,12,High,Systems Lead,20260320,20260518,,2026-03-20,2026-05-18,,Open,Not Started,0,1
1282,RI-257-02,257,Risk,Specialist rate mix is above plan — Digital Controls Analytics,Cost,1,2,2,Low,Security Lead,20260418,20260717,,2026-04-18,2026-07-17,,Open,In Progress,0,1
1283,RI-257-03,257,Issue,Technical debt may complicate integration — Digital Controls Analytics,Technical,5,4,20,Critical,Supplier Manager,20260402,20260509,,2026-04-02,2026-05-09,,Monitoring,In Progress,1,1
1284,RI-257-04,257,Risk,Rework could consume management reserve — Digital Controls Analytics,Cost,3,5,15,High,Release Manager,20260404,20260718,,2026-04-04,2026-07-18,,Monitoring,Completed,0,1
1285,RI-257-05,257,Issue,Contractor transition may reduce throughput — Digital Controls Analytics,Resource,4,3,12,High,Technical Lead,20260318,20260419,,2026-03-18,2026-04-19,,Monitoring,Completed,0,1
1286,RI-257-06,257,Risk,Shared engineer availability may delay delivery,Resource,3,3,9,Medium,Systems Lead,20260729,20260811,,2026-07-29,2026-08-11,,Open,Not Started,0,0
1287,RI-257-07,257,Risk,Vendor component readiness is uncertain — Digital Controls Analytics,Dependency,3,3,9,Medium,Security Lead,20260621,20260811,20260704,2026-06-21,2026-08-11,2026-07-04,Closed,Completed,0,0
1288,RI-258-01,258,Risk,Pilot readiness depends on unresolved actions,Schedule,3,4,12,High,Finance Partner,20260710,20260811,,2026-07-10,2026-08-11,,Open,In Progress,0,0
1289,RI-258-02,258,Risk,Cloud run cost is trending above the baseline — Digital Controls Platform,Cost,3,3,9,Medium,Data Lead,20260809,20260811,,2026-08-09,2026-08-11,,Monitoring,In Progress,0,0
1290,RI-258-03,258,Risk,Review capacity is concentrated in one role — Digital Controls Platform,Resource,2,3,6,Medium,Project Manager,20260721,20260811,,2026-07-21,2026-08-11,,Open,Not Started,0,0
1291,RI-259-01,259,Risk,Upstream data contract remains unresolved,Dependency,4,1,4,Low,Release Manager,20260728,20260811,,2026-07-28,2026-08-11,,Monitoring,In Progress,0,0
1292,RI-259-02,259,Risk,Performance margin may not meet the target — Digital Controls Optimization,Technical,2,2,4,Low,Technical Lead,20260617,20260811,,2026-06-17,2026-08-11,,Open,In Progress,0,0
1293,RI-259-03,259,Risk,Prototype result may require architecture rework — Digital Controls Optimization,Technical,2,4,8,Medium,Systems Lead,20260703,20260811,,2026-07-03,2026-08-11,,Monitoring,Completed,0,0
1294,RI-259-04,259,Risk,Traceability coverage requires remediation,Quality,3,3,9,Medium,Security Lead,20260801,20260811,,2026-08-01,2026-08-11,,Open,In Progress,0,0
1295,RI-260-01,260,Risk,Platform release timing may create a mismatch — Digital Controls Integration,Dependency,1,3,3,Low,Product Owner,20260505,20260711,,2026-05-05,2026-07-11,,Mitigated,Completed,0,0
1296,RI-260-02,260,Risk,Integration sequence may compress validation,Schedule,4,3,12,High,Quality Lead,20260321,20260603,,2026-03-21,2026-06-03,,Mitigated,Completed,0,0
1297,RI-260-03,260,Risk,Field issue recurrence needs containment — Digital Controls Integration,Quality,3,5,15,High,Finance Partner,20260511,20260807,,2026-05-11,2026-08-07,,Mitigated,Completed,0,0
1298,RI-260-04,260,Risk,Prototype result may require architecture rework — Digital Controls Integration,Technical,3,2,6,Medium,Data Lead,20260319,20260601,,2026-03-19,2026-06-01,,Mitigated,Completed,0,0
1299,RI-260-05,260,Issue,Release window has limited recovery float — Digital Controls Integration,Schedule,2,3,6,Medium,Project Manager,20260724,20260811,20260803,2026-07-24,2026-08-11,2026-08-03,Closed,Completed,0,0
1300,RI-260-06,260,Issue,Specialist rate mix is above plan — Digital Controls Integration,Cost,3,3,9,Medium,Product Owner,20251212,20260130,20251231,2025-12-12,2026-01-30,2025-12-31,Closed,Completed,0,0
1301,RI-261-01,261,Risk,Acceptance criteria remain partially ambiguous,Quality,3,2,6,Medium,Security Lead,20260321,20260518,,2026-03-21,2026-05-18,,Open,Not Started,0,1
1302,RI-261-02,261,Issue,Customer test access is not yet confirmed — Digital Controls Transformation,Dependency,4,4,16,High,Supplier Manager,20260407,20260727,,2026-04-07,2026-07-27,,Open,Not Started,0,1
1303,RI-261-03,261,Risk,Acceptance criteria remain partially ambiguous — Digital Controls Transformation,Quality,5,3,15,High,Release Manager,20260314,20260727,,2026-03-14,2026-07-27,,Mitigated,Completed,0,0
1304,RI-262-01,262,Risk,Upstream data contract remains unresolved — Digital Controls Enablement,Dependency,4,5,20,Critical,Data Lead,20260623,20260811,,2026-06-23,2026-08-11,,Open,In Progress,1,0
1305,RI-262-02,262,Issue,Late design decision may affect downstream work,Schedule,3,3,9,Medium,Project Manager,20260729,20260811,,2026-07-29,2026-08-11,,Open,Not Started,0,0
1306,RI-262-03,262,Issue,Competing portfolio priority constrains staffing,Resource,2,5,10,Medium,Product Owner,20260617,20260809,,2026-06-17,2026-08-09,,Monitoring,In Progress,0,1
1307,RI-262-04,262,Risk,Performance margin may not meet the target,Technical,5,2,10,Medium,Quality Lead,20260527,20260714,20260725,2026-05-27,2026-07-14,2026-07-25,Closed,Completed,0,0
1308,RI-263-01,263,Risk,Performance margin may not meet the target — Digital Controls Acceleration,Technical,3,5,15,High,Technical Lead,20260706,20260811,,2026-07-06,2026-08-11,,Monitoring,In Progress,0,0
1309,RI-263-02,263,Risk,Shared engineer availability may delay delivery — Digital Controls Acceleration,Resource,2,3,6,Medium,Systems Lead,20260314,20260708,,2026-03-14,2026-07-08,,Mitigated,Completed,0,0
1310,RI-263-03,263,Risk,Committed spend limits recovery options — Digital Controls Acceleration,Cost,3,3,9,Medium,Security Lead,20260613,20260811,,2026-06-13,2026-08-11,,Open,In Progress,0,0
1311,RI-264-01,264,Risk,Environment parity is not yet demonstrated,Technical,3,2,6,Medium,Quality Lead,20251216,20260405,,2025-12-16,2026-04-05,,Monitoring,In Progress,0,1
1312,RI-264-02,264,Risk,Test environment availability may move the baseline — Digital Controls Orchestration,Schedule,3,3,9,Medium,Finance Partner,20251208,20260309,,2025-12-08,2026-03-09,,Mitigated,Completed,0,0
1313,RI-264-03,264,Issue,Integration sequence may compress validation,Schedule,3,3,9,Medium,Data Lead,20251231,20260501,,2025-12-31,2026-05-01,,Mitigated,Completed,0,0
1314,RI-264-04,264,Risk,Material quotation may exceed the estimate — Digital Controls Orchestration,Cost,5,3,15,High,Project Manager,20260318,20260716,,2026-03-18,2026-07-16,,Open,Not Started,0,1
1315,RI-264-05,264,Risk,Field issue recurrence needs containment,Quality,3,1,3,Low,Product Owner,20260605,20260811,,2026-06-05,2026-08-11,,Open,Not Started,0,0
1316,RI-265-01,265,Risk,Committed spend limits recovery options,Cost,2,4,8,Medium,Supplier Manager,20260415,20260629,,2026-04-15,2026-06-29,,Mitigated,Completed,0,0
1317,RI-265-02,265,Risk,Security approval is on the critical path,Dependency,4,4,16,High,Release Manager,20260419,20260811,,2026-04-19,2026-08-11,,Monitoring,In Progress,0,0
1318,RI-265-03,265,Risk,Interface behavior remains unproven — Digital Controls Intelligence,Technical,3,4,12,High,Technical Lead,20260722,20260811,,2026-07-22,2026-08-11,,Open,Not Started,0,0
1319,RI-265-04,265,Issue,Late design decision may affect downstream work,Schedule,2,3,6,Medium,Systems Lead,20260703,20260811,,2026-07-03,2026-08-11,,Monitoring,In Progress,0,0
1320,RI-265-05,265,Risk,Rework could consume management reserve,Cost,3,4,12,High,Security Lead,20260331,20260610,,2026-03-31,2026-06-10,,Mitigated,Completed,0,0
1321,RI-266-01,266,Risk,Upstream data contract remains unresolved — Digital Telemetry Modernization,Dependency,3,2,6,Medium,Project Manager,20260803,20260811,20260806,2026-08-03,2026-08-11,2026-08-06,Closed,Completed,0,0
1322,RI-266-02,266,Risk,Environment parity is not yet demonstrated,Technical,4,3,12,High,Product Owner,20260809,20260811,,2026-08-09,2026-08-11,,Open,In Progress,0,0
1323,RI-266-03,266,Risk,Integration sequence may compress validation,Schedule,3,1,3,Low,Quality Lead,20260629,20260811,,2026-06-29,2026-08-11,,Open,In Progress,0,0
1324,RI-267-01,267,Risk,Traceability coverage requires remediation,Quality,3,4,12,High,Systems Lead,20260627,20260811,,2026-06-27,2026-08-11,,Monitoring,In Progress,0,0
1325,RI-267-02,267,Risk,Defect closure rate may miss the exit criterion,Quality,2,3,6,Medium,Security Lead,20260617,20260809,20260803,2026-06-17,2026-08-09,2026-08-03,Closed,Completed,0,0
1326,RI-267-03,267,Risk,Cloud run cost is trending above the baseline — Digital Telemetry Analytics,Cost,2,2,4,Low,Supplier Manager,20260807,20260811,,2026-08-07,2026-08-11,,Monitoring,In Progress,0,0
1327,RI-267-04,267,Risk,Environment parity is not yet demonstrated,Technical,2,5,10,Medium,Release Manager,20260529,20260811,,2026-05-29,2026-08-11,,Monitoring,In Progress,0,0
1328,RI-267-05,267,Risk,Test environment availability may move the baseline,Schedule,3,1,3,Low,Technical Lead,20260312,20260501,20260514,2026-03-12,2026-05-01,2026-05-14,Closed,Completed,0,0
1329,RI-267-06,267,Risk,Cloud run cost is trending above the baseline — Digital Telemetry Analytics,Cost,3,1,3,Low,Systems Lead,20260711,20260811,,2026-07-11,2026-08-11,,Mitigated,Completed,0,0
1330,RI-267-07,267,Risk,Rework could consume management reserve,Cost,4,3,12,High,Security Lead,20260804,20260811,,2026-08-04,2026-08-11,,Open,In Progress,0,0
1331,RI-268-01,268,Issue,Release window has limited recovery float — Digital Telemetry Platform,Schedule,2,3,6,Medium,Finance Partner,20260204,20260409,,2026-02-04,2026-04-09,,Mitigated,Completed,0,0
1332,RI-268-02,268,Issue,Prototype result may require architecture rework — Digital Telemetry Platform,Technical,4,3,12,High,Data Lead,20260808,20260811,,2026-08-08,2026-08-11,,Open,In Progress,0,0
1333,RI-268-03,268,Risk,Vendor component readiness is uncertain,Dependency,4,2,8,Medium,Project Manager,20260623,20260811,,2026-06-23,2026-08-11,,Monitoring,In Progress,0,0
1334,RI-268-04,268,Issue,Customer test access is not yet confirmed,Dependency,4,4,16,High,Product Owner,20260603,20260718,,2026-06-03,2026-07-18,,Mitigated,Completed,0,0
1335,RI-268-05,268,Risk,Defect closure rate may miss the exit criterion — Digital Telemetry Platform,Quality,3,3,9,Medium,Quality Lead,20260412,20260811,,2026-04-12,2026-08-11,,Monitoring,In Progress,0,0
1336,RI-268-06,268,Risk,Field issue recurrence needs containment,Quality,3,1,3,Low,Finance Partner,20260515,20260811,,2026-05-15,2026-08-11,,Mitigated,Completed,0,0
1337,RI-269-01,269,Issue,Critical skill coverage is below demand — Digital Telemetry Optimization,Resource,4,4,16,High,Release Manager,20260329,20260730,,2026-03-29,2026-07-30,,Open,In Progress,0,1
1338,RI-269-02,269,Issue,Technical debt may complicate integration — Digital Telemetry Optimization,Technical,5,3,15,High,Technical Lead,20260306,20260425,20260326,2026-03-06,2026-04-25,2026-03-26,Closed,Completed,0,0
1339,RI-269-03,269,Risk,Acceptance criteria remain partially ambiguous,Quality,2,3,6,Medium,Systems Lead,20251229,20260423,,2025-12-29,2026-04-23,,Monitoring,Completed,0,1
1340,RI-270-01,270,Risk,Shared engineer availability may delay delivery — Digital Telemetry Integration,Resource,2,3,6,Medium,Product Owner,20260223,20260531,20260413,2026-02-23,2026-05-31,2026-04-13,Closed,Completed,0,0
1341,RI-270-02,270,Risk,Test environment availability may move the baseline,Schedule,4,2,8,Medium,Quality Lead,20260531,20260811,,2026-05-31,2026-08-11,,Monitoring,In Progress,0,0
1342,RI-270-03,270,Issue,Legacy data quality could require redesign,Technical,1,4,4,Low,Finance Partner,20260717,20260811,,2026-07-17,2026-08-11,,Open,Not Started,0,0
1343,RI-270-04,270,Risk,Release window has limited recovery float — Digital Telemetry Integration,Schedule,2,2,4,Low,Data Lead,20260114,20260601,,2026-01-14,2026-06-01,,Open,In Progress,0,1
1344,RI-270-05,270,Risk,Cloud run cost is trending above the baseline,Cost,3,4,12,High,Project Manager,20260406,20260730,,2026-04-06,2026-07-30,,Mitigated,Completed,0,0
1345,RI-270-06,270,Risk,Specialist rate mix is above plan — Digital Telemetry Integration,Cost,3,2,6,Medium,Product Owner,20260122,20260524,,2026-01-22,2026-05-24,,Mitigated,Completed,0,0
1346,RI-270-07,270,Risk,Contractor transition may reduce throughput — Digital Telemetry Integration,Resource,5,4,20,Critical,Quality Lead,20260401,20260627,,2026-04-01,2026-06-27,,Mitigated,Completed,0,0
1347,RI-271-01,271,Risk,Cloud run cost is trending above the baseline,Cost,2,4,8,Medium,Security Lead,20260429,20260605,,2026-04-29,2026-06-05,,Monitoring,Completed,0,1
1348,RI-271-02,271,Issue,Security approval is on the critical path,Dependency,3,4,12,High,Supplier Manager,20260628,20260811,,2026-06-28,2026-08-11,,Mitigated,Completed,0,0
1349,RI-271-03,271,Risk,Legacy data quality could require redesign — Digital Telemetry Transformation,Technical,4,3,12,High,Release Manager,20260607,20260811,20260717,2026-06-07,2026-08-11,2026-07-17,Closed,Completed,0,0
1350,RI-271-04,271,Risk,Field issue recurrence needs containment,Quality,3,1,3,Low,Technical Lead,20260511,20260811,,2026-05-11,2026-08-11,,Monitoring,In Progress,0,0
1351,RI-272-01,272,Risk,Contractor transition may reduce throughput — Digital Telemetry Enablement,Resource,1,3,3,Low,Data Lead,20260627,20260811,,2026-06-27,2026-08-11,,Monitoring,Completed,0,0
1352,RI-272-02,272,Risk,Environment parity is not yet demonstrated — Digital Telemetry Enablement,Technical,4,1,4,Low,Project Manager,20260427,20260603,,2026-04-27,2026-06-03,,Monitoring,In Progress,0,1
1353,RI-272-03,272,Risk,Contractor transition may reduce throughput,Resource,5,4,20,Critical,Product Owner,20260806,20260811,,2026-08-06,2026-08-11,,Monitoring,Completed,1,0
1354,RI-272-04,272,Risk,Prototype result may require architecture rework,Technical,4,4,16,High,Quality Lead,20260701,20260811,,2026-07-01,2026-08-11,,Open,Not Started,0,0
1355,RI-273-01,273,Risk,Legacy data quality could require redesign — Digital Telemetry Acceleration,Technical,2,3,6,Medium,Technical Lead,20260721,20260811,,2026-07-21,2026-08-11,,Monitoring,In Progress,0,0
1356,RI-273-02,273,Risk,Shared engineer availability may delay delivery — Digital Telemetry Acceleration,Resource,3,4,12,High,Systems Lead,20260715,20260811,,2026-07-15,2026-08-11,,Monitoring,In Progress,0,0
1357,RI-273-03,273,Risk,Pilot readiness depends on unresolved actions,Schedule,4,2,8,Medium,Security Lead,20251111,20260301,,2025-11-11,2026-03-01,,Mitigated,Completed,0,0
1358,RI-273-04,273,Risk,Prototype result may require architecture rework,Technical,3,2,6,Medium,Supplier Manager,20251221,20260306,20260315,2025-12-21,2026-03-06,2026-03-15,Closed,Completed,0,0
1359,RI-273-05,273,Issue,Supplier lead time threatens the next gate,Schedule,3,2,6,Medium,Release Manager,20260209,20260327,20260414,2026-02-09,2026-03-27,2026-04-14,Closed,Completed,0,0
1360,RI-273-06,273,Risk,Backfill timing creates a capacity gap — Digital Telemetry Acceleration,Resource,3,5,15,High,Technical Lead,20251209,20260220,,2025-12-09,2026-02-20,,Mitigated,Completed,0,0
1361,RI-273-07,273,Risk,Shared engineer availability may delay delivery — Digital Telemetry Acceleration,Resource,3,3,9,Medium,Systems Lead,20260108,20260308,20260131,2026-01-08,2026-03-08,2026-01-31,Closed,Completed,0,0
1362,RI-274-01,274,Issue,Material quotation may exceed the estimate — Digital Telemetry Orchestration,Cost,2,3,6,Medium,Quality Lead,20260618,20260811,,2026-06-18,2026-08-11,,Mitigated,Completed,0,0
1363,RI-274-02,274,Risk,Interface behavior remains unproven,Technical,2,3,6,Medium,Finance Partner,20260315,20260422,20260428,2026-03-15,2026-04-22,2026-04-28,Closed,Completed,0,0
1364,RI-274-03,274,Risk,Integration sequence may compress validation,Schedule,2,1,2,Low,Data Lead,20260112,20260225,,2026-01-12,2026-02-25,,Mitigated,Completed,0,0
1365,RI-274-04,274,Risk,Contractor transition may reduce throughput,Resource,3,2,6,Medium,Project Manager,20251223,20260306,,2025-12-23,2026-03-06,,Mitigated,Completed,0,0
1366,RI-274-05,274,Risk,Contractor transition may reduce throughput,Resource,1,2,2,Low,Product Owner,20260228,20260427,20260427,2026-02-28,2026-04-27,2026-04-27,Closed,Completed,0,0
1367,RI-275-01,275,Risk,Supplier lead time threatens the next gate — Digital Telemetry Intelligence,Schedule,4,3,12,High,Supplier Manager,20260708,20260811,,2026-07-08,2026-08-11,,Open,In Progress,0,0
1368,RI-275-02,275,Risk,Performance margin may not meet the target — Digital Telemetry Intelligence,Technical,1,4,4,Low,Release Manager,20260806,20260811,,2026-08-06,2026-08-11,,Mitigated,Completed,0,0
1369,RI-275-03,275,Risk,Platform release timing may create a mismatch,Dependency,3,2,6,Medium,Technical Lead,20260717,20260811,,2026-07-17,2026-08-11,,Open,Not Started,0,0
1370,RI-275-04,275,Risk,Customer test access is not yet confirmed,Dependency,2,1,2,Low,Systems Lead,20260527,20260811,,2026-05-27,2026-08-11,,Open,In Progress,0,0
1371,RI-275-05,275,Issue,Interface behavior remains unproven,Technical,2,3,6,Medium,Security Lead,20260325,20260809,,2026-03-25,2026-08-09,,Monitoring,Completed,0,1
1372,RI-276-01,276,Issue,Interface behavior remains unproven,Technical,4,5,20,Critical,Project Manager,20260712,20260811,,2026-07-12,2026-08-11,,Open,Not Started,1,0
1373,RI-276-02,276,Risk,Acceptance criteria remain partially ambiguous,Quality,3,5,15,High,Product Owner,20260711,20260811,,2026-07-11,2026-08-11,,Open,In Progress,0,0
1374,RI-276-03,276,Issue,Specialist rate mix is above plan,Cost,3,3,9,Medium,Quality Lead,20260702,20260811,,2026-07-02,2026-08-11,,Monitoring,In Progress,0,0
1375,RI-276-04,276,Issue,Upstream data contract remains unresolved,Dependency,1,3,3,Low,Finance Partner,20260628,20260811,,2026-06-28,2026-08-11,,Open,In Progress,0,0
1376,RI-276-05,276,Risk,Environment parity is not yet demonstrated,Technical,2,4,8,Medium,Data Lead,20260617,20260811,,2026-06-17,2026-08-11,,Monitoring,In Progress,0,0
1377,RI-276-06,276,Issue,Legacy data quality could require redesign,Technical,4,4,16,High,Project Manager,20260612,20260811,,2026-06-12,2026-08-11,,Open,In Progress,0,0
1378,RI-277-01,277,Risk,Traceability coverage requires remediation,Quality,3,5,15,High,Systems Lead,20251209,20260217,,2025-12-09,2026-02-17,,Open,In Progress,0,1
1379,RI-277-02,277,Issue,Regression scope may exceed the test window — Digital Workflow Analytics,Quality,2,3,6,Medium,Security Lead,20260702,20260811,,2026-07-02,2026-08-11,,Monitoring,In Progress,0,0
1380,RI-277-03,277,Risk,Verification evidence is incomplete,Quality,2,2,4,Low,Supplier Manager,20251219,20260227,,2025-12-19,2026-02-27,,Mitigated,Completed,0,0
1381,RI-277-04,277,Risk,Security approval is on the critical path,Dependency,2,4,8,Medium,Release Manager,20260106,20260323,,2026-01-06,2026-03-23,,Open,In Progress,0,1
1382,RI-277-05,277,Risk,Rework could consume management reserve — Digital Workflow Analytics,Cost,3,2,6,Medium,Technical Lead,20260708,20260811,,2026-07-08,2026-08-11,,Open,Not Started,0,0
1383,RI-277-06,277,Risk,Rework could consume management reserve — Digital Workflow Analytics,Cost,3,3,9,Medium,Systems Lead,20260217,20260531,,2026-02-17,2026-05-31,,Monitoring,In Progress,0,1
1384,RI-278-01,278,Risk,Upstream data contract remains unresolved — Digital Workflow Platform,Dependency,4,4,16,High,Finance Partner,20260331,20260609,,2026-03-31,2026-06-09,,Open,Not Started,0,1
1385,RI-278-02,278,Issue,Late design decision may affect downstream work,Schedule,2,2,4,Low,Data Lead,20260428,20260811,,2026-04-28,2026-08-11,,Monitoring,In Progress,0,0
1386,RI-278-03,278,Risk,Test environment availability may move the baseline,Schedule,3,4,12,High,Project Manager,20260224,20260704,,2026-02-24,2026-07-04,,Mitigated,Completed,0,0
1387,RI-278-04,278,Risk,Verification evidence is incomplete,Quality,2,4,8,Medium,Product Owner,20260330,20260607,20260605,2026-03-30,2026-06-07,2026-06-05,Closed,Completed,0,0
1388,RI-279-01,279,Risk,Performance margin may not meet the target — Digital Workflow Optimization,Technical,4,3,12,High,Release Manager,20260117,20260331,,2026-01-17,2026-03-31,,Monitoring,In Progress,0,1
1389,RI-279-02,279,Risk,Shared engineer availability may delay delivery — Digital Workflow Optimization,Resource,1,3,3,Low,Technical Lead,20260218,20260428,,2026-02-18,2026-04-28,,Mitigated,Completed,0,0
1390,RI-279-03,279,Risk,Prototype result may require architecture rework — Digital Workflow Optimization,Technical,3,3,9,Medium,Systems Lead,20260410,20260618,,2026-04-10,2026-06-18,,Monitoring,In Progress,0,1
1391,RI-279-04,279,Risk,Cloud run cost is trending above the baseline,Cost,4,2,8,Medium,Security Lead,20251219,20260401,,2025-12-19,2026-04-01,,Mitigated,Completed,0,0
1392,RI-280-01,280,Risk,Competing portfolio priority constrains staffing — Digital Workflow Integration,Resource,3,3,9,Medium,Product Owner,20251226,20260401,,2025-12-26,2026-04-01,,Mitigated,Completed,0,0
1393,RI-280-02,280,Risk,Environment parity is not yet demonstrated,Technical,3,4,12,High,Quality Lead,20260201,20260402,,2026-02-01,2026-04-02,,Monitoring,In Progress,0,1
1394,RI-280-03,280,Risk,Acceptance criteria remain partially ambiguous,Quality,3,5,15,High,Finance Partner,20260316,20260514,,2026-03-16,2026-05-14,,Monitoring,In Progress,0,1
1395,RI-281-01,281,Risk,Defect closure rate may miss the exit criterion — Digital Workflow Transformation,Quality,2,3,6,Medium,Security Lead,20251204,20260223,20260224,2025-12-04,2026-02-23,2026-02-24,Closed,Completed,0,0
1396,RI-281-02,281,Risk,Technical debt may complicate integration,Technical,2,3,6,Medium,Supplier Manager,20251119,20260116,20260215,2025-11-19,2026-01-16,2026-02-15,Closed,Completed,0,0
1397,RI-281-03,281,Risk,Performance margin may not meet the target,Technical,4,3,12,High,Release Manager,20251119,20260228,,2025-11-19,2026-02-28,,Open,In Progress,0,1
1398,RI-281-04,281,Issue,Cloud run cost is trending above the baseline — Digital Workflow Transformation,Cost,3,4,12,High,Technical Lead,20260806,20260811,20260808,2026-08-06,2026-08-11,2026-08-08,Closed,Completed,0,0
1399,RI-281-05,281,Issue,Upstream data contract remains unresolved — Digital Workflow Transformation,Dependency,4,2,8,Medium,Systems Lead,20260630,20260811,,2026-06-30,2026-08-11,,Monitoring,In Progress,0,0
1400,RI-282-01,282,Issue,Pilot readiness depends on unresolved actions,Schedule,3,5,15,High,Data Lead,20260217,20260418,,2026-02-17,2026-04-18,,Open,In Progress,0,1
1401,RI-282-02,282,Risk,Scope clarification may require a budget change — Digital Workflow Enablement,Cost,4,4,16,High,Project Manager,20260210,20260521,,2026-02-10,2026-05-21,,Open,Not Started,0,1
1402,RI-282-03,282,Risk,Acceptance criteria remain partially ambiguous — Digital Workflow Enablement,Quality,4,3,12,High,Product Owner,20260315,20260604,,2026-03-15,2026-06-04,,Mitigated,Completed,0,0
1403,RI-283-01,283,Risk,Platform release timing may create a mismatch — Digital Workflow Acceleration,Dependency,3,4,12,High,Technical Lead,20260809,20260811,,2026-08-09,2026-08-11,,Open,In Progress,0,0
1404,RI-283-02,283,Issue,Vendor component readiness is uncertain — Digital Workflow Acceleration,Dependency,2,3,6,Medium,Systems Lead,20260602,20260811,,2026-06-02,2026-08-11,,Open,Not Started,0,0
1405,RI-283-03,283,Risk,Competing portfolio priority constrains staffing — Digital Workflow Acceleration,Resource,4,3,12,High,Security Lead,20260507,20260722,,2026-05-07,2026-07-22,,Open,Not Started,0,1
1406,RI-283-04,283,Risk,Upstream data contract remains unresolved,Dependency,3,3,9,Medium,Supplier Manager,20260225,20260508,20260602,2026-02-25,2026-05-08,2026-06-02,Closed,Completed,0,0
1407,RI-283-05,283,Issue,External interface decision is blocking delivery,Dependency,2,3,6,Medium,Release Manager,20260726,20260811,,2026-07-26,2026-08-11,,Open,Not Started,0,0
1408,RI-284-01,284,Risk,Prototype result may require architecture rework — Digital Workflow Orchestration,Technical,1,4,4,Low,Quality Lead,20260328,20260514,,2026-03-28,2026-05-14,,Open,In Progress,0,1
1409,RI-284-02,284,Issue,Security approval is on the critical path — Digital Workflow Orchestration,Dependency,1,5,5,Low,Finance Partner,20260304,20260524,,2026-03-04,2026-05-24,,Mitigated,Completed,0,0
1410,RI-284-03,284,Issue,Contractor transition may reduce throughput,Resource,3,4,12,High,Data Lead,20260117,20260412,20260225,2026-01-17,2026-04-12,2026-02-25,Closed,Completed,0,0
1411,RI-285-01,285,Risk,Traceability coverage requires remediation — Digital Workflow Intelligence,Quality,3,4,12,High,Supplier Manager,20260521,20260803,20260706,2026-05-21,2026-08-03,2026-07-06,Closed,Completed,0,0
1412,RI-285-02,285,Risk,Supplier lead time threatens the next gate,Schedule,2,2,4,Low,Release Manager,20260713,20260811,,2026-07-13,2026-08-11,,Open,In Progress,0,0
1413,RI-285-03,285,Risk,Vendor component readiness is uncertain — Digital Workflow Intelligence,Dependency,3,5,15,High,Technical Lead,20260331,20260721,20260729,2026-03-31,2026-07-21,2026-07-29,Closed,Completed,0,0
1414,RI-285-04,285,Risk,Technical debt may complicate integration,Technical,3,4,12,High,Systems Lead,20260701,20260811,,2026-07-01,2026-08-11,,Mitigated,Completed,0,0
1415,RI-285-05,285,Risk,Upstream data contract remains unresolved — Digital Workflow Intelligence,Dependency,4,2,8,Medium,Security Lead,20251225,20260224,,2025-12-25,2026-02-24,,Monitoring,In Progress,0,1
1416,RI-285-06,285,Risk,Legacy data quality could require redesign — Digital Workflow Intelligence,Technical,4,2,8,Medium,Supplier Manager,20260129,20260630,20260214,2026-01-29,2026-06-30,2026-02-14,Closed,Completed,0,0
1417,RI-286-01,286,Risk,Contractor transition may reduce throughput — Digital Quality Modernization,Resource,4,2,8,Medium,Project Manager,20260711,20260811,,2026-07-11,2026-08-11,,Monitoring,In Progress,0,0
1418,RI-286-02,286,Risk,Technical debt may complicate integration,Technical,3,2,6,Medium,Product Owner,20260714,20260811,,2026-07-14,2026-08-11,,Monitoring,Completed,0,0
1419,RI-286-03,286,Risk,Defect closure rate may miss the exit criterion,Quality,3,2,6,Medium,Quality Lead,20260717,20260811,,2026-07-17,2026-08-11,,Monitoring,Completed,0,0
1420,RI-286-04,286,Risk,Interface behavior remains unproven,Technical,4,5,20,Critical,Finance Partner,20260721,20260811,,2026-07-21,2026-08-11,,Monitoring,Completed,1,0
1421,RI-286-05,286,Risk,Acceptance criteria remain partially ambiguous,Quality,4,2,8,Medium,Data Lead,20260623,20260811,,2026-06-23,2026-08-11,,Monitoring,Completed,0,0
1422,RI-286-06,286,Risk,Technical debt may complicate integration,Technical,2,3,6,Medium,Project Manager,20260809,20260811,,2026-08-09,2026-08-11,,Open,In Progress,0,0
1423,RI-287-01,287,Risk,Rework could consume management reserve,Cost,2,4,8,Medium,Systems Lead,20260418,20260808,,2026-04-18,2026-08-08,,Mitigated,Completed,0,0
1424,RI-287-02,287,Risk,Release window has limited recovery float,Schedule,2,5,10,Medium,Security Lead,20260427,20260702,,2026-04-27,2026-07-02,,Mitigated,Completed,0,0
1425,RI-287-03,287,Issue,Platform release timing may create a mismatch — Digital Quality Analytics,Dependency,3,4,12,High,Supplier Manager,20260520,20260724,,2026-05-20,2026-07-24,,Monitoring,Completed,0,1
1426,RI-287-04,287,Issue,Traceability coverage requires remediation,Quality,3,4,12,High,Release Manager,20260626,20260811,,2026-06-26,2026-08-11,,Open,In Progress,0,0
1427,RI-287-05,287,Issue,Specialist rate mix is above plan,Cost,2,4,8,Medium,Technical Lead,20260119,20260404,,2026-01-19,2026-04-04,,Mitigated,Completed,0,0
1428,RI-287-06,287,Risk,Acceptance criteria remain partially ambiguous — Digital Quality Analytics,Quality,4,5,20,Critical,Systems Lead,20260712,20260811,,2026-07-12,2026-08-11,,Monitoring,In Progress,1,0
1429,RI-288-01,288,Risk,Rework could consume management reserve,Cost,3,2,6,Medium,Finance Partner,20260426,20260726,,2026-04-26,2026-07-26,,Mitigated,Completed,0,0
1430,RI-288-02,288,Risk,Contractor transition may reduce throughput,Resource,5,2,10,Medium,Data Lead,20260426,20260614,,2026-04-26,2026-06-14,,Mitigated,Completed,0,0
1431,RI-288-03,288,Issue,Integration sequence may compress validation — Digital Quality Platform,Schedule,4,3,12,High,Project Manager,20260622,20260811,,2026-06-22,2026-08-11,,Open,In Progress,0,0
1432,RI-288-04,288,Risk,Field issue recurrence needs containment — Digital Quality Platform,Quality,4,2,8,Medium,Product Owner,20260520,20260722,,2026-05-20,2026-07-22,,Mitigated,Completed,0,0
1433,RI-288-05,288,Issue,Material quotation may exceed the estimate — Digital Quality Platform,Cost,3,1,3,Low,Quality Lead,20260410,20260706,20260421,2026-04-10,2026-07-06,2026-04-21,Closed,Completed,0,0
1434,RI-288-06,288,Risk,Interface behavior remains unproven,Technical,5,3,15,High,Finance Partner,20260422,20260714,,2026-04-22,2026-07-14,,Mitigated,Completed,0,0
1435,RI-288-07,288,Risk,Legacy data quality could require redesign — Digital Quality Platform,Technical,3,2,6,Medium,Data Lead,20260427,20260808,,2026-04-27,2026-08-08,,Mitigated,Completed,0,0
1436,RI-289-01,289,Risk,Shared engineer availability may delay delivery,Resource,2,5,10,Medium,Release Manager,20260520,20260801,,2026-05-20,2026-08-01,,Mitigated,Completed,0,0
1437,RI-289-02,289,Risk,Regression scope may exceed the test window — Digital Quality Optimization,Quality,2,3,6,Medium,Technical Lead,20260605,20260716,,2026-06-05,2026-07-16,,Mitigated,Completed,0,0
1438,RI-289-03,289,Risk,Traceability coverage requires remediation,Quality,4,3,12,High,Systems Lead,20260518,20260811,,2026-05-18,2026-08-11,,Open,In Progress,0,0
1439,RI-290-01,290,Risk,Performance margin may not meet the target — Digital Quality Integration,Technical,2,2,4,Low,Product Owner,20260425,20260727,,2026-04-25,2026-07-27,,Monitoring,In Progress,0,1
1440,RI-290-02,290,Risk,Interface behavior remains unproven,Technical,4,4,16,High,Quality Lead,20260226,20260610,,2026-02-26,2026-06-10,,Monitoring,In Progress,0,1
1441,RI-290-03,290,Issue,Rework could consume management reserve,Cost,1,3,3,Low,Finance Partner,20260622,20260811,,2026-06-22,2026-08-11,,Open,Not Started,0,0
1442,RI-290-04,290,Risk,Interface behavior remains unproven — Digital Quality Integration,Technical,2,1,2,Low,Data Lead,20260225,20260407,,2026-02-25,2026-04-07,,Monitoring,In Progress,0,1
1443,RI-291-01,291,Risk,Verification evidence is incomplete — Digital Quality Transformation,Quality,2,2,4,Low,Security Lead,20260520,20260801,,2026-05-20,2026-08-01,,Open,In Progress,0,1
1444,RI-291-02,291,Risk,Regression scope may exceed the test window — Digital Quality Transformation,Quality,2,4,8,Medium,Supplier Manager,20260208,20260516,,2026-02-08,2026-05-16,,Mitigated,Completed,0,0
1445,RI-291-03,291,Issue,Technical debt may complicate integration — Digital Quality Transformation,Technical,4,2,8,Medium,Release Manager,20260720,20260811,,2026-07-20,2026-08-11,,Monitoring,In Progress,0,0
1446,RI-291-04,291,Risk,Review capacity is concentrated in one role,Resource,2,4,8,Medium,Technical Lead,20260504,20260811,,2026-05-04,2026-08-11,,Open,Not Started,0,0
1447,RI-292-01,292,Risk,Late design decision may affect downstream work — Digital Quality Enablement,Schedule,3,4,12,High,Data Lead,20260612,20260811,,2026-06-12,2026-08-11,,Open,Not Started,0,0
1448,RI-292-02,292,Risk,Test environment availability may move the baseline — Digital Quality Enablement,Schedule,2,2,4,Low,Project Manager,20260311,20260417,,2026-03-11,2026-04-17,,Monitoring,In Progress,0,1
1449,RI-292-03,292,Issue,Environment parity is not yet demonstrated,Technical,2,3,6,Medium,Product Owner,20251105,20260314,,2025-11-05,2026-03-14,,Mitigated,Completed,0,0
1450,RI-293-01,293,Issue,Competing portfolio priority constrains staffing,Resource,2,3,6,Medium,Technical Lead,20260724,20260811,,2026-07-24,2026-08-11,,Open,Not Started,0,0
1451,RI-293-02,293,Issue,Acceptance criteria remain partially ambiguous,Quality,2,3,6,Medium,Systems Lead,20260402,20260709,20260702,2026-04-02,2026-07-09,2026-07-02,Closed,Completed,0,0
1452,RI-293-03,293,Risk,Specialist rate mix is above plan — Digital Quality Acceleration,Cost,3,1,3,Low,Security Lead,20260510,20260623,20260705,2026-05-10,2026-06-23,2026-07-05,Closed,Completed,0,0
1453,RI-294-01,294,Risk,Security approval is on the critical path,Dependency,4,5,20,Critical,Quality Lead,20260608,20260811,,2026-06-08,2026-08-11,,Monitoring,In Progress,1,0
1454,RI-294-02,294,Issue,Late design decision may affect downstream work,Schedule,2,4,8,Medium,Finance Partner,20260606,20260811,,2026-06-06,2026-08-11,,Open,In Progress,0,0
1455,RI-294-03,294,Risk,Competing portfolio priority constrains staffing — Digital Quality Orchestration,Resource,3,2,6,Medium,Data Lead,20260625,20260811,,2026-06-25,2026-08-11,,Open,Not Started,0,0
1456,RI-294-04,294,Risk,Acceptance criteria remain partially ambiguous,Quality,2,3,6,Medium,Project Manager,20260515,20260717,20260524,2026-05-15,2026-07-17,2026-05-24,Closed,Completed,0,0
1457,RI-294-05,294,Risk,Upstream data contract remains unresolved,Dependency,4,3,12,High,Product Owner,20260512,20260811,,2026-05-12,2026-08-11,,Mitigated,Completed,0,0
1458,RI-295-01,295,Risk,Scope clarification may require a budget change,Cost,4,2,8,Medium,Supplier Manager,20260723,20260811,,2026-07-23,2026-08-11,,Mitigated,Completed,0,0
1459,RI-295-02,295,Issue,Prototype result may require architecture rework,Technical,2,4,8,Medium,Release Manager,20251207,20260114,,2025-12-07,2026-01-14,,Monitoring,In Progress,0,1
1460,RI-295-03,295,Risk,Test environment availability may move the baseline,Schedule,1,4,4,Low,Technical Lead,20260515,20260808,20260612,2026-05-15,2026-08-08,2026-06-12,Closed,Completed,0,0
1461,RI-296-01,296,Risk,Technical debt may complicate integration,Technical,2,4,8,Medium,Project Manager,20251210,20260211,,2025-12-10,2026-02-11,,Open,In Progress,0,1
1462,RI-296-02,296,Risk,Customer test access is not yet confirmed — Digital Engineering Modernization,Dependency,2,4,8,Medium,Product Owner,20260321,20260526,20260609,2026-03-21,2026-05-26,2026-06-09,Closed,Completed,0,0
1463,RI-296-03,296,Risk,Traceability coverage requires remediation,Quality,5,2,10,Medium,Quality Lead,20260214,20260408,,2026-02-14,2026-04-08,,Open,In Progress,0,1
1464,RI-296-04,296,Risk,Late design decision may affect downstream work,Schedule,3,4,12,High,Finance Partner,20260718,20260811,,2026-07-18,2026-08-11,,Mitigated,Completed,0,0
1465,RI-296-05,296,Risk,Prototype result may require architecture rework,Technical,5,2,10,Medium,Data Lead,20260227,20260704,,2026-02-27,2026-07-04,,Mitigated,Completed,0,0
1466,RI-296-06,296,Risk,Traceability coverage requires remediation — Digital Engineering Modernization,Quality,2,3,6,Medium,Project Manager,20260119,20260608,20260603,2026-01-19,2026-06-08,2026-06-03,Closed,Completed,0,0
1467,RI-297-01,297,Issue,Technical debt may complicate integration,Technical,4,3,12,High,Systems Lead,20250918,20251218,20251216,2025-09-18,2025-12-18,2025-12-16,Closed,Completed,0,0
1468,RI-297-02,297,Risk,Upstream data contract remains unresolved — Digital Engineering Analytics,Dependency,3,3,9,Medium,Security Lead,20251005,20251219,20251122,2025-10-05,2025-12-19,2025-11-22,Closed,Completed,0,0
1469,RI-297-03,297,Risk,Supplier lead time threatens the next gate,Schedule,3,3,9,Medium,Supplier Manager,20250913,20251204,20251025,2025-09-13,2025-12-04,2025-10-25,Closed,Not Required,0,0
1470,RI-297-04,297,Risk,Late design decision may affect downstream work — Digital Engineering Analytics,Schedule,3,3,9,Medium,Release Manager,20251009,20260219,20260227,2025-10-09,2026-02-19,2026-02-27,Closed,Completed,0,0
1471,RI-298-01,298,Risk,Performance margin may not meet the target,Technical,3,4,12,High,Finance Partner,20251204,20260203,20260103,2025-12-04,2026-02-03,2026-01-03,Closed,Completed,0,0
1472,RI-298-02,298,Risk,Prototype result may require architecture rework — Digital Engineering Platform,Technical,3,2,6,Medium,Data Lead,20251230,20260517,20260223,2025-12-30,2026-05-17,2026-02-23,Closed,Completed,0,0
1473,RI-298-03,298,Risk,Release window has limited recovery float — Digital Engineering Platform,Schedule,1,5,5,Low,Project Manager,20260129,20260503,20260203,2026-01-29,2026-05-03,2026-02-03,Closed,Completed,0,0
1474,RI-298-04,298,Risk,Prototype result may require architecture rework — Digital Engineering Platform,Technical,2,3,6,Medium,Product Owner,20260406,20260519,20260618,2026-04-06,2026-05-19,2026-06-18,Closed,Completed,0,0
1475,RI-298-05,298,Risk,Defect closure rate may miss the exit criterion,Quality,2,4,8,Medium,Quality Lead,20251221,20260302,20260123,2025-12-21,2026-03-02,2026-01-23,Closed,Completed,0,0
1476,RI-298-06,298,Risk,Pilot readiness depends on unresolved actions — Digital Engineering Platform,Schedule,5,2,10,Medium,Finance Partner,20260513,20260811,,2026-05-13,2026-08-11,,Open,Not Started,0,0
1477,RI-298-07,298,Risk,Technical debt may complicate integration — Digital Engineering Platform,Technical,2,3,6,Medium,Data Lead,20260310,20260611,20260529,2026-03-10,2026-06-11,2026-05-29,Closed,Completed,0,0
1478,RI-299-01,299,Risk,Performance margin may not meet the target,Technical,2,4,8,Medium,Release Manager,20260501,20260811,,2026-05-01,2026-08-11,,Open,In Progress,0,0
1479,RI-299-02,299,Risk,Technical debt may complicate integration — Digital Engineering Optimization,Technical,1,3,3,Low,Technical Lead,20260601,20260811,,2026-06-01,2026-08-11,,Open,Not Started,0,0
1480,RI-299-03,299,Risk,Late design decision may affect downstream work — Digital Engineering Optimization,Schedule,2,2,4,Low,Systems Lead,20260124,20260327,,2026-01-24,2026-03-27,,Mitigated,Completed,0,0
1481,RI-299-04,299,Risk,Shared engineer availability may delay delivery — Digital Engineering Optimization,Resource,4,5,20,Critical,Security Lead,20260607,20260811,,2026-06-07,2026-08-11,,Open,In Progress,1,0
1482,RI-300-01,300,Risk,Scope clarification may require a budget change,Cost,3,1,3,Low,Product Owner,20260531,20260811,,2026-05-31,2026-08-11,,Mitigated,Completed,0,0
1483,RI-300-02,300,Risk,Traceability coverage requires remediation,Quality,3,3,9,Medium,Quality Lead,20260214,20260517,,2026-02-14,2026-05-17,,Monitoring,Completed,0,1
1484,RI-300-03,300,Issue,Review capacity is concentrated in one role,Resource,3,3,9,Medium,Finance Partner,20260331,20260727,20260408,2026-03-31,2026-07-27,2026-04-08,Closed,Not Required,0,0
1485,RI-300-04,300,Risk,Environment parity is not yet demonstrated — Digital Engineering Integration,Technical,2,3,6,Medium,Data Lead,20260208,20260620,20260325,2026-02-08,2026-06-20,2026-03-25,Closed,Completed,0,0
1486,RI-300-05,300,Risk,Supplier lead time threatens the next gate,Schedule,3,4,12,High,Project Manager,20260306,20260520,20260514,2026-03-06,2026-05-20,2026-05-14,Closed,Completed,0,0
1487,RI-300-06,300,Risk,Committed spend limits recovery options,Cost,4,1,4,Low,Product Owner,20260220,20260430,20260316,2026-02-20,2026-04-30,2026-03-16,Closed,Not Required,0,0
1488,RI-301-01,301,Risk,Field issue recurrence needs containment — Digital Engineering Transformation,Quality,3,4,12,High,Security Lead,20260320,20260515,,2026-03-20,2026-05-15,,Mitigated,Completed,0,0
1489,RI-301-02,301,Issue,Review capacity is concentrated in one role,Resource,3,3,9,Medium,Supplier Manager,20260422,20260720,,2026-04-22,2026-07-20,,Mitigated,Completed,0,0
1490,RI-301-03,301,Risk,Late design decision may affect downstream work,Schedule,1,2,2,Low,Release Manager,20251228,20260215,,2025-12-28,2026-02-15,,Open,In Progress,0,1
1491,RI-301-04,301,Risk,Upstream data contract remains unresolved,Dependency,3,4,12,High,Technical Lead,20260528,20260811,,2026-05-28,2026-08-11,,Mitigated,Completed,0,0
1492,RI-301-05,301,Risk,Critical skill coverage is below demand,Resource,4,3,12,High,Systems Lead,20260728,20260811,,2026-07-28,2026-08-11,,Monitoring,In Progress,0,0
1493,RI-301-06,301,Risk,Performance margin may not meet the target — Digital Engineering Transformation,Technical,3,2,6,Medium,Security Lead,20260729,20260811,,2026-07-29,2026-08-11,,Open,Not Started,0,0
1494,RI-302-01,302,Issue,Critical skill coverage is below demand,Resource,3,2,6,Medium,Data Lead,20260620,20260811,,2026-06-20,2026-08-11,,Open,Not Started,0,0
1495,RI-302-02,302,Risk,Release window has limited recovery float — Digital Engineering Enablement,Schedule,3,3,9,Medium,Project Manager,20260617,20260731,,2026-06-17,2026-07-31,,Mitigated,Completed,0,0
1496,RI-302-03,302,Risk,Regression scope may exceed the test window,Quality,3,3,9,Medium,Product Owner,20260703,20260811,,2026-07-03,2026-08-11,,Mitigated,Completed,0,0
1497,RI-302-04,302,Risk,Security approval is on the critical path,Dependency,3,4,12,High,Quality Lead,20260721,20260811,,2026-07-21,2026-08-11,,Monitoring,In Progress,0,0
1498,RI-302-05,302,Issue,Acceptance criteria remain partially ambiguous,Quality,1,3,3,Low,Finance Partner,20260625,20260811,,2026-06-25,2026-08-11,,Monitoring,In Progress,0,0
1499,RI-303-01,303,Issue,Test environment availability may move the baseline — Digital Engineering Acceleration,Schedule,2,4,8,Medium,Technical Lead,20260706,20260811,,2026-07-06,2026-08-11,,Open,In Progress,0,0
1500,RI-303-02,303,Issue,Critical skill coverage is below demand,Resource,3,3,9,Medium,Systems Lead,20260809,20260811,,2026-08-09,2026-08-11,,Mitigated,Completed,0,0
1501,RI-303-03,303,Risk,Material quotation may exceed the estimate — Digital Engineering Acceleration,Cost,3,4,12,High,Security Lead,20260801,20260811,,2026-08-01,2026-08-11,,Monitoring,In Progress,0,0
1502,RI-304-01,304,Risk,Competing portfolio priority constrains staffing,Resource,3,2,6,Medium,Quality Lead,20260302,20260531,20260613,2026-03-02,2026-05-31,2026-06-13,Closed,Completed,0,0
1503,RI-304-02,304,Risk,Performance margin may not meet the target — Digital Engineering Orchestration,Technical,3,2,6,Medium,Finance Partner,20260507,20260806,20260512,2026-05-07,2026-08-06,2026-05-12,Closed,Completed,0,0
1504,RI-304-03,304,Issue,Specialist rate mix is above plan — Digital Engineering Orchestration,Cost,2,4,8,Medium,Data Lead,20260701,20260811,,2026-07-01,2026-08-11,,Monitoring,In Progress,0,0
1505,RI-304-04,304,Risk,Material quotation may exceed the estimate — Digital Engineering Orchestration,Cost,5,3,15,High,Project Manager,20260111,20260505,,2026-01-11,2026-05-05,,Open,In Progress,0,1
1506,RI-304-05,304,Issue,Late design decision may affect downstream work — Digital Engineering Orchestration,Schedule,5,2,10,Medium,Product Owner,20260515,20260811,,2026-05-15,2026-08-11,,Open,In Progress,0,0
1507,RI-304-06,304,Risk,Release window has limited recovery float — Digital Engineering Orchestration,Schedule,1,1,1,Low,Quality Lead,20260709,20260811,,2026-07-09,2026-08-11,,Open,Not Started,0,0
1508,RI-304-07,304,Risk,Shared engineer availability may delay delivery,Resource,1,2,2,Low,Finance Partner,20260112,20260427,,2026-01-12,2026-04-27,,Open,Not Started,0,1
1509,RI-305-01,305,Risk,External interface decision is blocking delivery — Digital Engineering Intelligence,Dependency,3,3,9,Medium,Supplier Manager,20260809,20260811,,2026-08-09,2026-08-11,,Open,In Progress,0,0
1510,RI-305-02,305,Risk,Platform release timing may create a mismatch — Digital Engineering Intelligence,Dependency,4,3,12,High,Release Manager,20260525,20260811,,2026-05-25,2026-08-11,,Open,Not Started,0,0
1511,RI-305-03,305,Risk,Defect closure rate may miss the exit criterion,Quality,4,2,8,Medium,Technical Lead,20260620,20260811,20260708,2026-06-20,2026-08-11,2026-07-08,Closed,Completed,0,0
1512,RI-305-04,305,Risk,Test environment availability may move the baseline,Schedule,4,5,20,Critical,Systems Lead,20260628,20260811,,2026-06-28,2026-08-11,,Monitoring,In Progress,1,0
1513,RI-305-05,305,Risk,Test environment availability may move the baseline,Schedule,4,3,12,High,Security Lead,20260806,20260811,,2026-08-06,2026-08-11,,Monitoring,In Progress,0,0
1514,RI-306-01,306,Issue,Backfill timing creates a capacity gap — Digital Energy Modernization,Resource,3,3,9,Medium,Project Manager,20260424,20260713,,2026-04-24,2026-07-13,,Mitigated,Completed,0,0
1515,RI-306-02,306,Risk,Integration sequence may compress validation — Digital Energy Modernization,Schedule,4,2,8,Medium,Product Owner,20260324,20260720,20260526,2026-03-24,2026-07-20,2026-05-26,Closed,Completed,0,0
1516,RI-306-03,306,Risk,Defect closure rate may miss the exit criterion — Digital Energy Modernization,Quality,3,2,6,Medium,Quality Lead,20260524,20260811,,2026-05-24,2026-08-11,,Open,In Progress,0,0
1517,RI-306-04,306,Issue,Prototype result may require architecture rework — Digital Energy Modernization,Technical,1,3,3,Low,Finance Partner,20260516,20260622,,2026-05-16,2026-06-22,,Mitigated,Completed,0,0
1518,RI-307-01,307,Risk,Regression scope may exceed the test window,Quality,2,2,4,Low,Systems Lead,20260210,20260410,,2026-02-10,2026-04-10,,Mitigated,Completed,0,0
1519,RI-307-02,307,Issue,Interface behavior remains unproven,Technical,2,5,10,Medium,Security Lead,20251101,20260128,,2025-11-01,2026-01-28,,Mitigated,Completed,0,0
1520,RI-307-03,307,Issue,Shared engineer availability may delay delivery — Digital Energy Analytics,Resource,2,4,8,Medium,Supplier Manager,20260426,20260708,20260729,2026-04-26,2026-07-08,2026-07-29,Closed,Completed,0,0
1521,RI-307-04,307,Issue,Security approval is on the critical path — Digital Energy Analytics,Dependency,3,1,3,Low,Release Manager,20260612,20260811,,2026-06-12,2026-08-11,,Monitoring,In Progress,0,0
1522,RI-307-05,307,Risk,Field issue recurrence needs containment,Quality,4,3,12,High,Technical Lead,20260302,20260427,,2026-03-02,2026-04-27,,Monitoring,Completed,0,1
1523,RI-307-06,307,Risk,Environment parity is not yet demonstrated — Digital Energy Analytics,Technical,4,3,12,High,Systems Lead,20260318,20260511,,2026-03-18,2026-05-11,,Open,Not Started,0,1
1524,RI-307-07,307,Issue,Regression scope may exceed the test window — Digital Energy Analytics,Quality,5,3,15,High,Security Lead,20251108,20260120,20251217,2025-11-08,2026-01-20,2025-12-17,Closed,Not Required,0,0
1525,RI-308-01,308,Issue,Critical skill coverage is below demand — Digital Energy Platform,Resource,2,4,8,Medium,Finance Partner,20260708,20260811,,2026-07-08,2026-08-11,,Mitigated,Completed,0,0
1526,RI-308-02,308,Risk,Scope clarification may require a budget change — Digital Energy Platform,Cost,5,3,15,High,Data Lead,20260119,20260504,,2026-01-19,2026-05-04,,Monitoring,Completed,0,1
1527,RI-308-03,308,Risk,Field issue recurrence needs containment — Digital Energy Platform,Quality,4,3,12,High,Project Manager,20251112,20260112,,2025-11-12,2026-01-12,,Open,Not Started,0,1
1528,RI-308-04,308,Risk,Test environment availability may move the baseline,Schedule,2,4,8,Medium,Product Owner,20251220,20260213,,2025-12-20,2026-02-13,,Open,Not Started,0,1
1529,RI-308-05,308,Risk,Prototype result may require architecture rework,Technical,1,3,3,Low,Quality Lead,20251212,20260313,,2025-12-12,2026-03-13,,Monitoring,In Progress,0,1
1530,RI-308-06,308,Issue,Environment parity is not yet demonstrated,Technical,1,3,3,Low,Finance Partner,20260331,20260705,20260429,2026-03-31,2026-07-05,2026-04-29,Closed,Completed,0,0
1531,RI-308-07,308,Risk,Committed spend limits recovery options — Digital Energy Platform,Cost,3,5,15,High,Data Lead,20251227,20260225,20260121,2025-12-27,2026-02-25,2026-01-21,Closed,Completed,0,0
1532,RI-309-01,309,Risk,Rework could consume management reserve — Digital Energy Optimization,Cost,2,2,4,Low,Release Manager,20260112,20260317,20260406,2026-01-12,2026-03-17,2026-04-06,Closed,Completed,0,0
1533,RI-309-02,309,Issue,Upstream data contract remains unresolved — Digital Energy Optimization,Dependency,4,4,16,High,Technical Lead,20260119,20260329,,2026-01-19,2026-03-29,,Open,Not Started,0,1
1534,RI-309-03,309,Risk,Upstream data contract remains unresolved — Digital Energy Optimization,Dependency,2,3,6,Medium,Systems Lead,20260418,20260611,,2026-04-18,2026-06-11,,Open,In Progress,0,1
1535,RI-309-04,309,Risk,Late design decision may affect downstream work — Digital Energy Optimization,Schedule,1,1,1,Low,Security Lead,20260526,20260705,20260717,2026-05-26,2026-07-05,2026-07-17,Closed,Not Required,0,0
1536,RI-310-01,310,Risk,Integration sequence may compress validation — Digital Energy Integration,Schedule,3,2,6,Medium,Product Owner,20260211,20260608,20260228,2026-02-11,2026-06-08,2026-02-28,Closed,Completed,0,0
1537,RI-310-02,310,Issue,Security approval is on the critical path,Dependency,5,4,20,Critical,Quality Lead,20260802,20260811,,2026-08-02,2026-08-11,,Monitoring,In Progress,1,0
1538,RI-310-03,310,Risk,Acceptance criteria remain partially ambiguous,Quality,4,4,16,High,Finance Partner,20260603,20260719,,2026-06-03,2026-07-19,,Mitigated,Completed,0,0
1539,RI-310-04,310,Risk,Environment parity is not yet demonstrated — Digital Energy Integration,Technical,4,2,8,Medium,Data Lead,20260805,20260811,,2026-08-05,2026-08-11,,Monitoring,Completed,0,0
1540,RI-310-05,310,Issue,Material quotation may exceed the estimate — Digital Energy Integration,Cost,3,5,15,High,Project Manager,20260611,20260811,,2026-06-11,2026-08-11,,Mitigated,Completed,0,0
1541,RI-310-06,310,Risk,Legacy data quality could require redesign,Technical,2,2,4,Low,Product Owner,20260119,20260313,20260403,2026-01-19,2026-03-13,2026-04-03,Closed,Completed,0,0
1542,RI-311-01,311,Risk,Verification evidence is incomplete — Digital Energy Transformation,Quality,5,3,15,High,Security Lead,20260626,20260811,,2026-06-26,2026-08-11,,Open,In Progress,0,0
1543,RI-311-02,311,Issue,Contractor transition may reduce throughput — Digital Energy Transformation,Resource,2,2,4,Low,Supplier Manager,20260604,20260722,20260624,2026-06-04,2026-07-22,2026-06-24,Closed,Completed,0,0
1544,RI-311-03,311,Risk,Customer test access is not yet confirmed,Dependency,3,4,12,High,Release Manager,20260503,20260811,,2026-05-03,2026-08-11,,Open,Not Started,0,0
1545,RI-312-01,312,Risk,Shared engineer availability may delay delivery,Resource,3,3,9,Medium,Data Lead,20260804,20260811,,2026-08-04,2026-08-11,,Mitigated,Completed,0,0
1546,RI-312-02,312,Risk,Committed spend limits recovery options,Cost,3,1,3,Low,Project Manager,20260626,20260811,,2026-06-26,2026-08-11,,Open,Not Started,0,0
1547,RI-312-03,312,Risk,Performance margin may not meet the target — Digital Energy Enablement,Technical,3,2,6,Medium,Product Owner,20260615,20260811,,2026-06-15,2026-08-11,,Monitoring,In Progress,0,0
1548,RI-312-04,312,Issue,Platform release timing may create a mismatch — Digital Energy Enablement,Dependency,1,4,4,Low,Quality Lead,20260713,20260811,,2026-07-13,2026-08-11,,Open,Not Started,0,0
1549,RI-313-01,313,Risk,Release window has limited recovery float,Schedule,3,4,12,High,Technical Lead,20260103,20260308,20260325,2026-01-03,2026-03-08,2026-03-25,Closed,Not Required,0,0
1550,RI-313-02,313,Risk,Material quotation may exceed the estimate,Cost,3,1,3,Low,Systems Lead,20260313,20260629,,2026-03-13,2026-06-29,,Open,In Progress,0,1
1551,RI-313-03,313,Risk,Security approval is on the critical path,Dependency,2,4,8,Medium,Security Lead,20260310,20260501,20260512,2026-03-10,2026-05-01,2026-05-12,Closed,Completed,0,0
1552,RI-313-04,313,Risk,Committed spend limits recovery options — Digital Energy Acceleration,Cost,2,2,4,Low,Supplier Manager,20260315,20260518,20260330,2026-03-15,2026-05-18,2026-03-30,Closed,Not Required,0,0
1553,RI-313-05,313,Risk,Regression scope may exceed the test window,Quality,1,4,4,Low,Release Manager,20260722,20260811,,2026-07-22,2026-08-11,,Open,Not Started,0,0
1554,RI-313-06,313,Risk,Test environment availability may move the baseline,Schedule,3,2,6,Medium,Technical Lead,20260102,20260422,,2026-01-02,2026-04-22,,Mitigated,Completed,0,0
1555,RI-313-07,313,Risk,Contractor transition may reduce throughput — Digital Energy Acceleration,Resource,4,4,16,High,Systems Lead,20260106,20260307,,2026-01-06,2026-03-07,,Monitoring,In Progress,0,1
1556,RI-314-01,314,Risk,Defect closure rate may miss the exit criterion,Quality,4,3,12,High,Quality Lead,20251116,20260312,,2025-11-16,2026-03-12,,Monitoring,In Progress,0,1
1557,RI-314-02,314,Risk,Environment parity is not yet demonstrated,Technical,3,5,15,High,Finance Partner,20260114,20260314,,2026-01-14,2026-03-14,,Monitoring,In Progress,0,1
1558,RI-314-03,314,Risk,Integration sequence may compress validation,Schedule,2,2,4,Low,Data Lead,20260104,20260307,,2026-01-04,2026-03-07,,Monitoring,In Progress,0,1
1559,RI-314-04,314,Risk,Cloud run cost is trending above the baseline — Digital Energy Orchestration,Cost,2,3,6,Medium,Project Manager,20251201,20260302,,2025-12-01,2026-03-02,,Mitigated,Completed,0,0
1560,RI-314-05,314,Risk,Environment parity is not yet demonstrated — Digital Energy Orchestration,Technical,1,4,4,Low,Product Owner,20260318,20260504,,2026-03-18,2026-05-04,,Mitigated,Completed,0,0
1561,RI-314-06,314,Risk,Technical debt may complicate integration,Technical,2,2,4,Low,Quality Lead,20251027,20251231,,2025-10-27,2025-12-31,,Mitigated,Completed,0,0
1562,RI-314-07,314,Issue,Rework could consume management reserve,Cost,2,5,10,Medium,Finance Partner,20251023,20260110,20251214,2025-10-23,2026-01-10,2025-12-14,Closed,Completed,0,0
1563,RI-315-01,315,Risk,Legacy data quality could require redesign — Digital Energy Intelligence,Technical,1,2,2,Low,Supplier Manager,20260716,20260811,,2026-07-16,2026-08-11,,Open,Not Started,0,0
1564,RI-315-02,315,Risk,Test environment availability may move the baseline,Schedule,2,3,6,Medium,Release Manager,20260729,20260811,,2026-07-29,2026-08-11,,Monitoring,In Progress,0,0
1565,RI-315-03,315,Risk,Environment parity is not yet demonstrated,Technical,1,1,1,Low,Technical Lead,20260716,20260811,,2026-07-16,2026-08-11,,Open,In Progress,0,0
1566,RI-315-04,315,Risk,Integration sequence may compress validation,Schedule,4,2,8,Medium,Systems Lead,20260611,20260811,,2026-06-11,2026-08-11,,Open,Not Started,0,0
1567,RI-315-05,315,Issue,Pilot readiness depends on unresolved actions,Schedule,2,3,6,Medium,Security Lead,20260807,20260811,,2026-08-07,2026-08-11,,Open,Not Started,0,0
1568,RI-315-06,315,Issue,Defect closure rate may miss the exit criterion,Quality,3,1,3,Low,Supplier Manager,20260707,20260811,,2026-07-07,2026-08-11,,Monitoring,In Progress,0,0
1569,RI-316-01,316,Risk,Field issue recurrence needs containment — Digital Service Modernization,Quality,4,3,12,High,Project Manager,20260510,20260811,,2026-05-10,2026-08-11,,Open,Not Started,0,0
1570,RI-316-02,316,Issue,Supplier lead time threatens the next gate,Schedule,5,3,15,High,Product Owner,20260424,20260811,,2026-04-24,2026-08-11,,Monitoring,In Progress,0,0
1571,RI-316-03,316,Risk,Prototype result may require architecture rework,Technical,5,2,10,Medium,Quality Lead,20260310,20260616,,2026-03-10,2026-06-16,,Mitigated,Completed,0,0
1572,RI-316-04,316,Risk,Performance margin may not meet the target,Technical,4,3,12,High,Finance Partner,20251117,20260218,,2025-11-17,2026-02-18,,Mitigated,Completed,0,0
1573,RI-317-01,317,Issue,Contractor transition may reduce throughput,Resource,3,3,9,Medium,Systems Lead,20260508,20260706,,2026-05-08,2026-07-06,,Mitigated,Completed,0,0
1574,RI-317-02,317,Issue,Committed spend limits recovery options — Digital Service Analytics,Cost,4,2,8,Medium,Security Lead,20260617,20260811,,2026-06-17,2026-08-11,,Monitoring,In Progress,0,0
1575,RI-317-03,317,Issue,Late design decision may affect downstream work,Schedule,2,3,6,Medium,Supplier Manager,20260108,20260303,20260313,2026-01-08,2026-03-03,2026-03-13,Closed,Completed,0,0
1576,RI-317-04,317,Risk,Defect closure rate may miss the exit criterion,Quality,4,4,16,High,Release Manager,20260709,20260811,,2026-07-09,2026-08-11,,Monitoring,In Progress,0,0
1577,RI-318-01,318,Risk,External interface decision is blocking delivery,Dependency,4,4,16,High,Finance Partner,20260411,20260614,,2026-04-11,2026-06-14,,Open,Not Started,0,1
1578,RI-318-02,318,Risk,Rework could consume management reserve — Digital Service Platform,Cost,3,4,12,High,Data Lead,20260409,20260622,20260630,2026-04-09,2026-06-22,2026-06-30,Closed,Completed,0,0
1579,RI-318-03,318,Risk,Defect closure rate may miss the exit criterion — Digital Service Platform,Quality,4,3,12,High,Project Manager,20260612,20260811,20260805,2026-06-12,2026-08-11,2026-08-05,Closed,Completed,0,0
1580,RI-318-04,318,Risk,Cloud run cost is trending above the baseline — Digital Service Platform,Cost,2,4,8,Medium,Product Owner,20260715,20260811,,2026-07-15,2026-08-11,,Open,In Progress,0,0
1581,RI-318-05,318,Issue,Scope clarification may require a budget change — Digital Service Platform,Cost,4,2,8,Medium,Quality Lead,20260420,20260811,,2026-04-20,2026-08-11,,Open,In Progress,0,0
1582,RI-318-06,318,Risk,Pilot readiness depends on unresolved actions,Schedule,1,3,3,Low,Finance Partner,20260802,20260811,,2026-08-02,2026-08-11,,Open,In Progress,0,0
1583,RI-318-07,318,Risk,Critical skill coverage is below demand,Resource,3,3,9,Medium,Data Lead,20260518,20260720,20260620,2026-05-18,2026-07-20,2026-06-20,Closed,Completed,0,0
1584,RI-319-01,319,Risk,Backfill timing creates a capacity gap,Resource,5,1,5,Low,Release Manager,20260214,20260419,,2026-02-14,2026-04-19,,Mitigated,Completed,0,0
1585,RI-319-02,319,Risk,External interface decision is blocking delivery — Digital Service Optimization,Dependency,2,3,6,Medium,Technical Lead,20260303,20260619,,2026-03-03,2026-06-19,,Open,Not Started,0,1
1586,RI-319-03,319,Risk,Review capacity is concentrated in one role — Digital Service Optimization,Resource,3,4,12,High,Systems Lead,20260521,20260811,,2026-05-21,2026-08-11,,Open,Not Started,0,0
1587,RI-319-04,319,Risk,Material quotation may exceed the estimate — Digital Service Optimization,Cost,3,4,12,High,Security Lead,20260220,20260604,,2026-02-20,2026-06-04,,Mitigated,Completed,0,0
1588,RI-319-05,319,Risk,Release window has limited recovery float,Schedule,2,4,8,Medium,Supplier Manager,20260702,20260811,,2026-07-02,2026-08-11,,Mitigated,Completed,0,0
1589,RI-319-06,319,Risk,External interface decision is blocking delivery — Digital Service Optimization,Dependency,4,3,12,High,Release Manager,20260209,20260605,,2026-02-09,2026-06-05,,Monitoring,In Progress,0,1
1590,RI-320-01,320,Risk,Field issue recurrence needs containment,Quality,4,2,8,Medium,Product Owner,20260425,20260707,,2026-04-25,2026-07-07,,Mitigated,Completed,0,0
1591,RI-320-02,320,Risk,Late design decision may affect downstream work — Digital Service Integration,Schedule,2,4,8,Medium,Quality Lead,20260413,20260610,,2026-04-13,2026-06-10,,Mitigated,Completed,0,0
1592,RI-320-03,320,Risk,Integration sequence may compress validation,Schedule,2,1,2,Low,Finance Partner,20260528,20260811,,2026-05-28,2026-08-11,,Monitoring,In Progress,0,0
1593,RI-320-04,320,Risk,Integration sequence may compress validation,Schedule,4,3,12,High,Data Lead,20260725,20260811,,2026-07-25,2026-08-11,,Monitoring,Completed,0,0
1594,RI-321-01,321,Risk,Supplier lead time threatens the next gate,Schedule,4,2,8,Medium,Security Lead,20251204,20260301,20251230,2025-12-04,2026-03-01,2025-12-30,Closed,Completed,0,0
1595,RI-321-02,321,Risk,Vendor component readiness is uncertain,Dependency,4,4,16,High,Supplier Manager,20260510,20260710,,2026-05-10,2026-07-10,,Open,Not Started,0,1
1596,RI-321-03,321,Risk,Environment parity is not yet demonstrated,Technical,5,4,20,Critical,Release Manager,20260520,20260811,,2026-05-20,2026-08-11,,Monitoring,In Progress,1,0
1597,RI-321-04,321,Issue,Review capacity is concentrated in one role,Resource,2,3,6,Medium,Technical Lead,20260426,20260811,,2026-04-26,2026-08-11,,Open,Not Started,0,0
1598,RI-321-05,321,Risk,Performance margin may not meet the target — Digital Service Transformation,Technical,3,1,3,Low,Systems Lead,20260414,20260718,,2026-04-14,2026-07-18,,Mitigated,Completed,0,0
1599,RI-322-01,322,Risk,Critical skill coverage is below demand,Resource,2,5,10,Medium,Data Lead,20260728,20260811,,2026-07-28,2026-08-11,,Monitoring,In Progress,0,0
1600,RI-322-02,322,Issue,Technical debt may complicate integration,Technical,3,5,15,High,Project Manager,20260508,20260804,,2026-05-08,2026-08-04,,Mitigated,Completed,0,0
1601,RI-322-03,322,Risk,Verification evidence is incomplete,Quality,4,5,20,Critical,Product Owner,20260125,20260515,,2026-01-25,2026-05-15,,Open,Not Started,1,1
1602,RI-322-04,322,Risk,Late design decision may affect downstream work,Schedule,4,3,12,High,Quality Lead,20260801,20260811,,2026-08-01,2026-08-11,,Monitoring,In Progress,0,0
1603,RI-322-05,322,Risk,Interface behavior remains unproven — Digital Service Enablement,Technical,3,3,9,Medium,Finance Partner,20260122,20260317,20260221,2026-01-22,2026-03-17,2026-02-21,Closed,Completed,0,0
1604,RI-323-01,323,Issue,Acceptance criteria remain partially ambiguous — Digital Service Acceleration,Quality,5,4,20,Critical,Technical Lead,20260422,20260624,,2026-04-22,2026-06-24,,Mitigated,Completed,0,0
1605,RI-323-02,323,Risk,Test environment availability may move the baseline — Digital Service Acceleration,Schedule,3,4,12,High,Systems Lead,20260804,20260811,,2026-08-04,2026-08-11,,Mitigated,Completed,0,0
1606,RI-323-03,323,Risk,Late design decision may affect downstream work — Digital Service Acceleration,Schedule,3,3,9,Medium,Security Lead,20260622,20260811,,2026-06-22,2026-08-11,,Open,Not Started,0,0
1607,RI-324-01,324,Risk,Upstream data contract remains unresolved — Digital Service Orchestration,Dependency,4,4,16,High,Quality Lead,20260714,20260811,,2026-07-14,2026-08-11,,Open,Not Started,0,0
1608,RI-324-02,324,Risk,Legacy data quality could require redesign,Technical,4,5,20,Critical,Finance Partner,20251231,20260502,,2025-12-31,2026-05-02,,Mitigated,Completed,0,0
1609,RI-324-03,324,Risk,Pilot readiness depends on unresolved actions — Digital Service Orchestration,Schedule,2,2,4,Low,Data Lead,20260208,20260420,20260429,2026-02-08,2026-04-20,2026-04-29,Closed,Completed,0,0
1610,RI-325-01,325,Issue,Upstream data contract remains unresolved,Dependency,2,2,4,Low,Supplier Manager,20260703,20260811,,2026-07-03,2026-08-11,,Monitoring,Completed,0,0
1611,RI-325-02,325,Risk,Shared engineer availability may delay delivery,Resource,3,3,9,Medium,Release Manager,20260524,20260811,,2026-05-24,2026-08-11,,Monitoring,Completed,0,0
1612,RI-325-03,325,Risk,Critical skill coverage is below demand,Resource,3,3,9,Medium,Technical Lead,20260621,20260811,20260731,2026-06-21,2026-08-11,2026-07-31,Closed,Completed,0,0
1613,RI-325-04,325,Risk,Platform release timing may create a mismatch,Dependency,5,3,15,High,Systems Lead,20260809,20260811,,2026-08-09,2026-08-11,,Mitigated,Completed,0,0
1614,RI-325-05,325,Risk,Competing portfolio priority constrains staffing — Digital Service Intelligence,Resource,2,4,8,Medium,Security Lead,20260709,20260811,,2026-07-09,2026-08-11,,Monitoring,In Progress,0,0
1615,RI-325-06,325,Risk,Upstream data contract remains unresolved,Dependency,3,2,6,Medium,Supplier Manager,20260518,20260811,,2026-05-18,2026-08-11,,Mitigated,Completed,0,0
1616,RI-326-01,326,Risk,Upstream data contract remains unresolved — Autonomous Asset Modernization,Dependency,4,2,8,Medium,Project Manager,20260716,20260811,,2026-07-16,2026-08-11,,Open,In Progress,0,0
1617,RI-326-02,326,Risk,External interface decision is blocking delivery,Dependency,5,2,10,Medium,Product Owner,20260811,20260811,,2026-08-11,2026-08-11,,Open,Not Started,0,0
1618,RI-326-03,326,Issue,External interface decision is blocking delivery — Autonomous Asset Modernization,Dependency,2,4,8,Medium,Quality Lead,20260616,20260811,,2026-06-16,2026-08-11,,Monitoring,In Progress,0,0
1619,RI-327-01,327,Risk,Verification evidence is incomplete,Quality,4,2,8,Medium,Systems Lead,20260714,20260811,,2026-07-14,2026-08-11,,Open,Not Started,0,0
1620,RI-327-02,327,Issue,Specialist rate mix is above plan,Cost,3,4,12,High,Security Lead,20260724,20260811,,2026-07-24,2026-08-11,,Open,Not Started,0,0
1621,RI-327-03,327,Issue,Vendor component readiness is uncertain — Autonomous Asset Analytics,Dependency,5,3,15,High,Supplier Manager,20260518,20260808,20260525,2026-05-18,2026-08-08,2026-05-25,Closed,Completed,0,0
1622,RI-327-04,327,Risk,Environment parity is not yet demonstrated,Technical,2,1,2,Low,Release Manager,20260517,20260730,,2026-05-17,2026-07-30,,Mitigated,Completed,0,0
1623,RI-327-05,327,Risk,Specialist rate mix is above plan,Cost,2,3,6,Medium,Technical Lead,20260603,20260714,20260809,2026-06-03,2026-07-14,2026-08-09,Closed,Completed,0,0
1624,RI-327-06,327,Risk,Field issue recurrence needs containment,Quality,2,3,6,Medium,Systems Lead,20260715,20260811,,2026-07-15,2026-08-11,,Open,Not Started,0,0
1625,RI-327-07,327,Risk,Legacy data quality could require redesign,Technical,3,2,6,Medium,Security Lead,20260629,20260811,,2026-06-29,2026-08-11,,Open,Not Started,0,0
1626,RI-328-01,328,Risk,Backfill timing creates a capacity gap — Autonomous Asset Platform,Resource,1,1,1,Low,Finance Partner,20260422,20260717,,2026-04-22,2026-07-17,,Mitigated,Completed,0,0
1627,RI-328-02,328,Risk,External interface decision is blocking delivery,Dependency,3,4,12,High,Data Lead,20260314,20260520,20260515,2026-03-14,2026-05-20,2026-05-15,Closed,Completed,0,0
1628,RI-328-03,328,Risk,Test environment availability may move the baseline,Schedule,3,1,3,Low,Project Manager,20260328,20260629,20260409,2026-03-28,2026-06-29,2026-04-09,Closed,Not Required,0,0
1629,RI-328-04,328,Risk,Regression scope may exceed the test window — Autonomous Asset Platform,Quality,2,3,6,Medium,Product Owner,20260501,20260708,,2026-05-01,2026-07-08,,Mitigated,Completed,0,0
1630,RI-328-05,328,Risk,Pilot readiness depends on unresolved actions,Schedule,1,3,3,Low,Quality Lead,20260706,20260811,20260725,2026-07-06,2026-08-11,2026-07-25,Closed,Completed,0,0
1631,RI-328-06,328,Risk,Regression scope may exceed the test window — Autonomous Asset Platform,Quality,2,3,6,Medium,Finance Partner,20260521,20260625,,2026-05-21,2026-06-25,,Mitigated,Completed,0,0
1632,RI-329-01,329,Risk,Backfill timing creates a capacity gap — Autonomous Asset Optimization,Resource,2,4,8,Medium,Release Manager,20260416,20260619,,2026-04-16,2026-06-19,,Mitigated,Completed,0,0
1633,RI-329-02,329,Risk,Field issue recurrence needs containment — Autonomous Asset Optimization,Quality,5,1,5,Low,Technical Lead,20260523,20260702,,2026-05-23,2026-07-02,,Open,In Progress,0,1
1634,RI-329-03,329,Risk,Release window has limited recovery float,Schedule,2,2,4,Low,Systems Lead,20260620,20260811,,2026-06-20,2026-08-11,,Monitoring,In Progress,0,0
1635,RI-329-04,329,Risk,Committed spend limits recovery options — Autonomous Asset Optimization,Cost,4,4,16,High,Security Lead,20260407,20260715,20260618,2026-04-07,2026-07-15,2026-06-18,Closed,Completed,0,0
1636,RI-329-05,329,Issue,Late design decision may affect downstream work,Schedule,3,4,12,High,Supplier Manager,20260706,20260811,,2026-07-06,2026-08-11,,Open,Not Started,0,0
1637,RI-329-06,329,Issue,Test environment availability may move the baseline,Schedule,2,2,4,Low,Release Manager,20260618,20260811,,2026-06-18,2026-08-11,,Open,Not Started,0,0
1638,RI-329-07,329,Issue,Supplier lead time threatens the next gate,Schedule,2,3,6,Medium,Technical Lead,20260409,20260811,,2026-04-09,2026-08-11,,Monitoring,In Progress,0,0
1639,RI-330-01,330,Risk,Material quotation may exceed the estimate,Cost,4,1,4,Low,Product Owner,20260704,20260811,,2026-07-04,2026-08-11,,Mitigated,Completed,0,0
1640,RI-330-02,330,Issue,Acceptance criteria remain partially ambiguous — Autonomous Asset Integration,Quality,4,5,20,Critical,Quality Lead,20260201,20260416,,2026-02-01,2026-04-16,,Open,Not Started,1,1
1641,RI-330-03,330,Issue,Interface behavior remains unproven — Autonomous Asset Integration,Technical,3,4,12,High,Finance Partner,20251222,20260213,20260109,2025-12-22,2026-02-13,2026-01-09,Closed,Completed,0,0
1642,RI-330-04,330,Risk,Supplier lead time threatens the next gate — Autonomous Asset Integration,Schedule,4,1,4,Low,Data Lead,20260516,20260804,,2026-05-16,2026-08-04,,Mitigated,Completed,0,0
1643,RI-330-05,330,Risk,Interface behavior remains unproven,Technical,3,3,9,Medium,Project Manager,20250913,20251122,20251101,2025-09-13,2025-11-22,2025-11-01,Closed,Completed,0,0
1644,RI-331-01,331,Risk,Material quotation may exceed the estimate,Cost,3,4,12,High,Security Lead,20260519,20260811,,2026-05-19,2026-08-11,,Open,In Progress,0,0
1645,RI-331-02,331,Issue,Prototype result may require architecture rework,Technical,4,4,16,High,Supplier Manager,20260503,20260629,,2026-05-03,2026-06-29,,Mitigated,Completed,0,0
1646,RI-331-03,331,Risk,Review capacity is concentrated in one role,Resource,1,3,3,Low,Release Manager,20251210,20260218,,2025-12-10,2026-02-18,,Monitoring,Completed,0,1
1647,RI-331-04,331,Risk,Scope clarification may require a budget change — Autonomous Asset Transformation,Cost,3,1,3,Low,Technical Lead,20260208,20260519,,2026-02-08,2026-05-19,,Monitoring,Completed,0,1
1648,RI-331-05,331,Risk,Customer test access is not yet confirmed — Autonomous Asset Transformation,Dependency,4,3,12,High,Systems Lead,20260413,20260805,20260415,2026-04-13,2026-08-05,2026-04-15,Closed,Completed,0,0
1649,RI-331-06,331,Risk,Contractor transition may reduce throughput,Resource,4,3,12,High,Security Lead,20260801,20260811,,2026-08-01,2026-08-11,,Monitoring,In Progress,0,0
1650,RI-332-01,332,Issue,Upstream data contract remains unresolved — Autonomous Asset Enablement,Dependency,4,3,12,High,Data Lead,20260514,20260702,,2026-05-14,2026-07-02,,Monitoring,In Progress,0,1
1651,RI-332-02,332,Issue,Supplier lead time threatens the next gate,Schedule,1,4,4,Low,Project Manager,20260416,20260811,,2026-04-16,2026-08-11,,Mitigated,Completed,0,0
1652,RI-332-03,332,Risk,Supplier lead time threatens the next gate,Schedule,1,2,2,Low,Product Owner,20260728,20260811,,2026-07-28,2026-08-11,,Monitoring,In Progress,0,0
1653,RI-332-04,332,Risk,Supplier lead time threatens the next gate,Schedule,3,2,6,Medium,Quality Lead,20260504,20260811,,2026-05-04,2026-08-11,,Mitigated,Completed,0,0
1654,RI-332-05,332,Issue,Environment parity is not yet demonstrated,Technical,4,5,20,Critical,Finance Partner,20260615,20260811,,2026-06-15,2026-08-11,,Open,Not Started,1,0
1655,RI-332-06,332,Risk,Vendor component readiness is uncertain — Autonomous Asset Enablement,Dependency,3,5,15,High,Data Lead,20260729,20260811,,2026-07-29,2026-08-11,,Monitoring,In Progress,0,0
1656,RI-332-07,332,Risk,Prototype result may require architecture rework,Technical,1,1,1,Low,Project Manager,20260316,20260530,,2026-03-16,2026-05-30,,Monitoring,Completed,0,1
1657,RI-333-01,333,Risk,Performance margin may not meet the target,Technical,4,2,8,Medium,Technical Lead,20260603,20260811,,2026-06-03,2026-08-11,,Open,In Progress,0,0
1658,RI-333-02,333,Risk,Shared engineer availability may delay delivery — Autonomous Asset Acceleration,Resource,2,3,6,Medium,Systems Lead,20260124,20260406,20260224,2026-01-24,2026-04-06,2026-02-24,Closed,Completed,0,0
1659,RI-333-03,333,Risk,Acceptance criteria remain partially ambiguous,Quality,2,3,6,Medium,Security Lead,20260529,20260811,,2026-05-29,2026-08-11,,Open,In Progress,0,0
1660,RI-334-01,334,Risk,External interface decision is blocking delivery,Dependency,5,2,10,Medium,Quality Lead,20260520,20260722,20260625,2026-05-20,2026-07-22,2026-06-25,Closed,Completed,0,0
1661,RI-334-02,334,Risk,Performance margin may not meet the target,Technical,4,2,8,Medium,Finance Partner,20260706,20260811,,2026-07-06,2026-08-11,,Open,In Progress,0,0
1662,RI-334-03,334,Risk,Integration sequence may compress validation,Schedule,3,4,12,High,Data Lead,20260525,20260811,,2026-05-25,2026-08-11,,Open,Not Started,0,0
1663,RI-334-04,334,Risk,Competing portfolio priority constrains staffing,Resource,3,4,12,High,Project Manager,20260226,20260619,,2026-02-26,2026-06-19,,Monitoring,In Progress,0,1
1664,RI-334-05,334,Risk,External interface decision is blocking delivery,Dependency,2,2,4,Low,Product Owner,20260509,20260711,,2026-05-09,2026-07-11,,Monitoring,In Progress,0,1
1665,RI-334-06,334,Issue,Field issue recurrence needs containment — Autonomous Asset Orchestration,Quality,4,4,16,High,Quality Lead,20260714,20260811,,2026-07-14,2026-08-11,,Monitoring,In Progress,0,0
1666,RI-335-01,335,Issue,Supplier lead time threatens the next gate — Autonomous Asset Intelligence,Schedule,3,3,9,Medium,Supplier Manager,20260722,20260811,,2026-07-22,2026-08-11,,Monitoring,In Progress,0,0
1667,RI-335-02,335,Issue,Verification evidence is incomplete — Autonomous Asset Intelligence,Quality,3,1,3,Low,Release Manager,20260402,20260801,,2026-04-02,2026-08-01,,Mitigated,Completed,0,0
1668,RI-335-03,335,Issue,Performance margin may not meet the target,Technical,3,3,9,Medium,Technical Lead,20260122,20260514,20260412,2026-01-22,2026-05-14,2026-04-12,Closed,Completed,0,0
1669,RI-335-04,335,Risk,External interface decision is blocking delivery,Dependency,1,1,1,Low,Systems Lead,20260713,20260811,20260805,2026-07-13,2026-08-11,2026-08-05,Closed,Completed,0,0
1670,RI-335-05,335,Risk,Backfill timing creates a capacity gap — Autonomous Asset Intelligence,Resource,3,5,15,High,Security Lead,20260629,20260811,,2026-06-29,2026-08-11,,Monitoring,In Progress,0,0
1671,RI-336-01,336,Issue,Prototype result may require architecture rework — Autonomous Operations Modernization,Technical,2,4,8,Medium,Project Manager,20260506,20260709,,2026-05-06,2026-07-09,,Open,Not Started,0,1
1672,RI-336-02,336,Risk,External interface decision is blocking delivery,Dependency,3,3,9,Medium,Product Owner,20260314,20260623,20260314,2026-03-14,2026-06-23,2026-03-14,Closed,Completed,0,0
1673,RI-336-03,336,Risk,Upstream data contract remains unresolved,Dependency,3,4,12,High,Quality Lead,20250923,20260116,,2025-09-23,2026-01-16,,Open,In Progress,0,1
1674,RI-336-04,336,Risk,Review capacity is concentrated in one role,Resource,3,3,9,Medium,Finance Partner,20250906,20251029,,2025-09-06,2025-10-29,,Mitigated,Completed,0,0
1675,RI-336-05,336,Issue,Rework could consume management reserve,Cost,5,4,20,Critical,Data Lead,20260618,20260811,,2026-06-18,2026-08-11,,Open,Not Started,1,0
1676,RI-336-06,336,Risk,Regression scope may exceed the test window — Autonomous Operations Modernization,Quality,4,2,8,Medium,Project Manager,20260312,20260725,,2026-03-12,2026-07-25,,Mitigated,Completed,0,0
1677,RI-336-07,336,Issue,Specialist rate mix is above plan,Cost,5,4,20,Critical,Product Owner,20260503,20260801,20260802,2026-05-03,2026-08-01,2026-08-02,Closed,Completed,0,0
1678,RI-337-01,337,Risk,Defect closure rate may miss the exit criterion,Quality,1,1,1,Low,Systems Lead,20260707,20260811,,2026-07-07,2026-08-11,,Open,Not Started,0,0
1679,RI-337-02,337,Risk,Technical debt may complicate integration,Technical,3,4,12,High,Security Lead,20260717,20260811,,2026-07-17,2026-08-11,,Mitigated,Completed,0,0
1680,RI-337-03,337,Risk,Late design decision may affect downstream work,Schedule,5,3,15,High,Supplier Manager,20260703,20260811,,2026-07-03,2026-08-11,,Monitoring,In Progress,0,0
1681,RI-338-01,338,Risk,Shared engineer availability may delay delivery — Autonomous Operations Platform,Resource,3,3,9,Medium,Finance Partner,20260128,20260515,,2026-01-28,2026-05-15,,Open,Not Started,0,1
1682,RI-338-02,338,Risk,Review capacity is concentrated in one role — Autonomous Operations Platform,Resource,2,3,6,Medium,Data Lead,20260525,20260811,,2026-05-25,2026-08-11,,Open,In Progress,0,0
1683,RI-338-03,338,Risk,Material quotation may exceed the estimate — Autonomous Operations Platform,Cost,3,4,12,High,Project Manager,20260309,20260619,20260506,2026-03-09,2026-06-19,2026-05-06,Closed,Completed,0,0
1684,RI-338-04,338,Issue,Committed spend limits recovery options — Autonomous Operations Platform,Cost,2,4,8,Medium,Product Owner,20260319,20260628,20260415,2026-03-19,2026-06-28,2026-04-15,Closed,Completed,0,0
1685,RI-338-05,338,Risk,Test environment availability may move the baseline,Schedule,2,1,2,Low,Quality Lead,20260208,20260427,,2026-02-08,2026-04-27,,Open,In Progress,0,1
1686,RI-339-01,339,Issue,Pilot readiness depends on unresolved actions,Schedule,3,2,6,Medium,Release Manager,20260707,20260811,,2026-07-07,2026-08-11,,Open,Not Started,0,0
1687,RI-339-02,339,Risk,Material quotation may exceed the estimate,Cost,4,1,4,Low,Technical Lead,20260628,20260811,,2026-06-28,2026-08-11,,Monitoring,In Progress,0,0
1688,RI-339-03,339,Risk,Test environment availability may move the baseline,Schedule,4,3,12,High,Systems Lead,20260526,20260716,20260604,2026-05-26,2026-07-16,2026-06-04,Closed,Completed,0,0
1689,RI-339-04,339,Issue,Environment parity is not yet demonstrated — Autonomous Operations Optimization,Technical,4,4,16,High,Security Lead,20260703,20260811,,2026-07-03,2026-08-11,,Mitigated,Completed,0,0
1690,RI-339-05,339,Risk,Platform release timing may create a mismatch,Dependency,5,5,25,Critical,Supplier Manager,20260713,20260811,,2026-07-13,2026-08-11,,Open,Not Started,1,0
1691,RI-339-06,339,Risk,Contractor transition may reduce throughput,Resource,1,3,3,Low,Release Manager,20260602,20260811,,2026-06-02,2026-08-11,,Monitoring,In Progress,0,0
1692,RI-339-07,339,Issue,Prototype result may require architecture rework,Technical,2,5,10,Medium,Technical Lead,20260422,20260706,20260604,2026-04-22,2026-07-06,2026-06-04,Closed,Completed,0,0
1693,RI-340-01,340,Risk,Integration sequence may compress validation,Schedule,2,3,6,Medium,Product Owner,20260516,20260811,,2026-05-16,2026-08-11,,Monitoring,In Progress,0,0
1694,RI-340-02,340,Risk,Rework could consume management reserve — Autonomous Operations Integration,Cost,4,3,12,High,Quality Lead,20260504,20260811,,2026-05-04,2026-08-11,,Monitoring,In Progress,0,0
1695,RI-340-03,340,Risk,Verification evidence is incomplete — Autonomous Operations Integration,Quality,3,3,9,Medium,Finance Partner,20260617,20260811,,2026-06-17,2026-08-11,,Open,Not Started,0,0
1696,RI-340-04,340,Risk,Technical debt may complicate integration — Autonomous Operations Integration,Technical,3,4,12,High,Data Lead,20260715,20260811,,2026-07-15,2026-08-11,,Open,Not Started,0,0
1697,RI-341-01,341,Issue,Contractor transition may reduce throughput — Autonomous Operations Transformation,Resource,5,4,20,Critical,Security Lead,20260205,20260311,,2026-02-05,2026-03-11,,Mitigated,Completed,0,0
1698,RI-341-02,341,Risk,Upstream data contract remains unresolved,Dependency,2,2,4,Low,Supplier Manager,20260429,20260729,,2026-04-29,2026-07-29,,Monitoring,In Progress,0,1
1699,RI-341-03,341,Risk,Technical debt may complicate integration,Technical,3,4,12,High,Release Manager,20251111,20260108,,2025-11-11,2026-01-08,,Mitigated,Completed,0,0
1700,RI-341-04,341,Risk,Technical debt may complicate integration,Technical,3,1,3,Low,Technical Lead,20251031,20260202,,2025-10-31,2026-02-02,,Mitigated,Completed,0,0
1701,RI-341-05,341,Risk,Late design decision may affect downstream work,Schedule,4,4,16,High,Systems Lead,20260402,20260706,,2026-04-02,2026-07-06,,Mitigated,Completed,0,0
1702,RI-341-06,341,Risk,Competing portfolio priority constrains staffing,Resource,2,5,10,Medium,Security Lead,20260727,20260811,,2026-07-27,2026-08-11,,Open,In Progress,0,0
1703,RI-341-07,341,Risk,Test environment availability may move the baseline — Autonomous Operations Transformation,Schedule,2,3,6,Medium,Supplier Manager,20260601,20260811,20260714,2026-06-01,2026-08-11,2026-07-14,Closed,Completed,0,0
1704,RI-342-01,342,Risk,Environment parity is not yet demonstrated,Technical,2,4,8,Medium,Data Lead,20260801,20260811,,2026-08-01,2026-08-11,,Monitoring,In Progress,0,0
1705,RI-342-02,342,Risk,Field issue recurrence needs containment — Autonomous Operations Enablement,Quality,4,4,16,High,Project Manager,20260217,20260412,20260502,2026-02-17,2026-04-12,2026-05-02,Closed,Completed,0,0
1706,RI-342-03,342,Risk,Competing portfolio priority constrains staffing,Resource,3,5,15,High,Product Owner,20260127,20260530,,2026-01-27,2026-05-30,,Mitigated,Completed,0,0
1707,RI-342-04,342,Issue,Performance margin may not meet the target — Autonomous Operations Enablement,Technical,2,4,8,Medium,Quality Lead,20260531,20260811,,2026-05-31,2026-08-11,,Open,Not Started,0,0
1708,RI-342-05,342,Risk,Verification evidence is incomplete,Quality,2,4,8,Medium,Finance Partner,20260206,20260328,,2026-02-06,2026-03-28,,Open,Not Started,0,1
1709,RI-343-01,343,Issue,Rework could consume management reserve — Autonomous Operations Acceleration,Cost,5,2,10,Medium,Technical Lead,20260525,20260806,20260709,2026-05-25,2026-08-06,2026-07-09,Closed,Not Required,0,0
1710,RI-343-02,343,Risk,Material quotation may exceed the estimate,Cost,3,3,9,Medium,Systems Lead,20260726,20260811,,2026-07-26,2026-08-11,,Monitoring,In Progress,0,0
1711,RI-343-03,343,Risk,Contractor transition may reduce throughput,Resource,2,2,4,Low,Security Lead,20260504,20260803,20260526,2026-05-04,2026-08-03,2026-05-26,Closed,Not Required,0,0
1712,RI-343-04,343,Risk,Prototype result may require architecture rework,Technical,2,4,8,Medium,Supplier Manager,20260705,20260811,20260715,2026-07-05,2026-08-11,2026-07-15,Closed,Completed,0,0
1713,RI-343-05,343,Risk,Cloud run cost is trending above the baseline — Autonomous Operations Acceleration,Cost,2,2,4,Low,Release Manager,20260213,20260327,,2026-02-13,2026-03-27,,Monitoring,In Progress,0,1
1714,RI-344-01,344,Issue,Traceability coverage requires remediation,Quality,2,4,8,Medium,Quality Lead,20260806,20260811,,2026-08-06,2026-08-11,,Mitigated,Completed,0,0
1715,RI-344-02,344,Risk,Release window has limited recovery float — Autonomous Operations Orchestration,Schedule,4,4,16,High,Finance Partner,20260415,20260623,,2026-04-15,2026-06-23,,Mitigated,Completed,0,0
1716,RI-344-03,344,Risk,Security approval is on the critical path,Dependency,2,4,8,Medium,Data Lead,20260415,20260726,,2026-04-15,2026-07-26,,Mitigated,Completed,0,0
1717,RI-345-01,345,Issue,Customer test access is not yet confirmed — Autonomous Operations Intelligence,Dependency,4,4,16,High,Supplier Manager,20260801,20260811,,2026-08-01,2026-08-11,,Open,In Progress,0,0
1718,RI-345-02,345,Risk,Defect closure rate may miss the exit criterion — Autonomous Operations Intelligence,Quality,5,2,10,Medium,Release Manager,20260809,20260811,,2026-08-09,2026-08-11,,Monitoring,Completed,0,0
1719,RI-345-03,345,Risk,Scope clarification may require a budget change,Cost,2,3,6,Medium,Technical Lead,20260527,20260811,,2026-05-27,2026-08-11,,Open,Not Started,0,0
1720,RI-345-04,345,Risk,Competing portfolio priority constrains staffing,Resource,4,5,20,Critical,Systems Lead,20260610,20260811,,2026-06-10,2026-08-11,,Monitoring,In Progress,1,0
1721,RI-345-05,345,Risk,Specialist rate mix is above plan — Autonomous Operations Intelligence,Cost,4,2,8,Medium,Security Lead,20260527,20260811,,2026-05-27,2026-08-11,,Monitoring,Completed,0,0
1722,RI-346-01,346,Risk,Test environment availability may move the baseline — Autonomous Reliability Modernization,Schedule,5,3,15,High,Project Manager,20260604,20260811,,2026-06-04,2026-08-11,,Mitigated,Completed,0,0
1723,RI-346-02,346,Risk,Critical skill coverage is below demand,Resource,4,2,8,Medium,Product Owner,20260531,20260811,,2026-05-31,2026-08-11,,Open,In Progress,0,0
1724,RI-346-03,346,Risk,External interface decision is blocking delivery,Dependency,2,2,4,Low,Quality Lead,20260504,20260715,,2026-05-04,2026-07-15,,Monitoring,In Progress,0,1
1725,RI-346-04,346,Risk,Security approval is on the critical path — Autonomous Reliability Modernization,Dependency,4,1,4,Low,Finance Partner,20260421,20260612,20260525,2026-04-21,2026-06-12,2026-05-25,Closed,Not Required,0,0
1726,RI-346-05,346,Risk,Acceptance criteria remain partially ambiguous,Quality,4,3,12,High,Data Lead,20260729,20260811,,2026-07-29,2026-08-11,,Monitoring,In Progress,0,0
1727,RI-346-06,346,Risk,Environment parity is not yet demonstrated,Technical,4,2,8,Medium,Project Manager,20260709,20260811,,2026-07-09,2026-08-11,,Open,In Progress,0,0
1728,RI-347-01,347,Issue,Supplier lead time threatens the next gate,Schedule,3,3,9,Medium,Systems Lead,20260722,20260811,,2026-07-22,2026-08-11,,Open,In Progress,0,0
1729,RI-347-02,347,Risk,Traceability coverage requires remediation,Quality,3,3,9,Medium,Security Lead,20260724,20260811,,2026-07-24,2026-08-11,,Monitoring,In Progress,0,0
1730,RI-347-03,347,Risk,Contractor transition may reduce throughput,Resource,2,5,10,Medium,Supplier Manager,20260715,20260811,,2026-07-15,2026-08-11,,Monitoring,In Progress,0,0
1731,RI-347-04,347,Risk,Acceptance criteria remain partially ambiguous — Autonomous Reliability Analytics,Quality,3,1,3,Low,Release Manager,20260515,20260811,,2026-05-15,2026-08-11,,Open,Not Started,0,0
1732,RI-347-05,347,Risk,Security approval is on the critical path,Dependency,4,4,16,High,Technical Lead,20260312,20260504,,2026-03-12,2026-05-04,,Open,Not Started,0,1
1733,RI-348-01,348,Risk,Platform release timing may create a mismatch — Autonomous Reliability Platform,Dependency,3,3,9,Medium,Finance Partner,20260807,20260811,,2026-08-07,2026-08-11,,Open,In Progress,0,0
1734,RI-348-02,348,Risk,Scope clarification may require a budget change — Autonomous Reliability Platform,Cost,4,2,8,Medium,Data Lead,20260306,20260510,,2026-03-06,2026-05-10,,Mitigated,Completed,0,0
1735,RI-348-03,348,Risk,Upstream data contract remains unresolved,Dependency,4,3,12,High,Project Manager,20260723,20260811,,2026-07-23,2026-08-11,,Monitoring,In Progress,0,0
1736,RI-348-04,348,Risk,Critical skill coverage is below demand — Autonomous Reliability Platform,Resource,4,3,12,High,Product Owner,20260609,20260811,,2026-06-09,2026-08-11,,Open,Not Started,0,0
1737,RI-348-05,348,Risk,Cloud run cost is trending above the baseline,Cost,3,3,9,Medium,Quality Lead,20260524,20260727,,2026-05-24,2026-07-27,,Open,In Progress,0,1
1738,RI-348-06,348,Risk,Specialist rate mix is above plan,Cost,4,2,8,Medium,Finance Partner,20260605,20260719,20260811,2026-06-05,2026-07-19,2026-08-11,Closed,Completed,0,0
1739,RI-349-01,349,Risk,Legacy data quality could require redesign,Technical,3,3,9,Medium,Release Manager,20260425,20260709,,2026-04-25,2026-07-09,,Mitigated,Completed,0,0
1740,RI-349-02,349,Issue,Customer test access is not yet confirmed — Autonomous Reliability Optimization,Dependency,4,4,16,High,Technical Lead,20260530,20260811,,2026-05-30,2026-08-11,,Open,In Progress,0,0
1741,RI-349-03,349,Risk,Interface behavior remains unproven,Technical,3,3,9,Medium,Systems Lead,20260521,20260810,20260601,2026-05-21,2026-08-10,2026-06-01,Closed,Completed,0,0
1742,RI-349-04,349,Risk,Contractor transition may reduce throughput,Resource,5,3,15,High,Security Lead,20260524,20260703,,2026-05-24,2026-07-03,,Open,Not Started,0,1
1743,RI-349-05,349,Risk,External interface decision is blocking delivery — Autonomous Reliability Optimization,Dependency,3,3,9,Medium,Supplier Manager,20260715,20260811,,2026-07-15,2026-08-11,,Open,In Progress,0,0
1744,RI-349-06,349,Risk,External interface decision is blocking delivery — Autonomous Reliability Optimization,Dependency,5,3,15,High,Release Manager,20260403,20260701,,2026-04-03,2026-07-01,,Mitigated,Completed,0,0
1745,RI-349-07,349,Issue,Integration sequence may compress validation — Autonomous Reliability Optimization,Schedule,4,3,12,High,Technical Lead,20260615,20260807,20260804,2026-06-15,2026-08-07,2026-08-04,Closed,Completed,0,0
1746,RI-350-01,350,Risk,Critical skill coverage is below demand,Resource,2,3,6,Medium,Product Owner,20260330,20260612,20260409,2026-03-30,2026-06-12,2026-04-09,Closed,Completed,0,0
1747,RI-350-02,350,Risk,Committed spend limits recovery options — Autonomous Reliability Integration,Cost,5,2,10,Medium,Quality Lead,20260623,20260811,,2026-06-23,2026-08-11,,Open,Not Started,0,0
1748,RI-350-03,350,Risk,Supplier lead time threatens the next gate,Schedule,3,3,9,Medium,Finance Partner,20260531,20260807,20260806,2026-05-31,2026-08-07,2026-08-06,Closed,Completed,0,0
1749,RI-350-04,350,Risk,Prototype result may require architecture rework,Technical,3,3,9,Medium,Data Lead,20260728,20260811,,2026-07-28,2026-08-11,,Open,Not Started,0,0
1750,RI-350-05,350,Risk,Test environment availability may move the baseline,Schedule,3,2,6,Medium,Project Manager,20260609,20260811,,2026-06-09,2026-08-11,,Open,Not Started,0,0
1751,RI-350-06,350,Risk,Backfill timing creates a capacity gap — Autonomous Reliability Integration,Resource,5,4,20,Critical,Product Owner,20260805,20260811,,2026-08-05,2026-08-11,,Monitoring,Completed,1,0
1752,RI-350-07,350,Risk,Critical skill coverage is below demand,Resource,3,1,3,Low,Quality Lead,20260725,20260811,,2026-07-25,2026-08-11,,Monitoring,In Progress,0,0
1753,RI-351-01,351,Risk,Traceability coverage requires remediation — Autonomous Reliability Transformation,Quality,1,3,3,Low,Security Lead,20260505,20260615,,2026-05-05,2026-06-15,,Mitigated,Completed,0,0
1754,RI-351-02,351,Risk,Rework could consume management reserve,Cost,4,2,8,Medium,Supplier Manager,20260516,20260811,,2026-05-16,2026-08-11,,Monitoring,In Progress,0,0
1755,RI-351-03,351,Issue,Technical debt may complicate integration,Technical,2,4,8,Medium,Release Manager,20260606,20260811,,2026-06-06,2026-08-11,,Mitigated,Completed,0,0
1756,RI-351-04,351,Risk,Backfill timing creates a capacity gap — Autonomous Reliability Transformation,Resource,2,4,8,Medium,Technical Lead,20260716,20260811,,2026-07-16,2026-08-11,,Open,Not Started,0,0
1757,RI-351-05,351,Issue,Cloud run cost is trending above the baseline — Autonomous Reliability Transformation,Cost,3,4,12,High,Systems Lead,20260511,20260717,,2026-05-11,2026-07-17,,Mitigated,Completed,0,0
1758,RI-351-06,351,Issue,Regression scope may exceed the test window,Quality,3,3,9,Medium,Security Lead,20260521,20260811,,2026-05-21,2026-08-11,,Monitoring,Completed,0,0
1759,RI-351-07,351,Risk,Regression scope may exceed the test window,Quality,4,2,8,Medium,Supplier Manager,20260429,20260625,20260625,2026-04-29,2026-06-25,2026-06-25,Closed,Completed,0,0
1760,RI-352-01,352,Issue,Field issue recurrence needs containment — Autonomous Reliability Enablement,Quality,2,4,8,Medium,Data Lead,20260624,20260811,,2026-06-24,2026-08-11,,Monitoring,Completed,0,0
1761,RI-352-02,352,Risk,Customer test access is not yet confirmed,Dependency,3,3,9,Medium,Project Manager,20260309,20260507,20260601,2026-03-09,2026-05-07,2026-06-01,Closed,Completed,0,0
1762,RI-352-03,352,Risk,Cloud run cost is trending above the baseline,Cost,5,2,10,Medium,Product Owner,20260403,20260719,20260606,2026-04-03,2026-07-19,2026-06-06,Closed,Completed,0,0
1763,RI-352-04,352,Issue,Upstream data contract remains unresolved,Dependency,5,3,15,High,Quality Lead,20260425,20260808,20260429,2026-04-25,2026-08-08,2026-04-29,Closed,Completed,0,0
1764,RI-352-05,352,Risk,Release window has limited recovery float — Autonomous Reliability Enablement,Schedule,3,3,9,Medium,Finance Partner,20260513,20260704,20260803,2026-05-13,2026-07-04,2026-08-03,Closed,Completed,0,0
1765,RI-352-06,352,Risk,Late design decision may affect downstream work — Autonomous Reliability Enablement,Schedule,2,3,6,Medium,Data Lead,20260626,20260811,,2026-06-26,2026-08-11,,Monitoring,In Progress,0,0
1766,RI-352-07,352,Risk,Pilot readiness depends on unresolved actions — Autonomous Reliability Enablement,Schedule,4,2,8,Medium,Project Manager,20260306,20260414,20260308,2026-03-06,2026-04-14,2026-03-08,Closed,Completed,0,0
1767,RI-353-01,353,Issue,Performance margin may not meet the target,Technical,4,4,16,High,Technical Lead,20260428,20260718,,2026-04-28,2026-07-18,,Monitoring,In Progress,0,1
1768,RI-353-02,353,Issue,Committed spend limits recovery options — Autonomous Reliability Acceleration,Cost,4,5,20,Critical,Systems Lead,20260811,20260811,,2026-08-11,2026-08-11,,Open,Not Started,1,0
1769,RI-353-03,353,Risk,Supplier lead time threatens the next gate — Autonomous Reliability Acceleration,Schedule,1,2,2,Low,Security Lead,20260506,20260726,20260627,2026-05-06,2026-07-26,2026-06-27,Closed,Completed,0,0
1770,RI-354-01,354,Issue,Material quotation may exceed the estimate,Cost,2,5,10,Medium,Quality Lead,20260504,20260724,,2026-05-04,2026-07-24,,Monitoring,In Progress,0,1
1771,RI-354-02,354,Issue,Regression scope may exceed the test window,Quality,4,2,8,Medium,Finance Partner,20260430,20260801,,2026-04-30,2026-08-01,,Monitoring,In Progress,0,1
1772,RI-354-03,354,Risk,Defect closure rate may miss the exit criterion,Quality,2,4,8,Medium,Data Lead,20260519,20260811,,2026-05-19,2026-08-11,,Open,In Progress,0,0
1773,RI-354-04,354,Risk,Platform release timing may create a mismatch — Autonomous Reliability Orchestration,Dependency,4,2,8,Medium,Project Manager,20260612,20260811,,2026-06-12,2026-08-11,,Mitigated,Completed,0,0
1774,RI-354-05,354,Issue,Competing portfolio priority constrains staffing — Autonomous Reliability Orchestration,Resource,4,2,8,Medium,Product Owner,20260718,20260811,,2026-07-18,2026-08-11,,Monitoring,Completed,0,0
1775,RI-355-01,355,Issue,Committed spend limits recovery options,Cost,1,3,3,Low,Supplier Manager,20260323,20260507,,2026-03-23,2026-05-07,,Mitigated,Completed,0,0
1776,RI-355-02,355,Risk,External interface decision is blocking delivery — Autonomous Reliability Intelligence,Dependency,3,3,9,Medium,Release Manager,20260616,20260809,20260803,2026-06-16,2026-08-09,2026-08-03,Closed,Completed,0,0
1777,RI-355-03,355,Risk,Rework could consume management reserve,Cost,4,3,12,High,Technical Lead,20260329,20260610,,2026-03-29,2026-06-10,,Monitoring,In Progress,0,1
1778,RI-356-01,356,Issue,Test environment availability may move the baseline — Autonomous Controls Modernization,Schedule,3,2,6,Medium,Project Manager,20260628,20260811,,2026-06-28,2026-08-11,,Mitigated,Completed,0,0
1779,RI-356-02,356,Risk,Defect closure rate may miss the exit criterion,Quality,4,3,12,High,Product Owner,20260712,20260811,,2026-07-12,2026-08-11,,Monitoring,In Progress,0,0
1780,RI-356-03,356,Risk,External interface decision is blocking delivery — Autonomous Controls Modernization,Dependency,4,2,8,Medium,Quality Lead,20251116,20260209,20260104,2025-11-16,2026-02-09,2026-01-04,Closed,Completed,0,0
1781,RI-356-04,356,Issue,Platform release timing may create a mismatch — Autonomous Controls Modernization,Dependency,2,3,6,Medium,Finance Partner,20260402,20260602,,2026-04-02,2026-06-02,,Mitigated,Completed,0,0
1782,RI-356-05,356,Risk,Scope clarification may require a budget change — Autonomous Controls Modernization,Cost,3,3,9,Medium,Data Lead,20260507,20260811,,2026-05-07,2026-08-11,,Mitigated,Completed,0,0
1783,RI-357-01,357,Risk,Review capacity is concentrated in one role — Autonomous Controls Analytics,Resource,4,2,8,Medium,Systems Lead,20260605,20260811,,2026-06-05,2026-08-11,,Monitoring,In Progress,0,0
1784,RI-357-02,357,Risk,Rework could consume management reserve,Cost,3,2,6,Medium,Security Lead,20260709,20260811,,2026-07-09,2026-08-11,,Open,In Progress,0,0
1785,RI-357-03,357,Risk,Acceptance criteria remain partially ambiguous,Quality,4,2,8,Medium,Supplier Manager,20260728,20260811,,2026-07-28,2026-08-11,,Open,Not Started,0,0
1786,RI-357-04,357,Risk,Supplier lead time threatens the next gate — Autonomous Controls Analytics,Schedule,3,3,9,Medium,Release Manager,20260803,20260811,,2026-08-03,2026-08-11,,Open,Not Started,0,0
1787,RI-357-05,357,Risk,Defect closure rate may miss the exit criterion — Autonomous Controls Analytics,Quality,4,4,16,High,Technical Lead,20260622,20260811,,2026-06-22,2026-08-11,,Monitoring,In Progress,0,0
1788,RI-357-06,357,Risk,Rework could consume management reserve,Cost,3,2,6,Medium,Systems Lead,20260531,20260811,,2026-05-31,2026-08-11,,Open,Not Started,0,0
1789,RI-358-01,358,Risk,Backfill timing creates a capacity gap,Resource,3,3,9,Medium,Finance Partner,20260212,20260521,,2026-02-12,2026-05-21,,Mitigated,Completed,0,0
1790,RI-358-02,358,Risk,Shared engineer availability may delay delivery — Autonomous Controls Platform,Resource,3,2,6,Medium,Data Lead,20260711,20260811,,2026-07-11,2026-08-11,,Monitoring,In Progress,0,0
1791,RI-358-03,358,Issue,Late design decision may affect downstream work — Autonomous Controls Platform,Schedule,3,5,15,High,Project Manager,20260226,20260515,,2026-02-26,2026-05-15,,Monitoring,In Progress,0,1
1792,RI-358-04,358,Risk,Prototype result may require architecture rework,Technical,2,4,8,Medium,Product Owner,20251223,20260318,,2025-12-23,2026-03-18,,Mitigated,Completed,0,0
1793,RI-358-05,358,Issue,Traceability coverage requires remediation,Quality,3,4,12,High,Quality Lead,20260729,20260811,,2026-07-29,2026-08-11,,Monitoring,In Progress,0,0
1794,RI-359-01,359,Issue,Performance margin may not meet the target — Autonomous Controls Optimization,Technical,5,2,10,Medium,Release Manager,20260604,20260811,,2026-06-04,2026-08-11,,Open,Not Started,0,0
1795,RI-359-02,359,Issue,Environment parity is not yet demonstrated,Technical,4,2,8,Medium,Technical Lead,20260315,20260509,20260419,2026-03-15,2026-05-09,2026-04-19,Closed,Completed,0,0
1796,RI-359-03,359,Issue,Legacy data quality could require redesign,Technical,2,3,6,Medium,Systems Lead,20260116,20260419,20260225,2026-01-16,2026-04-19,2026-02-25,Closed,Completed,0,0
1797,RI-359-04,359,Risk,Traceability coverage requires remediation,Quality,4,3,12,High,Security Lead,20260224,20260517,,2026-02-24,2026-05-17,,Monitoring,In Progress,0,1
1798,RI-359-05,359,Issue,Competing portfolio priority constrains staffing,Resource,5,3,15,High,Supplier Manager,20260402,20260629,,2026-04-02,2026-06-29,,Monitoring,Completed,0,1
1799,RI-359-06,359,Risk,Critical skill coverage is below demand — Autonomous Controls Optimization,Resource,3,2,6,Medium,Release Manager,20260414,20260609,,2026-04-14,2026-06-09,,Monitoring,In Progress,0,1
1800,RI-360-01,360,Risk,Environment parity is not yet demonstrated — Autonomous Controls Integration,Technical,2,4,8,Medium,Product Owner,20260427,20260708,,2026-04-27,2026-07-08,,Mitigated,Completed,0,0
1801,RI-360-02,360,Risk,Field issue recurrence needs containment,Quality,1,2,2,Low,Quality Lead,20260223,20260415,20260402,2026-02-23,2026-04-15,2026-04-02,Closed,Completed,0,0
1802,RI-360-03,360,Issue,Technical debt may complicate integration — Autonomous Controls Integration,Technical,3,1,3,Low,Finance Partner,20260424,20260805,20260801,2026-04-24,2026-08-05,2026-08-01,Closed,Completed,0,0
1803,RI-361-01,361,Issue,Environment parity is not yet demonstrated,Technical,3,3,9,Medium,Security Lead,20260422,20260612,,2026-04-22,2026-06-12,,Mitigated,Completed,0,0
1804,RI-361-02,361,Risk,Late design decision may affect downstream work,Schedule,3,3,9,Medium,Supplier Manager,20260630,20260811,,2026-06-30,2026-08-11,,Monitoring,In Progress,0,0
1805,RI-361-03,361,Issue,Security approval is on the critical path — Autonomous Controls Transformation,Dependency,3,2,6,Medium,Release Manager,20260610,20260811,,2026-06-10,2026-08-11,,Monitoring,In Progress,0,0
1806,RI-361-04,361,Risk,Contractor transition may reduce throughput,Resource,4,1,4,Low,Technical Lead,20260501,20260627,,2026-05-01,2026-06-27,,Monitoring,Completed,0,1
1807,RI-362-01,362,Issue,Platform release timing may create a mismatch — Autonomous Controls Enablement,Dependency,3,3,9,Medium,Data Lead,20260718,20260811,,2026-07-18,2026-08-11,,Monitoring,In Progress,0,0
1808,RI-362-02,362,Risk,Critical skill coverage is below demand,Resource,3,3,9,Medium,Project Manager,20260221,20260420,20260316,2026-02-21,2026-04-20,2026-03-16,Closed,Completed,0,0
1809,RI-362-03,362,Risk,Cloud run cost is trending above the baseline,Cost,3,3,9,Medium,Product Owner,20260707,20260811,,2026-07-07,2026-08-11,,Open,Not Started,0,0
1810,RI-363-01,363,Risk,Platform release timing may create a mismatch,Dependency,2,2,4,Low,Technical Lead,20260319,20260608,20260413,2026-03-19,2026-06-08,2026-04-13,Closed,Completed,0,0
1811,RI-363-02,363,Risk,Material quotation may exceed the estimate — Autonomous Controls Acceleration,Cost,3,2,6,Medium,Systems Lead,20260116,20260413,20260313,2026-01-16,2026-04-13,2026-03-13,Closed,Completed,0,0
1812,RI-363-03,363,Risk,Acceptance criteria remain partially ambiguous,Quality,3,2,6,Medium,Security Lead,20260120,20260311,,2026-01-20,2026-03-11,,Monitoring,In Progress,0,1
1813,RI-363-04,363,Risk,Contractor transition may reduce throughput — Autonomous Controls Acceleration,Resource,2,3,6,Medium,Supplier Manager,20260310,20260527,,2026-03-10,2026-05-27,,Monitoring,In Progress,0,1
1814,RI-363-05,363,Risk,Competing portfolio priority constrains staffing — Autonomous Controls Acceleration,Resource,4,2,8,Medium,Release Manager,20260609,20260811,,2026-06-09,2026-08-11,,Open,Not Started,0,0
1815,RI-363-06,363,Issue,Legacy data quality could require redesign — Autonomous Controls Acceleration,Technical,4,3,12,High,Technical Lead,20260409,20260718,20260710,2026-04-09,2026-07-18,2026-07-10,Closed,Not Required,0,0
1816,RI-363-07,363,Risk,Acceptance criteria remain partially ambiguous,Quality,3,3,9,Medium,Systems Lead,20260531,20260804,,2026-05-31,2026-08-04,,Mitigated,Completed,0,0
1817,RI-364-01,364,Risk,Environment parity is not yet demonstrated — Autonomous Controls Orchestration,Technical,4,4,16,High,Quality Lead,20260201,20260520,,2026-02-01,2026-05-20,,Mitigated,Completed,0,0
1818,RI-364-02,364,Issue,Traceability coverage requires remediation — Autonomous Controls Orchestration,Quality,1,2,2,Low,Finance Partner,20260205,20260614,,2026-02-05,2026-06-14,,Open,Not Started,0,1
1819,RI-364-03,364,Risk,Review capacity is concentrated in one role,Resource,1,3,3,Low,Data Lead,20260403,20260720,,2026-04-03,2026-07-20,,Monitoring,In Progress,0,1
1820,RI-365-01,365,Risk,Interface behavior remains unproven,Technical,3,3,9,Medium,Supplier Manager,20260517,20260811,,2026-05-17,2026-08-11,,Monitoring,In Progress,0,0
1821,RI-365-02,365,Risk,Performance margin may not meet the target,Technical,3,4,12,High,Release Manager,20260810,20260811,,2026-08-10,2026-08-11,,Open,In Progress,0,0
1822,RI-365-03,365,Issue,Shared engineer availability may delay delivery,Resource,4,5,20,Critical,Technical Lead,20260627,20260811,,2026-06-27,2026-08-11,,Monitoring,In Progress,1,0
1823,RI-366-01,366,Risk,Customer test access is not yet confirmed — Autonomous Telemetry Modernization,Dependency,4,5,20,Critical,Project Manager,20260617,20260811,,2026-06-17,2026-08-11,,Monitoring,In Progress,1,0
1824,RI-366-02,366,Risk,Traceability coverage requires remediation — Autonomous Telemetry Modernization,Quality,3,5,15,High,Product Owner,20260707,20260811,,2026-07-07,2026-08-11,,Mitigated,Completed,0,0
1825,RI-366-03,366,Issue,Platform release timing may create a mismatch — Autonomous Telemetry Modernization,Dependency,4,2,8,Medium,Quality Lead,20260531,20260811,,2026-05-31,2026-08-11,,Mitigated,Completed,0,0
1826,RI-366-04,366,Risk,Regression scope may exceed the test window,Quality,2,4,8,Medium,Finance Partner,20260630,20260811,,2026-06-30,2026-08-11,,Open,Not Started,0,0
1827,RI-367-01,367,Risk,Regression scope may exceed the test window — Autonomous Telemetry Analytics,Quality,4,2,8,Medium,Systems Lead,20260411,20260616,20260608,2026-04-11,2026-06-16,2026-06-08,Closed,Completed,0,0
1828,RI-367-02,367,Risk,Performance margin may not meet the target — Autonomous Telemetry Analytics,Technical,4,1,4,Low,Security Lead,20260412,20260616,,2026-04-12,2026-06-16,,Mitigated,Completed,0,0
1829,RI-367-03,367,Risk,Specialist rate mix is above plan — Autonomous Telemetry Analytics,Cost,1,1,1,Low,Supplier Manager,20260127,20260609,,2026-01-27,2026-06-09,,Open,Not Started,0,1
1830,RI-367-04,367,Risk,Defect closure rate may miss the exit criterion,Quality,2,4,8,Medium,Release Manager,20260106,20260305,,2026-01-06,2026-03-05,,Open,In Progress,0,1
1831,RI-368-01,368,Risk,Performance margin may not meet the target,Technical,5,5,25,Critical,Finance Partner,20260629,20260811,,2026-06-29,2026-08-11,,Open,In Progress,1,0
1832,RI-368-02,368,Risk,Contractor transition may reduce throughput — Autonomous Telemetry Platform,Resource,4,2,8,Medium,Data Lead,20260519,20260811,20260807,2026-05-19,2026-08-11,2026-08-07,Closed,Completed,0,0
1833,RI-368-03,368,Risk,External interface decision is blocking delivery,Dependency,5,3,15,High,Project Manager,20260324,20260811,,2026-03-24,2026-08-11,,Monitoring,Completed,0,0
1834,RI-368-04,368,Risk,Supplier lead time threatens the next gate — Autonomous Telemetry Platform,Schedule,2,3,6,Medium,Product Owner,20260625,20260811,,2026-06-25,2026-08-11,,Open,In Progress,0,0
1835,RI-368-05,368,Risk,Vendor component readiness is uncertain — Autonomous Telemetry Platform,Dependency,2,4,8,Medium,Quality Lead,20260723,20260811,,2026-07-23,2026-08-11,,Monitoring,In Progress,0,0
1836,RI-369-01,369,Risk,Late design decision may affect downstream work,Schedule,2,3,6,Medium,Release Manager,20260717,20260811,,2026-07-17,2026-08-11,,Monitoring,In Progress,0,0
1837,RI-369-02,369,Risk,Cloud run cost is trending above the baseline,Cost,2,3,6,Medium,Technical Lead,20260522,20260717,,2026-05-22,2026-07-17,,Mitigated,Completed,0,0
1838,RI-369-03,369,Risk,Supplier lead time threatens the next gate,Schedule,4,2,8,Medium,Systems Lead,20260530,20260808,20260713,2026-05-30,2026-08-08,2026-07-13,Closed,Completed,0,0
1839,RI-369-04,369,Risk,Environment parity is not yet demonstrated,Technical,4,3,12,High,Security Lead,20251217,20260304,,2025-12-17,2026-03-04,,Open,Not Started,0,1
1840,RI-369-05,369,Issue,Release window has limited recovery float,Schedule,2,3,6,Medium,Supplier Manager,20260409,20260615,20260410,2026-04-09,2026-06-15,2026-04-10,Closed,Completed,0,0
1841,RI-369-06,369,Issue,Late design decision may affect downstream work — Autonomous Telemetry Optimization,Schedule,2,4,8,Medium,Release Manager,20260323,20260602,,2026-03-23,2026-06-02,,Mitigated,Completed,0,0
1842,RI-370-01,370,Risk,Integration sequence may compress validation,Schedule,5,4,20,Critical,Product Owner,20260717,20260811,,2026-07-17,2026-08-11,,Monitoring,In Progress,1,0
1843,RI-370-02,370,Risk,Legacy data quality could require redesign — Autonomous Telemetry Integration,Technical,3,3,9,Medium,Quality Lead,20260309,20260626,20260329,2026-03-09,2026-06-26,2026-03-29,Closed,Completed,0,0
1844,RI-370-03,370,Risk,Specialist rate mix is above plan,Cost,3,3,9,Medium,Finance Partner,20260409,20260729,20260705,2026-04-09,2026-07-29,2026-07-05,Closed,Completed,0,0
1845,RI-371-01,371,Risk,Scope clarification may require a budget change — Autonomous Telemetry Transformation,Cost,1,4,4,Low,Security Lead,20260726,20260811,,2026-07-26,2026-08-11,,Monitoring,Completed,0,0
1846,RI-371-02,371,Risk,Supplier lead time threatens the next gate,Schedule,5,2,10,Medium,Supplier Manager,20260529,20260811,,2026-05-29,2026-08-11,,Mitigated,Completed,0,0
1847,RI-371-03,371,Risk,Contractor transition may reduce throughput,Resource,2,4,8,Medium,Release Manager,20260329,20260721,,2026-03-29,2026-07-21,,Mitigated,Completed,0,0
1848,RI-372-01,372,Risk,Verification evidence is incomplete,Quality,1,2,2,Low,Data Lead,20260724,20260811,,2026-07-24,2026-08-11,,Monitoring,In Progress,0,0
1849,RI-372-02,372,Risk,Contractor transition may reduce throughput — Autonomous Telemetry Enablement,Resource,2,4,8,Medium,Project Manager,20260608,20260811,,2026-06-08,2026-08-11,,Monitoring,In Progress,0,0
1850,RI-372-03,372,Risk,Interface behavior remains unproven — Autonomous Telemetry Enablement,Technical,4,3,12,High,Product Owner,20260523,20260711,20260608,2026-05-23,2026-07-11,2026-06-08,Closed,Completed,0,0
1851,RI-372-04,372,Issue,Material quotation may exceed the estimate — Autonomous Telemetry Enablement,Cost,3,3,9,Medium,Quality Lead,20260608,20260811,,2026-06-08,2026-08-11,,Open,Not Started,0,0
1852,RI-372-05,372,Issue,Release window has limited recovery float,Schedule,3,1,3,Low,Finance Partner,20260712,20260811,,2026-07-12,2026-08-11,,Monitoring,In Progress,0,0
1853,RI-372-06,372,Risk,Technical debt may complicate integration — Autonomous Telemetry Enablement,Technical,2,3,6,Medium,Data Lead,20260617,20260807,,2026-06-17,2026-08-07,,Mitigated,Completed,0,0
1854,RI-372-07,372,Issue,Performance margin may not meet the target,Technical,2,4,8,Medium,Project Manager,20260622,20260802,,2026-06-22,2026-08-02,,Open,In Progress,0,1
1855,RI-373-01,373,Risk,Prototype result may require architecture rework,Technical,4,1,4,Low,Technical Lead,20260524,20260811,20260525,2026-05-24,2026-08-11,2026-05-25,Closed,Completed,0,0
1856,RI-373-02,373,Issue,Customer test access is not yet confirmed — Autonomous Telemetry Acceleration,Dependency,3,2,6,Medium,Systems Lead,20260517,20260811,,2026-05-17,2026-08-11,,Open,In Progress,0,0
1857,RI-373-03,373,Risk,Platform release timing may create a mismatch — Autonomous Telemetry Acceleration,Dependency,3,5,15,High,Security Lead,20260706,20260811,,2026-07-06,2026-08-11,,Mitigated,Completed,0,0
1858,RI-373-04,373,Issue,Cloud run cost is trending above the baseline — Autonomous Telemetry Acceleration,Cost,3,3,9,Medium,Supplier Manager,20260530,20260811,,2026-05-30,2026-08-11,,Monitoring,In Progress,0,0
1859,RI-373-05,373,Issue,Test environment availability may move the baseline,Schedule,2,5,10,Medium,Release Manager,20260702,20260811,,2026-07-02,2026-08-11,,Open,Not Started,0,0
1860,RI-374-01,374,Risk,Scope clarification may require a budget change,Cost,2,3,6,Medium,Quality Lead,20260223,20260502,,2026-02-23,2026-05-02,,Monitoring,In Progress,0,1
1861,RI-374-02,374,Issue,Field issue recurrence needs containment,Quality,2,3,6,Medium,Finance Partner,20251013,20260219,20251029,2025-10-13,2026-02-19,2025-10-29,Closed,Completed,0,0
1862,RI-374-03,374,Risk,Shared engineer availability may delay delivery,Resource,4,5,20,Critical,Data Lead,20260511,20260811,,2026-05-11,2026-08-11,,Open,Not Started,1,0
1863,RI-374-04,374,Risk,Regression scope may exceed the test window — Autonomous Telemetry Orchestration,Quality,3,3,9,Medium,Project Manager,20260319,20260625,,2026-03-19,2026-06-25,,Monitoring,In Progress,0,1
1864,RI-374-05,374,Risk,Defect closure rate may miss the exit criterion,Quality,2,4,8,Medium,Product Owner,20260111,20260306,,2026-01-11,2026-03-06,,Mitigated,Completed,0,0
1865,RI-374-06,374,Risk,Traceability coverage requires remediation — Autonomous Telemetry Orchestration,Quality,4,2,8,Medium,Quality Lead,20251023,20251229,20251212,2025-10-23,2025-12-29,2025-12-12,Closed,Not Required,0,0
1866,RI-374-07,374,Risk,Acceptance criteria remain partially ambiguous,Quality,3,3,9,Medium,Finance Partner,20260506,20260719,,2026-05-06,2026-07-19,,Mitigated,Completed,0,0
1867,RI-375-01,375,Risk,Regression scope may exceed the test window,Quality,4,3,12,High,Supplier Manager,20260518,20260801,20260527,2026-05-18,2026-08-01,2026-05-27,Closed,Completed,0,0
1868,RI-375-02,375,Risk,Committed spend limits recovery options — Autonomous Telemetry Intelligence,Cost,4,4,16,High,Release Manager,20260427,20260709,,2026-04-27,2026-07-09,,Mitigated,Completed,0,0
1869,RI-375-03,375,Issue,Technical debt may complicate integration,Technical,2,5,10,Medium,Technical Lead,20260324,20260712,,2026-03-24,2026-07-12,,Mitigated,Completed,0,0
1870,RI-376-01,376,Risk,Interface behavior remains unproven,Technical,3,3,9,Medium,Project Manager,20260703,20260811,,2026-07-03,2026-08-11,,Monitoring,In Progress,0,0
1871,RI-376-02,376,Risk,Competing portfolio priority constrains staffing — Autonomous Workflow Modernization,Resource,3,3,9,Medium,Product Owner,20260621,20260811,,2026-06-21,2026-08-11,,Mitigated,Completed,0,0
1872,RI-376-03,376,Issue,Technical debt may complicate integration,Technical,3,5,15,High,Quality Lead,20260408,20260719,20260429,2026-04-08,2026-07-19,2026-04-29,Closed,Completed,0,0
1873,RI-376-04,376,Risk,Competing portfolio priority constrains staffing,Resource,2,4,8,Medium,Finance Partner,20260405,20260527,,2026-04-05,2026-05-27,,Open,Not Started,0,1
1874,RI-376-05,376,Risk,Integration sequence may compress validation,Schedule,2,3,6,Medium,Data Lead,20260315,20260718,,2026-03-15,2026-07-18,,Mitigated,Completed,0,0
1875,RI-376-06,376,Issue,Committed spend limits recovery options — Autonomous Workflow Modernization,Cost,3,2,6,Medium,Project Manager,20260725,20260811,,2026-07-25,2026-08-11,,Monitoring,In Progress,0,0
1876,RI-377-01,377,Risk,Environment parity is not yet demonstrated — Autonomous Workflow Analytics,Technical,1,4,4,Low,Systems Lead,20260407,20260704,,2026-04-07,2026-07-04,,Mitigated,Completed,0,0
1877,RI-377-02,377,Risk,Late design decision may affect downstream work — Autonomous Workflow Analytics,Schedule,2,1,2,Low,Security Lead,20260620,20260811,,2026-06-20,2026-08-11,,Open,Not Started,0,0
1878,RI-377-03,377,Risk,Interface behavior remains unproven — Autonomous Workflow Analytics,Technical,3,1,3,Low,Supplier Manager,20260619,20260811,,2026-06-19,2026-08-11,,Open,In Progress,0,0
1879,RI-377-04,377,Issue,Material quotation may exceed the estimate,Cost,2,3,6,Medium,Release Manager,20260514,20260811,,2026-05-14,2026-08-11,,Open,In Progress,0,0
1880,RI-377-05,377,Risk,Late design decision may affect downstream work,Schedule,2,4,8,Medium,Technical Lead,20260704,20260811,,2026-07-04,2026-08-11,,Monitoring,In Progress,0,0
1881,RI-377-06,377,Risk,Verification evidence is incomplete,Quality,2,3,6,Medium,Systems Lead,20260207,20260529,20260313,2026-02-07,2026-05-29,2026-03-13,Closed,Completed,0,0
1882,RI-378-01,378,Risk,Technical debt may complicate integration — Autonomous Workflow Platform,Technical,1,3,3,Low,Finance Partner,20260727,20260811,20260731,2026-07-27,2026-08-11,2026-07-31,Closed,Completed,0,0
1883,RI-378-02,378,Issue,Review capacity is concentrated in one role — Autonomous Workflow Platform,Resource,2,4,8,Medium,Data Lead,20260711,20260811,,2026-07-11,2026-08-11,,Mitigated,Completed,0,0
1884,RI-378-03,378,Issue,Regression scope may exceed the test window — Autonomous Workflow Platform,Quality,4,3,12,High,Project Manager,20260711,20260811,,2026-07-11,2026-08-11,,Monitoring,Completed,0,0
1885,RI-378-04,378,Issue,Competing portfolio priority constrains staffing,Resource,4,2,8,Medium,Product Owner,20260428,20260809,20260806,2026-04-28,2026-08-09,2026-08-06,Closed,Completed,0,0
1886,RI-378-05,378,Risk,Security approval is on the critical path,Dependency,4,5,20,Critical,Quality Lead,20260305,20260707,,2026-03-05,2026-07-07,,Monitoring,In Progress,1,1
1887,RI-378-06,378,Risk,Defect closure rate may miss the exit criterion — Autonomous Workflow Platform,Quality,3,3,9,Medium,Finance Partner,20260323,20260717,,2026-03-23,2026-07-17,,Monitoring,In Progress,0,1
1888,RI-378-07,378,Risk,Legacy data quality could require redesign,Technical,4,2,8,Medium,Data Lead,20260707,20260811,,2026-07-07,2026-08-11,,Monitoring,In Progress,0,0
1889,RI-379-01,379,Risk,Integration sequence may compress validation — Autonomous Workflow Optimization,Schedule,1,5,5,Low,Release Manager,20260731,20260811,,2026-07-31,2026-08-11,,Open,Not Started,0,0
1890,RI-379-02,379,Risk,Supplier lead time threatens the next gate,Schedule,4,3,12,High,Technical Lead,20260721,20260811,,2026-07-21,2026-08-11,,Monitoring,In Progress,0,0
1891,RI-379-03,379,Issue,Performance margin may not meet the target,Technical,3,3,9,Medium,Systems Lead,20260710,20260811,20260731,2026-07-10,2026-08-11,2026-07-31,Closed,Completed,0,0
1892,RI-379-04,379,Risk,Release window has limited recovery float,Schedule,4,3,12,High,Security Lead,20260617,20260722,,2026-06-17,2026-07-22,,Mitigated,Completed,0,0
1893,RI-379-05,379,Risk,Competing portfolio priority constrains staffing,Resource,1,4,4,Low,Supplier Manager,20260711,20260811,,2026-07-11,2026-08-11,,Open,Not Started,0,0
1894,RI-379-06,379,Issue,Security approval is on the critical path — Autonomous Workflow Optimization,Dependency,3,3,9,Medium,Release Manager,20260808,20260811,,2026-08-08,2026-08-11,,Monitoring,In Progress,0,0
1895,RI-379-07,379,Risk,Rework could consume management reserve,Cost,4,2,8,Medium,Technical Lead,20260802,20260811,,2026-08-02,2026-08-11,,Open,Not Started,0,0
1896,RI-380-01,380,Risk,Performance margin may not meet the target,Technical,5,2,10,Medium,Product Owner,20260307,20260430,,2026-03-07,2026-04-30,,Monitoring,In Progress,0,1
1897,RI-380-02,380,Risk,Field issue recurrence needs containment — Autonomous Workflow Integration,Quality,3,4,12,High,Quality Lead,20260422,20260811,,2026-04-22,2026-08-11,,Monitoring,In Progress,0,0
1898,RI-380-03,380,Issue,Customer test access is not yet confirmed,Dependency,2,4,8,Medium,Finance Partner,20260307,20260512,,2026-03-07,2026-05-12,,Open,In Progress,0,1
1899,RI-380-04,380,Issue,Cloud run cost is trending above the baseline,Cost,2,3,6,Medium,Data Lead,20260601,20260811,,2026-06-01,2026-08-11,,Open,Not Started,0,0
1900,RI-380-05,380,Issue,Security approval is on the critical path — Autonomous Workflow Integration,Dependency,1,3,3,Low,Project Manager,20260214,20260518,,2026-02-14,2026-05-18,,Mitigated,Completed,0,0
1901,RI-380-06,380,Risk,Prototype result may require architecture rework,Technical,2,2,4,Low,Product Owner,20260717,20260811,,2026-07-17,2026-08-11,,Open,In Progress,0,0
1902,RI-381-01,381,Issue,Critical skill coverage is below demand,Resource,2,5,10,Medium,Security Lead,20260716,20260811,,2026-07-16,2026-08-11,,Monitoring,Completed,0,0
1903,RI-381-02,381,Issue,Defect closure rate may miss the exit criterion — Autonomous Workflow Transformation,Quality,5,5,25,Critical,Supplier Manager,20260703,20260811,,2026-07-03,2026-08-11,,Monitoring,In Progress,1,0
1904,RI-381-03,381,Risk,Environment parity is not yet demonstrated,Technical,4,3,12,High,Release Manager,20260428,20260710,,2026-04-28,2026-07-10,,Mitigated,Completed,0,0
1905,RI-382-01,382,Risk,Critical skill coverage is below demand — Autonomous Workflow Enablement,Resource,2,4,8,Medium,Data Lead,20260518,20260730,,2026-05-18,2026-07-30,,Mitigated,Completed,0,0
1906,RI-382-02,382,Risk,Review capacity is concentrated in one role — Autonomous Workflow Enablement,Resource,4,1,4,Low,Project Manager,20260520,20260728,,2026-05-20,2026-07-28,,Mitigated,Completed,0,0
1907,RI-382-03,382,Risk,Interface behavior remains unproven — Autonomous Workflow Enablement,Technical,3,4,12,High,Product Owner,20260727,20260811,,2026-07-27,2026-08-11,,Open,In Progress,0,0
1908,RI-383-01,383,Issue,Prototype result may require architecture rework — Autonomous Workflow Acceleration,Technical,3,2,6,Medium,Technical Lead,20260527,20260811,,2026-05-27,2026-08-11,,Open,In Progress,0,0
1909,RI-383-02,383,Issue,Pilot readiness depends on unresolved actions — Autonomous Workflow Acceleration,Schedule,3,4,12,High,Systems Lead,20260704,20260811,,2026-07-04,2026-08-11,,Open,Not Started,0,0
1910,RI-383-03,383,Risk,Prototype result may require architecture rework,Technical,2,5,10,Medium,Security Lead,20260724,20260811,,2026-07-24,2026-08-11,,Open,In Progress,0,0
1911,RI-383-04,383,Risk,Committed spend limits recovery options,Cost,4,3,12,High,Supplier Manager,20260508,20260811,,2026-05-08,2026-08-11,,Monitoring,In Progress,0,0
1912,RI-383-05,383,Risk,Field issue recurrence needs containment,Quality,3,5,15,High,Release Manager,20260709,20260811,,2026-07-09,2026-08-11,,Monitoring,In Progress,0,0
1913,RI-383-06,383,Risk,Material quotation may exceed the estimate — Autonomous Workflow Acceleration,Cost,3,3,9,Medium,Technical Lead,20260316,20260512,,2026-03-16,2026-05-12,,Mitigated,Completed,0,0
1914,RI-384-01,384,Risk,Interface behavior remains unproven,Technical,5,4,20,Critical,Quality Lead,20260114,20260424,,2026-01-14,2026-04-24,,Monitoring,In Progress,1,1
1915,RI-384-02,384,Risk,Scope clarification may require a budget change,Cost,2,4,8,Medium,Finance Partner,20260708,20260811,,2026-07-08,2026-08-11,,Monitoring,Completed,0,0
1916,RI-384-03,384,Risk,Verification evidence is incomplete,Quality,4,3,12,High,Data Lead,20260404,20260702,20260527,2026-04-04,2026-07-02,2026-05-27,Closed,Completed,0,0
1917,RI-384-04,384,Issue,Rework could consume management reserve — Autonomous Workflow Orchestration,Cost,5,2,10,Medium,Project Manager,20260309,20260419,,2026-03-09,2026-04-19,,Mitigated,Completed,0,0
1918,RI-385-01,385,Risk,Cloud run cost is trending above the baseline — Autonomous Workflow Intelligence,Cost,3,1,3,Low,Supplier Manager,20260415,20260727,,2026-04-15,2026-07-27,,Open,In Progress,0,1
1919,RI-385-02,385,Risk,Environment parity is not yet demonstrated — Autonomous Workflow Intelligence,Technical,3,3,9,Medium,Release Manager,20260731,20260811,20260807,2026-07-31,2026-08-11,2026-08-07,Closed,Completed,0,0
1920,RI-385-03,385,Risk,Field issue recurrence needs containment,Quality,4,3,12,High,Technical Lead,20260220,20260512,,2026-02-20,2026-05-12,,Mitigated,Completed,0,0
1921,RI-385-04,385,Risk,Late design decision may affect downstream work,Schedule,2,3,6,Medium,Systems Lead,20260506,20260731,,2026-05-06,2026-07-31,,Monitoring,Completed,0,1
1922,RI-385-05,385,Risk,Performance margin may not meet the target,Technical,3,4,12,High,Security Lead,20260408,20260610,,2026-04-08,2026-06-10,,Open,Not Started,0,1
1923,RI-386-01,386,Risk,Pilot readiness depends on unresolved actions — Autonomous Quality Modernization,Schedule,4,2,8,Medium,Project Manager,20260123,20260606,,2026-01-23,2026-06-06,,Mitigated,Completed,0,0
1924,RI-386-02,386,Risk,Customer test access is not yet confirmed,Dependency,4,3,12,High,Product Owner,20251123,20260219,,2025-11-23,2026-02-19,,Monitoring,In Progress,0,1
1925,RI-386-03,386,Issue,Interface behavior remains unproven,Technical,2,4,8,Medium,Quality Lead,20260315,20260420,,2026-03-15,2026-04-20,,Mitigated,Completed,0,0
1926,RI-387-01,387,Risk,Field issue recurrence needs containment,Quality,5,3,15,High,Systems Lead,20260621,20260811,,2026-06-21,2026-08-11,,Monitoring,In Progress,0,0
1927,RI-387-02,387,Risk,Competing portfolio priority constrains staffing,Resource,1,4,4,Low,Security Lead,20260624,20260811,,2026-06-24,2026-08-11,,Open,Not Started,0,0
1928,RI-387-03,387,Issue,External interface decision is blocking delivery — Autonomous Quality Analytics,Dependency,3,4,12,High,Supplier Manager,20260724,20260811,,2026-07-24,2026-08-11,,Monitoring,In Progress,0,0
1929,RI-387-04,387,Risk,External interface decision is blocking delivery,Dependency,4,3,12,High,Release Manager,20260607,20260811,,2026-06-07,2026-08-11,,Mitigated,Completed,0,0
1930,RI-387-05,387,Risk,Performance margin may not meet the target,Technical,3,3,9,Medium,Technical Lead,20260713,20260811,,2026-07-13,2026-08-11,,Monitoring,In Progress,0,0
1931,RI-387-06,387,Risk,Acceptance criteria remain partially ambiguous — Autonomous Quality Analytics,Quality,2,2,4,Low,Systems Lead,20260329,20260515,,2026-03-29,2026-05-15,,Monitoring,Completed,0,1
1932,RI-387-07,387,Risk,Interface behavior remains unproven — Autonomous Quality Analytics,Technical,3,1,3,Low,Security Lead,20260407,20260628,20260619,2026-04-07,2026-06-28,2026-06-19,Closed,Completed,0,0
1933,RI-388-01,388,Issue,Platform release timing may create a mismatch,Dependency,2,5,10,Medium,Finance Partner,20260804,20260811,,2026-08-04,2026-08-11,,Mitigated,Completed,0,0
1934,RI-388-02,388,Risk,Late design decision may affect downstream work — Autonomous Quality Platform,Schedule,5,2,10,Medium,Data Lead,20260804,20260811,,2026-08-04,2026-08-11,,Open,Not Started,0,0
1935,RI-388-03,388,Issue,Environment parity is not yet demonstrated — Autonomous Quality Platform,Technical,5,1,5,Low,Project Manager,20260722,20260811,,2026-07-22,2026-08-11,,Monitoring,In Progress,0,0
1936,RI-388-04,388,Risk,Competing portfolio priority constrains staffing — Autonomous Quality Platform,Resource,1,4,4,Low,Product Owner,20260709,20260811,,2026-07-09,2026-08-11,,Open,In Progress,0,0
1937,RI-388-05,388,Risk,Interface behavior remains unproven,Technical,2,2,4,Low,Quality Lead,20260806,20260811,,2026-08-06,2026-08-11,,Monitoring,In Progress,0,0
1938,RI-389-01,389,Risk,Integration sequence may compress validation,Schedule,2,1,2,Low,Release Manager,20260616,20260811,,2026-06-16,2026-08-11,,Monitoring,In Progress,0,0
1939,RI-389-02,389,Issue,Field issue recurrence needs containment,Quality,4,4,16,High,Technical Lead,20250928,20260119,,2025-09-28,2026-01-19,,Mitigated,Completed,0,0
1940,RI-389-03,389,Issue,Late design decision may affect downstream work — Autonomous Quality Optimization,Schedule,2,3,6,Medium,Systems Lead,20260623,20260806,20260805,2026-06-23,2026-08-06,2026-08-05,Closed,Not Required,0,0
1941,RI-389-04,389,Risk,Performance margin may not meet the target,Technical,3,2,6,Medium,Security Lead,20251010,20251211,20260103,2025-10-10,2025-12-11,2026-01-03,Closed,Completed,0,0
1942,RI-390-01,390,Risk,Supplier lead time threatens the next gate,Schedule,4,3,12,High,Product Owner,20260806,20260811,,2026-08-06,2026-08-11,,Monitoring,In Progress,0,0
1943,RI-390-02,390,Risk,Committed spend limits recovery options — Autonomous Quality Integration,Cost,2,3,6,Medium,Quality Lead,20260714,20260811,,2026-07-14,2026-08-11,,Mitigated,Completed,0,0
1944,RI-390-03,390,Risk,Platform release timing may create a mismatch,Dependency,3,5,15,High,Finance Partner,20260528,20260807,,2026-05-28,2026-08-07,,Mitigated,Completed,0,0
1945,RI-390-04,390,Risk,Environment parity is not yet demonstrated,Technical,3,3,9,Medium,Data Lead,20260530,20260703,,2026-05-30,2026-07-03,,Monitoring,In Progress,0,1
1946,RI-390-05,390,Risk,Interface behavior remains unproven,Technical,2,1,2,Low,Project Manager,20260205,20260605,,2026-02-05,2026-06-05,,Mitigated,Completed,0,0
1947,RI-391-01,391,Risk,Integration sequence may compress validation — Autonomous Quality Transformation,Schedule,5,4,20,Critical,Security Lead,20260219,20260425,,2026-02-19,2026-04-25,,Mitigated,Completed,0,0
1948,RI-391-02,391,Risk,Interface behavior remains unproven — Autonomous Quality Transformation,Technical,3,1,3,Low,Supplier Manager,20251210,20260302,20260106,2025-12-10,2026-03-02,2026-01-06,Closed,Completed,0,0
1949,RI-391-03,391,Risk,Committed spend limits recovery options,Cost,3,2,6,Medium,Release Manager,20260506,20260610,,2026-05-06,2026-06-10,,Mitigated,Completed,0,0
1950,RI-391-04,391,Risk,Supplier lead time threatens the next gate — Autonomous Quality Transformation,Schedule,3,1,3,Low,Technical Lead,20260718,20260811,,2026-07-18,2026-08-11,,Mitigated,Completed,0,0
1951,RI-392-01,392,Issue,Review capacity is concentrated in one role,Resource,2,4,8,Medium,Data Lead,20260124,20260601,,2026-01-24,2026-06-01,,Mitigated,Completed,0,0
1952,RI-392-02,392,Risk,Defect closure rate may miss the exit criterion — Autonomous Quality Enablement,Quality,2,4,8,Medium,Project Manager,20251210,20260305,20260302,2025-12-10,2026-03-05,2026-03-02,Closed,Not Required,0,0
1953,RI-392-03,392,Risk,Field issue recurrence needs containment — Autonomous Quality Enablement,Quality,2,4,8,Medium,Product Owner,20260125,20260503,,2026-01-25,2026-05-03,,Mitigated,Completed,0,0
1954,RI-392-04,392,Risk,Technical debt may complicate integration,Technical,2,1,2,Low,Quality Lead,20260616,20260811,20260806,2026-06-16,2026-08-11,2026-08-06,Closed,Completed,0,0
1955,RI-392-05,392,Risk,Release window has limited recovery float — Autonomous Quality Enablement,Schedule,3,3,9,Medium,Finance Partner,20260115,20260315,20260215,2026-01-15,2026-03-15,2026-02-15,Closed,Completed,0,0
1956,RI-393-01,393,Risk,Field issue recurrence needs containment — Autonomous Quality Acceleration,Quality,5,4,20,Critical,Technical Lead,20260609,20260811,,2026-06-09,2026-08-11,,Open,In Progress,1,0
1957,RI-393-02,393,Issue,Contractor transition may reduce throughput — Autonomous Quality Acceleration,Resource,3,4,12,High,Systems Lead,20251217,20260213,,2025-12-17,2026-02-13,,Mitigated,Completed,0,0
1958,RI-393-03,393,Issue,Technical debt may complicate integration — Autonomous Quality Acceleration,Technical,5,3,15,High,Security Lead,20251023,20251225,,2025-10-23,2025-12-25,,Mitigated,Completed,0,0
1959,RI-393-04,393,Issue,Legacy data quality could require redesign — Autonomous Quality Acceleration,Technical,5,3,15,High,Supplier Manager,20251103,20260127,,2025-11-03,2026-01-27,,Mitigated,Completed,0,0
1960,RI-393-05,393,Issue,Competing portfolio priority constrains staffing,Resource,2,5,10,Medium,Release Manager,20260405,20260516,20260601,2026-04-05,2026-05-16,2026-06-01,Closed,Completed,0,0
1961,RI-393-06,393,Risk,Release window has limited recovery float,Schedule,2,3,6,Medium,Technical Lead,20250924,20251119,,2025-09-24,2025-11-19,,Open,Not Started,0,1
1962,RI-393-07,393,Risk,Environment parity is not yet demonstrated — Autonomous Quality Acceleration,Technical,1,1,1,Low,Systems Lead,20260302,20260603,,2026-03-02,2026-06-03,,Mitigated,Completed,0,0
1963,RI-394-01,394,Risk,Late design decision may affect downstream work — Autonomous Quality Orchestration,Schedule,2,3,6,Medium,Quality Lead,20260511,20260811,20260808,2026-05-11,2026-08-11,2026-08-08,Closed,Completed,0,0
1964,RI-394-02,394,Risk,Prototype result may require architecture rework — Autonomous Quality Orchestration,Technical,3,2,6,Medium,Finance Partner,20260523,20260623,,2026-05-23,2026-06-23,,Mitigated,Completed,0,0
1965,RI-394-03,394,Risk,Review capacity is concentrated in one role,Resource,2,4,8,Medium,Data Lead,20260716,20260811,,2026-07-16,2026-08-11,,Open,In Progress,0,0
1966,RI-394-04,394,Risk,Critical skill coverage is below demand,Resource,4,5,20,Critical,Project Manager,20260408,20260605,,2026-04-08,2026-06-05,,Monitoring,In Progress,1,1
1967,RI-395-01,395,Risk,Upstream data contract remains unresolved — Autonomous Quality Intelligence,Dependency,4,2,8,Medium,Supplier Manager,20260612,20260811,,2026-06-12,2026-08-11,,Monitoring,In Progress,0,0
1968,RI-395-02,395,Risk,Pilot readiness depends on unresolved actions — Autonomous Quality Intelligence,Schedule,3,3,9,Medium,Release Manager,20260314,20260530,,2026-03-14,2026-05-30,,Monitoring,In Progress,0,1
1969,RI-395-03,395,Risk,Legacy data quality could require redesign,Technical,3,5,15,High,Technical Lead,20260710,20260811,,2026-07-10,2026-08-11,,Monitoring,In Progress,0,0
1970,RI-395-04,395,Risk,Supplier lead time threatens the next gate — Autonomous Quality Intelligence,Schedule,3,3,9,Medium,Systems Lead,20260626,20260811,,2026-06-26,2026-08-11,,Open,Not Started,0,0
1971,RI-396-01,396,Risk,Technical debt may complicate integration,Technical,3,3,9,Medium,Project Manager,20260624,20260811,,2026-06-24,2026-08-11,,Monitoring,In Progress,0,0
1972,RI-396-02,396,Risk,Technical debt may complicate integration — Autonomous Engineering Modernization,Technical,3,4,12,High,Product Owner,20260619,20260811,,2026-06-19,2026-08-11,,Monitoring,In Progress,0,0
1973,RI-396-03,396,Risk,Critical skill coverage is below demand,Resource,5,4,20,Critical,Quality Lead,20260603,20260726,,2026-06-03,2026-07-26,,Mitigated,Completed,0,0
1974,RI-396-04,396,Risk,Backfill timing creates a capacity gap — Autonomous Engineering Modernization,Resource,3,2,6,Medium,Finance Partner,20260115,20260321,,2026-01-15,2026-03-21,,Monitoring,In Progress,0,1
1975,RI-396-05,396,Issue,Environment parity is not yet demonstrated — Autonomous Engineering Modernization,Technical,3,2,6,Medium,Data Lead,20260309,20260501,20260415,2026-03-09,2026-05-01,2026-04-15,Closed,Completed,0,0
1976,RI-396-06,396,Risk,Defect closure rate may miss the exit criterion,Quality,4,4,16,High,Project Manager,20260212,20260517,,2026-02-12,2026-05-17,,Open,Not Started,0,1
1977,RI-396-07,396,Risk,Pilot readiness depends on unresolved actions,Schedule,3,2,6,Medium,Product Owner,20260217,20260701,,2026-02-17,2026-07-01,,Mitigated,Completed,0,0
1978,RI-397-01,397,Risk,Pilot readiness depends on unresolved actions — Autonomous Engineering Analytics,Schedule,2,2,4,Low,Systems Lead,20260501,20260811,,2026-05-01,2026-08-11,,Mitigated,Completed,0,0
1979,RI-397-02,397,Risk,Technical debt may complicate integration,Technical,4,4,16,High,Security Lead,20251227,20260406,20260206,2025-12-27,2026-04-06,2026-02-06,Closed,Completed,0,0
1980,RI-397-03,397,Risk,Committed spend limits recovery options,Cost,2,4,8,Medium,Supplier Manager,20260115,20260225,20260307,2026-01-15,2026-02-25,2026-03-07,Closed,Completed,0,0
1981,RI-397-04,397,Risk,Late design decision may affect downstream work — Autonomous Engineering Analytics,Schedule,3,5,15,High,Release Manager,20260622,20260811,,2026-06-22,2026-08-11,,Open,Not Started,0,0
1982,RI-397-05,397,Risk,Integration sequence may compress validation — Autonomous Engineering Analytics,Schedule,2,4,8,Medium,Technical Lead,20260311,20260706,,2026-03-11,2026-07-06,,Mitigated,Completed,0,0
1983,RI-398-01,398,Risk,Test environment availability may move the baseline — Autonomous Engineering Platform,Schedule,1,3,3,Low,Finance Partner,20260512,20260803,,2026-05-12,2026-08-03,,Mitigated,Completed,0,0
1984,RI-398-02,398,Risk,Late design decision may affect downstream work,Schedule,4,4,16,High,Data Lead,20260811,20260811,,2026-08-11,2026-08-11,,Open,In Progress,0,0
1985,RI-398-03,398,Risk,Prototype result may require architecture rework,Technical,3,3,9,Medium,Project Manager,20260527,20260811,,2026-05-27,2026-08-11,,Monitoring,In Progress,0,0
1986,RI-398-04,398,Risk,Platform release timing may create a mismatch — Autonomous Engineering Platform,Dependency,2,3,6,Medium,Product Owner,20260416,20260811,,2026-04-16,2026-08-11,,Mitigated,Completed,0,0
1987,RI-398-05,398,Issue,Rework could consume management reserve,Cost,4,4,16,High,Quality Lead,20260618,20260811,,2026-06-18,2026-08-11,,Open,In Progress,0,0
1988,RI-398-06,398,Risk,Performance margin may not meet the target,Technical,2,2,4,Low,Finance Partner,20260319,20260528,,2026-03-19,2026-05-28,,Mitigated,Completed,0,0
1989,RI-399-01,399,Risk,Pilot readiness depends on unresolved actions — Autonomous Engineering Optimization,Schedule,4,3,12,High,Release Manager,20260115,20260503,20260306,2026-01-15,2026-05-03,2026-03-06,Closed,Completed,0,0
1990,RI-399-02,399,Risk,Regression scope may exceed the test window — Autonomous Engineering Optimization,Quality,2,4,8,Medium,Technical Lead,20260716,20260811,,2026-07-16,2026-08-11,,Monitoring,In Progress,0,0
1991,RI-399-03,399,Risk,Environment parity is not yet demonstrated,Technical,4,2,8,Medium,Systems Lead,20260305,20260506,,2026-03-05,2026-05-06,,Mitigated,Completed,0,0
1992,RI-399-04,399,Risk,Prototype result may require architecture rework,Technical,2,1,2,Low,Security Lead,20260109,20260421,,2026-01-09,2026-04-21,,Mitigated,Completed,0,0
1993,RI-399-05,399,Issue,Pilot readiness depends on unresolved actions — Autonomous Engineering Optimization,Schedule,3,4,12,High,Supplier Manager,20260725,20260811,,2026-07-25,2026-08-11,,Open,In Progress,0,0
1994,RI-399-06,399,Risk,Legacy data quality could require redesign — Autonomous Engineering Optimization,Technical,4,4,16,High,Release Manager,20260524,20260811,,2026-05-24,2026-08-11,,Monitoring,In Progress,0,0
1995,RI-399-07,399,Risk,Legacy data quality could require redesign — Autonomous Engineering Optimization,Technical,1,4,4,Low,Technical Lead,20260730,20260811,,2026-07-30,2026-08-11,,Mitigated,Completed,0,0
1996,RI-400-01,400,Risk,Traceability coverage requires remediation,Quality,3,2,6,Medium,Product Owner,20260210,20260420,20260410,2026-02-10,2026-04-20,2026-04-10,Closed,Completed,0,0
1997,RI-400-02,400,Issue,Material quotation may exceed the estimate,Cost,4,3,12,High,Quality Lead,20260315,20260530,,2026-03-15,2026-05-30,,Monitoring,In Progress,0,1
1998,RI-400-03,400,Risk,Upstream data contract remains unresolved,Dependency,1,3,3,Low,Finance Partner,20260207,20260410,20260224,2026-02-07,2026-04-10,2026-02-24,Closed,Completed,0,0
1999,RI-401-01,401,Risk,Cloud run cost is trending above the baseline — Autonomous Engineering Transformation,Cost,2,3,6,Medium,Security Lead,20260324,20260529,,2026-03-24,2026-05-29,,Monitoring,In Progress,0,1
2000,RI-401-02,401,Risk,Technical debt may complicate integration,Technical,4,4,16,High,Supplier Manager,20260313,20260610,,2026-03-13,2026-06-10,,Mitigated,Completed,0,0
2001,RI-401-03,401,Risk,Material quotation may exceed the estimate — Autonomous Engineering Transformation,Cost,3,5,15,High,Release Manager,20260416,20260707,20260626,2026-04-16,2026-07-07,2026-06-26,Closed,Completed,0,0
2002,RI-401-04,401,Risk,Review capacity is concentrated in one role — Autonomous Engineering Transformation,Resource,2,3,6,Medium,Technical Lead,20260515,20260727,20260811,2026-05-15,2026-07-27,2026-08-11,Closed,Completed,0,0
2003,RI-402-01,402,Risk,Verification evidence is incomplete — Autonomous Engineering Enablement,Quality,3,2,6,Medium,Data Lead,20260608,20260811,,2026-06-08,2026-08-11,,Open,In Progress,0,0
2004,RI-402-02,402,Issue,Acceptance criteria remain partially ambiguous,Quality,2,5,10,Medium,Project Manager,20260726,20260811,,2026-07-26,2026-08-11,,Open,Not Started,0,0
2005,RI-402-03,402,Risk,Release window has limited recovery float — Autonomous Engineering Enablement,Schedule,3,2,6,Medium,Product Owner,20260704,20260811,,2026-07-04,2026-08-11,,Open,Not Started,0,0
2006,RI-402-04,402,Risk,Shared engineer availability may delay delivery,Resource,4,3,12,High,Quality Lead,20260715,20260811,,2026-07-15,2026-08-11,,Monitoring,Completed,0,0
2007,RI-402-05,402,Risk,Supplier lead time threatens the next gate,Schedule,3,4,12,High,Finance Partner,20260515,20260728,20260727,2026-05-15,2026-07-28,2026-07-27,Closed,Completed,0,0
2008,RI-402-06,402,Issue,Vendor component readiness is uncertain,Dependency,3,2,6,Medium,Data Lead,20260703,20260811,,2026-07-03,2026-08-11,,Open,In Progress,0,0
2009,RI-402-07,402,Issue,Supplier lead time threatens the next gate — Autonomous Engineering Enablement,Schedule,1,2,2,Low,Project Manager,20260616,20260811,,2026-06-16,2026-08-11,,Mitigated,Completed,0,0
2010,RI-403-01,403,Risk,Late design decision may affect downstream work,Schedule,3,4,12,High,Technical Lead,20260529,20260723,20260628,2026-05-29,2026-07-23,2026-06-28,Closed,Completed,0,0
2011,RI-403-02,403,Risk,Critical skill coverage is below demand,Resource,1,3,3,Low,Systems Lead,20260111,20260215,,2026-01-11,2026-02-15,,Monitoring,In Progress,0,1
2012,RI-403-03,403,Risk,Interface behavior remains unproven — Autonomous Engineering Acceleration,Technical,4,2,8,Medium,Security Lead,20260415,20260625,,2026-04-15,2026-06-25,,Monitoring,Completed,0,1
2013,RI-403-04,403,Risk,Competing portfolio priority constrains staffing,Resource,1,3,3,Low,Supplier Manager,20260216,20260526,,2026-02-16,2026-05-26,,Open,Not Started,0,1
2014,RI-403-05,403,Issue,Material quotation may exceed the estimate,Cost,2,1,2,Low,Release Manager,20260716,20260811,,2026-07-16,2026-08-11,,Monitoring,Completed,0,0
2015,RI-404-01,404,Risk,Legacy data quality could require redesign — Autonomous Engineering Orchestration,Technical,5,2,10,Medium,Quality Lead,20251206,20260228,20251214,2025-12-06,2026-02-28,2025-12-14,Closed,Completed,0,0
2016,RI-404-02,404,Risk,Security approval is on the critical path — Autonomous Engineering Orchestration,Dependency,2,3,6,Medium,Finance Partner,20260323,20260605,,2026-03-23,2026-06-05,,Mitigated,Completed,0,0
2017,RI-404-03,404,Risk,Cloud run cost is trending above the baseline — Autonomous Engineering Orchestration,Cost,3,3,9,Medium,Data Lead,20260329,20260526,,2026-03-29,2026-05-26,,Monitoring,In Progress,0,1
2018,RI-404-04,404,Risk,Environment parity is not yet demonstrated — Autonomous Engineering Orchestration,Technical,2,4,8,Medium,Project Manager,20260729,20260811,,2026-07-29,2026-08-11,,Open,Not Started,0,0
2019,RI-404-05,404,Risk,Legacy data quality could require redesign,Technical,5,3,15,High,Product Owner,20260605,20260811,,2026-06-05,2026-08-11,,Open,In Progress,0,0
2020,RI-404-06,404,Risk,Critical skill coverage is below demand — Autonomous Engineering Orchestration,Resource,3,3,9,Medium,Quality Lead,20260503,20260704,,2026-05-03,2026-07-04,,Mitigated,Completed,0,0
2021,RI-405-01,405,Risk,Technical debt may complicate integration,Technical,1,4,4,Low,Supplier Manager,20260716,20260811,20260804,2026-07-16,2026-08-11,2026-08-04,Closed,Not Required,0,0
2022,RI-405-02,405,Risk,Vendor component readiness is uncertain — Autonomous Engineering Intelligence,Dependency,4,3,12,High,Release Manager,20260620,20260811,,2026-06-20,2026-08-11,,Open,Not Started,0,0
2023,RI-405-03,405,Issue,Rework could consume management reserve,Cost,5,3,15,High,Technical Lead,20260616,20260811,,2026-06-16,2026-08-11,,Open,Not Started,0,0
2024,RI-405-04,405,Issue,Pilot readiness depends on unresolved actions — Autonomous Engineering Intelligence,Schedule,4,4,16,High,Systems Lead,20260712,20260811,,2026-07-12,2026-08-11,,Open,Not Started,0,0
2025,RI-406-01,406,Risk,Field issue recurrence needs containment,Quality,2,4,8,Medium,Project Manager,20260626,20260811,,2026-06-26,2026-08-11,,Open,In Progress,0,0
2026,RI-406-02,406,Risk,Scope clarification may require a budget change,Cost,4,4,16,High,Product Owner,20251105,20251222,20260106,2025-11-05,2025-12-22,2026-01-06,Closed,Completed,0,0
2027,RI-406-03,406,Risk,Critical skill coverage is below demand,Resource,1,2,2,Low,Quality Lead,20260114,20260520,20260415,2026-01-14,2026-05-20,2026-04-15,Closed,Completed,0,0
2028,RI-406-04,406,Issue,Traceability coverage requires remediation,Quality,4,3,12,High,Finance Partner,20260218,20260628,,2026-02-18,2026-06-28,,Monitoring,In Progress,0,1
2029,RI-406-05,406,Issue,Environment parity is not yet demonstrated — Autonomous Energy Modernization,Technical,2,4,8,Medium,Data Lead,20260512,20260719,,2026-05-12,2026-07-19,,Mitigated,Completed,0,0
2030,RI-406-06,406,Risk,Cloud run cost is trending above the baseline — Autonomous Energy Modernization,Cost,4,4,16,High,Project Manager,20260604,20260811,,2026-06-04,2026-08-11,,Monitoring,In Progress,0,0
2031,RI-406-07,406,Risk,Platform release timing may create a mismatch — Autonomous Energy Modernization,Dependency,1,4,4,Low,Product Owner,20251020,20260204,20251219,2025-10-20,2026-02-04,2025-12-19,Closed,Completed,0,0
2032,RI-407-01,407,Issue,Acceptance criteria remain partially ambiguous — Autonomous Energy Analytics,Quality,5,5,25,Critical,Systems Lead,20260409,20260807,,2026-04-09,2026-08-07,,Monitoring,In Progress,1,1
2033,RI-407-02,407,Issue,Upstream data contract remains unresolved,Dependency,2,2,4,Low,Security Lead,20260604,20260807,,2026-06-04,2026-08-07,,Monitoring,In Progress,0,1
2034,RI-407-03,407,Issue,Environment parity is not yet demonstrated,Technical,3,4,12,High,Supplier Manager,20260523,20260811,,2026-05-23,2026-08-11,,Monitoring,Completed,0,0
2035,RI-407-04,407,Risk,Prototype result may require architecture rework — Autonomous Energy Analytics,Technical,1,2,2,Low,Release Manager,20260711,20260811,,2026-07-11,2026-08-11,,Mitigated,Completed,0,0
2036,RI-407-05,407,Risk,Material quotation may exceed the estimate,Cost,2,2,4,Low,Technical Lead,20260621,20260811,,2026-06-21,2026-08-11,,Monitoring,In Progress,0,0
2037,RI-408-01,408,Risk,Backfill timing creates a capacity gap — Autonomous Energy Platform,Resource,4,3,12,High,Finance Partner,20260509,20260803,,2026-05-09,2026-08-03,,Monitoring,Completed,0,1
2038,RI-408-02,408,Risk,Rework could consume management reserve,Cost,3,3,9,Medium,Data Lead,20260614,20260801,20260703,2026-06-14,2026-08-01,2026-07-03,Closed,Completed,0,0
2039,RI-408-03,408,Risk,Acceptance criteria remain partially ambiguous,Quality,1,5,5,Low,Project Manager,20260718,20260811,20260730,2026-07-18,2026-08-11,2026-07-30,Closed,Completed,0,0
2040,RI-409-01,409,Issue,Critical skill coverage is below demand — Autonomous Energy Optimization,Resource,3,3,9,Medium,Release Manager,20260429,20260630,20260705,2026-04-29,2026-06-30,2026-07-05,Closed,Completed,0,0
2041,RI-409-02,409,Risk,Scope clarification may require a budget change — Autonomous Energy Optimization,Cost,1,4,4,Low,Technical Lead,20260209,20260627,20260526,2026-02-09,2026-06-27,2026-05-26,Closed,Completed,0,0
2042,RI-409-03,409,Risk,Regression scope may exceed the test window — Autonomous Energy Optimization,Quality,3,4,12,High,Systems Lead,20260728,20260811,,2026-07-28,2026-08-11,,Open,Not Started,0,0
2043,RI-409-04,409,Risk,Specialist rate mix is above plan,Cost,3,3,9,Medium,Security Lead,20260727,20260811,,2026-07-27,2026-08-11,,Open,In Progress,0,0
2044,RI-409-05,409,Risk,Interface behavior remains unproven,Technical,4,3,12,High,Supplier Manager,20260227,20260703,,2026-02-27,2026-07-03,,Mitigated,Completed,0,0
2045,RI-409-06,409,Issue,Traceability coverage requires remediation,Quality,1,2,2,Low,Release Manager,20260729,20260811,,2026-07-29,2026-08-11,,Monitoring,Completed,0,0
2046,RI-409-07,409,Risk,Defect closure rate may miss the exit criterion,Quality,4,3,12,High,Technical Lead,20260608,20260811,,2026-06-08,2026-08-11,,Mitigated,Completed,0,0
2047,RI-410-01,410,Risk,Shared engineer availability may delay delivery — Autonomous Energy Integration,Resource,4,3,12,High,Product Owner,20251220,20260411,20260325,2025-12-20,2026-04-11,2026-03-25,Closed,Completed,0,0
2048,RI-410-02,410,Risk,Release window has limited recovery float — Autonomous Energy Integration,Schedule,2,3,6,Medium,Quality Lead,20260528,20260728,20260613,2026-05-28,2026-07-28,2026-06-13,Closed,Completed,0,0
2049,RI-410-03,410,Risk,Legacy data quality could require redesign — Autonomous Energy Integration,Technical,2,3,6,Medium,Finance Partner,20260606,20260811,20260702,2026-06-06,2026-08-11,2026-07-02,Closed,Not Required,0,0
2050,RI-410-04,410,Risk,Technical debt may complicate integration,Technical,3,3,9,Medium,Data Lead,20251109,20260122,20260109,2025-11-09,2026-01-22,2026-01-09,Closed,Completed,0,0
2051,RI-410-05,410,Risk,Committed spend limits recovery options — Autonomous Energy Integration,Cost,4,3,12,High,Project Manager,20260416,20260619,,2026-04-16,2026-06-19,,Mitigated,Completed,0,0
2052,RI-410-06,410,Risk,Technical debt may complicate integration,Technical,4,1,4,Low,Product Owner,20260601,20260811,,2026-06-01,2026-08-11,,Open,In Progress,0,0
2053,RI-410-07,410,Risk,Upstream data contract remains unresolved,Dependency,5,3,15,High,Quality Lead,20260509,20260625,,2026-05-09,2026-06-25,,Mitigated,Completed,0,0
2054,RI-411-01,411,Risk,Shared engineer availability may delay delivery,Resource,3,4,12,High,Security Lead,20260324,20260531,20260411,2026-03-24,2026-05-31,2026-04-11,Closed,Completed,0,0
2055,RI-411-02,411,Risk,Legacy data quality could require redesign,Technical,4,2,8,Medium,Supplier Manager,20260625,20260811,,2026-06-25,2026-08-11,,Mitigated,Completed,0,0
2056,RI-411-03,411,Risk,Prototype result may require architecture rework,Technical,3,2,6,Medium,Release Manager,20260808,20260811,,2026-08-08,2026-08-11,,Open,Not Started,0,0
2057,RI-412-01,412,Issue,Shared engineer availability may delay delivery — Autonomous Energy Enablement,Resource,1,1,1,Low,Data Lead,20260619,20260811,,2026-06-19,2026-08-11,,Monitoring,In Progress,0,0
2058,RI-412-02,412,Risk,Test environment availability may move the baseline,Schedule,4,3,12,High,Project Manager,20260809,20260811,,2026-08-09,2026-08-11,,Mitigated,Completed,0,0
2059,RI-412-03,412,Risk,Defect closure rate may miss the exit criterion — Autonomous Energy Enablement,Quality,3,2,6,Medium,Product Owner,20260808,20260811,,2026-08-08,2026-08-11,,Open,In Progress,0,0
2060,RI-412-04,412,Risk,Performance margin may not meet the target,Technical,2,2,4,Low,Quality Lead,20260713,20260811,,2026-07-13,2026-08-11,,Mitigated,Completed,0,0
2061,RI-412-05,412,Issue,Specialist rate mix is above plan — Autonomous Energy Enablement,Cost,3,2,6,Medium,Finance Partner,20260108,20260331,,2026-01-08,2026-03-31,,Open,Not Started,0,1
2062,RI-412-06,412,Risk,Technical debt may complicate integration — Autonomous Energy Enablement,Technical,4,2,8,Medium,Data Lead,20260111,20260402,,2026-01-11,2026-04-02,,Open,Not Started,0,1
2063,RI-413-01,413,Risk,Interface behavior remains unproven — Autonomous Energy Acceleration,Technical,5,1,5,Low,Technical Lead,20260402,20260613,,2026-04-02,2026-06-13,,Monitoring,In Progress,0,1
2064,RI-413-02,413,Risk,Technical debt may complicate integration — Autonomous Energy Acceleration,Technical,3,5,15,High,Systems Lead,20260707,20260811,,2026-07-07,2026-08-11,,Monitoring,In Progress,0,0
2065,RI-413-03,413,Risk,Release window has limited recovery float,Schedule,3,2,6,Medium,Security Lead,20260512,20260627,,2026-05-12,2026-06-27,,Mitigated,Completed,0,0
2066,RI-413-04,413,Risk,Vendor component readiness is uncertain — Autonomous Energy Acceleration,Dependency,2,4,8,Medium,Supplier Manager,20260711,20260811,,2026-07-11,2026-08-11,,Monitoring,In Progress,0,0
2067,RI-413-05,413,Risk,Technical debt may complicate integration,Technical,4,1,4,Low,Release Manager,20260112,20260426,,2026-01-12,2026-04-26,,Mitigated,Completed,0,0
2068,RI-414-01,414,Risk,Late design decision may affect downstream work,Schedule,4,3,12,High,Quality Lead,20260722,20260811,,2026-07-22,2026-08-11,,Open,Not Started,0,0
2069,RI-414-02,414,Risk,Environment parity is not yet demonstrated — Autonomous Energy Orchestration,Technical,3,1,3,Low,Finance Partner,20260722,20260811,,2026-07-22,2026-08-11,,Mitigated,Completed,0,0
2070,RI-414-03,414,Risk,Traceability coverage requires remediation,Quality,3,4,12,High,Data Lead,20260808,20260811,,2026-08-08,2026-08-11,,Open,Not Started,0,0
2071,RI-414-04,414,Issue,Rework could consume management reserve — Autonomous Energy Orchestration,Cost,4,2,8,Medium,Project Manager,20260725,20260811,,2026-07-25,2026-08-11,,Open,Not Started,0,0
2072,RI-415-01,415,Risk,Pilot readiness depends on unresolved actions,Schedule,5,4,20,Critical,Supplier Manager,20260722,20260811,,2026-07-22,2026-08-11,,Open,In Progress,1,0
2073,RI-415-02,415,Risk,Integration sequence may compress validation,Schedule,3,3,9,Medium,Release Manager,20260505,20260713,,2026-05-05,2026-07-13,,Mitigated,Completed,0,0
2074,RI-415-03,415,Issue,Test environment availability may move the baseline — Autonomous Energy Intelligence,Schedule,2,5,10,Medium,Technical Lead,20260804,20260811,,2026-08-04,2026-08-11,,Monitoring,In Progress,0,0
2075,RI-415-04,415,Risk,Performance margin may not meet the target — Autonomous Energy Intelligence,Technical,4,2,8,Medium,Systems Lead,20260601,20260715,,2026-06-01,2026-07-15,,Monitoring,In Progress,0,1
2076,RI-415-05,415,Risk,Defect closure rate may miss the exit criterion,Quality,2,5,10,Medium,Security Lead,20260118,20260427,20260220,2026-01-18,2026-04-27,2026-02-20,Closed,Completed,0,0
2077,RI-415-06,415,Risk,Performance margin may not meet the target — Autonomous Energy Intelligence,Technical,3,4,12,High,Supplier Manager,20260208,20260418,,2026-02-08,2026-04-18,,Mitigated,Completed,0,0
2078,RI-415-07,415,Issue,Backfill timing creates a capacity gap,Resource,4,2,8,Medium,Release Manager,20260614,20260728,20260705,2026-06-14,2026-07-28,2026-07-05,Closed,Completed,0,0
2079,RI-416-01,416,Issue,Interface behavior remains unproven — Autonomous Service Modernization,Technical,4,3,12,High,Project Manager,20260514,20260722,,2026-05-14,2026-07-22,,Mitigated,Completed,0,0
2080,RI-416-02,416,Risk,Acceptance criteria remain partially ambiguous,Quality,3,3,9,Medium,Product Owner,20260327,20260531,,2026-03-27,2026-05-31,,Monitoring,In Progress,0,1
2081,RI-416-03,416,Issue,Late design decision may affect downstream work,Schedule,3,2,6,Medium,Quality Lead,20260225,20260429,,2026-02-25,2026-04-29,,Mitigated,Completed,0,0
2082,RI-416-04,416,Issue,External interface decision is blocking delivery — Autonomous Service Modernization,Dependency,3,3,9,Medium,Finance Partner,20260312,20260519,,2026-03-12,2026-05-19,,Mitigated,Completed,0,0
2083,RI-417-01,417,Risk,Technical debt may complicate integration — Autonomous Service Analytics,Technical,2,2,4,Low,Systems Lead,20260801,20260811,,2026-08-01,2026-08-11,,Monitoring,In Progress,0,0
2084,RI-417-02,417,Issue,Legacy data quality could require redesign,Technical,3,4,12,High,Security Lead,20260405,20260603,20260512,2026-04-05,2026-06-03,2026-05-12,Closed,Completed,0,0
2085,RI-417-03,417,Issue,Platform release timing may create a mismatch — Autonomous Service Analytics,Dependency,2,5,10,Medium,Supplier Manager,20260613,20260811,,2026-06-13,2026-08-11,,Monitoring,In Progress,0,0
2086,RI-418-01,418,Risk,External interface decision is blocking delivery,Dependency,3,2,6,Medium,Finance Partner,20260709,20260811,,2026-07-09,2026-08-11,,Open,In Progress,0,0
2087,RI-418-02,418,Issue,Traceability coverage requires remediation,Quality,3,3,9,Medium,Data Lead,20251124,20260131,,2025-11-24,2026-01-31,,Monitoring,In Progress,0,1
2088,RI-418-03,418,Risk,Environment parity is not yet demonstrated,Technical,2,3,6,Medium,Project Manager,20260311,20260625,,2026-03-11,2026-06-25,,Mitigated,Completed,0,0
2089,RI-418-04,418,Risk,Release window has limited recovery float — Autonomous Service Platform,Schedule,2,1,2,Low,Product Owner,20260610,20260811,,2026-06-10,2026-08-11,,Open,Not Started,0,0
2090,RI-418-05,418,Risk,Committed spend limits recovery options,Cost,2,4,8,Medium,Quality Lead,20251126,20260207,20260216,2025-11-26,2026-02-07,2026-02-16,Closed,Completed,0,0
2091,RI-419-01,419,Issue,Legacy data quality could require redesign,Technical,5,3,15,High,Release Manager,20260706,20260811,,2026-07-06,2026-08-11,,Open,In Progress,0,0
2092,RI-419-02,419,Issue,Scope clarification may require a budget change,Cost,1,4,4,Low,Technical Lead,20260514,20260722,,2026-05-14,2026-07-22,,Open,Not Started,0,1
2093,RI-419-03,419,Risk,Regression scope may exceed the test window,Quality,3,3,9,Medium,Systems Lead,20260504,20260702,20260622,2026-05-04,2026-07-02,2026-06-22,Closed,Not Required,0,0
2094,RI-420-01,420,Risk,Field issue recurrence needs containment,Quality,4,2,8,Medium,Product Owner,20260423,20260707,,2026-04-23,2026-07-07,,Open,Not Started,0,1
2095,RI-420-02,420,Risk,Security approval is on the critical path,Dependency,3,2,6,Medium,Quality Lead,20260413,20260811,,2026-04-13,2026-08-11,,Open,In Progress,0,0
2096,RI-420-03,420,Risk,Field issue recurrence needs containment — Autonomous Service Integration,Quality,3,2,6,Medium,Finance Partner,20260520,20260811,,2026-05-20,2026-08-11,,Open,Not Started,0,0
2097,RI-420-04,420,Risk,Environment parity is not yet demonstrated,Technical,3,2,6,Medium,Data Lead,20251119,20260205,,2025-11-19,2026-02-05,,Mitigated,Completed,0,0
2098,RI-420-05,420,Risk,Performance margin may not meet the target,Technical,3,4,12,High,Project Manager,20260530,20260811,,2026-05-30,2026-08-11,,Open,In Progress,0,0
2099,RI-420-06,420,Risk,Test environment availability may move the baseline,Schedule,4,3,12,High,Product Owner,20260103,20260325,20260417,2026-01-03,2026-03-25,2026-04-17,Closed,Completed,0,0
2100,RI-421-01,421,Risk,Defect closure rate may miss the exit criterion — Autonomous Service Transformation,Quality,2,3,6,Medium,Security Lead,20260131,20260417,20260325,2026-01-31,2026-04-17,2026-03-25,Closed,Completed,0,0
2101,RI-421-02,421,Issue,Technical debt may complicate integration,Technical,4,4,16,High,Supplier Manager,20260721,20260811,,2026-07-21,2026-08-11,,Monitoring,Completed,0,0
2102,RI-421-03,421,Risk,Platform release timing may create a mismatch — Autonomous Service Transformation,Dependency,4,4,16,High,Release Manager,20260522,20260811,,2026-05-22,2026-08-11,,Monitoring,In Progress,0,0
2103,RI-422-01,422,Issue,Acceptance criteria remain partially ambiguous — Autonomous Service Enablement,Quality,5,3,15,High,Data Lead,20260721,20260811,,2026-07-21,2026-08-11,,Mitigated,Completed,0,0
2104,RI-422-02,422,Risk,Interface behavior remains unproven,Technical,4,2,8,Medium,Project Manager,20260110,20260321,,2026-01-10,2026-03-21,,Monitoring,Completed,0,1
2105,RI-422-03,422,Risk,Test environment availability may move the baseline — Autonomous Service Enablement,Schedule,4,5,20,Critical,Product Owner,20260523,20260808,20260609,2026-05-23,2026-08-08,2026-06-09,Closed,Completed,0,0
2106,RI-422-04,422,Risk,Legacy data quality could require redesign,Technical,2,3,6,Medium,Quality Lead,20260729,20260811,,2026-07-29,2026-08-11,,Monitoring,In Progress,0,0
2107,RI-422-05,422,Risk,Review capacity is concentrated in one role,Resource,4,3,12,High,Finance Partner,20260104,20260227,20260126,2026-01-04,2026-02-27,2026-01-26,Closed,Completed,0,0
2108,RI-422-06,422,Risk,Acceptance criteria remain partially ambiguous,Quality,3,2,6,Medium,Data Lead,20260331,20260703,,2026-03-31,2026-07-03,,Mitigated,Completed,0,0
2109,RI-422-07,422,Risk,Review capacity is concentrated in one role — Autonomous Service Enablement,Resource,3,4,12,High,Project Manager,20260424,20260619,,2026-04-24,2026-06-19,,Mitigated,Completed,0,0
2110,RI-423-01,423,Risk,Interface behavior remains unproven,Technical,4,2,8,Medium,Technical Lead,20260708,20260811,,2026-07-08,2026-08-11,,Monitoring,In Progress,0,0
2111,RI-423-02,423,Risk,Vendor component readiness is uncertain — Autonomous Service Acceleration,Dependency,3,2,6,Medium,Systems Lead,20260609,20260811,,2026-06-09,2026-08-11,,Open,Not Started,0,0
2112,RI-423-03,423,Risk,Scope clarification may require a budget change — Autonomous Service Acceleration,Cost,4,3,12,High,Security Lead,20260410,20260620,,2026-04-10,2026-06-20,,Mitigated,Completed,0,0
2113,RI-423-04,423,Risk,Legacy data quality could require redesign,Technical,3,1,3,Low,Supplier Manager,20260723,20260811,,2026-07-23,2026-08-11,,Monitoring,In Progress,0,0
2114,RI-423-05,423,Risk,Release window has limited recovery float,Schedule,3,3,9,Medium,Release Manager,20260607,20260810,,2026-06-07,2026-08-10,,Mitigated,Completed,0,0
2115,RI-423-06,423,Risk,Test environment availability may move the baseline — Autonomous Service Acceleration,Schedule,2,3,6,Medium,Technical Lead,20260629,20260811,,2026-06-29,2026-08-11,,Open,In Progress,0,0
2116,RI-423-07,423,Issue,Test environment availability may move the baseline,Schedule,3,4,12,High,Systems Lead,20260807,20260811,,2026-08-07,2026-08-11,,Open,Not Started,0,0
2117,RI-424-01,424,Risk,Traceability coverage requires remediation — Autonomous Service Orchestration,Quality,4,3,12,High,Quality Lead,20260523,20260811,,2026-05-23,2026-08-11,,Monitoring,In Progress,0,0
2118,RI-424-02,424,Risk,Supplier lead time threatens the next gate — Autonomous Service Orchestration,Schedule,4,2,8,Medium,Finance Partner,20260718,20260811,20260807,2026-07-18,2026-08-11,2026-08-07,Closed,Completed,0,0
2119,RI-424-03,424,Issue,Test environment availability may move the baseline — Autonomous Service Orchestration,Schedule,2,3,6,Medium,Data Lead,20260430,20260809,,2026-04-30,2026-08-09,,Mitigated,Completed,0,0
2120,RI-424-04,424,Issue,Integration sequence may compress validation,Schedule,4,2,8,Medium,Project Manager,20260412,20260709,20260507,2026-04-12,2026-07-09,2026-05-07,Closed,Completed,0,0
2121,RI-424-05,424,Issue,External interface decision is blocking delivery,Dependency,4,4,16,High,Product Owner,20260618,20260806,,2026-06-18,2026-08-06,,Mitigated,Completed,0,0
2122,RI-424-06,424,Risk,Traceability coverage requires remediation,Quality,2,2,4,Low,Quality Lead,20260708,20260811,,2026-07-08,2026-08-11,,Monitoring,In Progress,0,0
2123,RI-425-01,425,Issue,Supplier lead time threatens the next gate,Schedule,3,2,6,Medium,Supplier Manager,20260110,20260316,,2026-01-10,2026-03-16,,Open,In Progress,0,1
2124,RI-425-02,425,Issue,Supplier lead time threatens the next gate,Schedule,4,3,12,High,Release Manager,20260112,20260416,20260430,2026-01-12,2026-04-16,2026-04-30,Closed,Completed,0,0
2125,RI-425-03,425,Issue,Performance margin may not meet the target — Autonomous Service Intelligence,Technical,2,4,8,Medium,Technical Lead,20260314,20260508,20260522,2026-03-14,2026-05-08,2026-05-22,Closed,Completed,0,0
2126,RI-425-04,425,Issue,Release window has limited recovery float,Schedule,3,2,6,Medium,Systems Lead,20260310,20260519,,2026-03-10,2026-05-19,,Mitigated,Completed,0,0
2127,RI-425-05,425,Issue,Technical debt may complicate integration,Technical,3,4,12,High,Security Lead,20260728,20260811,,2026-07-28,2026-08-11,,Mitigated,Completed,0,0
2128,RI-426-01,426,Risk,Critical skill coverage is below demand,Resource,2,4,8,Medium,Project Manager,20260620,20260811,,2026-06-20,2026-08-11,,Open,Not Started,0,0
2129,RI-426-02,426,Issue,Shared engineer availability may delay delivery — Secure Asset Modernization,Resource,2,5,10,Medium,Product Owner,20260413,20260607,,2026-04-13,2026-06-07,,Mitigated,Completed,0,0
2130,RI-426-03,426,Risk,Pilot readiness depends on unresolved actions,Schedule,2,4,8,Medium,Quality Lead,20260713,20260811,,2026-07-13,2026-08-11,,Monitoring,In Progress,0,0
2131,RI-427-01,427,Risk,Review capacity is concentrated in one role,Resource,5,2,10,Medium,Systems Lead,20260714,20260811,,2026-07-14,2026-08-11,,Open,In Progress,0,0
2132,RI-427-02,427,Issue,Prototype result may require architecture rework,Technical,2,4,8,Medium,Security Lead,20260313,20260503,,2026-03-13,2026-05-03,,Monitoring,Completed,0,1
2133,RI-427-03,427,Issue,Late design decision may affect downstream work — Secure Asset Analytics,Schedule,4,3,12,High,Supplier Manager,20260510,20260712,,2026-05-10,2026-07-12,,Mitigated,Completed,0,0
2134,RI-427-04,427,Risk,Test environment availability may move the baseline — Secure Asset Analytics,Schedule,3,3,9,Medium,Release Manager,20260324,20260609,,2026-03-24,2026-06-09,,Mitigated,Completed,0,0
2135,RI-428-01,428,Risk,Regression scope may exceed the test window — Secure Asset Platform,Quality,2,3,6,Medium,Finance Partner,20260224,20260717,,2026-02-24,2026-07-17,,Open,In Progress,0,1
2136,RI-428-02,428,Risk,Cloud run cost is trending above the baseline,Cost,3,2,6,Medium,Data Lead,20260308,20260422,,2026-03-08,2026-04-22,,Monitoring,In Progress,0,1
2137,RI-428-03,428,Risk,Specialist rate mix is above plan — Secure Asset Platform,Cost,4,3,12,High,Project Manager,20260616,20260811,,2026-06-16,2026-08-11,,Open,Not Started,0,0
2138,RI-429-01,429,Issue,Supplier lead time threatens the next gate — Secure Asset Optimization,Schedule,2,2,4,Low,Release Manager,20260801,20260811,,2026-08-01,2026-08-11,,Open,In Progress,0,0
2139,RI-429-02,429,Risk,Release window has limited recovery float — Secure Asset Optimization,Schedule,3,2,6,Medium,Technical Lead,20260528,20260811,,2026-05-28,2026-08-11,,Open,In Progress,0,0
2140,RI-429-03,429,Risk,Release window has limited recovery float — Secure Asset Optimization,Schedule,4,2,8,Medium,Systems Lead,20260520,20260811,,2026-05-20,2026-08-11,,Mitigated,Completed,0,0
2141,RI-429-04,429,Risk,Critical skill coverage is below demand,Resource,2,3,6,Medium,Security Lead,20260619,20260730,,2026-06-19,2026-07-30,,Mitigated,Completed,0,0
2142,RI-430-01,430,Risk,Security approval is on the critical path,Dependency,3,3,9,Medium,Product Owner,20260429,20260709,,2026-04-29,2026-07-09,,Mitigated,Completed,0,0
2143,RI-430-02,430,Risk,Integration sequence may compress validation — Secure Asset Integration,Schedule,3,1,3,Low,Quality Lead,20260130,20260414,20260330,2026-01-30,2026-04-14,2026-03-30,Closed,Completed,0,0
2144,RI-430-03,430,Issue,Customer test access is not yet confirmed,Dependency,4,1,4,Low,Finance Partner,20260806,20260811,,2026-08-06,2026-08-11,,Open,In Progress,0,0
2145,RI-431-01,431,Risk,Competing portfolio priority constrains staffing,Resource,4,2,8,Medium,Security Lead,20260210,20260407,20260430,2026-02-10,2026-04-07,2026-04-30,Closed,Completed,0,0
2146,RI-431-02,431,Risk,Legacy data quality could require redesign — Secure Asset Transformation,Technical,5,3,15,High,Supplier Manager,20260612,20260810,,2026-06-12,2026-08-10,,Mitigated,Completed,0,0
2147,RI-431-03,431,Risk,Environment parity is not yet demonstrated,Technical,1,4,4,Low,Release Manager,20260703,20260811,,2026-07-03,2026-08-11,,Open,Not Started,0,0
2148,RI-431-04,431,Risk,Upstream data contract remains unresolved,Dependency,1,4,4,Low,Technical Lead,20260305,20260521,20260424,2026-03-05,2026-05-21,2026-04-24,Closed,Completed,0,0
2149,RI-432-01,432,Issue,Test environment availability may move the baseline — Secure Asset Enablement,Schedule,3,2,6,Medium,Data Lead,20260105,20260423,20260318,2026-01-05,2026-04-23,2026-03-18,Closed,Completed,0,0
2150,RI-432-02,432,Issue,Late design decision may affect downstream work,Schedule,4,3,12,High,Project Manager,20260623,20260811,,2026-06-23,2026-08-11,,Open,Not Started,0,0
2151,RI-432-03,432,Risk,Upstream data contract remains unresolved,Dependency,3,2,6,Medium,Product Owner,20260318,20260705,,2026-03-18,2026-07-05,,Mitigated,Completed,0,0
2152,RI-432-04,432,Issue,Interface behavior remains unproven — Secure Asset Enablement,Technical,3,5,15,High,Quality Lead,20251203,20260320,,2025-12-03,2026-03-20,,Monitoring,In Progress,0,1
2153,RI-433-01,433,Risk,Contractor transition may reduce throughput,Resource,3,1,3,Low,Technical Lead,20260414,20260719,,2026-04-14,2026-07-19,,Mitigated,Completed,0,0
2154,RI-433-02,433,Issue,Scope clarification may require a budget change,Cost,4,5,20,Critical,Systems Lead,20260426,20260723,,2026-04-26,2026-07-23,,Mitigated,Completed,0,0
2155,RI-433-03,433,Issue,Performance margin may not meet the target — Secure Asset Acceleration,Technical,2,4,8,Medium,Security Lead,20260625,20260811,,2026-06-25,2026-08-11,,Open,Not Started,0,0
2156,RI-433-04,433,Risk,Competing portfolio priority constrains staffing — Secure Asset Acceleration,Resource,2,4,8,Medium,Supplier Manager,20260627,20260811,,2026-06-27,2026-08-11,,Open,Not Started,0,0
2157,RI-433-05,433,Risk,Vendor component readiness is uncertain,Dependency,3,2,6,Medium,Release Manager,20260718,20260811,20260721,2026-07-18,2026-08-11,2026-07-21,Closed,Not Required,0,0
2158,RI-433-06,433,Risk,Late design decision may affect downstream work — Secure Asset Acceleration,Schedule,2,3,6,Medium,Technical Lead,20260320,20260523,20260613,2026-03-20,2026-05-23,2026-06-13,Closed,Completed,0,0
2159,RI-434-01,434,Risk,Upstream data contract remains unresolved,Dependency,2,3,6,Medium,Quality Lead,20260701,20260811,,2026-07-01,2026-08-11,,Open,Not Started,0,0
2160,RI-434-02,434,Risk,Prototype result may require architecture rework,Technical,3,4,12,High,Finance Partner,20260421,20260610,20260429,2026-04-21,2026-06-10,2026-04-29,Closed,Completed,0,0
2161,RI-434-03,434,Issue,External interface decision is blocking delivery — Secure Asset Orchestration,Dependency,4,3,12,High,Data Lead,20260620,20260811,,2026-06-20,2026-08-11,,Open,Not Started,0,0
2162,RI-434-04,434,Risk,Verification evidence is incomplete,Quality,3,1,3,Low,Project Manager,20260325,20260608,,2026-03-25,2026-06-08,,Open,In Progress,0,1
2163,RI-434-05,434,Issue,Defect closure rate may miss the exit criterion — Secure Asset Orchestration,Quality,3,3,9,Medium,Product Owner,20260331,20260811,,2026-03-31,2026-08-11,,Open,In Progress,0,0
2164,RI-434-06,434,Issue,Supplier lead time threatens the next gate,Schedule,1,3,3,Low,Quality Lead,20260507,20260717,,2026-05-07,2026-07-17,,Mitigated,Completed,0,0
2165,RI-434-07,434,Risk,Verification evidence is incomplete — Secure Asset Orchestration,Quality,4,4,16,High,Finance Partner,20260709,20260811,,2026-07-09,2026-08-11,,Open,Not Started,0,0
2166,RI-435-01,435,Issue,Environment parity is not yet demonstrated — Secure Asset Intelligence,Technical,3,4,12,High,Supplier Manager,20251022,20260201,20251114,2025-10-22,2026-02-01,2025-11-14,Closed,Completed,0,0
2167,RI-435-02,435,Issue,Competing portfolio priority constrains staffing,Resource,4,4,16,High,Release Manager,20260313,20260521,20260601,2026-03-13,2026-05-21,2026-06-01,Closed,Completed,0,0
2168,RI-435-03,435,Risk,Integration sequence may compress validation — Secure Asset Intelligence,Schedule,4,3,12,High,Technical Lead,20251020,20260216,20251118,2025-10-20,2026-02-16,2025-11-18,Closed,Completed,0,0
2169,RI-436-01,436,Risk,Regression scope may exceed the test window — Secure Operations Modernization,Quality,2,5,10,Medium,Project Manager,20260522,20260811,,2026-05-22,2026-08-11,,Open,Not Started,0,0
2170,RI-436-02,436,Risk,Defect closure rate may miss the exit criterion — Secure Operations Modernization,Quality,4,3,12,High,Product Owner,20250814,20251027,20250921,2025-08-14,2025-10-27,2025-09-21,Closed,Completed,0,0
2171,RI-436-03,436,Risk,Test environment availability may move the baseline,Schedule,4,3,12,High,Quality Lead,20260526,20260811,,2026-05-26,2026-08-11,,Monitoring,In Progress,0,0
2172,RI-437-01,437,Risk,Vendor component readiness is uncertain,Dependency,4,4,16,High,Systems Lead,20260607,20260811,,2026-06-07,2026-08-11,,Open,Not Started,0,0
2173,RI-437-02,437,Risk,Legacy data quality could require redesign,Technical,1,2,2,Low,Security Lead,20260707,20260811,,2026-07-07,2026-08-11,,Open,In Progress,0,0
2174,RI-437-03,437,Risk,Platform release timing may create a mismatch — Secure Operations Analytics,Dependency,3,4,12,High,Supplier Manager,20260422,20260731,,2026-04-22,2026-07-31,,Open,In Progress,0,1
2175,RI-437-04,437,Risk,Scope clarification may require a budget change,Cost,4,1,4,Low,Release Manager,20260429,20260811,,2026-04-29,2026-08-11,,Monitoring,Completed,0,0
2176,RI-437-05,437,Risk,Security approval is on the critical path,Dependency,3,1,3,Low,Technical Lead,20260518,20260730,20260628,2026-05-18,2026-07-30,2026-06-28,Closed,Completed,0,0
2177,RI-437-06,437,Risk,Critical skill coverage is below demand — Secure Operations Analytics,Resource,2,2,4,Low,Systems Lead,20260730,20260811,,2026-07-30,2026-08-11,,Open,Not Started,0,0
2178,RI-438-01,438,Risk,Verification evidence is incomplete,Quality,3,1,3,Low,Finance Partner,20260214,20260510,,2026-02-14,2026-05-10,,Mitigated,Completed,0,0
2179,RI-438-02,438,Issue,Supplier lead time threatens the next gate — Secure Operations Platform,Schedule,3,4,12,High,Data Lead,20260518,20260805,20260603,2026-05-18,2026-08-05,2026-06-03,Closed,Completed,0,0
2180,RI-438-03,438,Risk,Committed spend limits recovery options,Cost,2,3,6,Medium,Project Manager,20260325,20260617,,2026-03-25,2026-06-17,,Monitoring,Completed,0,1
2181,RI-438-04,438,Risk,Verification evidence is incomplete,Quality,3,3,9,Medium,Product Owner,20260623,20260811,,2026-06-23,2026-08-11,,Open,In Progress,0,0
2182,RI-439-01,439,Risk,Shared engineer availability may delay delivery — Secure Operations Optimization,Resource,2,3,6,Medium,Release Manager,20260303,20260414,,2026-03-03,2026-04-14,,Open,Not Started,0,1
2183,RI-439-02,439,Risk,External interface decision is blocking delivery — Secure Operations Optimization,Dependency,4,4,16,High,Technical Lead,20251217,20260205,,2025-12-17,2026-02-05,,Open,Not Started,0,1
2184,RI-439-03,439,Issue,Shared engineer availability may delay delivery — Secure Operations Optimization,Resource,3,3,9,Medium,Systems Lead,20260510,20260811,,2026-05-10,2026-08-11,,Open,Not Started,0,0
2185,RI-439-04,439,Risk,Regression scope may exceed the test window,Quality,3,4,12,High,Security Lead,20260321,20260708,,2026-03-21,2026-07-08,,Mitigated,Completed,0,0
2186,RI-439-05,439,Issue,Late design decision may affect downstream work — Secure Operations Optimization,Schedule,4,4,16,High,Supplier Manager,20260607,20260811,,2026-06-07,2026-08-11,,Monitoring,In Progress,0,0
2187,RI-439-06,439,Risk,Competing portfolio priority constrains staffing — Secure Operations Optimization,Resource,2,3,6,Medium,Release Manager,20260422,20260630,,2026-04-22,2026-06-30,,Open,In Progress,0,1
2188,RI-440-01,440,Risk,Backfill timing creates a capacity gap,Resource,3,4,12,High,Product Owner,20260612,20260811,,2026-06-12,2026-08-11,,Open,Not Started,0,0
2189,RI-440-02,440,Risk,Interface behavior remains unproven,Technical,4,2,8,Medium,Quality Lead,20260728,20260811,,2026-07-28,2026-08-11,,Monitoring,In Progress,0,0
2190,RI-440-03,440,Risk,Backfill timing creates a capacity gap — Secure Operations Integration,Resource,3,3,9,Medium,Finance Partner,20260802,20260811,20260811,2026-08-02,2026-08-11,2026-08-11,Closed,Not Required,0,0
2191,RI-440-04,440,Risk,Supplier lead time threatens the next gate,Schedule,2,2,4,Low,Data Lead,20260729,20260811,,2026-07-29,2026-08-11,,Mitigated,Completed,0,0
2192,RI-441-01,441,Issue,Technical debt may complicate integration,Technical,3,4,12,High,Security Lead,20260221,20260420,,2026-02-21,2026-04-20,,Mitigated,Completed,0,0
2193,RI-441-02,441,Issue,Integration sequence may compress validation — Secure Operations Transformation,Schedule,3,3,9,Medium,Supplier Manager,20260627,20260811,,2026-06-27,2026-08-11,,Monitoring,In Progress,0,0
2194,RI-441-03,441,Risk,Scope clarification may require a budget change — Secure Operations Transformation,Cost,5,1,5,Low,Release Manager,20260527,20260711,20260715,2026-05-27,2026-07-11,2026-07-15,Closed,Completed,0,0
2195,RI-441-04,441,Issue,Upstream data contract remains unresolved,Dependency,3,4,12,High,Technical Lead,20260324,20260625,20260725,2026-03-24,2026-06-25,2026-07-25,Closed,Completed,0,0
2196,RI-442-01,442,Risk,Critical skill coverage is below demand,Resource,4,2,8,Medium,Data Lead,20260329,20260627,,2026-03-29,2026-06-27,,Open,In Progress,0,1
2197,RI-442-02,442,Risk,External interface decision is blocking delivery,Dependency,3,3,9,Medium,Project Manager,20260704,20260811,,2026-07-04,2026-08-11,,Open,In Progress,0,0
2198,RI-442-03,442,Issue,Customer test access is not yet confirmed,Dependency,2,3,6,Medium,Product Owner,20260611,20260811,,2026-06-11,2026-08-11,,Monitoring,In Progress,0,0
2199,RI-442-04,442,Risk,Cloud run cost is trending above the baseline,Cost,3,3,9,Medium,Quality Lead,20260502,20260625,,2026-05-02,2026-06-25,,Monitoring,In Progress,0,1
2200,RI-442-05,442,Risk,Field issue recurrence needs containment,Quality,2,2,4,Low,Finance Partner,20260222,20260530,,2026-02-22,2026-05-30,,Mitigated,Completed,0,0
2201,RI-442-06,442,Risk,Committed spend limits recovery options,Cost,4,3,12,High,Data Lead,20251105,20260203,20251201,2025-11-05,2026-02-03,2025-12-01,Closed,Completed,0,0
2202,RI-443-01,443,Risk,Security approval is on the critical path,Dependency,3,4,12,High,Technical Lead,20260522,20260628,20260620,2026-05-22,2026-06-28,2026-06-20,Closed,Completed,0,0
2203,RI-443-02,443,Risk,Review capacity is concentrated in one role,Resource,2,3,6,Medium,Systems Lead,20260505,20260809,,2026-05-05,2026-08-09,,Mitigated,Completed,0,0
2204,RI-443-03,443,Risk,Prototype result may require architecture rework,Technical,5,3,15,High,Security Lead,20260809,20260811,,2026-08-09,2026-08-11,,Monitoring,In Progress,0,0
2205,RI-443-04,443,Risk,Environment parity is not yet demonstrated,Technical,3,3,9,Medium,Supplier Manager,20260331,20260811,,2026-03-31,2026-08-11,,Monitoring,In Progress,0,0
2206,RI-444-01,444,Risk,Review capacity is concentrated in one role,Resource,2,3,6,Medium,Quality Lead,20260410,20260811,,2026-04-10,2026-08-11,,Open,Not Started,0,0
2207,RI-444-02,444,Issue,Platform release timing may create a mismatch,Dependency,4,3,12,High,Finance Partner,20260601,20260811,,2026-06-01,2026-08-11,,Open,In Progress,0,0
2208,RI-444-03,444,Risk,Review capacity is concentrated in one role,Resource,3,2,6,Medium,Data Lead,20260516,20260803,20260727,2026-05-16,2026-08-03,2026-07-27,Closed,Completed,0,0
2209,RI-444-04,444,Risk,Integration sequence may compress validation,Schedule,1,4,4,Low,Project Manager,20260723,20260811,,2026-07-23,2026-08-11,,Open,Not Started,0,0
2210,RI-444-05,444,Risk,Release window has limited recovery float — Secure Operations Orchestration,Schedule,2,4,8,Medium,Product Owner,20260622,20260811,,2026-06-22,2026-08-11,,Monitoring,In Progress,0,0
2211,RI-444-06,444,Risk,Rework could consume management reserve — Secure Operations Orchestration,Cost,3,4,12,High,Quality Lead,20260704,20260811,,2026-07-04,2026-08-11,,Open,In Progress,0,0
2212,RI-444-07,444,Risk,Traceability coverage requires remediation,Quality,1,3,3,Low,Finance Partner,20260319,20260702,20260328,2026-03-19,2026-07-02,2026-03-28,Closed,Completed,0,0
2213,RI-445-01,445,Issue,Performance margin may not meet the target,Technical,4,4,16,High,Supplier Manager,20260810,20260811,,2026-08-10,2026-08-11,,Mitigated,Completed,0,0
2214,RI-445-02,445,Risk,Defect closure rate may miss the exit criterion,Quality,4,4,16,High,Release Manager,20260203,20260520,,2026-02-03,2026-05-20,,Monitoring,In Progress,0,1
2215,RI-445-03,445,Risk,Performance margin may not meet the target,Technical,3,2,6,Medium,Technical Lead,20260221,20260526,20260308,2026-02-21,2026-05-26,2026-03-08,Closed,Completed,0,0
2216,RI-445-04,445,Issue,Traceability coverage requires remediation,Quality,3,3,9,Medium,Systems Lead,20260317,20260626,20260613,2026-03-17,2026-06-26,2026-06-13,Closed,Completed,0,0
2217,RI-445-05,445,Risk,Backfill timing creates a capacity gap,Resource,5,2,10,Medium,Security Lead,20260310,20260619,20260707,2026-03-10,2026-06-19,2026-07-07,Closed,Completed,0,0
2218,RI-446-01,446,Risk,Late design decision may affect downstream work,Schedule,2,3,6,Medium,Project Manager,20260203,20260509,,2026-02-03,2026-05-09,,Open,Not Started,0,1
2219,RI-446-02,446,Issue,Critical skill coverage is below demand,Resource,5,2,10,Medium,Product Owner,20260415,20260811,,2026-04-15,2026-08-11,,Monitoring,In Progress,0,0
2220,RI-446-03,446,Issue,Test environment availability may move the baseline — Secure Reliability Modernization,Schedule,3,3,9,Medium,Quality Lead,20260502,20260726,20260702,2026-05-02,2026-07-26,2026-07-02,Closed,Completed,0,0
2221,RI-446-04,446,Risk,Specialist rate mix is above plan,Cost,3,3,9,Medium,Finance Partner,20260531,20260722,,2026-05-31,2026-07-22,,Mitigated,Completed,0,0
2222,RI-447-01,447,Risk,Pilot readiness depends on unresolved actions,Schedule,3,2,6,Medium,Systems Lead,20260402,20260613,,2026-04-02,2026-06-13,,Mitigated,Completed,0,0
2223,RI-447-02,447,Issue,Upstream data contract remains unresolved,Dependency,2,4,8,Medium,Security Lead,20260418,20260811,,2026-04-18,2026-08-11,,Open,In Progress,0,0
2224,RI-447-03,447,Issue,Scope clarification may require a budget change,Cost,3,4,12,High,Supplier Manager,20260726,20260811,,2026-07-26,2026-08-11,,Monitoring,In Progress,0,0
2225,RI-447-04,447,Risk,Regression scope may exceed the test window,Quality,4,2,8,Medium,Release Manager,20260602,20260811,,2026-06-02,2026-08-11,,Open,Not Started,0,0
2226,RI-447-05,447,Risk,Release window has limited recovery float — Secure Reliability Analytics,Schedule,1,2,2,Low,Technical Lead,20260427,20260705,,2026-04-27,2026-07-05,,Monitoring,Completed,0,1
2227,RI-447-06,447,Issue,Contractor transition may reduce throughput,Resource,3,5,15,High,Systems Lead,20260809,20260811,,2026-08-09,2026-08-11,,Mitigated,Completed,0,0
2228,RI-447-07,447,Risk,Environment parity is not yet demonstrated — Secure Reliability Analytics,Technical,3,2,6,Medium,Security Lead,20260414,20260629,,2026-04-14,2026-06-29,,Monitoring,In Progress,0,1
2229,RI-448-01,448,Risk,Rework could consume management reserve,Cost,4,1,4,Low,Finance Partner,20260607,20260811,,2026-06-07,2026-08-11,,Mitigated,Completed,0,0
2230,RI-448-02,448,Risk,Contractor transition may reduce throughput — Secure Reliability Platform,Resource,5,2,10,Medium,Data Lead,20260206,20260421,,2026-02-06,2026-04-21,,Mitigated,Completed,0,0
2231,RI-448-03,448,Risk,Interface behavior remains unproven — Secure Reliability Platform,Technical,2,2,4,Low,Project Manager,20260130,20260328,,2026-01-30,2026-03-28,,Mitigated,Completed,0,0
2232,RI-448-04,448,Risk,Environment parity is not yet demonstrated — Secure Reliability Platform,Technical,2,3,6,Medium,Product Owner,20260601,20260811,,2026-06-01,2026-08-11,,Monitoring,In Progress,0,0
2233,RI-449-01,449,Risk,Rework could consume management reserve,Cost,2,2,4,Low,Release Manager,20260518,20260712,,2026-05-18,2026-07-12,,Monitoring,Completed,0,1
2234,RI-449-02,449,Risk,Pilot readiness depends on unresolved actions,Schedule,3,4,12,High,Technical Lead,20260608,20260811,,2026-06-08,2026-08-11,,Monitoring,In Progress,0,0
2235,RI-449-03,449,Risk,Specialist rate mix is above plan,Cost,2,3,6,Medium,Systems Lead,20260722,20260811,20260808,2026-07-22,2026-08-11,2026-08-08,Closed,Completed,0,0
2236,RI-449-04,449,Risk,Test environment availability may move the baseline — Secure Reliability Optimization,Schedule,1,3,3,Low,Security Lead,20260727,20260811,,2026-07-27,2026-08-11,,Open,Not Started,0,0
2237,RI-449-05,449,Risk,Field issue recurrence needs containment,Quality,2,3,6,Medium,Supplier Manager,20260511,20260722,,2026-05-11,2026-07-22,,Mitigated,Completed,0,0
2238,RI-450-01,450,Issue,Prototype result may require architecture rework,Technical,2,2,4,Low,Product Owner,20260518,20260704,20260707,2026-05-18,2026-07-04,2026-07-07,Closed,Completed,0,0
2239,RI-450-02,450,Risk,Competing portfolio priority constrains staffing,Resource,3,5,15,High,Quality Lead,20260326,20260607,20260411,2026-03-26,2026-06-07,2026-04-11,Closed,Completed,0,0
2240,RI-450-03,450,Risk,Technical debt may complicate integration,Technical,3,4,12,High,Finance Partner,20260428,20260706,,2026-04-28,2026-07-06,,Monitoring,In Progress,0,1
2241,RI-450-04,450,Risk,Platform release timing may create a mismatch — Secure Reliability Integration,Dependency,3,3,9,Medium,Data Lead,20260401,20260610,,2026-04-01,2026-06-10,,Monitoring,In Progress,0,1
2242,RI-450-05,450,Risk,Technical debt may complicate integration — Secure Reliability Integration,Technical,3,2,6,Medium,Project Manager,20260410,20260706,,2026-04-10,2026-07-06,,Mitigated,Completed,0,0
2243,RI-450-06,450,Risk,Prototype result may require architecture rework — Secure Reliability Integration,Technical,2,3,6,Medium,Product Owner,20260604,20260811,,2026-06-04,2026-08-11,,Monitoring,Completed,0,0
2244,RI-450-07,450,Issue,Environment parity is not yet demonstrated — Secure Reliability Integration,Technical,5,4,20,Critical,Quality Lead,20260616,20260810,,2026-06-16,2026-08-10,,Mitigated,Completed,0,0
2245,RI-451-01,451,Issue,Technical debt may complicate integration — Secure Reliability Transformation,Technical,3,3,9,Medium,Security Lead,20260729,20260811,,2026-07-29,2026-08-11,,Monitoring,In Progress,0,0
2246,RI-451-02,451,Risk,Environment parity is not yet demonstrated — Secure Reliability Transformation,Technical,1,4,4,Low,Supplier Manager,20260603,20260719,,2026-06-03,2026-07-19,,Mitigated,Completed,0,0
2247,RI-451-03,451,Risk,Specialist rate mix is above plan — Secure Reliability Transformation,Cost,4,2,8,Medium,Release Manager,20260715,20260811,,2026-07-15,2026-08-11,,Mitigated,Completed,0,0
2248,RI-452-01,452,Risk,Integration sequence may compress validation — Secure Reliability Enablement,Schedule,4,3,12,High,Data Lead,20251109,20260111,,2025-11-09,2026-01-11,,Mitigated,Completed,0,0
2249,RI-452-02,452,Risk,Vendor component readiness is uncertain,Dependency,4,4,16,High,Project Manager,20251031,20251203,20251103,2025-10-31,2025-12-03,2025-11-03,Closed,Completed,0,0
2250,RI-452-03,452,Risk,Regression scope may exceed the test window,Quality,4,2,8,Medium,Product Owner,20260509,20260706,20260619,2026-05-09,2026-07-06,2026-06-19,Closed,Completed,0,0
2251,RI-453-01,453,Risk,Prototype result may require architecture rework — Secure Reliability Acceleration,Technical,4,4,16,High,Technical Lead,20260102,20260501,,2026-01-02,2026-05-01,,Mitigated,Completed,0,0
2252,RI-453-02,453,Risk,Technical debt may complicate integration,Technical,1,2,2,Low,Systems Lead,20260419,20260811,,2026-04-19,2026-08-11,,Monitoring,In Progress,0,0
2253,RI-453-03,453,Risk,Review capacity is concentrated in one role,Resource,3,3,9,Medium,Security Lead,20260322,20260525,,2026-03-22,2026-05-25,,Mitigated,Completed,0,0
2254,RI-453-04,453,Risk,Verification evidence is incomplete,Quality,1,4,4,Low,Supplier Manager,20251119,20260130,,2025-11-19,2026-01-30,,Mitigated,Completed,0,0
2255,RI-454-01,454,Risk,Pilot readiness depends on unresolved actions — Secure Reliability Orchestration,Schedule,5,4,20,Critical,Quality Lead,20260505,20260726,,2026-05-05,2026-07-26,,Mitigated,Completed,0,0
2256,RI-454-02,454,Risk,Defect closure rate may miss the exit criterion,Quality,1,2,2,Low,Finance Partner,20260324,20260520,20260427,2026-03-24,2026-05-20,2026-04-27,Closed,Completed,0,0
2257,RI-454-03,454,Risk,Critical skill coverage is below demand,Resource,3,3,9,Medium,Data Lead,20260316,20260610,20260522,2026-03-16,2026-06-10,2026-05-22,Closed,Completed,0,0
2258,RI-454-04,454,Issue,External interface decision is blocking delivery — Secure Reliability Orchestration,Dependency,3,4,12,High,Project Manager,20260628,20260811,,2026-06-28,2026-08-11,,Monitoring,In Progress,0,0
2259,RI-455-01,455,Issue,Test environment availability may move the baseline — Secure Reliability Intelligence,Schedule,2,3,6,Medium,Supplier Manager,20260810,20260811,,2026-08-10,2026-08-11,,Mitigated,Completed,0,0
2260,RI-455-02,455,Risk,Cloud run cost is trending above the baseline,Cost,3,4,12,High,Release Manager,20260307,20260415,,2026-03-07,2026-04-15,,Mitigated,Completed,0,0
2261,RI-455-03,455,Risk,Performance margin may not meet the target,Technical,2,3,6,Medium,Technical Lead,20260807,20260811,,2026-08-07,2026-08-11,,Monitoring,In Progress,0,0
2262,RI-455-04,455,Risk,Scope clarification may require a budget change — Secure Reliability Intelligence,Cost,2,4,8,Medium,Systems Lead,20260522,20260811,,2026-05-22,2026-08-11,,Monitoring,In Progress,0,0
2263,RI-455-05,455,Risk,Contractor transition may reduce throughput,Resource,5,2,10,Medium,Security Lead,20260325,20260716,,2026-03-25,2026-07-16,,Mitigated,Completed,0,0
2264,RI-455-06,455,Issue,Prototype result may require architecture rework,Technical,5,3,15,High,Supplier Manager,20260321,20260515,,2026-03-21,2026-05-15,,Mitigated,Completed,0,0
2265,RI-455-07,455,Risk,Vendor component readiness is uncertain,Dependency,5,3,15,High,Release Manager,20260523,20260803,20260720,2026-05-23,2026-08-03,2026-07-20,Closed,Completed,0,0
2266,RI-456-01,456,Risk,Scope clarification may require a budget change — Secure Controls Modernization,Cost,4,4,16,High,Project Manager,20260718,20260811,,2026-07-18,2026-08-11,,Monitoring,In Progress,0,0
2267,RI-456-02,456,Issue,Backfill timing creates a capacity gap — Secure Controls Modernization,Resource,4,5,20,Critical,Product Owner,20260802,20260811,,2026-08-02,2026-08-11,,Open,Not Started,1,0
2268,RI-456-03,456,Risk,Pilot readiness depends on unresolved actions,Schedule,1,4,4,Low,Quality Lead,20260228,20260428,,2026-02-28,2026-04-28,,Mitigated,Completed,0,0
2269,RI-456-04,456,Risk,Supplier lead time threatens the next gate,Schedule,2,2,4,Low,Finance Partner,20260401,20260619,20260706,2026-04-01,2026-06-19,2026-07-06,Closed,Completed,0,0
2270,RI-457-01,457,Risk,Vendor component readiness is uncertain,Dependency,4,2,8,Medium,Systems Lead,20260324,20260607,20260508,2026-03-24,2026-06-07,2026-05-08,Closed,Completed,0,0
2271,RI-457-02,457,Risk,Security approval is on the critical path — Secure Controls Analytics,Dependency,3,2,6,Medium,Security Lead,20260418,20260629,20260702,2026-04-18,2026-06-29,2026-07-02,Closed,Completed,0,0
2272,RI-457-03,457,Risk,Legacy data quality could require redesign — Secure Controls Analytics,Technical,3,3,9,Medium,Supplier Manager,20260524,20260810,,2026-05-24,2026-08-10,,Monitoring,Completed,0,1
2273,RI-457-04,457,Issue,Customer test access is not yet confirmed,Dependency,4,3,12,High,Release Manager,20260522,20260811,,2026-05-22,2026-08-11,,Monitoring,In Progress,0,0
2274,RI-457-05,457,Issue,Review capacity is concentrated in one role,Resource,4,4,16,High,Technical Lead,20260418,20260705,,2026-04-18,2026-07-05,,Open,In Progress,0,1
2275,RI-457-06,457,Risk,External interface decision is blocking delivery,Dependency,5,3,15,High,Systems Lead,20260331,20260701,,2026-03-31,2026-07-01,,Monitoring,In Progress,0,1
2276,RI-458-01,458,Risk,Legacy data quality could require redesign,Technical,4,3,12,High,Finance Partner,20260630,20260811,,2026-06-30,2026-08-11,,Open,Not Started,0,0
2277,RI-458-02,458,Issue,Verification evidence is incomplete,Quality,3,4,12,High,Data Lead,20260618,20260811,20260731,2026-06-18,2026-08-11,2026-07-31,Closed,Completed,0,0
2278,RI-458-03,458,Risk,Technical debt may complicate integration — Secure Controls Platform,Technical,3,2,6,Medium,Project Manager,20260622,20260811,,2026-06-22,2026-08-11,,Monitoring,In Progress,0,0
2279,RI-458-04,458,Issue,Critical skill coverage is below demand,Resource,5,1,5,Low,Product Owner,20260516,20260719,,2026-05-16,2026-07-19,,Mitigated,Completed,0,0
2280,RI-458-05,458,Issue,Security approval is on the critical path — Secure Controls Platform,Dependency,4,3,12,High,Quality Lead,20260629,20260811,,2026-06-29,2026-08-11,,Open,In Progress,0,0
2281,RI-459-01,459,Risk,Supplier lead time threatens the next gate,Schedule,1,2,2,Low,Release Manager,20260801,20260811,,2026-08-01,2026-08-11,,Mitigated,Completed,0,0
2282,RI-459-02,459,Risk,Technical debt may complicate integration — Secure Controls Optimization,Technical,3,3,9,Medium,Technical Lead,20260523,20260801,20260526,2026-05-23,2026-08-01,2026-05-26,Closed,Completed,0,0
2283,RI-459-03,459,Issue,Specialist rate mix is above plan,Cost,4,5,20,Critical,Systems Lead,20260725,20260811,,2026-07-25,2026-08-11,,Open,Not Started,1,0
2284,RI-459-04,459,Risk,Acceptance criteria remain partially ambiguous — Secure Controls Optimization,Quality,5,1,5,Low,Security Lead,20260623,20260811,,2026-06-23,2026-08-11,,Open,Not Started,0,0
2285,RI-459-05,459,Risk,Committed spend limits recovery options — Secure Controls Optimization,Cost,2,4,8,Medium,Supplier Manager,20260526,20260811,,2026-05-26,2026-08-11,,Open,Not Started,0,0
2286,RI-460-01,460,Issue,Supplier lead time threatens the next gate,Schedule,3,3,9,Medium,Product Owner,20260309,20260622,,2026-03-09,2026-06-22,,Mitigated,Completed,0,0
2287,RI-460-02,460,Risk,Contractor transition may reduce throughput — Secure Controls Integration,Resource,4,2,8,Medium,Quality Lead,20260712,20260811,20260811,2026-07-12,2026-08-11,2026-08-11,Closed,Completed,0,0
2288,RI-460-03,460,Risk,Legacy data quality could require redesign,Technical,2,4,8,Medium,Finance Partner,20260310,20260519,20260521,2026-03-10,2026-05-19,2026-05-21,Closed,Not Required,0,0
2289,RI-460-04,460,Risk,Prototype result may require architecture rework,Technical,3,3,9,Medium,Data Lead,20260119,20260422,20260204,2026-01-19,2026-04-22,2026-02-04,Closed,Completed,0,0
2290,RI-460-05,460,Risk,Security approval is on the critical path — Secure Controls Integration,Dependency,3,3,9,Medium,Project Manager,20251229,20260406,20260120,2025-12-29,2026-04-06,2026-01-20,Closed,Completed,0,0
2291,RI-460-06,460,Risk,Contractor transition may reduce throughput — Secure Controls Integration,Resource,3,3,9,Medium,Product Owner,20251208,20260119,,2025-12-08,2026-01-19,,Mitigated,Completed,0,0
2292,RI-460-07,460,Risk,Security approval is on the critical path,Dependency,3,3,9,Medium,Quality Lead,20251123,20260228,,2025-11-23,2026-02-28,,Open,Not Started,0,1
2293,RI-461-01,461,Risk,Technical debt may complicate integration — Secure Controls Transformation,Technical,2,3,6,Medium,Security Lead,20260413,20260720,,2026-04-13,2026-07-20,,Mitigated,Completed,0,0
2294,RI-461-02,461,Risk,Traceability coverage requires remediation,Quality,4,3,12,High,Supplier Manager,20260706,20260811,20260712,2026-07-06,2026-08-11,2026-07-12,Closed,Not Required,0,0
2295,RI-461-03,461,Risk,Review capacity is concentrated in one role,Resource,4,2,8,Medium,Release Manager,20260705,20260811,,2026-07-05,2026-08-11,,Monitoring,In Progress,0,0
2296,RI-461-04,461,Risk,Committed spend limits recovery options,Cost,1,2,2,Low,Technical Lead,20260613,20260811,,2026-06-13,2026-08-11,,Open,In Progress,0,0
2297,RI-462-01,462,Risk,Critical skill coverage is below demand — Secure Controls Enablement,Resource,3,2,6,Medium,Data Lead,20260414,20260726,20260712,2026-04-14,2026-07-26,2026-07-12,Closed,Completed,0,0
2298,RI-462-02,462,Risk,Prototype result may require architecture rework,Technical,3,3,9,Medium,Project Manager,20260511,20260712,,2026-05-11,2026-07-12,,Monitoring,In Progress,0,1
2299,RI-462-03,462,Issue,Performance margin may not meet the target,Technical,3,5,15,High,Product Owner,20260315,20260531,20260401,2026-03-15,2026-05-31,2026-04-01,Closed,Completed,0,0
2300,RI-463-01,463,Risk,Pilot readiness depends on unresolved actions,Schedule,3,1,3,Low,Technical Lead,20260508,20260811,20260723,2026-05-08,2026-08-11,2026-07-23,Closed,Completed,0,0
2301,RI-463-02,463,Risk,Defect closure rate may miss the exit criterion,Quality,3,2,6,Medium,Systems Lead,20260729,20260811,,2026-07-29,2026-08-11,,Monitoring,In Progress,0,0
2302,RI-463-03,463,Issue,Interface behavior remains unproven — Secure Controls Acceleration,Technical,4,3,12,High,Security Lead,20260325,20260602,,2026-03-25,2026-06-02,,Monitoring,Completed,0,1
2303,RI-463-04,463,Risk,Late design decision may affect downstream work — Secure Controls Acceleration,Schedule,2,1,2,Low,Supplier Manager,20260725,20260811,,2026-07-25,2026-08-11,,Open,Not Started,0,0
2304,RI-463-05,463,Risk,Security approval is on the critical path — Secure Controls Acceleration,Dependency,2,4,8,Medium,Release Manager,20260519,20260811,,2026-05-19,2026-08-11,,Monitoring,In Progress,0,0
2305,RI-463-06,463,Risk,Shared engineer availability may delay delivery,Resource,2,2,4,Low,Technical Lead,20260523,20260724,,2026-05-23,2026-07-24,,Monitoring,In Progress,0,1
2306,RI-464-01,464,Issue,Scope clarification may require a budget change — Secure Controls Orchestration,Cost,3,3,9,Medium,Quality Lead,20260330,20260612,20260520,2026-03-30,2026-06-12,2026-05-20,Closed,Completed,0,0
2307,RI-464-02,464,Issue,Contractor transition may reduce throughput — Secure Controls Orchestration,Resource,2,2,4,Low,Finance Partner,20251111,20260301,20260215,2025-11-11,2026-03-01,2026-02-15,Closed,Completed,0,0
2308,RI-464-03,464,Issue,Interface behavior remains unproven,Technical,1,3,3,Low,Data Lead,20260307,20260521,,2026-03-07,2026-05-21,,Monitoring,In Progress,0,1
2309,RI-464-04,464,Risk,Late design decision may affect downstream work,Schedule,2,3,6,Medium,Project Manager,20260511,20260702,,2026-05-11,2026-07-02,,Open,Not Started,0,1
2310,RI-465-01,465,Issue,Scope clarification may require a budget change,Cost,3,2,6,Medium,Supplier Manager,20260330,20260607,,2026-03-30,2026-06-07,,Open,In Progress,0,1
2311,RI-465-02,465,Risk,Traceability coverage requires remediation — Secure Controls Intelligence,Quality,3,5,15,High,Release Manager,20260503,20260811,,2026-05-03,2026-08-11,,Open,In Progress,0,0
2312,RI-465-03,465,Risk,Material quotation may exceed the estimate,Cost,3,2,6,Medium,Technical Lead,20260418,20260704,20260527,2026-04-18,2026-07-04,2026-05-27,Closed,Completed,0,0
2313,RI-466-01,466,Risk,Defect closure rate may miss the exit criterion — Secure Telemetry Modernization,Quality,5,2,10,Medium,Project Manager,20260621,20260728,,2026-06-21,2026-07-28,,Open,In Progress,0,1
2314,RI-466-02,466,Risk,Traceability coverage requires remediation — Secure Telemetry Modernization,Quality,5,3,15,High,Product Owner,20260802,20260811,,2026-08-02,2026-08-11,,Mitigated,Completed,0,0
2315,RI-466-03,466,Risk,Traceability coverage requires remediation,Quality,3,3,9,Medium,Quality Lead,20260625,20260807,,2026-06-25,2026-08-07,,Monitoring,In Progress,0,1
2316,RI-467-01,467,Risk,Upstream data contract remains unresolved,Dependency,1,2,2,Low,Systems Lead,20260702,20260811,,2026-07-02,2026-08-11,,Monitoring,In Progress,0,0
2317,RI-467-02,467,Risk,Cloud run cost is trending above the baseline — Secure Telemetry Analytics,Cost,4,2,8,Medium,Security Lead,20260730,20260811,,2026-07-30,2026-08-11,,Open,In Progress,0,0
2318,RI-467-03,467,Risk,Technical debt may complicate integration,Technical,2,3,6,Medium,Supplier Manager,20260718,20260811,,2026-07-18,2026-08-11,,Open,In Progress,0,0
2319,RI-468-01,468,Risk,Test environment availability may move the baseline,Schedule,2,3,6,Medium,Finance Partner,20260313,20260711,,2026-03-13,2026-07-11,,Monitoring,In Progress,0,1
2320,RI-468-02,468,Risk,Scope clarification may require a budget change — Secure Telemetry Platform,Cost,2,4,8,Medium,Data Lead,20260417,20260717,,2026-04-17,2026-07-17,,Mitigated,Completed,0,0
2321,RI-468-03,468,Risk,Interface behavior remains unproven,Technical,2,4,8,Medium,Project Manager,20260213,20260506,20260601,2026-02-13,2026-05-06,2026-06-01,Closed,Completed,0,0
2322,RI-469-01,469,Risk,Committed spend limits recovery options — Secure Telemetry Optimization,Cost,4,3,12,High,Release Manager,20251123,20260113,20251217,2025-11-23,2026-01-13,2025-12-17,Closed,Completed,0,0
2323,RI-469-02,469,Risk,Defect closure rate may miss the exit criterion — Secure Telemetry Optimization,Quality,5,3,15,High,Technical Lead,20260628,20260811,,2026-06-28,2026-08-11,,Monitoring,In Progress,0,0
2324,RI-469-03,469,Issue,Performance margin may not meet the target,Technical,3,1,3,Low,Systems Lead,20260208,20260415,20260222,2026-02-08,2026-04-15,2026-02-22,Closed,Completed,0,0
2325,RI-469-04,469,Issue,Cloud run cost is trending above the baseline,Cost,5,4,20,Critical,Security Lead,20260205,20260327,20260210,2026-02-05,2026-03-27,2026-02-10,Closed,Completed,0,0
2326,RI-469-05,469,Issue,Backfill timing creates a capacity gap — Secure Telemetry Optimization,Resource,2,4,8,Medium,Supplier Manager,20260706,20260811,,2026-07-06,2026-08-11,,Monitoring,In Progress,0,0
2327,RI-470-01,470,Risk,Shared engineer availability may delay delivery,Resource,2,4,8,Medium,Product Owner,20260322,20260702,,2026-03-22,2026-07-02,,Mitigated,Completed,0,0
2328,RI-470-02,470,Risk,Vendor component readiness is uncertain — Secure Telemetry Integration,Dependency,2,3,6,Medium,Quality Lead,20260811,20260811,,2026-08-11,2026-08-11,,Open,In Progress,0,0
2329,RI-470-03,470,Risk,Regression scope may exceed the test window — Secure Telemetry Integration,Quality,4,2,8,Medium,Finance Partner,20260416,20260717,20260801,2026-04-16,2026-07-17,2026-08-01,Closed,Completed,0,0
2330,RI-470-04,470,Risk,Vendor component readiness is uncertain — Secure Telemetry Integration,Dependency,5,3,15,High,Data Lead,20260131,20260317,,2026-01-31,2026-03-17,,Monitoring,Completed,0,1
2331,RI-470-05,470,Issue,Shared engineer availability may delay delivery — Secure Telemetry Integration,Resource,3,2,6,Medium,Project Manager,20260507,20260811,,2026-05-07,2026-08-11,,Open,Not Started,0,0
2332,RI-471-01,471,Risk,Acceptance criteria remain partially ambiguous — Secure Telemetry Transformation,Quality,4,2,8,Medium,Security Lead,20260721,20260811,,2026-07-21,2026-08-11,,Monitoring,In Progress,0,0
2333,RI-471-02,471,Issue,Vendor component readiness is uncertain,Dependency,5,4,20,Critical,Supplier Manager,20260204,20260329,,2026-02-04,2026-03-29,,Mitigated,Completed,0,0
2334,RI-471-03,471,Risk,Late design decision may affect downstream work — Secure Telemetry Transformation,Schedule,5,4,20,Critical,Release Manager,20260514,20260714,,2026-05-14,2026-07-14,,Mitigated,Completed,0,0
2335,RI-471-04,471,Issue,Interface behavior remains unproven,Technical,3,4,12,High,Technical Lead,20260416,20260627,,2026-04-16,2026-06-27,,Open,Not Started,0,1
2336,RI-471-05,471,Issue,External interface decision is blocking delivery — Secure Telemetry Transformation,Dependency,3,3,9,Medium,Systems Lead,20260407,20260528,,2026-04-07,2026-05-28,,Mitigated,Completed,0,0
2337,RI-471-06,471,Risk,Technical debt may complicate integration — Secure Telemetry Transformation,Technical,2,4,8,Medium,Security Lead,20260709,20260811,,2026-07-09,2026-08-11,,Monitoring,In Progress,0,0
2338,RI-471-07,471,Risk,Release window has limited recovery float — Secure Telemetry Transformation,Schedule,2,4,8,Medium,Supplier Manager,20260214,20260702,,2026-02-14,2026-07-02,,Mitigated,Completed,0,0
2339,RI-472-01,472,Risk,Contractor transition may reduce throughput,Resource,4,1,4,Low,Data Lead,20260211,20260511,,2026-02-11,2026-05-11,,Mitigated,Completed,0,0
2340,RI-472-02,472,Issue,Specialist rate mix is above plan — Secure Telemetry Enablement,Cost,5,3,15,High,Project Manager,20260728,20260811,,2026-07-28,2026-08-11,,Open,In Progress,0,0
2341,RI-472-03,472,Risk,Platform release timing may create a mismatch — Secure Telemetry Enablement,Dependency,2,3,6,Medium,Product Owner,20260123,20260430,,2026-01-23,2026-04-30,,Mitigated,Completed,0,0
2342,RI-473-01,473,Risk,Specialist rate mix is above plan,Cost,1,3,3,Low,Technical Lead,20260802,20260811,20260805,2026-08-02,2026-08-11,2026-08-05,Closed,Completed,0,0
2343,RI-473-02,473,Risk,Platform release timing may create a mismatch — Secure Telemetry Acceleration,Dependency,5,3,15,High,Systems Lead,20260802,20260811,,2026-08-02,2026-08-11,,Open,In Progress,0,0
2344,RI-473-03,473,Risk,Performance margin may not meet the target,Technical,5,2,10,Medium,Security Lead,20260721,20260811,20260810,2026-07-21,2026-08-11,2026-08-10,Closed,Completed,0,0
2345,RI-473-04,473,Risk,Acceptance criteria remain partially ambiguous,Quality,2,2,4,Low,Supplier Manager,20260717,20260811,,2026-07-17,2026-08-11,,Open,In Progress,0,0
2346,RI-473-05,473,Risk,Shared engineer availability may delay delivery,Resource,2,2,4,Low,Release Manager,20260714,20260811,,2026-07-14,2026-08-11,,Monitoring,Completed,0,0
2347,RI-473-06,473,Risk,Material quotation may exceed the estimate — Secure Telemetry Acceleration,Cost,2,3,6,Medium,Technical Lead,20260718,20260811,,2026-07-18,2026-08-11,,Monitoring,In Progress,0,0
2348,RI-474-01,474,Risk,Traceability coverage requires remediation — Secure Telemetry Orchestration,Quality,1,5,5,Low,Quality Lead,20260310,20260519,,2026-03-10,2026-05-19,,Open,In Progress,0,1
2349,RI-474-02,474,Risk,Performance margin may not meet the target — Secure Telemetry Orchestration,Technical,1,4,4,Low,Finance Partner,20260623,20260811,,2026-06-23,2026-08-11,,Open,In Progress,0,0
2350,RI-474-03,474,Issue,Customer test access is not yet confirmed — Secure Telemetry Orchestration,Dependency,2,4,8,Medium,Data Lead,20260710,20260811,,2026-07-10,2026-08-11,,Open,Not Started,0,0
2351,RI-474-04,474,Risk,Material quotation may exceed the estimate — Secure Telemetry Orchestration,Cost,3,4,12,High,Project Manager,20260522,20260811,,2026-05-22,2026-08-11,,Monitoring,Completed,0,0
2352,RI-474-05,474,Issue,Pilot readiness depends on unresolved actions — Secure Telemetry Orchestration,Schedule,2,2,4,Low,Product Owner,20260508,20260717,,2026-05-08,2026-07-17,,Monitoring,In Progress,0,1
2353,RI-474-06,474,Issue,Contractor transition may reduce throughput — Secure Telemetry Orchestration,Resource,2,3,6,Medium,Quality Lead,20260416,20260705,,2026-04-16,2026-07-05,,Mitigated,Completed,0,0
2354,RI-474-07,474,Risk,Integration sequence may compress validation — Secure Telemetry Orchestration,Schedule,3,2,6,Medium,Finance Partner,20260516,20260807,20260601,2026-05-16,2026-08-07,2026-06-01,Closed,Completed,0,0
2355,RI-475-01,475,Risk,Security approval is on the critical path,Dependency,2,3,6,Medium,Supplier Manager,20260619,20260730,,2026-06-19,2026-07-30,,Open,In Progress,0,1
2356,RI-475-02,475,Issue,Cloud run cost is trending above the baseline — Secure Telemetry Intelligence,Cost,3,5,15,High,Release Manager,20260609,20260811,,2026-06-09,2026-08-11,,Monitoring,In Progress,0,0
2357,RI-475-03,475,Issue,Competing portfolio priority constrains staffing,Resource,4,3,12,High,Technical Lead,20260628,20260811,20260629,2026-06-28,2026-08-11,2026-06-29,Closed,Completed,0,0
2358,RI-475-04,475,Issue,Legacy data quality could require redesign,Technical,3,3,9,Medium,Systems Lead,20260728,20260811,,2026-07-28,2026-08-11,,Monitoring,In Progress,0,0
2359,RI-475-05,475,Risk,Environment parity is not yet demonstrated,Technical,2,3,6,Medium,Security Lead,20260725,20260811,,2026-07-25,2026-08-11,,Monitoring,In Progress,0,0
2360,RI-475-06,475,Risk,Specialist rate mix is above plan,Cost,4,2,8,Medium,Supplier Manager,20260727,20260811,20260804,2026-07-27,2026-08-11,2026-08-04,Closed,Not Required,0,0
2361,RI-475-07,475,Issue,Interface behavior remains unproven — Secure Telemetry Intelligence,Technical,4,4,16,High,Release Manager,20260726,20260811,,2026-07-26,2026-08-11,,Mitigated,Completed,0,0
2362,RI-476-01,476,Risk,Late design decision may affect downstream work — Secure Workflow Modernization,Schedule,2,2,4,Low,Project Manager,20260507,20260728,,2026-05-07,2026-07-28,,Mitigated,Completed,0,0
2363,RI-476-02,476,Risk,Defect closure rate may miss the exit criterion — Secure Workflow Modernization,Quality,4,3,12,High,Product Owner,20260629,20260811,,2026-06-29,2026-08-11,,Open,Not Started,0,0
2364,RI-476-03,476,Issue,Platform release timing may create a mismatch — Secure Workflow Modernization,Dependency,3,5,15,High,Quality Lead,20260120,20260404,20260306,2026-01-20,2026-04-04,2026-03-06,Closed,Completed,0,0
2365,RI-476-04,476,Risk,Defect closure rate may miss the exit criterion,Quality,3,4,12,High,Finance Partner,20251216,20260209,,2025-12-16,2026-02-09,,Monitoring,In Progress,0,1
2366,RI-477-01,477,Risk,Scope clarification may require a budget change,Cost,3,3,9,Medium,Systems Lead,20260514,20260625,20260615,2026-05-14,2026-06-25,2026-06-15,Closed,Completed,0,0
2367,RI-477-02,477,Risk,Contractor transition may reduce throughput,Resource,4,2,8,Medium,Security Lead,20260719,20260811,,2026-07-19,2026-08-11,,Monitoring,In Progress,0,0
2368,RI-477-03,477,Risk,Late design decision may affect downstream work,Schedule,4,3,12,High,Supplier Manager,20260514,20260811,,2026-05-14,2026-08-11,,Monitoring,In Progress,0,0
2369,RI-477-04,477,Issue,Backfill timing creates a capacity gap,Resource,3,2,6,Medium,Release Manager,20260714,20260811,,2026-07-14,2026-08-11,,Monitoring,In Progress,0,0
2370,RI-477-05,477,Risk,Interface behavior remains unproven — Secure Workflow Analytics,Technical,2,3,6,Medium,Technical Lead,20260606,20260811,,2026-06-06,2026-08-11,,Monitoring,In Progress,0,0
2371,RI-478-01,478,Issue,Contractor transition may reduce throughput — Secure Workflow Platform,Resource,5,3,15,High,Finance Partner,20260803,20260811,,2026-08-03,2026-08-11,,Mitigated,Completed,0,0
2372,RI-478-02,478,Risk,External interface decision is blocking delivery,Dependency,2,4,8,Medium,Data Lead,20260702,20260811,,2026-07-02,2026-08-11,,Open,In Progress,0,0
2373,RI-478-03,478,Risk,Scope clarification may require a budget change,Cost,1,3,3,Low,Project Manager,20260408,20260612,20260616,2026-04-08,2026-06-12,2026-06-16,Closed,Completed,0,0
2374,RI-479-01,479,Issue,Technical debt may complicate integration,Technical,1,3,3,Low,Release Manager,20250924,20260209,,2025-09-24,2026-02-09,,Mitigated,Completed,0,0
2375,RI-479-02,479,Risk,Supplier lead time threatens the next gate,Schedule,5,3,15,High,Technical Lead,20250917,20251221,,2025-09-17,2025-12-21,,Mitigated,Completed,0,0
2376,RI-479-03,479,Risk,Specialist rate mix is above plan,Cost,3,3,9,Medium,Systems Lead,20251005,20251206,,2025-10-05,2025-12-06,,Open,Not Started,0,1
2377,RI-479-04,479,Risk,Committed spend limits recovery options — Secure Workflow Optimization,Cost,3,4,12,High,Security Lead,20260317,20260604,,2026-03-17,2026-06-04,,Mitigated,Completed,0,0
2378,RI-479-05,479,Issue,Cloud run cost is trending above the baseline — Secure Workflow Optimization,Cost,2,4,8,Medium,Supplier Manager,20251001,20260129,,2025-10-01,2026-01-29,,Monitoring,In Progress,0,1
2379,RI-479-06,479,Issue,Performance margin may not meet the target,Technical,2,4,8,Medium,Release Manager,20260220,20260510,20260331,2026-02-20,2026-05-10,2026-03-31,Closed,Completed,0,0
2380,RI-480-01,480,Risk,Test environment availability may move the baseline,Schedule,2,2,4,Low,Product Owner,20260805,20260811,,2026-08-05,2026-08-11,,Open,Not Started,0,0
2381,RI-480-02,480,Risk,Legacy data quality could require redesign,Technical,4,5,20,Critical,Quality Lead,20260707,20260811,,2026-07-07,2026-08-11,,Open,In Progress,1,0
2382,RI-480-03,480,Risk,Integration sequence may compress validation — Secure Workflow Integration,Schedule,2,4,8,Medium,Finance Partner,20260728,20260811,,2026-07-28,2026-08-11,,Open,In Progress,0,0
2383,RI-480-04,480,Issue,Review capacity is concentrated in one role,Resource,2,2,4,Low,Data Lead,20260705,20260811,,2026-07-05,2026-08-11,,Open,Not Started,0,0
2384,RI-480-05,480,Risk,Upstream data contract remains unresolved,Dependency,5,4,20,Critical,Project Manager,20260626,20260811,,2026-06-26,2026-08-11,,Open,Not Started,1,0
2385,RI-481-01,481,Risk,Verification evidence is incomplete — Secure Workflow Transformation,Quality,3,4,12,High,Security Lead,20260612,20260811,,2026-06-12,2026-08-11,,Monitoring,In Progress,0,0
2386,RI-481-02,481,Risk,Upstream data contract remains unresolved,Dependency,5,2,10,Medium,Supplier Manager,20260531,20260811,,2026-05-31,2026-08-11,,Mitigated,Completed,0,0
2387,RI-481-03,481,Risk,Rework could consume management reserve — Secure Workflow Transformation,Cost,2,1,2,Low,Release Manager,20260602,20260811,,2026-06-02,2026-08-11,,Mitigated,Completed,0,0
2388,RI-482-01,482,Risk,Shared engineer availability may delay delivery,Resource,3,3,9,Medium,Data Lead,20260514,20260709,20260524,2026-05-14,2026-07-09,2026-05-24,Closed,Completed,0,0
2389,RI-482-02,482,Risk,Critical skill coverage is below demand — Secure Workflow Enablement,Resource,1,1,1,Low,Project Manager,20260805,20260811,,2026-08-05,2026-08-11,,Monitoring,In Progress,0,0
2390,RI-482-03,482,Issue,Pilot readiness depends on unresolved actions,Schedule,3,5,15,High,Product Owner,20260520,20260811,,2026-05-20,2026-08-11,,Open,In Progress,0,0
2391,RI-482-04,482,Risk,Cloud run cost is trending above the baseline,Cost,4,5,20,Critical,Quality Lead,20260713,20260811,,2026-07-13,2026-08-11,,Mitigated,Completed,0,0
2392,RI-483-01,483,Risk,Supplier lead time threatens the next gate — Secure Workflow Acceleration,Schedule,1,3,3,Low,Technical Lead,20260615,20260811,,2026-06-15,2026-08-11,,Mitigated,Completed,0,0
2393,RI-483-02,483,Risk,Review capacity is concentrated in one role,Resource,2,1,2,Low,Systems Lead,20260518,20260731,,2026-05-18,2026-07-31,,Mitigated,Completed,0,0
2394,RI-483-03,483,Risk,Upstream data contract remains unresolved,Dependency,3,2,6,Medium,Security Lead,20260805,20260811,20260810,2026-08-05,2026-08-11,2026-08-10,Closed,Completed,0,0
2395,RI-483-04,483,Risk,Legacy data quality could require redesign,Technical,3,3,9,Medium,Supplier Manager,20260530,20260811,,2026-05-30,2026-08-11,,Open,In Progress,0,0
2396,RI-483-05,483,Issue,Regression scope may exceed the test window — Secure Workflow Acceleration,Quality,2,3,6,Medium,Release Manager,20260421,20260701,20260613,2026-04-21,2026-07-01,2026-06-13,Closed,Completed,0,0
2397,RI-484-01,484,Risk,Performance margin may not meet the target,Technical,4,2,8,Medium,Quality Lead,20260527,20260811,,2026-05-27,2026-08-11,,Mitigated,Completed,0,0
2398,RI-484-02,484,Issue,Acceptance criteria remain partially ambiguous — Secure Workflow Orchestration,Quality,4,4,16,High,Finance Partner,20260314,20260625,20260527,2026-03-14,2026-06-25,2026-05-27,Closed,Completed,0,0
2399,RI-484-03,484,Risk,Contractor transition may reduce throughput,Resource,5,2,10,Medium,Data Lead,20260101,20260314,,2026-01-01,2026-03-14,,Monitoring,Completed,0,1
2400,RI-484-04,484,Risk,Field issue recurrence needs containment,Quality,4,5,20,Critical,Project Manager,20260218,20260605,,2026-02-18,2026-06-05,,Open,In Progress,1,1
2401,RI-484-05,484,Risk,Verification evidence is incomplete — Secure Workflow Orchestration,Quality,3,2,6,Medium,Product Owner,20260124,20260329,20260322,2026-01-24,2026-03-29,2026-03-22,Closed,Completed,0,0
2402,RI-484-06,484,Risk,Shared engineer availability may delay delivery — Secure Workflow Orchestration,Resource,4,4,16,High,Quality Lead,20260423,20260625,20260618,2026-04-23,2026-06-25,2026-06-18,Closed,Not Required,0,0
2403,RI-485-01,485,Risk,Pilot readiness depends on unresolved actions,Schedule,2,2,4,Low,Supplier Manager,20251207,20260211,,2025-12-07,2026-02-11,,Open,In Progress,0,1
2404,RI-485-02,485,Issue,Shared engineer availability may delay delivery — Secure Workflow Intelligence,Resource,1,2,2,Low,Release Manager,20251125,20260221,,2025-11-25,2026-02-21,,Monitoring,In Progress,0,1
2405,RI-485-03,485,Risk,Traceability coverage requires remediation — Secure Workflow Intelligence,Quality,3,5,15,High,Technical Lead,20260503,20260610,,2026-05-03,2026-06-10,,Open,In Progress,0,1
2406,RI-486-01,486,Risk,Rework could consume management reserve — Secure Quality Modernization,Cost,3,1,3,Low,Project Manager,20260724,20260811,,2026-07-24,2026-08-11,,Monitoring,In Progress,0,0
2407,RI-486-02,486,Risk,Review capacity is concentrated in one role,Resource,2,4,8,Medium,Product Owner,20260524,20260722,,2026-05-24,2026-07-22,,Monitoring,In Progress,0,1
2408,RI-486-03,486,Risk,Specialist rate mix is above plan — Secure Quality Modernization,Cost,2,3,6,Medium,Quality Lead,20260218,20260601,,2026-02-18,2026-06-01,,Mitigated,Completed,0,0
2409,RI-486-04,486,Risk,Interface behavior remains unproven,Technical,5,5,25,Critical,Finance Partner,20260809,20260811,,2026-08-09,2026-08-11,,Monitoring,In Progress,1,0
2410,RI-486-05,486,Risk,Backfill timing creates a capacity gap,Resource,3,3,9,Medium,Data Lead,20260701,20260811,20260808,2026-07-01,2026-08-11,2026-08-08,Closed,Completed,0,0
2411,RI-486-06,486,Risk,Defect closure rate may miss the exit criterion,Quality,1,1,1,Low,Project Manager,20260201,20260322,,2026-02-01,2026-03-22,,Monitoring,In Progress,0,1
2412,RI-487-01,487,Issue,Field issue recurrence needs containment,Quality,3,2,6,Medium,Systems Lead,20260709,20260811,,2026-07-09,2026-08-11,,Open,In Progress,0,0
2413,RI-487-02,487,Risk,Interface behavior remains unproven — Secure Quality Analytics,Technical,5,1,5,Low,Security Lead,20260217,20260508,,2026-02-17,2026-05-08,,Monitoring,In Progress,0,1
2414,RI-487-03,487,Issue,Vendor component readiness is uncertain — Secure Quality Analytics,Dependency,2,2,4,Low,Supplier Manager,20260501,20260711,,2026-05-01,2026-07-11,,Mitigated,Completed,0,0
2415,RI-487-04,487,Risk,Cloud run cost is trending above the baseline — Secure Quality Analytics,Cost,2,5,10,Medium,Release Manager,20260408,20260629,20260528,2026-04-08,2026-06-29,2026-05-28,Closed,Completed,0,0
2416,RI-487-05,487,Issue,Scope clarification may require a budget change,Cost,3,3,9,Medium,Technical Lead,20260104,20260330,20260308,2026-01-04,2026-03-30,2026-03-08,Closed,Completed,0,0
2417,RI-487-06,487,Risk,Customer test access is not yet confirmed — Secure Quality Analytics,Dependency,2,3,6,Medium,Systems Lead,20251213,20260221,20260119,2025-12-13,2026-02-21,2026-01-19,Closed,Not Required,0,0
2418,RI-487-07,487,Risk,Legacy data quality could require redesign,Technical,2,2,4,Low,Security Lead,20260411,20260811,20260620,2026-04-11,2026-08-11,2026-06-20,Closed,Completed,0,0
2419,RI-488-01,488,Risk,Integration sequence may compress validation,Schedule,3,2,6,Medium,Finance Partner,20260514,20260811,,2026-05-14,2026-08-11,,Open,Not Started,0,0
2420,RI-488-02,488,Risk,Field issue recurrence needs containment — Secure Quality Platform,Quality,2,2,4,Low,Data Lead,20260423,20260811,,2026-04-23,2026-08-11,,Open,Not Started,0,0
2421,RI-488-03,488,Risk,Competing portfolio priority constrains staffing,Resource,2,3,6,Medium,Project Manager,20260622,20260811,,2026-06-22,2026-08-11,,Monitoring,Completed,0,0
2422,RI-488-04,488,Risk,Performance margin may not meet the target,Technical,4,2,8,Medium,Product Owner,20260726,20260811,,2026-07-26,2026-08-11,,Mitigated,Completed,0,0
2423,RI-488-05,488,Risk,Pilot readiness depends on unresolved actions,Schedule,4,3,12,High,Quality Lead,20260527,20260811,,2026-05-27,2026-08-11,,Monitoring,In Progress,0,0
2424,RI-488-06,488,Risk,Shared engineer availability may delay delivery,Resource,5,1,5,Low,Finance Partner,20260705,20260811,,2026-07-05,2026-08-11,,Open,Not Started,0,0
2425,RI-488-07,488,Issue,Legacy data quality could require redesign — Secure Quality Platform,Technical,2,4,8,Medium,Data Lead,20260506,20260801,20260522,2026-05-06,2026-08-01,2026-05-22,Closed,Completed,0,0
2426,RI-489-01,489,Risk,Critical skill coverage is below demand,Resource,3,3,9,Medium,Release Manager,20260529,20260802,20260630,2026-05-29,2026-08-02,2026-06-30,Closed,Completed,0,0
2427,RI-489-02,489,Risk,Release window has limited recovery float,Schedule,4,2,8,Medium,Technical Lead,20260510,20260619,,2026-05-10,2026-06-19,,Open,Not Started,0,1
2428,RI-489-03,489,Risk,Rework could consume management reserve,Cost,4,4,16,High,Systems Lead,20260803,20260811,,2026-08-03,2026-08-11,,Open,In Progress,0,0
2429,RI-490-01,490,Risk,Traceability coverage requires remediation,Quality,3,3,9,Medium,Product Owner,20251219,20260418,20251229,2025-12-19,2026-04-18,2025-12-29,Closed,Completed,0,0
2430,RI-490-02,490,Risk,Interface behavior remains unproven — Secure Quality Integration,Technical,1,3,3,Low,Quality Lead,20260621,20260811,,2026-06-21,2026-08-11,,Open,Not Started,0,0
2431,RI-490-03,490,Risk,Competing portfolio priority constrains staffing — Secure Quality Integration,Resource,2,1,2,Low,Finance Partner,20260415,20260614,,2026-04-15,2026-06-14,,Open,Not Started,0,1
2432,RI-490-04,490,Risk,Critical skill coverage is below demand,Resource,4,1,4,Low,Data Lead,20260610,20260811,,2026-06-10,2026-08-11,,Open,In Progress,0,0
2433,RI-490-05,490,Risk,Supplier lead time threatens the next gate,Schedule,5,4,20,Critical,Project Manager,20260213,20260414,,2026-02-13,2026-04-14,,Mitigated,Completed,0,0
2434,RI-490-06,490,Issue,External interface decision is blocking delivery,Dependency,4,4,16,High,Product Owner,20260704,20260811,,2026-07-04,2026-08-11,,Monitoring,In Progress,0,0
2435,RI-490-07,490,Issue,Shared engineer availability may delay delivery,Resource,2,4,8,Medium,Quality Lead,20260108,20260406,,2026-01-08,2026-04-06,,Monitoring,In Progress,0,1
2436,RI-491-01,491,Issue,Customer test access is not yet confirmed — Secure Quality Transformation,Dependency,3,1,3,Low,Security Lead,20260425,20260715,20260706,2026-04-25,2026-07-15,2026-07-06,Closed,Not Required,0,0
2437,RI-491-02,491,Risk,Integration sequence may compress validation,Schedule,5,4,20,Critical,Supplier Manager,20260215,20260508,20260303,2026-02-15,2026-05-08,2026-03-03,Closed,Not Required,0,0
2438,RI-491-03,491,Issue,Regression scope may exceed the test window,Quality,5,3,15,High,Release Manager,20260615,20260811,,2026-06-15,2026-08-11,,Monitoring,Completed,0,0
2439,RI-491-04,491,Risk,Rework could consume management reserve — Secure Quality Transformation,Cost,4,1,4,Low,Technical Lead,20260513,20260716,,2026-05-13,2026-07-16,,Open,In Progress,0,1
2440,RI-492-01,492,Risk,Interface behavior remains unproven — Secure Quality Enablement,Technical,3,5,15,High,Data Lead,20260408,20260611,,2026-04-08,2026-06-11,,Mitigated,Completed,0,0
2441,RI-492-02,492,Risk,Backfill timing creates a capacity gap — Secure Quality Enablement,Resource,5,3,15,High,Project Manager,20260411,20260616,,2026-04-11,2026-06-16,,Mitigated,Completed,0,0
2442,RI-492-03,492,Risk,Specialist rate mix is above plan,Cost,3,3,9,Medium,Product Owner,20260726,20260811,,2026-07-26,2026-08-11,,Open,In Progress,0,0
2443,RI-492-04,492,Risk,Environment parity is not yet demonstrated — Secure Quality Enablement,Technical,4,3,12,High,Quality Lead,20260507,20260810,,2026-05-07,2026-08-10,,Mitigated,Completed,0,0
2444,RI-492-05,492,Issue,Verification evidence is incomplete — Secure Quality Enablement,Quality,3,5,15,High,Finance Partner,20260518,20260806,,2026-05-18,2026-08-06,,Mitigated,Completed,0,0
2445,RI-492-06,492,Issue,Supplier lead time threatens the next gate,Schedule,5,3,15,High,Data Lead,20260617,20260811,,2026-06-17,2026-08-11,,Open,Not Started,0,0
2446,RI-492-07,492,Risk,Legacy data quality could require redesign,Technical,4,2,8,Medium,Project Manager,20260622,20260811,,2026-06-22,2026-08-11,,Monitoring,In Progress,0,0
2447,RI-493-01,493,Risk,Technical debt may complicate integration,Technical,2,3,6,Medium,Technical Lead,20260805,20260811,,2026-08-05,2026-08-11,,Open,Not Started,0,0
2448,RI-493-02,493,Risk,Integration sequence may compress validation — Secure Quality Acceleration,Schedule,4,3,12,High,Systems Lead,20260725,20260811,,2026-07-25,2026-08-11,,Open,Not Started,0,0
2449,RI-493-03,493,Risk,Late design decision may affect downstream work — Secure Quality Acceleration,Schedule,1,2,2,Low,Security Lead,20260412,20260524,,2026-04-12,2026-05-24,,Mitigated,Completed,0,0
2450,RI-494-01,494,Risk,Defect closure rate may miss the exit criterion — Secure Quality Orchestration,Quality,3,5,15,High,Quality Lead,20260301,20260531,20260618,2026-03-01,2026-05-31,2026-06-18,Closed,Completed,0,0
2451,RI-494-02,494,Issue,Legacy data quality could require redesign — Secure Quality Orchestration,Technical,4,2,8,Medium,Finance Partner,20260521,20260727,,2026-05-21,2026-07-27,,Mitigated,Completed,0,0
2452,RI-494-03,494,Risk,Vendor component readiness is uncertain — Secure Quality Orchestration,Dependency,2,2,4,Low,Data Lead,20260329,20260526,,2026-03-29,2026-05-26,,Mitigated,Completed,0,0
2453,RI-494-04,494,Risk,Upstream data contract remains unresolved,Dependency,3,2,6,Medium,Project Manager,20260608,20260721,,2026-06-08,2026-07-21,,Mitigated,Completed,0,0
2454,RI-494-05,494,Risk,Shared engineer availability may delay delivery,Resource,2,1,2,Low,Product Owner,20260409,20260607,,2026-04-09,2026-06-07,,Mitigated,Completed,0,0
2455,RI-495-01,495,Risk,Platform release timing may create a mismatch — Secure Quality Intelligence,Dependency,4,2,8,Medium,Supplier Manager,20260512,20260729,,2026-05-12,2026-07-29,,Monitoring,In Progress,0,1
2456,RI-495-02,495,Risk,Specialist rate mix is above plan — Secure Quality Intelligence,Cost,3,3,9,Medium,Release Manager,20260511,20260811,,2026-05-11,2026-08-11,,Monitoring,In Progress,0,0
2457,RI-495-03,495,Risk,Security approval is on the critical path — Secure Quality Intelligence,Dependency,1,4,4,Low,Technical Lead,20260522,20260811,,2026-05-22,2026-08-11,,Monitoring,In Progress,0,0
2458,RI-495-04,495,Issue,Legacy data quality could require redesign — Secure Quality Intelligence,Technical,4,4,16,High,Systems Lead,20260509,20260811,,2026-05-09,2026-08-11,,Mitigated,Completed,0,0
2459,RI-495-05,495,Risk,Technical debt may complicate integration — Secure Quality Intelligence,Technical,1,3,3,Low,Security Lead,20260427,20260811,20260529,2026-04-27,2026-08-11,2026-05-29,Closed,Completed,0,0
2460,RI-495-06,495,Risk,Contractor transition may reduce throughput,Resource,4,4,16,High,Supplier Manager,20260720,20260811,,2026-07-20,2026-08-11,,Open,Not Started,0,0
2461,RI-495-07,495,Risk,Committed spend limits recovery options — Secure Quality Intelligence,Cost,2,3,6,Medium,Release Manager,20260520,20260804,,2026-05-20,2026-08-04,,Open,Not Started,0,1
2462,RI-496-01,496,Risk,Prototype result may require architecture rework — Secure Engineering Modernization,Technical,2,3,6,Medium,Project Manager,20260330,20260718,,2026-03-30,2026-07-18,,Mitigated,Completed,0,0
2463,RI-496-02,496,Risk,Acceptance criteria remain partially ambiguous,Quality,3,3,9,Medium,Product Owner,20260418,20260712,20260630,2026-04-18,2026-07-12,2026-06-30,Closed,Completed,0,0
2464,RI-496-03,496,Risk,Legacy data quality could require redesign — Secure Engineering Modernization,Technical,3,3,9,Medium,Quality Lead,20260801,20260811,,2026-08-01,2026-08-11,,Monitoring,In Progress,0,0
2465,RI-496-04,496,Issue,Acceptance criteria remain partially ambiguous — Secure Engineering Modernization,Quality,2,5,10,Medium,Finance Partner,20260714,20260811,,2026-07-14,2026-08-11,,Open,Not Started,0,0
2466,RI-497-01,497,Risk,Supplier lead time threatens the next gate — Secure Engineering Analytics,Schedule,2,3,6,Medium,Systems Lead,20260704,20260811,,2026-07-04,2026-08-11,,Open,Not Started,0,0
2467,RI-497-02,497,Risk,Security approval is on the critical path — Secure Engineering Analytics,Dependency,3,3,9,Medium,Security Lead,20260629,20260811,20260727,2026-06-29,2026-08-11,2026-07-27,Closed,Not Required,0,0
2468,RI-497-03,497,Risk,Contractor transition may reduce throughput,Resource,4,4,16,High,Supplier Manager,20260720,20260811,,2026-07-20,2026-08-11,,Open,Not Started,0,0
2469,RI-498-01,498,Risk,Test environment availability may move the baseline — Secure Engineering Platform,Schedule,4,2,8,Medium,Finance Partner,20260131,20260409,,2026-01-31,2026-04-09,,Open,Not Started,0,1
2470,RI-498-02,498,Risk,Rework could consume management reserve,Cost,3,4,12,High,Data Lead,20260715,20260811,20260717,2026-07-15,2026-08-11,2026-07-17,Closed,Not Required,0,0
2471,RI-498-03,498,Risk,Vendor component readiness is uncertain,Dependency,2,2,4,Low,Project Manager,20260604,20260811,,2026-06-04,2026-08-11,,Mitigated,Completed,0,0
2472,RI-498-04,498,Risk,Defect closure rate may miss the exit criterion,Quality,4,2,8,Medium,Product Owner,20260303,20260531,,2026-03-03,2026-05-31,,Mitigated,Completed,0,0
2473,RI-499-01,499,Risk,Rework could consume management reserve,Cost,4,2,8,Medium,Release Manager,20260515,20260811,,2026-05-15,2026-08-11,,Open,Not Started,0,0
2474,RI-499-02,499,Risk,Material quotation may exceed the estimate,Cost,2,3,6,Medium,Technical Lead,20260413,20260728,,2026-04-13,2026-07-28,,Open,Not Started,0,1
2475,RI-499-03,499,Issue,Competing portfolio priority constrains staffing,Resource,2,3,6,Medium,Systems Lead,20260226,20260519,20260325,2026-02-26,2026-05-19,2026-03-25,Closed,Completed,0,0
2476,RI-499-04,499,Risk,Technical debt may complicate integration,Technical,3,1,3,Low,Security Lead,20260517,20260811,,2026-05-17,2026-08-11,,Monitoring,In Progress,0,0
2477,RI-499-05,499,Risk,Shared engineer availability may delay delivery — Secure Engineering Optimization,Resource,4,2,8,Medium,Supplier Manager,20260703,20260811,,2026-07-03,2026-08-11,,Mitigated,Completed,0,0
2478,RI-499-06,499,Issue,Shared engineer availability may delay delivery,Resource,3,4,12,High,Release Manager,20260222,20260415,,2026-02-22,2026-04-15,,Mitigated,Completed,0,0
2479,RI-500-01,500,Issue,Prototype result may require architecture rework,Technical,2,1,2,Low,Product Owner,20260709,20260811,,2026-07-09,2026-08-11,,Monitoring,In Progress,0,0
2480,RI-500-02,500,Issue,Security approval is on the critical path,Dependency,3,3,9,Medium,Quality Lead,20260719,20260811,,2026-07-19,2026-08-11,,Monitoring,In Progress,0,0
2481,RI-500-03,500,Risk,Test environment availability may move the baseline,Schedule,3,3,9,Medium,Finance Partner,20260627,20260808,,2026-06-27,2026-08-08,,Monitoring,In Progress,0,1
2482,RI-500-04,500,Risk,Rework could consume management reserve — Secure Engineering Integration,Cost,3,1,3,Low,Data Lead,20260726,20260811,,2026-07-26,2026-08-11,,Monitoring,In Progress,0,0
2483,RI-500-05,500,Issue,Contractor transition may reduce throughput — Secure Engineering Integration,Resource,2,2,4,Low,Project Manager,20260630,20260811,,2026-06-30,2026-08-11,,Open,In Progress,0,0
2484,RI-500-06,500,Risk,Late design decision may affect downstream work,Schedule,5,2,10,Medium,Product Owner,20260701,20260811,,2026-07-01,2026-08-11,,Mitigated,Completed,0,0
2485,RI-501-01,501,Risk,Acceptance criteria remain partially ambiguous,Quality,3,1,3,Low,Security Lead,20260205,20260503,20260207,2026-02-05,2026-05-03,2026-02-07,Closed,Completed,0,0
2486,RI-501-02,501,Risk,Pilot readiness depends on unresolved actions — Secure Engineering Transformation,Schedule,3,4,12,High,Supplier Manager,20260509,20260730,,2026-05-09,2026-07-30,,Mitigated,Completed,0,0
2487,RI-501-03,501,Issue,Prototype result may require architecture rework,Technical,3,4,12,High,Release Manager,20251223,20260411,20260316,2025-12-23,2026-04-11,2026-03-16,Closed,Completed,0,0
2488,RI-501-04,501,Issue,Rework could consume management reserve — Secure Engineering Transformation,Cost,2,3,6,Medium,Technical Lead,20260709,20260811,,2026-07-09,2026-08-11,,Mitigated,Completed,0,0
2489,RI-502-01,502,Issue,Late design decision may affect downstream work,Schedule,5,5,25,Critical,Data Lead,20260519,20260810,20260728,2026-05-19,2026-08-10,2026-07-28,Closed,Completed,0,0
2490,RI-502-02,502,Risk,Vendor component readiness is uncertain,Dependency,1,2,2,Low,Project Manager,20260518,20260811,,2026-05-18,2026-08-11,,Open,In Progress,0,0
2491,RI-502-03,502,Risk,Backfill timing creates a capacity gap — Secure Engineering Enablement,Resource,3,3,9,Medium,Product Owner,20260616,20260802,20260618,2026-06-16,2026-08-02,2026-06-18,Closed,Completed,0,0
2492,RI-502-04,502,Risk,Interface behavior remains unproven — Secure Engineering Enablement,Technical,4,3,12,High,Quality Lead,20260517,20260725,,2026-05-17,2026-07-25,,Mitigated,Completed,0,0
2493,RI-502-05,502,Issue,Scope clarification may require a budget change,Cost,4,4,16,High,Finance Partner,20260605,20260712,,2026-06-05,2026-07-12,,Open,Not Started,0,1
2494,RI-502-06,502,Issue,Pilot readiness depends on unresolved actions — Secure Engineering Enablement,Schedule,1,4,4,Low,Data Lead,20260724,20260811,,2026-07-24,2026-08-11,,Monitoring,In Progress,0,0
2495,RI-502-07,502,Issue,Defect closure rate may miss the exit criterion — Secure Engineering Enablement,Quality,3,4,12,High,Project Manager,20260422,20260715,20260717,2026-04-22,2026-07-15,2026-07-17,Closed,Completed,0,0
2496,RI-503-01,503,Issue,Acceptance criteria remain partially ambiguous,Quality,3,4,12,High,Technical Lead,20260210,20260525,,2026-02-10,2026-05-25,,Mitigated,Completed,0,0
2497,RI-503-02,503,Issue,Defect closure rate may miss the exit criterion — Secure Engineering Acceleration,Quality,2,4,8,Medium,Systems Lead,20260130,20260412,,2026-01-30,2026-04-12,,Mitigated,Completed,0,0
2498,RI-503-03,503,Risk,Platform release timing may create a mismatch — Secure Engineering Acceleration,Dependency,3,4,12,High,Security Lead,20260207,20260417,,2026-02-07,2026-04-17,,Monitoring,Completed,0,1
2499,RI-503-04,503,Issue,Security approval is on the critical path — Secure Engineering Acceleration,Dependency,4,5,20,Critical,Supplier Manager,20260128,20260404,,2026-01-28,2026-04-04,,Mitigated,Completed,0,0
2500,RI-504-01,504,Issue,Scope clarification may require a budget change,Cost,3,2,6,Medium,Quality Lead,20260512,20260621,20260625,2026-05-12,2026-06-21,2026-06-25,Closed,Completed,0,0
2501,RI-504-02,504,Issue,Regression scope may exceed the test window — Secure Engineering Orchestration,Quality,3,4,12,High,Finance Partner,20260519,20260811,,2026-05-19,2026-08-11,,Mitigated,Completed,0,0
2502,RI-504-03,504,Issue,Scope clarification may require a budget change,Cost,3,3,9,Medium,Data Lead,20260709,20260811,,2026-07-09,2026-08-11,,Monitoring,In Progress,0,0
2503,RI-504-04,504,Issue,Field issue recurrence needs containment — Secure Engineering Orchestration,Quality,2,3,6,Medium,Project Manager,20260513,20260704,,2026-05-13,2026-07-04,,Monitoring,In Progress,0,1
2504,RI-505-01,505,Risk,Security approval is on the critical path,Dependency,4,3,12,High,Supplier Manager,20260704,20260811,,2026-07-04,2026-08-11,,Mitigated,Completed,0,0
2505,RI-505-02,505,Issue,Platform release timing may create a mismatch — Secure Engineering Intelligence,Dependency,4,3,12,High,Release Manager,20260524,20260811,,2026-05-24,2026-08-11,,Open,Not Started,0,0
2506,RI-505-03,505,Risk,Shared engineer availability may delay delivery,Resource,2,3,6,Medium,Technical Lead,20260602,20260811,,2026-06-02,2026-08-11,,Monitoring,In Progress,0,0
2507,RI-506-01,506,Risk,Test environment availability may move the baseline,Schedule,5,3,15,High,Project Manager,20260711,20260811,,2026-07-11,2026-08-11,,Open,Not Started,0,0
2508,RI-506-02,506,Risk,Interface behavior remains unproven,Technical,3,3,9,Medium,Product Owner,20260629,20260811,,2026-06-29,2026-08-11,,Monitoring,In Progress,0,0
2509,RI-506-03,506,Issue,Upstream data contract remains unresolved,Dependency,2,3,6,Medium,Quality Lead,20260614,20260811,,2026-06-14,2026-08-11,,Monitoring,In Progress,0,0
2510,RI-506-04,506,Risk,Performance margin may not meet the target — Secure Energy Modernization,Technical,4,4,16,High,Finance Partner,20260609,20260717,,2026-06-09,2026-07-17,,Open,In Progress,0,1
2511,RI-506-05,506,Risk,Customer test access is not yet confirmed,Dependency,5,4,20,Critical,Data Lead,20260624,20260811,,2026-06-24,2026-08-11,,Monitoring,In Progress,1,0
2512,RI-506-06,506,Risk,Legacy data quality could require redesign,Technical,3,3,9,Medium,Project Manager,20260514,20260625,20260630,2026-05-14,2026-06-25,2026-06-30,Closed,Completed,0,0
2513,RI-506-07,506,Risk,Customer test access is not yet confirmed,Dependency,3,4,12,High,Product Owner,20260702,20260811,,2026-07-02,2026-08-11,,Mitigated,Completed,0,0
2514,RI-507-01,507,Risk,Upstream data contract remains unresolved — Secure Energy Analytics,Dependency,4,2,8,Medium,Systems Lead,20260108,20260321,,2026-01-08,2026-03-21,,Mitigated,Completed,0,0
2515,RI-507-02,507,Risk,Performance margin may not meet the target — Secure Energy Analytics,Technical,3,4,12,High,Security Lead,20260607,20260729,,2026-06-07,2026-07-29,,Mitigated,Completed,0,0
2516,RI-507-03,507,Issue,Review capacity is concentrated in one role — Secure Energy Analytics,Resource,4,2,8,Medium,Supplier Manager,20260118,20260404,,2026-01-18,2026-04-04,,Monitoring,In Progress,0,1
2517,RI-507-04,507,Risk,Performance margin may not meet the target — Secure Energy Analytics,Technical,5,3,15,High,Release Manager,20260610,20260811,,2026-06-10,2026-08-11,,Open,Not Started,0,0
2518,RI-507-05,507,Risk,Pilot readiness depends on unresolved actions — Secure Energy Analytics,Schedule,4,4,16,High,Technical Lead,20260714,20260811,,2026-07-14,2026-08-11,,Mitigated,Completed,0,0
2519,RI-507-06,507,Risk,Acceptance criteria remain partially ambiguous,Quality,3,3,9,Medium,Systems Lead,20260116,20260615,,2026-01-16,2026-06-15,,Mitigated,Completed,0,0
2520,RI-508-01,508,Risk,External interface decision is blocking delivery,Dependency,2,5,10,Medium,Finance Partner,20260728,20260811,,2026-07-28,2026-08-11,,Open,Not Started,0,0
2521,RI-508-02,508,Risk,Supplier lead time threatens the next gate,Schedule,2,3,6,Medium,Data Lead,20260621,20260811,,2026-06-21,2026-08-11,,Open,Not Started,0,0
2522,RI-508-03,508,Issue,Competing portfolio priority constrains staffing,Resource,1,4,4,Low,Project Manager,20260707,20260811,,2026-07-07,2026-08-11,,Open,In Progress,0,0
2523,RI-508-04,508,Risk,Late design decision may affect downstream work,Schedule,4,2,8,Medium,Product Owner,20260602,20260811,,2026-06-02,2026-08-11,,Monitoring,In Progress,0,0
2524,RI-508-05,508,Issue,Customer test access is not yet confirmed — Secure Energy Platform,Dependency,3,4,12,High,Quality Lead,20260517,20260801,,2026-05-17,2026-08-01,,Monitoring,In Progress,0,1
2525,RI-508-06,508,Issue,Security approval is on the critical path,Dependency,3,5,15,High,Finance Partner,20260513,20260720,,2026-05-13,2026-07-20,,Mitigated,Completed,0,0
2526,RI-509-01,509,Risk,Scope clarification may require a budget change,Cost,3,1,3,Low,Release Manager,20260721,20260811,,2026-07-21,2026-08-11,,Monitoring,In Progress,0,0
2527,RI-509-02,509,Risk,Upstream data contract remains unresolved — Secure Energy Optimization,Dependency,1,4,4,Low,Technical Lead,20260515,20260717,20260807,2026-05-15,2026-07-17,2026-08-07,Closed,Not Required,0,0
2528,RI-509-03,509,Risk,Legacy data quality could require redesign — Secure Energy Optimization,Technical,1,2,2,Low,Systems Lead,20260501,20260811,,2026-05-01,2026-08-11,,Monitoring,In Progress,0,0
2529,RI-510-01,510,Risk,Material quotation may exceed the estimate — Secure Energy Integration,Cost,3,4,12,High,Product Owner,20260627,20260811,,2026-06-27,2026-08-11,,Monitoring,In Progress,0,0
2530,RI-510-02,510,Issue,External interface decision is blocking delivery,Dependency,4,2,8,Medium,Quality Lead,20260723,20260811,,2026-07-23,2026-08-11,,Open,Not Started,0,0
2531,RI-510-03,510,Risk,Defect closure rate may miss the exit criterion — Secure Energy Integration,Quality,4,4,16,High,Finance Partner,20251203,20260411,,2025-12-03,2026-04-11,,Mitigated,Completed,0,0
2532,RI-510-04,510,Issue,Material quotation may exceed the estimate — Secure Energy Integration,Cost,4,3,12,High,Data Lead,20260214,20260605,20260318,2026-02-14,2026-06-05,2026-03-18,Closed,Completed,0,0
2533,RI-510-05,510,Risk,Environment parity is not yet demonstrated,Technical,5,4,20,Critical,Project Manager,20260720,20260811,,2026-07-20,2026-08-11,,Open,Not Started,1,0
2534,RI-510-06,510,Risk,Late design decision may affect downstream work — Secure Energy Integration,Schedule,2,5,10,Medium,Product Owner,20251117,20260119,20260213,2025-11-17,2026-01-19,2026-02-13,Closed,Completed,0,0
2535,RI-510-07,510,Risk,Specialist rate mix is above plan — Secure Energy Integration,Cost,4,3,12,High,Quality Lead,20251116,20260308,,2025-11-16,2026-03-08,,Monitoring,In Progress,0,1
2536,RI-511-01,511,Risk,Upstream data contract remains unresolved,Dependency,3,1,3,Low,Security Lead,20260220,20260613,,2026-02-20,2026-06-13,,Mitigated,Completed,0,0
2537,RI-511-02,511,Issue,Scope clarification may require a budget change,Cost,3,3,9,Medium,Supplier Manager,20260725,20260811,,2026-07-25,2026-08-11,,Open,In Progress,0,0
2538,RI-511-03,511,Issue,Regression scope may exceed the test window,Quality,3,3,9,Medium,Release Manager,20260725,20260811,,2026-07-25,2026-08-11,,Open,Not Started,0,0
2539,RI-511-04,511,Risk,Technical debt may complicate integration — Secure Energy Transformation,Technical,3,2,6,Medium,Technical Lead,20260418,20260624,,2026-04-18,2026-06-24,,Monitoring,In Progress,0,1
2540,RI-511-05,511,Issue,Regression scope may exceed the test window — Secure Energy Transformation,Quality,2,2,4,Low,Systems Lead,20260213,20260427,20260518,2026-02-13,2026-04-27,2026-05-18,Closed,Completed,0,0
2541,RI-511-06,511,Issue,Scope clarification may require a budget change,Cost,3,3,9,Medium,Security Lead,20260216,20260620,20260506,2026-02-16,2026-06-20,2026-05-06,Closed,Completed,0,0
2542,RI-511-07,511,Risk,Integration sequence may compress validation — Secure Energy Transformation,Schedule,5,2,10,Medium,Supplier Manager,20260702,20260811,,2026-07-02,2026-08-11,,Monitoring,In Progress,0,0
2543,RI-512-01,512,Risk,Platform release timing may create a mismatch — Secure Energy Enablement,Dependency,3,5,15,High,Data Lead,20260508,20260731,,2026-05-08,2026-07-31,,Monitoring,Completed,0,1
2544,RI-512-02,512,Risk,Environment parity is not yet demonstrated,Technical,2,2,4,Low,Project Manager,20260113,20260319,,2026-01-13,2026-03-19,,Open,Not Started,0,1
2545,RI-512-03,512,Risk,Rework could consume management reserve — Secure Energy Enablement,Cost,3,2,6,Medium,Product Owner,20260212,20260526,20260619,2026-02-12,2026-05-26,2026-06-19,Closed,Completed,0,0
2546,RI-512-04,512,Issue,Specialist rate mix is above plan,Cost,3,3,9,Medium,Quality Lead,20260727,20260811,,2026-07-27,2026-08-11,,Monitoring,In Progress,0,0
2547,RI-512-05,512,Issue,Pilot readiness depends on unresolved actions — Secure Energy Enablement,Schedule,2,2,4,Low,Finance Partner,20260522,20260729,,2026-05-22,2026-07-29,,Mitigated,Completed,0,0
2548,RI-512-06,512,Risk,Interface behavior remains unproven — Secure Energy Enablement,Technical,2,2,4,Low,Data Lead,20260810,20260811,,2026-08-10,2026-08-11,,Open,Not Started,0,0
2549,RI-513-01,513,Issue,Security approval is on the critical path — Secure Energy Acceleration,Dependency,3,2,6,Medium,Technical Lead,20260606,20260811,,2026-06-06,2026-08-11,,Monitoring,Completed,0,0
2550,RI-513-02,513,Issue,Platform release timing may create a mismatch — Secure Energy Acceleration,Dependency,3,4,12,High,Systems Lead,20260527,20260811,,2026-05-27,2026-08-11,,Open,Not Started,0,0
2551,RI-513-03,513,Risk,External interface decision is blocking delivery — Secure Energy Acceleration,Dependency,2,4,8,Medium,Security Lead,20260604,20260801,,2026-06-04,2026-08-01,,Mitigated,Completed,0,0
2552,RI-513-04,513,Risk,Integration sequence may compress validation — Secure Energy Acceleration,Schedule,3,1,3,Low,Supplier Manager,20260623,20260811,,2026-06-23,2026-08-11,,Mitigated,Completed,0,0
2553,RI-514-01,514,Risk,Review capacity is concentrated in one role — Secure Energy Orchestration,Resource,3,2,6,Medium,Quality Lead,20251216,20260311,,2025-12-16,2026-03-11,,Mitigated,Completed,0,0
2554,RI-514-02,514,Risk,Environment parity is not yet demonstrated,Technical,4,2,8,Medium,Finance Partner,20260316,20260707,,2026-03-16,2026-07-07,,Mitigated,Completed,0,0
2555,RI-514-03,514,Risk,Shared engineer availability may delay delivery,Resource,3,2,6,Medium,Data Lead,20260422,20260605,,2026-04-22,2026-06-05,,Open,Not Started,0,1
2556,RI-514-04,514,Risk,Field issue recurrence needs containment,Quality,3,4,12,High,Project Manager,20260627,20260811,,2026-06-27,2026-08-11,,Monitoring,Completed,0,0
2557,RI-515-01,515,Risk,Prototype result may require architecture rework — Secure Energy Intelligence,Technical,3,4,12,High,Supplier Manager,20251105,20260206,,2025-11-05,2026-02-06,,Monitoring,In Progress,0,1
2558,RI-515-02,515,Risk,Test environment availability may move the baseline,Schedule,1,1,1,Low,Release Manager,20251213,20260215,20260222,2025-12-13,2026-02-15,2026-02-22,Closed,Completed,0,0
2559,RI-515-03,515,Risk,Environment parity is not yet demonstrated — Secure Energy Intelligence,Technical,1,3,3,Low,Technical Lead,20260420,20260731,,2026-04-20,2026-07-31,,Open,In Progress,0,1
2560,RI-515-04,515,Risk,Specialist rate mix is above plan — Secure Energy Intelligence,Cost,3,2,6,Medium,Systems Lead,20260309,20260527,,2026-03-09,2026-05-27,,Monitoring,Completed,0,1
2561,RI-515-05,515,Risk,Verification evidence is incomplete — Secure Energy Intelligence,Quality,3,3,9,Medium,Security Lead,20260730,20260811,,2026-07-30,2026-08-11,,Open,In Progress,0,0
2562,RI-516-01,516,Risk,Regression scope may exceed the test window,Quality,4,4,16,High,Project Manager,20260728,20260811,,2026-07-28,2026-08-11,,Monitoring,In Progress,0,0
2563,RI-516-02,516,Risk,Critical skill coverage is below demand — Secure Service Modernization,Resource,5,4,20,Critical,Product Owner,20260702,20260811,,2026-07-02,2026-08-11,,Monitoring,Completed,1,0
2564,RI-516-03,516,Issue,Verification evidence is incomplete,Quality,3,4,12,High,Quality Lead,20251220,20260402,20260428,2025-12-20,2026-04-02,2026-04-28,Closed,Completed,0,0
2565,RI-516-04,516,Risk,Critical skill coverage is below demand — Secure Service Modernization,Resource,1,2,2,Low,Finance Partner,20260510,20260805,20260628,2026-05-10,2026-08-05,2026-06-28,Closed,Not Required,0,0
2566,RI-516-05,516,Risk,Committed spend limits recovery options — Secure Service Modernization,Cost,2,4,8,Medium,Data Lead,20251124,20260301,,2025-11-24,2026-03-01,,Mitigated,Completed,0,0
2567,RI-516-06,516,Risk,Release window has limited recovery float,Schedule,2,4,8,Medium,Project Manager,20260407,20260523,20260506,2026-04-07,2026-05-23,2026-05-06,Closed,Completed,0,0
2568,RI-517-01,517,Risk,Customer test access is not yet confirmed — Secure Service Analytics,Dependency,4,4,16,High,Systems Lead,20260613,20260811,,2026-06-13,2026-08-11,,Mitigated,Completed,0,0
2569,RI-517-02,517,Risk,Pilot readiness depends on unresolved actions,Schedule,4,3,12,High,Security Lead,20260531,20260811,,2026-05-31,2026-08-11,,Monitoring,In Progress,0,0
2570,RI-517-03,517,Issue,Traceability coverage requires remediation,Quality,2,1,2,Low,Supplier Manager,20251129,20260215,,2025-11-29,2026-02-15,,Monitoring,Completed,0,1
2571,RI-517-04,517,Issue,Performance margin may not meet the target,Technical,3,1,3,Low,Release Manager,20260619,20260811,,2026-06-19,2026-08-11,,Monitoring,In Progress,0,0
2572,RI-517-05,517,Risk,Integration sequence may compress validation,Schedule,3,2,6,Medium,Technical Lead,20260128,20260323,,2026-01-28,2026-03-23,,Mitigated,Completed,0,0
2573,RI-517-06,517,Risk,Platform release timing may create a mismatch,Dependency,3,2,6,Medium,Systems Lead,20260512,20260708,20260525,2026-05-12,2026-07-08,2026-05-25,Closed,Completed,0,0
2574,RI-518-01,518,Risk,Integration sequence may compress validation — Secure Service Platform,Schedule,4,5,20,Critical,Finance Partner,20260612,20260811,,2026-06-12,2026-08-11,,Mitigated,Completed,0,0
2575,RI-518-02,518,Risk,Release window has limited recovery float — Secure Service Platform,Schedule,3,4,12,High,Data Lead,20260523,20260724,,2026-05-23,2026-07-24,,Open,In Progress,0,1
2576,RI-518-03,518,Risk,Upstream data contract remains unresolved — Secure Service Platform,Dependency,3,3,9,Medium,Project Manager,20260809,20260811,,2026-08-09,2026-08-11,,Monitoring,In Progress,0,0
2577,RI-518-04,518,Risk,Prototype result may require architecture rework,Technical,3,5,15,High,Product Owner,20260208,20260419,,2026-02-08,2026-04-19,,Mitigated,Completed,0,0
2578,RI-519-01,519,Risk,Defect closure rate may miss the exit criterion — Secure Service Optimization,Quality,3,3,9,Medium,Release Manager,20260723,20260811,,2026-07-23,2026-08-11,,Monitoring,In Progress,0,0
2579,RI-519-02,519,Risk,Integration sequence may compress validation,Schedule,3,2,6,Medium,Technical Lead,20260401,20260604,20260504,2026-04-01,2026-06-04,2026-05-04,Closed,Completed,0,0
2580,RI-519-03,519,Risk,External interface decision is blocking delivery,Dependency,5,1,5,Low,Systems Lead,20260514,20260625,,2026-05-14,2026-06-25,,Monitoring,In Progress,0,1
2581,RI-519-04,519,Risk,Contractor transition may reduce throughput — Secure Service Optimization,Resource,4,4,16,High,Security Lead,20260221,20260601,20260606,2026-02-21,2026-06-01,2026-06-06,Closed,Completed,0,0
2582,RI-519-05,519,Risk,Technical debt may complicate integration — Secure Service Optimization,Technical,2,4,8,Medium,Supplier Manager,20260518,20260630,,2026-05-18,2026-06-30,,Monitoring,In Progress,0,1
2583,RI-519-06,519,Risk,Contractor transition may reduce throughput,Resource,2,4,8,Medium,Release Manager,20251114,20251227,20251219,2025-11-14,2025-12-27,2025-12-19,Closed,Completed,0,0
2584,RI-520-01,520,Risk,Cloud run cost is trending above the baseline,Cost,2,3,6,Medium,Product Owner,20260712,20260811,,2026-07-12,2026-08-11,,Monitoring,In Progress,0,0
2585,RI-520-02,520,Risk,Platform release timing may create a mismatch — Secure Service Integration,Dependency,2,2,4,Low,Quality Lead,20260727,20260811,,2026-07-27,2026-08-11,,Open,In Progress,0,0
2586,RI-520-03,520,Risk,Release window has limited recovery float — Secure Service Integration,Schedule,5,3,15,High,Finance Partner,20260719,20260811,,2026-07-19,2026-08-11,,Monitoring,In Progress,0,0
2587,RI-521-01,521,Risk,Rework could consume management reserve,Cost,1,3,3,Low,Security Lead,20260217,20260407,,2026-02-17,2026-04-07,,Mitigated,Completed,0,0
2588,RI-521-02,521,Risk,Cloud run cost is trending above the baseline — Secure Service Transformation,Cost,3,5,15,High,Supplier Manager,20260120,20260520,,2026-01-20,2026-05-20,,Open,Not Started,0,1
2589,RI-521-03,521,Risk,Environment parity is not yet demonstrated — Secure Service Transformation,Technical,1,4,4,Low,Release Manager,20260107,20260301,20260303,2026-01-07,2026-03-01,2026-03-03,Closed,Completed,0,0
2590,RI-521-04,521,Issue,Environment parity is not yet demonstrated — Secure Service Transformation,Technical,4,2,8,Medium,Technical Lead,20260623,20260811,,2026-06-23,2026-08-11,,Monitoring,In Progress,0,0
2591,RI-521-05,521,Risk,Competing portfolio priority constrains staffing — Secure Service Transformation,Resource,1,3,3,Low,Systems Lead,20260503,20260723,20260523,2026-05-03,2026-07-23,2026-05-23,Closed,Completed,0,0
2592,RI-521-06,521,Risk,Prototype result may require architecture rework,Technical,1,4,4,Low,Security Lead,20260523,20260811,,2026-05-23,2026-08-11,,Monitoring,In Progress,0,0
2593,RI-521-07,521,Issue,Platform release timing may create a mismatch,Dependency,5,3,15,High,Supplier Manager,20260102,20260424,,2026-01-02,2026-04-24,,Mitigated,Completed,0,0
2594,RI-522-01,522,Risk,Prototype result may require architecture rework — Secure Service Enablement,Technical,2,2,4,Low,Data Lead,20260405,20260626,20260425,2026-04-05,2026-06-26,2026-04-25,Closed,Completed,0,0
2595,RI-522-02,522,Risk,Environment parity is not yet demonstrated — Secure Service Enablement,Technical,4,4,16,High,Project Manager,20260502,20260627,20260510,2026-05-02,2026-06-27,2026-05-10,Closed,Not Required,0,0
2596,RI-522-03,522,Risk,Legacy data quality could require redesign — Secure Service Enablement,Technical,2,2,4,Low,Product Owner,20260726,20260811,,2026-07-26,2026-08-11,,Monitoring,Completed,0,0
2597,RI-522-04,522,Risk,Environment parity is not yet demonstrated,Technical,3,4,12,High,Quality Lead,20260520,20260811,,2026-05-20,2026-08-11,,Open,In Progress,0,0
2598,RI-522-05,522,Risk,Environment parity is not yet demonstrated,Technical,2,4,8,Medium,Finance Partner,20260316,20260430,20260320,2026-03-16,2026-04-30,2026-03-20,Closed,Completed,0,0
2599,RI-523-01,523,Issue,Rework could consume management reserve,Cost,4,4,16,High,Technical Lead,20260424,20260628,20260701,2026-04-24,2026-06-28,2026-07-01,Closed,Completed,0,0
2600,RI-523-02,523,Issue,Upstream data contract remains unresolved,Dependency,2,3,6,Medium,Systems Lead,20260326,20260512,20260411,2026-03-26,2026-05-12,2026-04-11,Closed,Completed,0,0
2601,RI-523-03,523,Issue,Security approval is on the critical path,Dependency,4,1,4,Low,Security Lead,20260604,20260811,,2026-06-04,2026-08-11,,Mitigated,Completed,0,0
2602,RI-523-04,523,Issue,Acceptance criteria remain partially ambiguous,Quality,3,1,3,Low,Supplier Manager,20260502,20260706,,2026-05-02,2026-07-06,,Open,In Progress,0,1
2603,RI-523-05,523,Risk,Release window has limited recovery float,Schedule,4,3,12,High,Release Manager,20260420,20260625,20260721,2026-04-20,2026-06-25,2026-07-21,Closed,Completed,0,0
2604,RI-523-06,523,Risk,Performance margin may not meet the target — Secure Service Acceleration,Technical,2,3,6,Medium,Technical Lead,20260502,20260717,20260518,2026-05-02,2026-07-17,2026-05-18,Closed,Completed,0,0
2605,RI-524-01,524,Risk,Performance margin may not meet the target,Technical,5,3,15,High,Quality Lead,20260715,20260811,,2026-07-15,2026-08-11,,Open,Not Started,0,0
2606,RI-524-02,524,Risk,Review capacity is concentrated in one role — Secure Service Orchestration,Resource,3,3,9,Medium,Finance Partner,20260617,20260803,20260708,2026-06-17,2026-08-03,2026-07-08,Closed,Completed,0,0
2607,RI-524-03,524,Risk,Field issue recurrence needs containment — Secure Service Orchestration,Quality,4,3,12,High,Data Lead,20260617,20260803,,2026-06-17,2026-08-03,,Open,Not Started,0,1
2608,RI-524-04,524,Risk,Traceability coverage requires remediation — Secure Service Orchestration,Quality,2,2,4,Low,Project Manager,20260605,20260811,,2026-06-05,2026-08-11,,Mitigated,Completed,0,0
2609,RI-525-01,525,Risk,Upstream data contract remains unresolved — Secure Service Intelligence,Dependency,4,3,12,High,Supplier Manager,20260619,20260811,,2026-06-19,2026-08-11,,Open,Not Started,0,0
2610,RI-525-02,525,Risk,Rework could consume management reserve — Secure Service Intelligence,Cost,3,3,9,Medium,Release Manager,20260627,20260811,,2026-06-27,2026-08-11,,Open,In Progress,0,0
2611,RI-525-03,525,Risk,Prototype result may require architecture rework — Secure Service Intelligence,Technical,3,4,12,High,Technical Lead,20260721,20260811,,2026-07-21,2026-08-11,,Open,Not Started,0,0
2612,RI-525-04,525,Issue,Environment parity is not yet demonstrated,Technical,2,3,6,Medium,Systems Lead,20260724,20260811,,2026-07-24,2026-08-11,,Monitoring,In Progress,0,0
2613,RI-525-05,525,Risk,Shared engineer availability may delay delivery,Resource,2,2,4,Low,Security Lead,20260626,20260811,,2026-06-26,2026-08-11,,Monitoring,In Progress,0,0
2614,RI-525-06,525,Risk,Technical debt may complicate integration,Technical,2,4,8,Medium,Supplier Manager,20260703,20260811,,2026-07-03,2026-08-11,,Open,Not Started,0,0
2615,RI-525-07,525,Risk,Review capacity is concentrated in one role,Resource,2,5,10,Medium,Release Manager,20260624,20260811,20260805,2026-06-24,2026-08-11,2026-08-05,Closed,Completed,0,0
2616,RI-526-01,526,Risk,Performance margin may not meet the target,Technical,3,4,12,High,Project Manager,20260621,20260811,,2026-06-21,2026-08-11,,Open,In Progress,0,0
2617,RI-526-02,526,Risk,Acceptance criteria remain partially ambiguous — Predictive Asset Modernization,Quality,2,2,4,Low,Product Owner,20260802,20260811,,2026-08-02,2026-08-11,,Monitoring,In Progress,0,0
2618,RI-526-03,526,Risk,Supplier lead time threatens the next gate — Predictive Asset Modernization,Schedule,4,4,16,High,Quality Lead,20260326,20260611,,2026-03-26,2026-06-11,,Open,Not Started,0,1
2619,RI-527-01,527,Risk,Traceability coverage requires remediation,Quality,2,3,6,Medium,Systems Lead,20251217,20260310,20260305,2025-12-17,2026-03-10,2026-03-05,Closed,Completed,0,0
2620,RI-527-02,527,Risk,Critical skill coverage is below demand — Predictive Asset Analytics,Resource,3,2,6,Medium,Security Lead,20260503,20260709,,2026-05-03,2026-07-09,,Open,Not Started,0,1
2621,RI-527-03,527,Risk,Rework could consume management reserve,Cost,4,4,16,High,Supplier Manager,20260803,20260811,,2026-08-03,2026-08-11,,Open,In Progress,0,0
2622,RI-527-04,527,Risk,Traceability coverage requires remediation,Quality,4,1,4,Low,Release Manager,20251124,20260227,,2025-11-24,2026-02-27,,Monitoring,In Progress,0,1
2623,RI-527-05,527,Risk,Competing portfolio priority constrains staffing — Predictive Asset Analytics,Resource,3,1,3,Low,Technical Lead,20260626,20260811,,2026-06-26,2026-08-11,,Monitoring,Completed,0,0
2624,RI-527-06,527,Issue,Material quotation may exceed the estimate,Cost,3,1,3,Low,Systems Lead,20260604,20260811,,2026-06-04,2026-08-11,,Monitoring,Completed,0,0
2625,RI-527-07,527,Issue,Customer test access is not yet confirmed,Dependency,3,5,15,High,Security Lead,20260628,20260811,,2026-06-28,2026-08-11,,Open,Not Started,0,0
2626,RI-528-01,528,Risk,Performance margin may not meet the target,Technical,2,2,4,Low,Finance Partner,20260807,20260811,,2026-08-07,2026-08-11,,Open,Not Started,0,0
2627,RI-528-02,528,Risk,Late design decision may affect downstream work,Schedule,3,2,6,Medium,Data Lead,20260807,20260811,,2026-08-07,2026-08-11,,Monitoring,In Progress,0,0
2628,RI-528-03,528,Issue,Verification evidence is incomplete — Predictive Asset Platform,Quality,5,1,5,Low,Project Manager,20260612,20260811,,2026-06-12,2026-08-11,,Monitoring,Completed,0,0
2629,RI-528-04,528,Risk,Prototype result may require architecture rework,Technical,4,1,4,Low,Product Owner,20260623,20260811,,2026-06-23,2026-08-11,,Open,Not Started,0,0
2630,RI-529-01,529,Issue,Supplier lead time threatens the next gate,Schedule,5,4,20,Critical,Release Manager,20260606,20260811,,2026-06-06,2026-08-11,,Open,Not Started,1,0
2631,RI-529-02,529,Issue,Rework could consume management reserve — Predictive Asset Optimization,Cost,3,1,3,Low,Technical Lead,20260214,20260323,20260413,2026-02-14,2026-03-23,2026-04-13,Closed,Not Required,0,0
2632,RI-529-03,529,Risk,Regression scope may exceed the test window,Quality,4,5,20,Critical,Systems Lead,20260523,20260707,20260714,2026-05-23,2026-07-07,2026-07-14,Closed,Completed,0,0
2633,RI-529-04,529,Issue,Supplier lead time threatens the next gate,Schedule,2,3,6,Medium,Security Lead,20260616,20260811,,2026-06-16,2026-08-11,,Monitoring,In Progress,0,0
2634,RI-529-05,529,Risk,Competing portfolio priority constrains staffing — Predictive Asset Optimization,Resource,3,4,12,High,Supplier Manager,20260619,20260811,,2026-06-19,2026-08-11,,Open,In Progress,0,0
2635,RI-529-06,529,Risk,Rework could consume management reserve,Cost,2,1,2,Low,Release Manager,20260429,20260811,,2026-04-29,2026-08-11,,Mitigated,Completed,0,0
2636,RI-529-07,529,Risk,Technical debt may complicate integration — Predictive Asset Optimization,Technical,4,2,8,Medium,Technical Lead,20251216,20260222,,2025-12-16,2026-02-22,,Mitigated,Completed,0,0
2637,RI-530-01,530,Risk,Interface behavior remains unproven — Predictive Asset Integration,Technical,4,1,4,Low,Product Owner,20260726,20260811,,2026-07-26,2026-08-11,,Monitoring,In Progress,0,0
2638,RI-530-02,530,Risk,Legacy data quality could require redesign — Predictive Asset Integration,Technical,2,3,6,Medium,Quality Lead,20260712,20260811,,2026-07-12,2026-08-11,,Open,Not Started,0,0
2639,RI-530-03,530,Issue,Committed spend limits recovery options,Cost,3,5,15,High,Finance Partner,20260608,20260810,,2026-06-08,2026-08-10,,Open,In Progress,0,1
2640,RI-531-01,531,Risk,Supplier lead time threatens the next gate,Schedule,2,2,4,Low,Security Lead,20260708,20260811,20260802,2026-07-08,2026-08-11,2026-08-02,Closed,Completed,0,0
2641,RI-531-02,531,Risk,Pilot readiness depends on unresolved actions — Predictive Asset Transformation,Schedule,4,2,8,Medium,Supplier Manager,20260401,20260527,20260606,2026-04-01,2026-05-27,2026-06-06,Closed,Completed,0,0
2642,RI-531-03,531,Risk,Committed spend limits recovery options — Predictive Asset Transformation,Cost,2,2,4,Low,Release Manager,20250928,20251126,,2025-09-28,2025-11-26,,Open,In Progress,0,1
2643,RI-531-04,531,Risk,Security approval is on the critical path — Predictive Asset Transformation,Dependency,2,5,10,Medium,Technical Lead,20260604,20260811,,2026-06-04,2026-08-11,,Open,Not Started,0,0
2644,RI-531-05,531,Risk,Verification evidence is incomplete,Quality,2,2,4,Low,Systems Lead,20251122,20260208,,2025-11-22,2026-02-08,,Mitigated,Completed,0,0
2645,RI-532-01,532,Issue,Scope clarification may require a budget change — Predictive Asset Enablement,Cost,3,3,9,Medium,Data Lead,20260329,20260611,,2026-03-29,2026-06-11,,Mitigated,Completed,0,0
2646,RI-532-02,532,Risk,Legacy data quality could require redesign — Predictive Asset Enablement,Technical,3,4,12,High,Project Manager,20251129,20260304,,2025-11-29,2026-03-04,,Monitoring,In Progress,0,1
2647,RI-532-03,532,Risk,Contractor transition may reduce throughput,Resource,2,2,4,Low,Product Owner,20260117,20260317,,2026-01-17,2026-03-17,,Mitigated,Completed,0,0
2648,RI-533-01,533,Risk,Cloud run cost is trending above the baseline,Cost,2,2,4,Low,Technical Lead,20260611,20260807,,2026-06-11,2026-08-07,,Monitoring,In Progress,0,1
2649,RI-533-02,533,Risk,Legacy data quality could require redesign,Technical,1,4,4,Low,Systems Lead,20260427,20260706,,2026-04-27,2026-07-06,,Monitoring,In Progress,0,1
2650,RI-533-03,533,Risk,Material quotation may exceed the estimate,Cost,3,1,3,Low,Security Lead,20260620,20260811,,2026-06-20,2026-08-11,,Open,Not Started,0,0
2651,RI-534-01,534,Issue,Specialist rate mix is above plan,Cost,3,4,12,High,Quality Lead,20260509,20260811,,2026-05-09,2026-08-11,,Open,In Progress,0,0
2652,RI-534-02,534,Risk,Field issue recurrence needs containment,Quality,3,5,15,High,Finance Partner,20260630,20260811,,2026-06-30,2026-08-11,,Monitoring,In Progress,0,0
2653,RI-534-03,534,Risk,Critical skill coverage is below demand,Resource,2,3,6,Medium,Data Lead,20260602,20260811,20260607,2026-06-02,2026-08-11,2026-06-07,Closed,Completed,0,0
2654,RI-534-04,534,Issue,Interface behavior remains unproven,Technical,4,3,12,High,Project Manager,20260406,20260716,,2026-04-06,2026-07-16,,Mitigated,Completed,0,0
2655,RI-535-01,535,Risk,Regression scope may exceed the test window — Predictive Asset Intelligence,Quality,5,5,25,Critical,Supplier Manager,20260305,20260511,20260414,2026-03-05,2026-05-11,2026-04-14,Closed,Completed,0,0
2656,RI-535-02,535,Risk,Backfill timing creates a capacity gap,Resource,5,2,10,Medium,Release Manager,20260407,20260616,,2026-04-07,2026-06-16,,Mitigated,Completed,0,0
2657,RI-535-03,535,Issue,Interface behavior remains unproven,Technical,3,3,9,Medium,Technical Lead,20251204,20260219,20260111,2025-12-04,2026-02-19,2026-01-11,Closed,Completed,0,0
2658,RI-535-04,535,Issue,Defect closure rate may miss the exit criterion,Quality,2,3,6,Medium,Systems Lead,20260626,20260811,,2026-06-26,2026-08-11,,Mitigated,Completed,0,0
2659,RI-535-05,535,Risk,Security approval is on the critical path — Predictive Asset Intelligence,Dependency,2,3,6,Medium,Security Lead,20260615,20260811,20260702,2026-06-15,2026-08-11,2026-07-02,Closed,Completed,0,0
2660,RI-536-01,536,Issue,Security approval is on the critical path — Predictive Operations Modernization,Dependency,3,4,12,High,Project Manager,20260519,20260810,,2026-05-19,2026-08-10,,Mitigated,Completed,0,0
2661,RI-536-02,536,Issue,Shared engineer availability may delay delivery,Resource,4,4,16,High,Product Owner,20260729,20260811,,2026-07-29,2026-08-11,,Open,In Progress,0,0
2662,RI-536-03,536,Risk,Shared engineer availability may delay delivery,Resource,3,3,9,Medium,Quality Lead,20260402,20260528,,2026-04-02,2026-05-28,,Mitigated,Completed,0,0
2663,RI-536-04,536,Issue,Competing portfolio priority constrains staffing — Predictive Operations Modernization,Resource,3,3,9,Medium,Finance Partner,20260719,20260811,,2026-07-19,2026-08-11,,Open,Not Started,0,0
2664,RI-537-01,537,Risk,Scope clarification may require a budget change,Cost,4,1,4,Low,Systems Lead,20260729,20260811,,2026-07-29,2026-08-11,,Mitigated,Completed,0,0
2665,RI-537-02,537,Issue,Integration sequence may compress validation — Predictive Operations Analytics,Schedule,3,2,6,Medium,Security Lead,20260715,20260811,,2026-07-15,2026-08-11,,Open,In Progress,0,0
2666,RI-537-03,537,Risk,Acceptance criteria remain partially ambiguous — Predictive Operations Analytics,Quality,2,3,6,Medium,Supplier Manager,20260701,20260811,,2026-07-01,2026-08-11,,Open,Not Started,0,0
2667,RI-537-04,537,Risk,Legacy data quality could require redesign,Technical,3,5,15,High,Release Manager,20260509,20260811,,2026-05-09,2026-08-11,,Open,Not Started,0,0
2668,RI-537-05,537,Issue,Vendor component readiness is uncertain,Dependency,2,3,6,Medium,Technical Lead,20260503,20260702,,2026-05-03,2026-07-02,,Mitigated,Completed,0,0
2669,RI-537-06,537,Risk,Review capacity is concentrated in one role,Resource,2,3,6,Medium,Systems Lead,20260731,20260811,,2026-07-31,2026-08-11,,Monitoring,In Progress,0,0
2670,RI-538-01,538,Risk,Supplier lead time threatens the next gate,Schedule,3,5,15,High,Finance Partner,20260422,20260627,,2026-04-22,2026-06-27,,Monitoring,In Progress,0,1
2671,RI-538-02,538,Risk,Customer test access is not yet confirmed,Dependency,3,2,6,Medium,Data Lead,20260511,20260802,,2026-05-11,2026-08-02,,Mitigated,Completed,0,0
2672,RI-538-03,538,Risk,Competing portfolio priority constrains staffing — Predictive Operations Platform,Resource,2,3,6,Medium,Project Manager,20251106,20260109,,2025-11-06,2026-01-09,,Open,In Progress,0,1
2673,RI-538-04,538,Risk,Interface behavior remains unproven,Technical,3,1,3,Low,Product Owner,20260502,20260703,,2026-05-02,2026-07-03,,Mitigated,Completed,0,0
2674,RI-539-01,539,Risk,Late design decision may affect downstream work,Schedule,1,2,2,Low,Release Manager,20260713,20260811,,2026-07-13,2026-08-11,,Monitoring,In Progress,0,0
2675,RI-539-02,539,Issue,Competing portfolio priority constrains staffing,Resource,2,2,4,Low,Technical Lead,20260707,20260811,,2026-07-07,2026-08-11,,Monitoring,In Progress,0,0
2676,RI-539-03,539,Risk,Review capacity is concentrated in one role — Predictive Operations Optimization,Resource,3,2,6,Medium,Systems Lead,20260714,20260811,,2026-07-14,2026-08-11,,Mitigated,Completed,0,0
2677,RI-540-01,540,Risk,Shared engineer availability may delay delivery,Resource,4,1,4,Low,Product Owner,20260520,20260725,20260616,2026-05-20,2026-07-25,2026-06-16,Closed,Completed,0,0
2678,RI-540-02,540,Risk,Critical skill coverage is below demand,Resource,3,2,6,Medium,Quality Lead,20260401,20260702,,2026-04-01,2026-07-02,,Monitoring,In Progress,0,1
2679,RI-540-03,540,Risk,External interface decision is blocking delivery,Dependency,2,1,2,Low,Finance Partner,20260313,20260717,,2026-03-13,2026-07-17,,Monitoring,In Progress,0,1
2680,RI-540-04,540,Risk,Legacy data quality could require redesign — Predictive Operations Integration,Technical,2,3,6,Medium,Data Lead,20260324,20260428,,2026-03-24,2026-04-28,,Open,Not Started,0,1
2681,RI-540-05,540,Risk,Contractor transition may reduce throughput,Resource,2,2,4,Low,Project Manager,20260728,20260811,,2026-07-28,2026-08-11,,Open,Not Started,0,0
2682,RI-541-01,541,Risk,Upstream data contract remains unresolved,Dependency,3,1,3,Low,Security Lead,20260517,20260811,20260726,2026-05-17,2026-08-11,2026-07-26,Closed,Completed,0,0
2683,RI-541-02,541,Risk,Competing portfolio priority constrains staffing,Resource,3,3,9,Medium,Supplier Manager,20260404,20260601,20260530,2026-04-04,2026-06-01,2026-05-30,Closed,Completed,0,0
2684,RI-541-03,541,Risk,Defect closure rate may miss the exit criterion — Predictive Operations Transformation,Quality,2,2,4,Low,Release Manager,20260727,20260811,,2026-07-27,2026-08-11,,Monitoring,In Progress,0,0
2685,RI-541-04,541,Risk,Test environment availability may move the baseline — Predictive Operations Transformation,Schedule,3,1,3,Low,Technical Lead,20260518,20260809,20260707,2026-05-18,2026-08-09,2026-07-07,Closed,Completed,0,0
2686,RI-542-01,542,Risk,Legacy data quality could require redesign,Technical,4,1,4,Low,Data Lead,20260614,20260811,,2026-06-14,2026-08-11,,Monitoring,Completed,0,0
2687,RI-542-02,542,Risk,Performance margin may not meet the target — Predictive Operations Enablement,Technical,3,3,9,Medium,Project Manager,20260513,20260622,,2026-05-13,2026-06-22,,Mitigated,Completed,0,0
2688,RI-542-03,542,Risk,Review capacity is concentrated in one role,Resource,3,5,15,High,Product Owner,20260714,20260811,,2026-07-14,2026-08-11,,Open,Not Started,0,0
2689,RI-543-01,543,Issue,Contractor transition may reduce throughput,Resource,3,1,3,Low,Technical Lead,20260310,20260512,,2026-03-10,2026-05-12,,Mitigated,Completed,0,0
2690,RI-543-02,543,Risk,Prototype result may require architecture rework — Predictive Operations Acceleration,Technical,4,2,8,Medium,Systems Lead,20260517,20260811,,2026-05-17,2026-08-11,,Open,Not Started,0,0
2691,RI-543-03,543,Risk,Shared engineer availability may delay delivery,Resource,2,2,4,Low,Security Lead,20260421,20260610,,2026-04-21,2026-06-10,,Open,Not Started,0,1
2692,RI-543-04,543,Risk,Cloud run cost is trending above the baseline,Cost,1,3,3,Low,Supplier Manager,20260406,20260723,20260603,2026-04-06,2026-07-23,2026-06-03,Closed,Completed,0,0
2693,RI-543-05,543,Risk,Release window has limited recovery float — Predictive Operations Acceleration,Schedule,5,1,5,Low,Release Manager,20260324,20260728,,2026-03-24,2026-07-28,,Open,In Progress,0,1
2694,RI-543-06,543,Issue,Late design decision may affect downstream work,Schedule,2,3,6,Medium,Technical Lead,20260728,20260811,,2026-07-28,2026-08-11,,Mitigated,Completed,0,0
2695,RI-544-01,544,Risk,Critical skill coverage is below demand,Resource,3,2,6,Medium,Quality Lead,20260328,20260708,,2026-03-28,2026-07-08,,Open,In Progress,0,1
2696,RI-544-02,544,Risk,Vendor component readiness is uncertain,Dependency,2,4,8,Medium,Finance Partner,20260529,20260714,20260807,2026-05-29,2026-07-14,2026-08-07,Closed,Not Required,0,0
2697,RI-544-03,544,Risk,Pilot readiness depends on unresolved actions,Schedule,2,3,6,Medium,Data Lead,20260212,20260502,,2026-02-12,2026-05-02,,Mitigated,Completed,0,0
2698,RI-545-01,545,Risk,Scope clarification may require a budget change — Predictive Operations Intelligence,Cost,4,4,16,High,Supplier Manager,20260410,20260713,,2026-04-10,2026-07-13,,Open,Not Started,0,1
2699,RI-545-02,545,Risk,Material quotation may exceed the estimate — Predictive Operations Intelligence,Cost,2,3,6,Medium,Release Manager,20260222,20260505,20260501,2026-02-22,2026-05-05,2026-05-01,Closed,Completed,0,0
2700,RI-545-03,545,Risk,Acceptance criteria remain partially ambiguous — Predictive Operations Intelligence,Quality,3,2,6,Medium,Technical Lead,20260217,20260402,,2026-02-17,2026-04-02,,Mitigated,Completed,0,0
2701,RI-545-04,545,Risk,Review capacity is concentrated in one role — Predictive Operations Intelligence,Resource,1,4,4,Low,Systems Lead,20260326,20260627,,2026-03-26,2026-06-27,,Monitoring,Completed,0,1
2702,RI-545-05,545,Risk,Supplier lead time threatens the next gate,Schedule,2,2,4,Low,Security Lead,20260216,20260504,20260329,2026-02-16,2026-05-04,2026-03-29,Closed,Completed,0,0
2703,RI-545-06,545,Issue,Environment parity is not yet demonstrated,Technical,4,3,12,High,Supplier Manager,20260126,20260512,,2026-01-26,2026-05-12,,Mitigated,Completed,0,0
2704,RI-546-01,546,Risk,Interface behavior remains unproven,Technical,4,4,16,High,Project Manager,20260416,20260721,20260426,2026-04-16,2026-07-21,2026-04-26,Closed,Completed,0,0
2705,RI-546-02,546,Risk,Interface behavior remains unproven — Predictive Reliability Modernization,Technical,3,3,9,Medium,Product Owner,20260316,20260723,,2026-03-16,2026-07-23,,Mitigated,Completed,0,0
2706,RI-546-03,546,Risk,Environment parity is not yet demonstrated,Technical,3,5,15,High,Quality Lead,20260611,20260811,,2026-06-11,2026-08-11,,Open,In Progress,0,0
2707,RI-547-01,547,Risk,External interface decision is blocking delivery,Dependency,3,1,3,Low,Systems Lead,20260722,20260811,,2026-07-22,2026-08-11,,Open,Not Started,0,0
2708,RI-547-02,547,Issue,Supplier lead time threatens the next gate,Schedule,3,3,9,Medium,Security Lead,20260527,20260811,,2026-05-27,2026-08-11,,Open,Not Started,0,0
2709,RI-547-03,547,Risk,Platform release timing may create a mismatch,Dependency,5,4,20,Critical,Supplier Manager,20260613,20260718,,2026-06-13,2026-07-18,,Mitigated,Completed,0,0
2710,RI-547-04,547,Risk,Rework could consume management reserve — Predictive Reliability Analytics,Cost,3,2,6,Medium,Release Manager,20260618,20260811,,2026-06-18,2026-08-11,,Monitoring,Completed,0,0
2711,RI-547-05,547,Issue,Vendor component readiness is uncertain — Predictive Reliability Analytics,Dependency,4,4,16,High,Technical Lead,20260731,20260811,,2026-07-31,2026-08-11,,Monitoring,In Progress,0,0
2712,RI-547-06,547,Issue,Shared engineer availability may delay delivery — Predictive Reliability Analytics,Resource,4,3,12,High,Systems Lead,20260716,20260811,,2026-07-16,2026-08-11,,Monitoring,Completed,0,0
2713,RI-548-01,548,Issue,Regression scope may exceed the test window — Predictive Reliability Platform,Quality,3,5,15,High,Finance Partner,20260121,20260303,,2026-01-21,2026-03-03,,Monitoring,In Progress,0,1
2714,RI-548-02,548,Risk,Prototype result may require architecture rework,Technical,3,4,12,High,Data Lead,20251121,20260131,20251129,2025-11-21,2026-01-31,2025-11-29,Closed,Completed,0,0
2715,RI-548-03,548,Issue,Technical debt may complicate integration — Predictive Reliability Platform,Technical,3,1,3,Low,Project Manager,20260503,20260722,,2026-05-03,2026-07-22,,Mitigated,Completed,0,0
2716,RI-548-04,548,Risk,Vendor component readiness is uncertain — Predictive Reliability Platform,Dependency,4,2,8,Medium,Product Owner,20251121,20260303,,2025-11-21,2026-03-03,,Monitoring,In Progress,0,1
2717,RI-549-01,549,Issue,Pilot readiness depends on unresolved actions — Predictive Reliability Optimization,Schedule,4,4,16,High,Release Manager,20260807,20260811,,2026-08-07,2026-08-11,,Open,In Progress,0,0
2718,RI-549-02,549,Risk,Contractor transition may reduce throughput — Predictive Reliability Optimization,Resource,5,3,15,High,Technical Lead,20260707,20260811,20260717,2026-07-07,2026-08-11,2026-07-17,Closed,Completed,0,0
2719,RI-549-03,549,Risk,Field issue recurrence needs containment — Predictive Reliability Optimization,Quality,4,3,12,High,Systems Lead,20260315,20260531,20260511,2026-03-15,2026-05-31,2026-05-11,Closed,Not Required,0,0
2720,RI-549-04,549,Issue,Specialist rate mix is above plan,Cost,2,5,10,Medium,Security Lead,20260605,20260718,,2026-06-05,2026-07-18,,Mitigated,Completed,0,0
2721,RI-550-01,550,Risk,Test environment availability may move the baseline — Predictive Reliability Integration,Schedule,3,3,9,Medium,Product Owner,20260619,20260811,,2026-06-19,2026-08-11,,Open,In Progress,0,0
2722,RI-550-02,550,Risk,Security approval is on the critical path — Predictive Reliability Integration,Dependency,3,3,9,Medium,Quality Lead,20260531,20260811,,2026-05-31,2026-08-11,,Monitoring,In Progress,0,0
2723,RI-550-03,550,Risk,Review capacity is concentrated in one role — Predictive Reliability Integration,Resource,2,2,4,Low,Finance Partner,20260723,20260811,,2026-07-23,2026-08-11,,Open,Not Started,0,0
2724,RI-550-04,550,Risk,Release window has limited recovery float — Predictive Reliability Integration,Schedule,1,3,3,Low,Data Lead,20260721,20260811,,2026-07-21,2026-08-11,,Open,In Progress,0,0
2725,RI-550-05,550,Risk,Committed spend limits recovery options,Cost,3,3,9,Medium,Project Manager,20260801,20260811,,2026-08-01,2026-08-11,,Open,In Progress,0,0
2726,RI-551-01,551,Issue,Integration sequence may compress validation,Schedule,5,5,25,Critical,Security Lead,20260331,20260519,,2026-03-31,2026-05-19,,Monitoring,Completed,1,1
2727,RI-551-02,551,Risk,Environment parity is not yet demonstrated,Technical,3,4,12,High,Supplier Manager,20260717,20260811,,2026-07-17,2026-08-11,,Open,Not Started,0,0
2728,RI-551-03,551,Risk,Integration sequence may compress validation,Schedule,4,4,16,High,Release Manager,20260419,20260719,20260623,2026-04-19,2026-07-19,2026-06-23,Closed,Completed,0,0
2729,RI-551-04,551,Issue,Field issue recurrence needs containment,Quality,4,3,12,High,Technical Lead,20260622,20260811,,2026-06-22,2026-08-11,,Mitigated,Completed,0,0
2730,RI-552-01,552,Issue,Customer test access is not yet confirmed — Predictive Reliability Enablement,Dependency,5,4,20,Critical,Data Lead,20250901,20260120,20251029,2025-09-01,2026-01-20,2025-10-29,Closed,Completed,0,0
2731,RI-552-02,552,Risk,Environment parity is not yet demonstrated — Predictive Reliability Enablement,Technical,4,4,16,High,Project Manager,20260307,20260513,,2026-03-07,2026-05-13,,Mitigated,Completed,0,0
2732,RI-552-03,552,Risk,Environment parity is not yet demonstrated,Technical,3,3,9,Medium,Product Owner,20260317,20260722,20260328,2026-03-17,2026-07-22,2026-03-28,Closed,Completed,0,0
2733,RI-552-04,552,Risk,Vendor component readiness is uncertain — Predictive Reliability Enablement,Dependency,4,4,16,High,Quality Lead,20251206,20260119,,2025-12-06,2026-01-19,,Mitigated,Completed,0,0
2734,RI-552-05,552,Issue,Release window has limited recovery float,Schedule,4,2,8,Medium,Finance Partner,20251024,20251224,20260104,2025-10-24,2025-12-24,2026-01-04,Closed,Completed,0,0
2735,RI-552-06,552,Risk,Traceability coverage requires remediation,Quality,2,1,2,Low,Data Lead,20260407,20260715,,2026-04-07,2026-07-15,,Mitigated,Completed,0,0
2736,RI-553-01,553,Risk,Material quotation may exceed the estimate — Predictive Reliability Acceleration,Cost,5,1,5,Low,Technical Lead,20251223,20260421,,2025-12-23,2026-04-21,,Mitigated,Completed,0,0
2737,RI-553-02,553,Risk,Supplier lead time threatens the next gate,Schedule,3,4,12,High,Systems Lead,20260624,20260811,,2026-06-24,2026-08-11,,Open,Not Started,0,0
2738,RI-553-03,553,Risk,Environment parity is not yet demonstrated,Technical,3,3,9,Medium,Security Lead,20260719,20260811,,2026-07-19,2026-08-11,,Mitigated,Completed,0,0
2739,RI-553-04,553,Issue,Acceptance criteria remain partially ambiguous,Quality,3,3,9,Medium,Supplier Manager,20260713,20260811,,2026-07-13,2026-08-11,,Monitoring,In Progress,0,0
2740,RI-553-05,553,Risk,Security approval is on the critical path — Predictive Reliability Acceleration,Dependency,1,3,3,Low,Release Manager,20260618,20260811,,2026-06-18,2026-08-11,,Open,In Progress,0,0
2741,RI-553-06,553,Issue,Late design decision may affect downstream work — Predictive Reliability Acceleration,Schedule,4,4,16,High,Technical Lead,20260331,20260713,20260601,2026-03-31,2026-07-13,2026-06-01,Closed,Completed,0,0
2742,RI-554-01,554,Issue,Rework could consume management reserve,Cost,3,2,6,Medium,Quality Lead,20260425,20260811,20260614,2026-04-25,2026-08-11,2026-06-14,Closed,Completed,0,0
2743,RI-554-02,554,Risk,Supplier lead time threatens the next gate — Predictive Reliability Orchestration,Schedule,3,4,12,High,Finance Partner,20260720,20260811,,2026-07-20,2026-08-11,,Open,Not Started,0,0
2744,RI-554-03,554,Risk,Scope clarification may require a budget change — Predictive Reliability Orchestration,Cost,3,5,15,High,Data Lead,20260130,20260316,,2026-01-30,2026-03-16,,Monitoring,In Progress,0,1
2745,RI-554-04,554,Risk,Prototype result may require architecture rework,Technical,2,3,6,Medium,Project Manager,20260507,20260709,,2026-05-07,2026-07-09,,Monitoring,In Progress,0,1
2746,RI-554-05,554,Risk,Material quotation may exceed the estimate,Cost,2,1,2,Low,Product Owner,20251226,20260226,,2025-12-26,2026-02-26,,Open,In Progress,0,1
2747,RI-554-06,554,Issue,Environment parity is not yet demonstrated,Technical,3,4,12,High,Quality Lead,20260228,20260527,,2026-02-28,2026-05-27,,Mitigated,Completed,0,0
2748,RI-555-01,555,Risk,Rework could consume management reserve — Predictive Reliability Intelligence,Cost,5,4,20,Critical,Supplier Manager,20251113,20260321,,2025-11-13,2026-03-21,,Mitigated,Completed,0,0
2749,RI-555-02,555,Risk,Environment parity is not yet demonstrated,Technical,2,5,10,Medium,Release Manager,20251222,20260306,,2025-12-22,2026-03-06,,Mitigated,Completed,0,0
2750,RI-555-03,555,Risk,Environment parity is not yet demonstrated,Technical,4,3,12,High,Technical Lead,20260409,20260619,20260603,2026-04-09,2026-06-19,2026-06-03,Closed,Completed,0,0
2751,RI-555-04,555,Risk,Late design decision may affect downstream work,Schedule,3,2,6,Medium,Systems Lead,20260323,20260627,,2026-03-23,2026-06-27,,Mitigated,Completed,0,0
2752,RI-555-05,555,Issue,Critical skill coverage is below demand,Resource,3,4,12,High,Security Lead,20260725,20260811,,2026-07-25,2026-08-11,,Open,Not Started,0,0
2753,RI-555-06,555,Risk,Test environment availability may move the baseline,Schedule,3,4,12,High,Supplier Manager,20260601,20260811,,2026-06-01,2026-08-11,,Mitigated,Completed,0,0
2754,RI-556-01,556,Risk,Test environment availability may move the baseline — Predictive Controls Modernization,Schedule,4,3,12,High,Project Manager,20260505,20260811,,2026-05-05,2026-08-11,,Monitoring,Completed,0,0
2755,RI-556-02,556,Risk,Shared engineer availability may delay delivery — Predictive Controls Modernization,Resource,1,1,1,Low,Product Owner,20260725,20260811,,2026-07-25,2026-08-11,,Open,In Progress,0,0
2756,RI-556-03,556,Risk,Traceability coverage requires remediation — Predictive Controls Modernization,Quality,2,1,2,Low,Quality Lead,20260212,20260520,,2026-02-12,2026-05-20,,Monitoring,In Progress,0,1
2757,RI-557-01,557,Issue,Scope clarification may require a budget change,Cost,3,1,3,Low,Systems Lead,20260705,20260811,,2026-07-05,2026-08-11,,Open,Not Started,0,0
2758,RI-557-02,557,Risk,Vendor component readiness is uncertain — Predictive Controls Analytics,Dependency,4,4,16,High,Security Lead,20260726,20260811,,2026-07-26,2026-08-11,,Monitoring,Completed,0,0
2759,RI-557-03,557,Risk,Interface behavior remains unproven — Predictive Controls Analytics,Technical,3,2,6,Medium,Supplier Manager,20260730,20260811,20260801,2026-07-30,2026-08-11,2026-08-01,Closed,Completed,0,0
2760,RI-557-04,557,Risk,Verification evidence is incomplete — Predictive Controls Analytics,Quality,4,4,16,High,Release Manager,20260707,20260811,,2026-07-07,2026-08-11,,Open,In Progress,0,0
2761,RI-558-01,558,Risk,Committed spend limits recovery options,Cost,3,4,12,High,Finance Partner,20260605,20260811,,2026-06-05,2026-08-11,,Monitoring,In Progress,0,0
2762,RI-558-02,558,Issue,Backfill timing creates a capacity gap,Resource,5,3,15,High,Data Lead,20260531,20260710,,2026-05-31,2026-07-10,,Monitoring,In Progress,0,1
2763,RI-558-03,558,Risk,Acceptance criteria remain partially ambiguous,Quality,3,4,12,High,Project Manager,20260511,20260806,20260610,2026-05-11,2026-08-06,2026-06-10,Closed,Completed,0,0
2764,RI-558-04,558,Risk,Customer test access is not yet confirmed,Dependency,5,3,15,High,Product Owner,20260608,20260811,,2026-06-08,2026-08-11,,Open,Not Started,0,0
2765,RI-558-05,558,Risk,Prototype result may require architecture rework,Technical,5,3,15,High,Quality Lead,20260809,20260811,,2026-08-09,2026-08-11,,Open,In Progress,0,0
2766,RI-558-06,558,Issue,Cloud run cost is trending above the baseline — Predictive Controls Platform,Cost,3,3,9,Medium,Finance Partner,20260406,20260606,,2026-04-06,2026-06-06,,Monitoring,In Progress,0,1
2767,RI-559-01,559,Issue,Upstream data contract remains unresolved,Dependency,3,3,9,Medium,Release Manager,20251228,20260313,20260328,2025-12-28,2026-03-13,2026-03-28,Closed,Completed,0,0
2768,RI-559-02,559,Risk,Test environment availability may move the baseline — Predictive Controls Optimization,Schedule,2,4,8,Medium,Technical Lead,20251018,20260207,,2025-10-18,2026-02-07,,Mitigated,Completed,0,0
2769,RI-559-03,559,Risk,Specialist rate mix is above plan — Predictive Controls Optimization,Cost,2,3,6,Medium,Systems Lead,20260313,20260430,,2026-03-13,2026-04-30,,Mitigated,Completed,0,0
2770,RI-559-04,559,Risk,Integration sequence may compress validation — Predictive Controls Optimization,Schedule,2,3,6,Medium,Security Lead,20260725,20260811,,2026-07-25,2026-08-11,,Open,Not Started,0,0
2771,RI-559-05,559,Risk,Pilot readiness depends on unresolved actions — Predictive Controls Optimization,Schedule,3,4,12,High,Supplier Manager,20260703,20260811,,2026-07-03,2026-08-11,,Mitigated,Completed,0,0
2772,RI-559-06,559,Risk,Critical skill coverage is below demand — Predictive Controls Optimization,Resource,3,3,9,Medium,Release Manager,20260411,20260517,20260417,2026-04-11,2026-05-17,2026-04-17,Closed,Completed,0,0
2773,RI-559-07,559,Risk,Platform release timing may create a mismatch,Dependency,2,1,2,Low,Technical Lead,20260412,20260712,20260516,2026-04-12,2026-07-12,2026-05-16,Closed,Completed,0,0
2774,RI-560-01,560,Risk,Pilot readiness depends on unresolved actions,Schedule,4,3,12,High,Product Owner,20260521,20260722,20260729,2026-05-21,2026-07-22,2026-07-29,Closed,Not Required,0,0
2775,RI-560-02,560,Issue,Defect closure rate may miss the exit criterion,Quality,5,3,15,High,Quality Lead,20260327,20260730,,2026-03-27,2026-07-30,,Mitigated,Completed,0,0
2776,RI-560-03,560,Risk,Specialist rate mix is above plan,Cost,4,2,8,Medium,Finance Partner,20260623,20260811,,2026-06-23,2026-08-11,,Monitoring,In Progress,0,0
2777,RI-560-04,560,Risk,Rework could consume management reserve — Predictive Controls Integration,Cost,2,3,6,Medium,Data Lead,20260529,20260809,20260711,2026-05-29,2026-08-09,2026-07-11,Closed,Not Required,0,0
2778,RI-560-05,560,Risk,Acceptance criteria remain partially ambiguous,Quality,2,3,6,Medium,Project Manager,20260329,20260529,,2026-03-29,2026-05-29,,Monitoring,Completed,0,1
2779,RI-560-06,560,Risk,Interface behavior remains unproven — Predictive Controls Integration,Technical,4,2,8,Medium,Product Owner,20260804,20260811,,2026-08-04,2026-08-11,,Monitoring,In Progress,0,0
2780,RI-560-07,560,Issue,Field issue recurrence needs containment — Predictive Controls Integration,Quality,2,5,10,Medium,Quality Lead,20260701,20260811,,2026-07-01,2026-08-11,,Monitoring,In Progress,0,0
2781,RI-561-01,561,Issue,Acceptance criteria remain partially ambiguous,Quality,3,3,9,Medium,Security Lead,20260512,20260724,20260605,2026-05-12,2026-07-24,2026-06-05,Closed,Completed,0,0
2782,RI-561-02,561,Risk,Vendor component readiness is uncertain — Predictive Controls Transformation,Dependency,3,3,9,Medium,Supplier Manager,20260413,20260621,,2026-04-13,2026-06-21,,Open,Not Started,0,1
2783,RI-561-03,561,Risk,Release window has limited recovery float — Predictive Controls Transformation,Schedule,1,4,4,Low,Release Manager,20260529,20260804,,2026-05-29,2026-08-04,,Mitigated,Completed,0,0
2784,RI-561-04,561,Risk,Environment parity is not yet demonstrated — Predictive Controls Transformation,Technical,4,3,12,High,Technical Lead,20260416,20260603,20260515,2026-04-16,2026-06-03,2026-05-15,Closed,Completed,0,0
2785,RI-561-05,561,Issue,Vendor component readiness is uncertain,Dependency,2,3,6,Medium,Systems Lead,20260612,20260811,,2026-06-12,2026-08-11,,Monitoring,Completed,0,0
2786,RI-561-06,561,Issue,Backfill timing creates a capacity gap — Predictive Controls Transformation,Resource,1,1,1,Low,Security Lead,20260618,20260811,,2026-06-18,2026-08-11,,Open,Not Started,0,0
2787,RI-561-07,561,Risk,Late design decision may affect downstream work — Predictive Controls Transformation,Schedule,3,5,15,High,Supplier Manager,20260329,20260710,,2026-03-29,2026-07-10,,Mitigated,Completed,0,0
2788,RI-562-01,562,Risk,Committed spend limits recovery options,Cost,3,1,3,Low,Data Lead,20260809,20260811,,2026-08-09,2026-08-11,,Open,In Progress,0,0
2789,RI-562-02,562,Risk,Contractor transition may reduce throughput,Resource,2,3,6,Medium,Project Manager,20260809,20260811,,2026-08-09,2026-08-11,,Monitoring,Completed,0,0
2790,RI-562-03,562,Issue,Test environment availability may move the baseline,Schedule,3,3,9,Medium,Product Owner,20260522,20260729,,2026-05-22,2026-07-29,,Monitoring,In Progress,0,1
2791,RI-562-04,562,Risk,Legacy data quality could require redesign — Predictive Controls Enablement,Technical,4,1,4,Low,Quality Lead,20260724,20260811,,2026-07-24,2026-08-11,,Open,In Progress,0,0
2792,RI-562-05,562,Issue,Interface behavior remains unproven,Technical,2,3,6,Medium,Finance Partner,20260805,20260811,,2026-08-05,2026-08-11,,Mitigated,Completed,0,0
2793,RI-562-06,562,Risk,Critical skill coverage is below demand,Resource,4,2,8,Medium,Data Lead,20260725,20260811,20260728,2026-07-25,2026-08-11,2026-07-28,Closed,Not Required,0,0
2794,RI-563-01,563,Risk,Interface behavior remains unproven,Technical,3,4,12,High,Technical Lead,20260221,20260424,20260425,2026-02-21,2026-04-24,2026-04-25,Closed,Completed,0,0
2795,RI-563-02,563,Issue,Regression scope may exceed the test window,Quality,3,5,15,High,Systems Lead,20251204,20260216,,2025-12-04,2026-02-16,,Monitoring,In Progress,0,1
2796,RI-563-03,563,Risk,Integration sequence may compress validation,Schedule,2,4,8,Medium,Security Lead,20260324,20260430,,2026-03-24,2026-04-30,,Open,Not Started,0,1
2797,RI-563-04,563,Risk,Cloud run cost is trending above the baseline,Cost,2,3,6,Medium,Supplier Manager,20260228,20260504,,2026-02-28,2026-05-04,,Monitoring,In Progress,0,1
2798,RI-563-05,563,Risk,Release window has limited recovery float,Schedule,2,2,4,Low,Release Manager,20251130,20260316,,2025-11-30,2026-03-16,,Mitigated,Completed,0,0
2799,RI-563-06,563,Risk,Material quotation may exceed the estimate,Cost,2,2,4,Low,Technical Lead,20260121,20260523,20260207,2026-01-21,2026-05-23,2026-02-07,Closed,Completed,0,0
2800,RI-564-01,564,Risk,Environment parity is not yet demonstrated,Technical,3,3,9,Medium,Quality Lead,20260406,20260619,20260423,2026-04-06,2026-06-19,2026-04-23,Closed,Completed,0,0
2801,RI-564-02,564,Risk,Environment parity is not yet demonstrated — Predictive Controls Orchestration,Technical,2,4,8,Medium,Finance Partner,20260512,20260711,,2026-05-12,2026-07-11,,Mitigated,Completed,0,0
2802,RI-564-03,564,Risk,Test environment availability may move the baseline — Predictive Controls Orchestration,Schedule,5,4,20,Critical,Data Lead,20260715,20260811,,2026-07-15,2026-08-11,,Open,In Progress,1,0
2803,RI-564-04,564,Risk,Vendor component readiness is uncertain,Dependency,3,2,6,Medium,Project Manager,20251125,20260103,20260104,2025-11-25,2026-01-03,2026-01-04,Closed,Completed,0,0
2804,RI-564-05,564,Risk,Committed spend limits recovery options,Cost,1,4,4,Low,Product Owner,20251104,20251227,,2025-11-04,2025-12-27,,Mitigated,Completed,0,0
2805,RI-564-06,564,Risk,Scope clarification may require a budget change,Cost,2,3,6,Medium,Quality Lead,20260522,20260811,,2026-05-22,2026-08-11,,Monitoring,In Progress,0,0
2806,RI-565-01,565,Risk,Material quotation may exceed the estimate,Cost,2,4,8,Medium,Supplier Manager,20260323,20260606,20260504,2026-03-23,2026-06-06,2026-05-04,Closed,Not Required,0,0
2807,RI-565-02,565,Issue,Field issue recurrence needs containment,Quality,2,4,8,Medium,Release Manager,20260216,20260618,20260401,2026-02-16,2026-06-18,2026-04-01,Closed,Completed,0,0
2808,RI-565-03,565,Risk,Acceptance criteria remain partially ambiguous — Predictive Controls Intelligence,Quality,1,3,3,Low,Technical Lead,20260505,20260725,,2026-05-05,2026-07-25,,Mitigated,Completed,0,0
2809,RI-566-01,566,Issue,External interface decision is blocking delivery,Dependency,4,4,16,High,Project Manager,20260624,20260811,,2026-06-24,2026-08-11,,Monitoring,In Progress,0,0
2810,RI-566-02,566,Risk,Critical skill coverage is below demand — Predictive Telemetry Modernization,Resource,4,1,4,Low,Product Owner,20260426,20260704,,2026-04-26,2026-07-04,,Mitigated,Completed,0,0
2811,RI-566-03,566,Risk,Legacy data quality could require redesign — Predictive Telemetry Modernization,Technical,2,2,4,Low,Quality Lead,20260610,20260811,,2026-06-10,2026-08-11,,Open,In Progress,0,0
2812,RI-566-04,566,Risk,Platform release timing may create a mismatch — Predictive Telemetry Modernization,Dependency,4,3,12,High,Finance Partner,20260710,20260811,,2026-07-10,2026-08-11,,Open,In Progress,0,0
2813,RI-567-01,567,Issue,Shared engineer availability may delay delivery,Resource,4,4,16,High,Systems Lead,20260224,20260610,,2026-02-24,2026-06-10,,Mitigated,Completed,0,0
2814,RI-567-02,567,Issue,Environment parity is not yet demonstrated,Technical,3,3,9,Medium,Security Lead,20260507,20260811,,2026-05-07,2026-08-11,,Open,Not Started,0,0
2815,RI-567-03,567,Issue,Rework could consume management reserve — Predictive Telemetry Analytics,Cost,4,2,8,Medium,Supplier Manager,20260405,20260617,20260623,2026-04-05,2026-06-17,2026-06-23,Closed,Completed,0,0
2816,RI-567-04,567,Risk,Field issue recurrence needs containment — Predictive Telemetry Analytics,Quality,2,4,8,Medium,Release Manager,20260314,20260619,20260420,2026-03-14,2026-06-19,2026-04-20,Closed,Completed,0,0
2817,RI-568-01,568,Risk,Cloud run cost is trending above the baseline — Predictive Telemetry Platform,Cost,4,2,8,Medium,Finance Partner,20251203,20260130,20251216,2025-12-03,2026-01-30,2025-12-16,Closed,Completed,0,0
2818,RI-568-02,568,Risk,Rework could consume management reserve — Predictive Telemetry Platform,Cost,4,3,12,High,Data Lead,20251205,20260212,,2025-12-05,2026-02-12,,Mitigated,Completed,0,0
2819,RI-568-03,568,Issue,Prototype result may require architecture rework — Predictive Telemetry Platform,Technical,2,3,6,Medium,Project Manager,20251101,20260111,20251220,2025-11-01,2026-01-11,2025-12-20,Closed,Completed,0,0
2820,RI-568-04,568,Issue,Platform release timing may create a mismatch,Dependency,4,5,20,Critical,Product Owner,20260511,20260811,,2026-05-11,2026-08-11,,Monitoring,In Progress,1,0
2821,RI-569-01,569,Risk,Verification evidence is incomplete — Predictive Telemetry Optimization,Quality,5,4,20,Critical,Release Manager,20260127,20260408,,2026-01-27,2026-04-08,,Open,In Progress,1,1
2822,RI-569-02,569,Risk,Technical debt may complicate integration — Predictive Telemetry Optimization,Technical,2,3,6,Medium,Technical Lead,20260128,20260317,,2026-01-28,2026-03-17,,Monitoring,In Progress,0,1
2823,RI-569-03,569,Risk,Technical debt may complicate integration — Predictive Telemetry Optimization,Technical,2,3,6,Medium,Systems Lead,20260629,20260811,,2026-06-29,2026-08-11,,Monitoring,In Progress,0,0
2824,RI-570-01,570,Issue,Shared engineer availability may delay delivery,Resource,4,4,16,High,Product Owner,20260407,20260806,,2026-04-07,2026-08-06,,Mitigated,Completed,0,0
2825,RI-570-02,570,Issue,Late design decision may affect downstream work — Predictive Telemetry Integration,Schedule,3,4,12,High,Quality Lead,20260727,20260811,,2026-07-27,2026-08-11,,Monitoring,In Progress,0,0
2826,RI-570-03,570,Risk,Legacy data quality could require redesign,Technical,3,4,12,High,Finance Partner,20260716,20260811,,2026-07-16,2026-08-11,,Mitigated,Completed,0,0
2827,RI-570-04,570,Risk,Pilot readiness depends on unresolved actions,Schedule,4,2,8,Medium,Data Lead,20260627,20260731,20260804,2026-06-27,2026-07-31,2026-08-04,Closed,Completed,0,0
2828,RI-571-01,571,Issue,Backfill timing creates a capacity gap,Resource,5,5,25,Critical,Security Lead,20260807,20260811,,2026-08-07,2026-08-11,,Monitoring,Completed,1,0
2829,RI-571-02,571,Risk,Committed spend limits recovery options — Predictive Telemetry Transformation,Cost,3,2,6,Medium,Supplier Manager,20260625,20260811,,2026-06-25,2026-08-11,,Open,Not Started,0,0
2830,RI-571-03,571,Risk,Specialist rate mix is above plan — Predictive Telemetry Transformation,Cost,4,4,16,High,Release Manager,20260720,20260811,,2026-07-20,2026-08-11,,Open,Not Started,0,0
2831,RI-571-04,571,Risk,Defect closure rate may miss the exit criterion,Quality,3,2,6,Medium,Technical Lead,20260628,20260811,,2026-06-28,2026-08-11,,Open,In Progress,0,0
2832,RI-571-05,571,Risk,Test environment availability may move the baseline,Schedule,2,5,10,Medium,Systems Lead,20260625,20260811,,2026-06-25,2026-08-11,,Monitoring,In Progress,0,0
2833,RI-572-01,572,Risk,Vendor component readiness is uncertain,Dependency,1,2,2,Low,Data Lead,20251203,20260215,,2025-12-03,2026-02-15,,Mitigated,Completed,0,0
2834,RI-572-02,572,Issue,Performance margin may not meet the target,Technical,3,3,9,Medium,Project Manager,20260301,20260603,,2026-03-01,2026-06-03,,Monitoring,In Progress,0,1
2835,RI-572-03,572,Risk,Cloud run cost is trending above the baseline — Predictive Telemetry Enablement,Cost,4,4,16,High,Product Owner,20260224,20260605,20260621,2026-02-24,2026-06-05,2026-06-21,Closed,Completed,0,0
2836,RI-572-04,572,Risk,Performance margin may not meet the target,Technical,3,4,12,High,Quality Lead,20260614,20260811,,2026-06-14,2026-08-11,,Open,In Progress,0,0
2837,RI-572-05,572,Risk,Regression scope may exceed the test window — Predictive Telemetry Enablement,Quality,5,2,10,Medium,Finance Partner,20260505,20260702,20260710,2026-05-05,2026-07-02,2026-07-10,Closed,Completed,0,0
2838,RI-572-06,572,Risk,Competing portfolio priority constrains staffing,Resource,3,5,15,High,Data Lead,20260125,20260609,20260128,2026-01-25,2026-06-09,2026-01-28,Closed,Completed,0,0
2839,RI-573-01,573,Issue,Contractor transition may reduce throughput — Predictive Telemetry Acceleration,Resource,2,5,10,Medium,Technical Lead,20260131,20260403,,2026-01-31,2026-04-03,,Mitigated,Completed,0,0
2840,RI-573-02,573,Risk,Vendor component readiness is uncertain — Predictive Telemetry Acceleration,Dependency,3,2,6,Medium,Systems Lead,20260430,20260811,,2026-04-30,2026-08-11,,Open,Not Started,0,0
2841,RI-573-03,573,Risk,Defect closure rate may miss the exit criterion — Predictive Telemetry Acceleration,Quality,3,4,12,High,Security Lead,20260724,20260811,,2026-07-24,2026-08-11,,Monitoring,In Progress,0,0
2842,RI-573-04,573,Issue,Defect closure rate may miss the exit criterion — Predictive Telemetry Acceleration,Quality,3,3,9,Medium,Supplier Manager,20260228,20260408,,2026-02-28,2026-04-08,,Mitigated,Completed,0,0
2843,RI-573-05,573,Issue,Regression scope may exceed the test window — Predictive Telemetry Acceleration,Quality,1,2,2,Low,Release Manager,20251122,20260202,,2025-11-22,2026-02-02,,Monitoring,In Progress,0,1
2844,RI-574-01,574,Risk,Late design decision may affect downstream work,Schedule,2,4,8,Medium,Quality Lead,20260503,20260714,20260725,2026-05-03,2026-07-14,2026-07-25,Closed,Completed,0,0
2845,RI-574-02,574,Risk,Prototype result may require architecture rework,Technical,3,5,15,High,Finance Partner,20260507,20260617,,2026-05-07,2026-06-17,,Mitigated,Completed,0,0
2846,RI-574-03,574,Risk,Test environment availability may move the baseline — Predictive Telemetry Orchestration,Schedule,4,3,12,High,Data Lead,20260703,20260811,,2026-07-03,2026-08-11,,Open,In Progress,0,0
2847,RI-574-04,574,Risk,Specialist rate mix is above plan — Predictive Telemetry Orchestration,Cost,4,2,8,Medium,Project Manager,20260628,20260811,,2026-06-28,2026-08-11,,Monitoring,In Progress,0,0
2848,RI-574-05,574,Risk,Late design decision may affect downstream work,Schedule,3,2,6,Medium,Product Owner,20260429,20260701,,2026-04-29,2026-07-01,,Mitigated,Completed,0,0
2849,RI-574-06,574,Risk,Interface behavior remains unproven — Predictive Telemetry Orchestration,Technical,3,3,9,Medium,Quality Lead,20260404,20260610,20260418,2026-04-04,2026-06-10,2026-04-18,Closed,Not Required,0,0
2850,RI-574-07,574,Issue,Shared engineer availability may delay delivery,Resource,4,2,8,Medium,Finance Partner,20260802,20260811,,2026-08-02,2026-08-11,,Monitoring,In Progress,0,0
2851,RI-575-01,575,Risk,Cloud run cost is trending above the baseline,Cost,5,5,25,Critical,Supplier Manager,20260514,20260811,,2026-05-14,2026-08-11,,Monitoring,In Progress,1,0
2852,RI-575-02,575,Issue,Traceability coverage requires remediation,Quality,3,4,12,High,Release Manager,20260413,20260603,,2026-04-13,2026-06-03,,Monitoring,In Progress,0,1
2853,RI-575-03,575,Risk,Vendor component readiness is uncertain — Predictive Telemetry Intelligence,Dependency,3,2,6,Medium,Technical Lead,20260523,20260707,,2026-05-23,2026-07-07,,Mitigated,Completed,0,0
2854,RI-575-04,575,Risk,Late design decision may affect downstream work,Schedule,2,3,6,Medium,Systems Lead,20260417,20260716,,2026-04-17,2026-07-16,,Mitigated,Completed,0,0
2855,RI-575-05,575,Risk,Interface behavior remains unproven,Technical,2,5,10,Medium,Security Lead,20260711,20260811,,2026-07-11,2026-08-11,,Monitoring,Completed,0,0
2856,RI-576-01,576,Risk,Contractor transition may reduce throughput,Resource,5,3,15,High,Project Manager,20251113,20260211,,2025-11-13,2026-02-11,,Open,Not Started,0,1
2857,RI-576-02,576,Risk,Upstream data contract remains unresolved — Predictive Workflow Modernization,Dependency,3,2,6,Medium,Product Owner,20260428,20260706,20260803,2026-04-28,2026-07-06,2026-08-03,Closed,Completed,0,0
2858,RI-576-03,576,Risk,Backfill timing creates a capacity gap — Predictive Workflow Modernization,Resource,3,1,3,Low,Quality Lead,20251213,20260327,,2025-12-13,2026-03-27,,Mitigated,Completed,0,0
2859,RI-576-04,576,Issue,Late design decision may affect downstream work — Predictive Workflow Modernization,Schedule,4,3,12,High,Finance Partner,20260214,20260423,,2026-02-14,2026-04-23,,Mitigated,Completed,0,0
2860,RI-577-01,577,Issue,Prototype result may require architecture rework — Predictive Workflow Analytics,Technical,4,4,16,High,Systems Lead,20260723,20260811,,2026-07-23,2026-08-11,,Open,In Progress,0,0
2861,RI-577-02,577,Issue,Rework could consume management reserve — Predictive Workflow Analytics,Cost,2,3,6,Medium,Security Lead,20260615,20260807,,2026-06-15,2026-08-07,,Monitoring,Completed,0,1
2862,RI-577-03,577,Risk,Legacy data quality could require redesign,Technical,3,2,6,Medium,Supplier Manager,20251106,20260108,,2025-11-06,2026-01-08,,Mitigated,Completed,0,0
2863,RI-577-04,577,Risk,Defect closure rate may miss the exit criterion — Predictive Workflow Analytics,Quality,2,2,4,Low,Release Manager,20260308,20260622,,2026-03-08,2026-06-22,,Mitigated,Completed,0,0
2864,RI-577-05,577,Risk,Upstream data contract remains unresolved — Predictive Workflow Analytics,Dependency,2,3,6,Medium,Technical Lead,20260321,20260505,,2026-03-21,2026-05-05,,Monitoring,In Progress,0,1
2865,RI-578-01,578,Issue,Technical debt may complicate integration — Predictive Workflow Platform,Technical,3,3,9,Medium,Finance Partner,20260709,20260811,,2026-07-09,2026-08-11,,Monitoring,In Progress,0,0
2866,RI-578-02,578,Risk,Security approval is on the critical path — Predictive Workflow Platform,Dependency,2,4,8,Medium,Data Lead,20260803,20260811,20260804,2026-08-03,2026-08-11,2026-08-04,Closed,Completed,0,0
2867,RI-578-03,578,Risk,Performance margin may not meet the target,Technical,3,3,9,Medium,Project Manager,20260510,20260811,,2026-05-10,2026-08-11,,Monitoring,Completed,0,0
2868,RI-578-04,578,Issue,Technical debt may complicate integration,Technical,4,5,20,Critical,Product Owner,20260403,20260526,20260517,2026-04-03,2026-05-26,2026-05-17,Closed,Completed,0,0
2869,RI-578-05,578,Risk,Verification evidence is incomplete — Predictive Workflow Platform,Quality,3,3,9,Medium,Quality Lead,20260410,20260630,20260503,2026-04-10,2026-06-30,2026-05-03,Closed,Completed,0,0
2870,RI-579-01,579,Risk,Review capacity is concentrated in one role,Resource,2,4,8,Medium,Release Manager,20260727,20260811,20260808,2026-07-27,2026-08-11,2026-08-08,Closed,Completed,0,0
2871,RI-579-02,579,Issue,Critical skill coverage is below demand — Predictive Workflow Optimization,Resource,3,5,15,High,Technical Lead,20260703,20260811,,2026-07-03,2026-08-11,,Open,Not Started,0,0
2872,RI-579-03,579,Issue,Late design decision may affect downstream work — Predictive Workflow Optimization,Schedule,2,3,6,Medium,Systems Lead,20260517,20260716,,2026-05-17,2026-07-16,,Mitigated,Completed,0,0
2873,RI-579-04,579,Risk,Release window has limited recovery float — Predictive Workflow Optimization,Schedule,4,4,16,High,Security Lead,20260731,20260811,,2026-07-31,2026-08-11,,Monitoring,In Progress,0,0
2874,RI-579-05,579,Risk,Supplier lead time threatens the next gate — Predictive Workflow Optimization,Schedule,5,3,15,High,Supplier Manager,20260620,20260811,20260806,2026-06-20,2026-08-11,2026-08-06,Closed,Completed,0,0
2875,RI-579-06,579,Risk,Performance margin may not meet the target,Technical,3,2,6,Medium,Release Manager,20260316,20260610,20260630,2026-03-16,2026-06-10,2026-06-30,Closed,Completed,0,0
2876,RI-580-01,580,Issue,Traceability coverage requires remediation — Predictive Workflow Integration,Quality,2,5,10,Medium,Product Owner,20260611,20260811,,2026-06-11,2026-08-11,,Monitoring,In Progress,0,0
2877,RI-580-02,580,Risk,Legacy data quality could require redesign — Predictive Workflow Integration,Technical,4,3,12,High,Quality Lead,20260315,20260719,20260410,2026-03-15,2026-07-19,2026-04-10,Closed,Completed,0,0
2878,RI-580-03,580,Risk,Review capacity is concentrated in one role,Resource,4,3,12,High,Finance Partner,20260616,20260811,,2026-06-16,2026-08-11,,Open,Not Started,0,0
2879,RI-580-04,580,Issue,Competing portfolio priority constrains staffing,Resource,2,1,2,Low,Data Lead,20260421,20260708,20260515,2026-04-21,2026-07-08,2026-05-15,Closed,Completed,0,0
2880,RI-580-05,580,Issue,Late design decision may affect downstream work — Predictive Workflow Integration,Schedule,4,2,8,Medium,Project Manager,20251112,20260301,20251209,2025-11-12,2026-03-01,2025-12-09,Closed,Completed,0,0
2881,RI-581-01,581,Issue,Backfill timing creates a capacity gap — Predictive Workflow Transformation,Resource,4,4,16,High,Security Lead,20260516,20260811,,2026-05-16,2026-08-11,,Open,In Progress,0,0
2882,RI-581-02,581,Issue,Cloud run cost is trending above the baseline,Cost,3,2,6,Medium,Supplier Manager,20260810,20260811,,2026-08-10,2026-08-11,,Mitigated,Completed,0,0
2883,RI-581-03,581,Risk,Critical skill coverage is below demand — Predictive Workflow Transformation,Resource,2,2,4,Low,Release Manager,20260508,20260811,,2026-05-08,2026-08-11,,Monitoring,In Progress,0,0
2884,RI-582-01,582,Issue,Supplier lead time threatens the next gate — Predictive Workflow Enablement,Schedule,3,4,12,High,Data Lead,20260317,20260718,20260514,2026-03-17,2026-07-18,2026-05-14,Closed,Completed,0,0
2885,RI-582-02,582,Risk,Release window has limited recovery float,Schedule,2,2,4,Low,Project Manager,20260630,20260811,,2026-06-30,2026-08-11,,Monitoring,In Progress,0,0
2886,RI-582-03,582,Risk,Prototype result may require architecture rework — Predictive Workflow Enablement,Technical,3,2,6,Medium,Product Owner,20260624,20260806,,2026-06-24,2026-08-06,,Monitoring,Completed,0,1
2887,RI-582-04,582,Risk,Pilot readiness depends on unresolved actions,Schedule,4,5,20,Critical,Quality Lead,20260625,20260811,,2026-06-25,2026-08-11,,Mitigated,Completed,0,0
2888,RI-582-05,582,Issue,Environment parity is not yet demonstrated — Predictive Workflow Enablement,Technical,5,3,15,High,Finance Partner,20260307,20260609,20260318,2026-03-07,2026-06-09,2026-03-18,Closed,Completed,0,0
2889,RI-582-06,582,Risk,Security approval is on the critical path,Dependency,3,3,9,Medium,Data Lead,20260617,20260803,,2026-06-17,2026-08-03,,Open,Not Started,0,1
2890,RI-582-07,582,Risk,Pilot readiness depends on unresolved actions,Schedule,3,2,6,Medium,Project Manager,20260307,20260515,,2026-03-07,2026-05-15,,Mitigated,Completed,0,0
2891,RI-583-01,583,Risk,Legacy data quality could require redesign,Technical,4,1,4,Low,Technical Lead,20260702,20260811,,2026-07-02,2026-08-11,,Mitigated,Completed,0,0
2892,RI-583-02,583,Risk,Platform release timing may create a mismatch,Dependency,1,2,2,Low,Systems Lead,20260724,20260811,,2026-07-24,2026-08-11,,Monitoring,In Progress,0,0
2893,RI-583-03,583,Issue,Supplier lead time threatens the next gate,Schedule,5,2,10,Medium,Security Lead,20260115,20260513,,2026-01-15,2026-05-13,,Mitigated,Completed,0,0
2894,RI-583-04,583,Risk,Technical debt may complicate integration — Predictive Workflow Acceleration,Technical,5,1,5,Low,Supplier Manager,20260607,20260811,,2026-06-07,2026-08-11,,Open,In Progress,0,0
2895,RI-583-05,583,Risk,Shared engineer availability may delay delivery — Predictive Workflow Acceleration,Resource,1,2,2,Low,Release Manager,20251218,20260410,,2025-12-18,2026-04-10,,Mitigated,Completed,0,0
2896,RI-583-06,583,Risk,Traceability coverage requires remediation,Quality,3,2,6,Medium,Technical Lead,20260801,20260811,,2026-08-01,2026-08-11,,Monitoring,Completed,0,0
2897,RI-584-01,584,Risk,External interface decision is blocking delivery — Predictive Workflow Orchestration,Dependency,3,5,15,High,Quality Lead,20251222,20260221,,2025-12-22,2026-02-21,,Open,In Progress,0,1
2898,RI-584-02,584,Risk,Acceptance criteria remain partially ambiguous — Predictive Workflow Orchestration,Quality,2,3,6,Medium,Finance Partner,20260422,20260702,20260717,2026-04-22,2026-07-02,2026-07-17,Closed,Completed,0,0
2899,RI-584-03,584,Risk,Integration sequence may compress validation — Predictive Workflow Orchestration,Schedule,1,4,4,Low,Data Lead,20260219,20260509,20260501,2026-02-19,2026-05-09,2026-05-01,Closed,Completed,0,0
2900,RI-584-04,584,Risk,Interface behavior remains unproven — Predictive Workflow Orchestration,Technical,3,3,9,Medium,Project Manager,20260121,20260519,,2026-01-21,2026-05-19,,Monitoring,In Progress,0,1
2901,RI-584-05,584,Risk,Scope clarification may require a budget change,Cost,3,3,9,Medium,Product Owner,20251228,20260428,20260314,2025-12-28,2026-04-28,2026-03-14,Closed,Completed,0,0
2902,RI-584-06,584,Risk,Legacy data quality could require redesign,Technical,3,4,12,High,Quality Lead,20260405,20260612,,2026-04-05,2026-06-12,,Monitoring,In Progress,0,1
2903,RI-585-01,585,Risk,Supplier lead time threatens the next gate — Predictive Workflow Intelligence,Schedule,3,3,9,Medium,Supplier Manager,20260604,20260801,,2026-06-04,2026-08-01,,Monitoring,In Progress,0,1
2904,RI-585-02,585,Risk,Regression scope may exceed the test window — Predictive Workflow Intelligence,Quality,3,2,6,Medium,Release Manager,20260804,20260811,,2026-08-04,2026-08-11,,Mitigated,Completed,0,0
2905,RI-585-03,585,Risk,Committed spend limits recovery options,Cost,1,3,3,Low,Technical Lead,20260729,20260811,,2026-07-29,2026-08-11,,Monitoring,In Progress,0,0
2906,RI-585-04,585,Issue,Prototype result may require architecture rework,Technical,4,1,4,Low,Systems Lead,20260528,20260811,,2026-05-28,2026-08-11,,Open,Not Started,0,0
2907,RI-585-05,585,Risk,Performance margin may not meet the target,Technical,4,1,4,Low,Security Lead,20260629,20260811,,2026-06-29,2026-08-11,,Mitigated,Completed,0,0
2908,RI-585-06,585,Issue,Environment parity is not yet demonstrated,Technical,3,1,3,Low,Supplier Manager,20260522,20260801,,2026-05-22,2026-08-01,,Mitigated,Completed,0,0
2909,RI-586-01,586,Risk,Competing portfolio priority constrains staffing — Predictive Quality Modernization,Resource,3,1,3,Low,Project Manager,20260730,20260811,,2026-07-30,2026-08-11,,Monitoring,In Progress,0,0
2910,RI-586-02,586,Issue,Acceptance criteria remain partially ambiguous — Predictive Quality Modernization,Quality,2,3,6,Medium,Product Owner,20260728,20260811,,2026-07-28,2026-08-11,,Open,In Progress,0,0
2911,RI-586-03,586,Risk,Performance margin may not meet the target,Technical,3,2,6,Medium,Quality Lead,20260602,20260720,,2026-06-02,2026-07-20,,Open,Not Started,0,1
2912,RI-586-04,586,Issue,Backfill timing creates a capacity gap,Resource,2,2,4,Low,Finance Partner,20260729,20260811,,2026-07-29,2026-08-11,,Open,In Progress,0,0
2913,RI-587-01,587,Risk,Upstream data contract remains unresolved — Predictive Quality Analytics,Dependency,4,2,8,Medium,Systems Lead,20251105,20260105,,2025-11-05,2026-01-05,,Monitoring,In Progress,0,1
2914,RI-587-02,587,Risk,Defect closure rate may miss the exit criterion — Predictive Quality Analytics,Quality,2,4,8,Medium,Security Lead,20260630,20260811,,2026-06-30,2026-08-11,,Open,Not Started,0,0
2915,RI-587-03,587,Risk,Vendor component readiness is uncertain,Dependency,5,2,10,Medium,Supplier Manager,20251121,20260111,,2025-11-21,2026-01-11,,Mitigated,Completed,0,0
2916,RI-587-04,587,Risk,Verification evidence is incomplete,Quality,4,3,12,High,Release Manager,20260224,20260511,20260405,2026-02-24,2026-05-11,2026-04-05,Closed,Completed,0,0
2917,RI-587-05,587,Issue,Environment parity is not yet demonstrated — Predictive Quality Analytics,Technical,3,4,12,High,Technical Lead,20251030,20260106,,2025-10-30,2026-01-06,,Mitigated,Completed,0,0
2918,RI-587-06,587,Risk,Integration sequence may compress validation — Predictive Quality Analytics,Schedule,1,3,3,Low,Systems Lead,20260605,20260811,,2026-06-05,2026-08-11,,Open,Not Started,0,0
2919,RI-587-07,587,Risk,Upstream data contract remains unresolved,Dependency,3,3,9,Medium,Security Lead,20260312,20260705,20260331,2026-03-12,2026-07-05,2026-03-31,Closed,Not Required,0,0
2920,RI-588-01,588,Risk,Critical skill coverage is below demand — Predictive Quality Platform,Resource,3,2,6,Medium,Finance Partner,20260619,20260811,,2026-06-19,2026-08-11,,Open,In Progress,0,0
2921,RI-588-02,588,Risk,Backfill timing creates a capacity gap — Predictive Quality Platform,Resource,4,4,16,High,Data Lead,20260525,20260706,20260729,2026-05-25,2026-07-06,2026-07-29,Closed,Completed,0,0
2922,RI-588-03,588,Issue,Technical debt may complicate integration,Technical,2,3,6,Medium,Project Manager,20260810,20260811,,2026-08-10,2026-08-11,,Monitoring,In Progress,0,0
2923,RI-588-04,588,Risk,Committed spend limits recovery options,Cost,2,4,8,Medium,Product Owner,20260510,20260715,20260517,2026-05-10,2026-07-15,2026-05-17,Closed,Completed,0,0
2924,RI-588-05,588,Issue,Traceability coverage requires remediation,Quality,4,3,12,High,Quality Lead,20260805,20260811,,2026-08-05,2026-08-11,,Monitoring,In Progress,0,0
2925,RI-588-06,588,Risk,Competing portfolio priority constrains staffing — Predictive Quality Platform,Resource,1,1,1,Low,Finance Partner,20260805,20260811,,2026-08-05,2026-08-11,,Monitoring,In Progress,0,0
2926,RI-588-07,588,Issue,Prototype result may require architecture rework — Predictive Quality Platform,Technical,2,2,4,Low,Data Lead,20260407,20260811,,2026-04-07,2026-08-11,,Open,Not Started,0,0
2927,RI-589-01,589,Risk,Regression scope may exceed the test window — Predictive Quality Optimization,Quality,2,2,4,Low,Release Manager,20260809,20260811,20260810,2026-08-09,2026-08-11,2026-08-10,Closed,Completed,0,0
2928,RI-589-02,589,Issue,Integration sequence may compress validation — Predictive Quality Optimization,Schedule,3,3,9,Medium,Technical Lead,20260605,20260811,,2026-06-05,2026-08-11,,Open,Not Started,0,0
2929,RI-589-03,589,Issue,Regression scope may exceed the test window,Quality,2,4,8,Medium,Systems Lead,20260618,20260811,,2026-06-18,2026-08-11,,Open,In Progress,0,0
2930,RI-589-04,589,Issue,Legacy data quality could require redesign,Technical,3,4,12,High,Security Lead,20260515,20260725,20260625,2026-05-15,2026-07-25,2026-06-25,Closed,Not Required,0,0
2931,RI-589-05,589,Issue,Committed spend limits recovery options — Predictive Quality Optimization,Cost,3,5,15,High,Supplier Manager,20260601,20260728,20260718,2026-06-01,2026-07-28,2026-07-18,Closed,Completed,0,0
2932,RI-589-06,589,Issue,Acceptance criteria remain partially ambiguous,Quality,4,2,8,Medium,Release Manager,20260509,20260619,,2026-05-09,2026-06-19,,Mitigated,Completed,0,0
2933,RI-589-07,589,Risk,Regression scope may exceed the test window,Quality,3,3,9,Medium,Technical Lead,20260209,20260611,,2026-02-09,2026-06-11,,Mitigated,Completed,0,0
2934,RI-590-01,590,Risk,Vendor component readiness is uncertain,Dependency,2,2,4,Low,Product Owner,20260216,20260528,20260512,2026-02-16,2026-05-28,2026-05-12,Closed,Completed,0,0
2935,RI-590-02,590,Risk,Technical debt may complicate integration — Predictive Quality Integration,Technical,3,1,3,Low,Quality Lead,20260630,20260811,,2026-06-30,2026-08-11,,Open,In Progress,0,0
2936,RI-590-03,590,Risk,Performance margin may not meet the target — Predictive Quality Integration,Technical,5,3,15,High,Finance Partner,20260207,20260509,,2026-02-07,2026-05-09,,Mitigated,Completed,0,0
2937,RI-590-04,590,Risk,Review capacity is concentrated in one role — Predictive Quality Integration,Resource,3,3,9,Medium,Data Lead,20260615,20260811,,2026-06-15,2026-08-11,,Monitoring,In Progress,0,0
2938,RI-590-05,590,Risk,Field issue recurrence needs containment — Predictive Quality Integration,Quality,4,2,8,Medium,Project Manager,20251101,20260315,,2025-11-01,2026-03-15,,Mitigated,Completed,0,0
2939,RI-590-06,590,Risk,Critical skill coverage is below demand,Resource,4,2,8,Medium,Product Owner,20260527,20260811,,2026-05-27,2026-08-11,,Mitigated,Completed,0,0
2940,RI-590-07,590,Risk,Contractor transition may reduce throughput,Resource,2,1,2,Low,Quality Lead,20260410,20260625,20260704,2026-04-10,2026-06-25,2026-07-04,Closed,Completed,0,0
2941,RI-591-01,591,Issue,Environment parity is not yet demonstrated — Predictive Quality Transformation,Technical,1,3,3,Low,Security Lead,20260626,20260811,20260710,2026-06-26,2026-08-11,2026-07-10,Closed,Completed,0,0
2942,RI-591-02,591,Risk,Customer test access is not yet confirmed — Predictive Quality Transformation,Dependency,4,4,16,High,Supplier Manager,20260508,20260811,,2026-05-08,2026-08-11,,Open,In Progress,0,0
2943,RI-591-03,591,Risk,External interface decision is blocking delivery,Dependency,2,3,6,Medium,Release Manager,20260225,20260708,,2026-02-25,2026-07-08,,Mitigated,Completed,0,0
2944,RI-591-04,591,Risk,Critical skill coverage is below demand,Resource,3,3,9,Medium,Technical Lead,20260517,20260709,,2026-05-17,2026-07-09,,Open,Not Started,0,1
2945,RI-591-05,591,Risk,Acceptance criteria remain partially ambiguous — Predictive Quality Transformation,Quality,5,3,15,High,Systems Lead,20260209,20260610,20260523,2026-02-09,2026-06-10,2026-05-23,Closed,Completed,0,0
2946,RI-591-06,591,Risk,Competing portfolio priority constrains staffing,Resource,4,4,16,High,Security Lead,20260611,20260811,,2026-06-11,2026-08-11,,Open,Not Started,0,0
2947,RI-591-07,591,Issue,Customer test access is not yet confirmed,Dependency,4,4,16,High,Supplier Manager,20260618,20260811,,2026-06-18,2026-08-11,,Open,Not Started,0,0
2948,RI-592-01,592,Issue,Rework could consume management reserve — Predictive Quality Enablement,Cost,4,3,12,High,Data Lead,20260303,20260617,,2026-03-03,2026-06-17,,Monitoring,Completed,0,1
2949,RI-592-02,592,Risk,Material quotation may exceed the estimate,Cost,4,2,8,Medium,Project Manager,20260517,20260717,20260621,2026-05-17,2026-07-17,2026-06-21,Closed,Completed,0,0
2950,RI-592-03,592,Risk,Rework could consume management reserve,Cost,5,4,20,Critical,Product Owner,20260308,20260527,,2026-03-08,2026-05-27,,Open,Not Started,1,1
2951,RI-592-04,592,Risk,Backfill timing creates a capacity gap — Predictive Quality Enablement,Resource,4,2,8,Medium,Quality Lead,20260411,20260607,,2026-04-11,2026-06-07,,Mitigated,Completed,0,0
2952,RI-592-05,592,Issue,Review capacity is concentrated in one role,Resource,2,3,6,Medium,Finance Partner,20260303,20260520,20260529,2026-03-03,2026-05-20,2026-05-29,Closed,Completed,0,0
2953,RI-593-01,593,Issue,Legacy data quality could require redesign,Technical,3,3,9,Medium,Technical Lead,20260419,20260630,,2026-04-19,2026-06-30,,Mitigated,Completed,0,0
2954,RI-593-02,593,Risk,Review capacity is concentrated in one role,Resource,1,4,4,Low,Systems Lead,20260727,20260811,,2026-07-27,2026-08-11,,Open,In Progress,0,0
2955,RI-593-03,593,Risk,Security approval is on the critical path,Dependency,1,1,1,Low,Security Lead,20260209,20260616,,2026-02-09,2026-06-16,,Monitoring,In Progress,0,1
2956,RI-593-04,593,Risk,Environment parity is not yet demonstrated — Predictive Quality Acceleration,Technical,3,3,9,Medium,Supplier Manager,20260210,20260418,,2026-02-10,2026-04-18,,Mitigated,Completed,0,0
2957,RI-593-05,593,Issue,Defect closure rate may miss the exit criterion,Quality,2,2,4,Low,Release Manager,20260204,20260507,,2026-02-04,2026-05-07,,Mitigated,Completed,0,0
2958,RI-593-06,593,Issue,Rework could consume management reserve — Predictive Quality Acceleration,Cost,4,4,16,High,Technical Lead,20260716,20260811,,2026-07-16,2026-08-11,,Open,In Progress,0,0
2959,RI-594-01,594,Risk,Late design decision may affect downstream work — Predictive Quality Orchestration,Schedule,3,3,9,Medium,Quality Lead,20260716,20260811,,2026-07-16,2026-08-11,,Open,In Progress,0,0
2960,RI-594-02,594,Risk,Committed spend limits recovery options,Cost,5,3,15,High,Finance Partner,20260704,20260811,,2026-07-04,2026-08-11,,Monitoring,In Progress,0,0
2961,RI-594-03,594,Risk,Verification evidence is incomplete — Predictive Quality Orchestration,Quality,1,2,2,Low,Data Lead,20260705,20260811,,2026-07-05,2026-08-11,,Open,In Progress,0,0
2962,RI-595-01,595,Issue,Test environment availability may move the baseline,Schedule,3,3,9,Medium,Supplier Manager,20260803,20260811,,2026-08-03,2026-08-11,,Monitoring,In Progress,0,0
2963,RI-595-02,595,Risk,Critical skill coverage is below demand — Predictive Quality Intelligence,Resource,1,2,2,Low,Release Manager,20260406,20260701,20260708,2026-04-06,2026-07-01,2026-07-08,Closed,Completed,0,0
2964,RI-595-03,595,Risk,Shared engineer availability may delay delivery — Predictive Quality Intelligence,Resource,3,2,6,Medium,Technical Lead,20260525,20260811,,2026-05-25,2026-08-11,,Open,In Progress,0,0
2965,RI-596-01,596,Risk,Technical debt may complicate integration,Technical,4,4,16,High,Project Manager,20260404,20260627,,2026-04-04,2026-06-27,,Open,Not Started,0,1
2966,RI-596-02,596,Risk,Technical debt may complicate integration — Predictive Engineering Modernization,Technical,2,3,6,Medium,Product Owner,20260226,20260611,20260627,2026-02-26,2026-06-11,2026-06-27,Closed,Not Required,0,0
2967,RI-596-03,596,Risk,Specialist rate mix is above plan — Predictive Engineering Modernization,Cost,3,3,9,Medium,Quality Lead,20260705,20260811,,2026-07-05,2026-08-11,,Open,Not Started,0,0
2968,RI-596-04,596,Risk,Late design decision may affect downstream work — Predictive Engineering Modernization,Schedule,4,3,12,High,Finance Partner,20260410,20260712,,2026-04-10,2026-07-12,,Mitigated,Completed,0,0
2969,RI-596-05,596,Risk,Supplier lead time threatens the next gate,Schedule,3,4,12,High,Data Lead,20260725,20260811,,2026-07-25,2026-08-11,,Monitoring,In Progress,0,0
2970,RI-596-06,596,Issue,Prototype result may require architecture rework,Technical,3,3,9,Medium,Project Manager,20260630,20260811,,2026-06-30,2026-08-11,,Monitoring,Completed,0,0
2971,RI-597-01,597,Risk,Rework could consume management reserve,Cost,4,4,16,High,Systems Lead,20260523,20260801,,2026-05-23,2026-08-01,,Monitoring,Completed,0,1
2972,RI-597-02,597,Risk,Legacy data quality could require redesign — Predictive Engineering Analytics,Technical,2,2,4,Low,Security Lead,20260705,20260811,,2026-07-05,2026-08-11,,Monitoring,In Progress,0,0
2973,RI-597-03,597,Risk,Late design decision may affect downstream work,Schedule,4,4,16,High,Supplier Manager,20260709,20260811,,2026-07-09,2026-08-11,,Open,Not Started,0,0
2974,RI-597-04,597,Issue,Verification evidence is incomplete,Quality,3,3,9,Medium,Release Manager,20260725,20260811,,2026-07-25,2026-08-11,,Monitoring,In Progress,0,0
2975,RI-597-05,597,Risk,Traceability coverage requires remediation,Quality,3,3,9,Medium,Technical Lead,20260707,20260811,,2026-07-07,2026-08-11,,Open,Not Started,0,0
2976,RI-597-06,597,Risk,Pilot readiness depends on unresolved actions,Schedule,4,4,16,High,Systems Lead,20260506,20260806,,2026-05-06,2026-08-06,,Mitigated,Completed,0,0
2977,RI-598-01,598,Risk,Release window has limited recovery float,Schedule,3,1,3,Low,Finance Partner,20260515,20260716,20260729,2026-05-15,2026-07-16,2026-07-29,Closed,Completed,0,0
2978,RI-598-02,598,Issue,Backfill timing creates a capacity gap,Resource,1,3,3,Low,Data Lead,20260801,20260811,,2026-08-01,2026-08-11,,Open,In Progress,0,0
2979,RI-598-03,598,Issue,Late design decision may affect downstream work,Schedule,3,3,9,Medium,Project Manager,20260406,20260720,20260415,2026-04-06,2026-07-20,2026-04-15,Closed,Not Required,0,0
2980,RI-598-04,598,Issue,Shared engineer availability may delay delivery — Predictive Engineering Platform,Resource,2,4,8,Medium,Product Owner,20260329,20260612,,2026-03-29,2026-06-12,,Open,In Progress,0,1
2981,RI-598-05,598,Risk,Critical skill coverage is below demand,Resource,4,3,12,High,Quality Lead,20260424,20260811,,2026-04-24,2026-08-11,,Mitigated,Completed,0,0
2982,RI-598-06,598,Issue,Test environment availability may move the baseline,Schedule,3,4,12,High,Finance Partner,20260811,20260811,,2026-08-11,2026-08-11,,Mitigated,Completed,0,0
2983,RI-598-07,598,Risk,Environment parity is not yet demonstrated,Technical,3,3,9,Medium,Data Lead,20260402,20260624,20260404,2026-04-02,2026-06-24,2026-04-04,Closed,Completed,0,0
2984,RI-599-01,599,Risk,Field issue recurrence needs containment — Predictive Engineering Optimization,Quality,3,2,6,Medium,Release Manager,20251109,20260101,,2025-11-09,2026-01-01,,Open,In Progress,0,1
2985,RI-599-02,599,Risk,Rework could consume management reserve — Predictive Engineering Optimization,Cost,2,3,6,Medium,Technical Lead,20260608,20260811,,2026-06-08,2026-08-11,,Open,Not Started,0,0
2986,RI-599-03,599,Risk,Release window has limited recovery float — Predictive Engineering Optimization,Schedule,2,4,8,Medium,Systems Lead,20260417,20260730,,2026-04-17,2026-07-30,,Mitigated,Completed,0,0
2987,RI-599-04,599,Risk,Legacy data quality could require redesign,Technical,5,3,15,High,Security Lead,20251207,20260329,20260114,2025-12-07,2026-03-29,2026-01-14,Closed,Completed,0,0
2988,RI-600-01,600,Risk,Scope clarification may require a budget change — Predictive Engineering Integration,Cost,4,4,16,High,Product Owner,20260421,20260811,,2026-04-21,2026-08-11,,Open,In Progress,0,0
2989,RI-600-02,600,Risk,Performance margin may not meet the target — Predictive Engineering Integration,Technical,4,3,12,High,Quality Lead,20260810,20260811,,2026-08-10,2026-08-11,,Monitoring,In Progress,0,0
2990,RI-600-03,600,Risk,External interface decision is blocking delivery — Predictive Engineering Integration,Dependency,2,5,10,Medium,Finance Partner,20260708,20260811,,2026-07-08,2026-08-11,,Monitoring,Completed,0,0
2991,RI-600-04,600,Risk,Legacy data quality could require redesign — Predictive Engineering Integration,Technical,4,3,12,High,Data Lead,20260725,20260811,,2026-07-25,2026-08-11,,Monitoring,In Progress,0,0
2992,RI-601-01,601,Risk,Interface behavior remains unproven,Technical,4,2,8,Medium,Security Lead,20260618,20260811,,2026-06-18,2026-08-11,,Monitoring,In Progress,0,0
2993,RI-601-02,601,Issue,Material quotation may exceed the estimate — Predictive Engineering Transformation,Cost,3,5,15,High,Supplier Manager,20260606,20260801,20260717,2026-06-06,2026-08-01,2026-07-17,Closed,Completed,0,0
2994,RI-601-03,601,Risk,Contractor transition may reduce throughput — Predictive Engineering Transformation,Resource,3,4,12,High,Release Manager,20260509,20260730,20260616,2026-05-09,2026-07-30,2026-06-16,Closed,Completed,0,0
2995,RI-601-04,601,Issue,Backfill timing creates a capacity gap,Resource,2,4,8,Medium,Technical Lead,20260718,20260811,,2026-07-18,2026-08-11,,Mitigated,Completed,0,0
2996,RI-602-01,602,Risk,Acceptance criteria remain partially ambiguous — Predictive Engineering Enablement,Quality,3,1,3,Low,Data Lead,20260211,20260621,,2026-02-11,2026-06-21,,Monitoring,In Progress,0,1
2997,RI-602-02,602,Issue,Contractor transition may reduce throughput — Predictive Engineering Enablement,Resource,3,3,9,Medium,Project Manager,20260214,20260524,,2026-02-14,2026-05-24,,Mitigated,Completed,0,0
2998,RI-602-03,602,Issue,Contractor transition may reduce throughput,Resource,3,4,12,High,Product Owner,20260301,20260518,,2026-03-01,2026-05-18,,Mitigated,Completed,0,0
2999,RI-602-04,602,Risk,Release window has limited recovery float — Predictive Engineering Enablement,Schedule,4,3,12,High,Quality Lead,20260528,20260811,20260618,2026-05-28,2026-08-11,2026-06-18,Closed,Completed,0,0
3000,RI-602-05,602,Issue,Review capacity is concentrated in one role — Predictive Engineering Enablement,Resource,4,3,12,High,Finance Partner,20260504,20260718,20260717,2026-05-04,2026-07-18,2026-07-17,Closed,Completed,0,0
3001,RI-602-06,602,Issue,Review capacity is concentrated in one role,Resource,4,2,8,Medium,Data Lead,20260120,20260323,,2026-01-20,2026-03-23,,Mitigated,Completed,0,0
3002,RI-602-07,602,Risk,Platform release timing may create a mismatch — Predictive Engineering Enablement,Dependency,3,4,12,High,Project Manager,20260424,20260727,,2026-04-24,2026-07-27,,Monitoring,In Progress,0,1
3003,RI-603-01,603,Issue,Interface behavior remains unproven,Technical,4,4,16,High,Technical Lead,20260707,20260811,,2026-07-07,2026-08-11,,Open,In Progress,0,0
3004,RI-603-02,603,Risk,Vendor component readiness is uncertain,Dependency,2,3,6,Medium,Systems Lead,20260623,20260811,,2026-06-23,2026-08-11,,Monitoring,Completed,0,0
3005,RI-603-03,603,Risk,Legacy data quality could require redesign,Technical,3,1,3,Low,Security Lead,20260613,20260811,,2026-06-13,2026-08-11,,Monitoring,In Progress,0,0
3006,RI-604-01,604,Risk,Review capacity is concentrated in one role — Predictive Engineering Orchestration,Resource,3,5,15,High,Quality Lead,20260806,20260811,,2026-08-06,2026-08-11,,Open,In Progress,0,0
3007,RI-604-02,604,Risk,Interface behavior remains unproven,Technical,3,2,6,Medium,Finance Partner,20251101,20260206,20251209,2025-11-01,2026-02-06,2025-12-09,Closed,Completed,0,0
3008,RI-604-03,604,Risk,Security approval is on the critical path — Predictive Engineering Orchestration,Dependency,1,3,3,Low,Data Lead,20251214,20260221,,2025-12-14,2026-02-21,,Monitoring,In Progress,0,1
3009,RI-604-04,604,Risk,Integration sequence may compress validation — Predictive Engineering Orchestration,Schedule,2,3,6,Medium,Project Manager,20251119,20260107,,2025-11-19,2026-01-07,,Open,Not Started,0,1
3010,RI-605-01,605,Risk,Defect closure rate may miss the exit criterion — Predictive Engineering Intelligence,Quality,1,1,1,Low,Supplier Manager,20260615,20260811,,2026-06-15,2026-08-11,,Monitoring,In Progress,0,0
3011,RI-605-02,605,Risk,Pilot readiness depends on unresolved actions — Predictive Engineering Intelligence,Schedule,1,4,4,Low,Release Manager,20260406,20260616,,2026-04-06,2026-06-16,,Monitoring,In Progress,0,1
3012,RI-605-03,605,Risk,Platform release timing may create a mismatch — Predictive Engineering Intelligence,Dependency,2,4,8,Medium,Technical Lead,20260811,20260811,20260811,2026-08-11,2026-08-11,2026-08-11,Closed,Completed,0,0
3013,RI-605-04,605,Risk,Specialist rate mix is above plan,Cost,2,3,6,Medium,Systems Lead,20260522,20260723,20260729,2026-05-22,2026-07-23,2026-07-29,Closed,Completed,0,0
3014,RI-605-05,605,Risk,Material quotation may exceed the estimate,Cost,3,1,3,Low,Security Lead,20260727,20260811,,2026-07-27,2026-08-11,,Open,Not Started,0,0
3015,RI-606-01,606,Risk,Technical debt may complicate integration,Technical,4,3,12,High,Project Manager,20260302,20260505,,2026-03-02,2026-05-05,,Mitigated,Completed,0,0
3016,RI-606-02,606,Risk,Technical debt may complicate integration,Technical,3,3,9,Medium,Product Owner,20260406,20260703,,2026-04-06,2026-07-03,,Mitigated,Completed,0,0
3017,RI-606-03,606,Risk,Late design decision may affect downstream work,Schedule,3,4,12,High,Quality Lead,20260525,20260726,20260718,2026-05-25,2026-07-26,2026-07-18,Closed,Completed,0,0
3018,RI-606-04,606,Issue,Critical skill coverage is below demand,Resource,1,3,3,Low,Finance Partner,20260410,20260718,,2026-04-10,2026-07-18,,Mitigated,Completed,0,0
3019,RI-606-05,606,Risk,Field issue recurrence needs containment — Predictive Energy Modernization,Quality,4,1,4,Low,Data Lead,20260519,20260712,20260622,2026-05-19,2026-07-12,2026-06-22,Closed,Completed,0,0
3020,RI-606-06,606,Risk,Defect closure rate may miss the exit criterion,Quality,2,4,8,Medium,Project Manager,20260516,20260702,20260606,2026-05-16,2026-07-02,2026-06-06,Closed,Completed,0,0
3021,RI-607-01,607,Risk,Prototype result may require architecture rework,Technical,4,4,16,High,Systems Lead,20260620,20260811,,2026-06-20,2026-08-11,,Open,Not Started,0,0
3022,RI-607-02,607,Risk,Competing portfolio priority constrains staffing — Predictive Energy Analytics,Resource,3,2,6,Medium,Security Lead,20260311,20260705,20260412,2026-03-11,2026-07-05,2026-04-12,Closed,Completed,0,0
3023,RI-607-03,607,Risk,Customer test access is not yet confirmed — Predictive Energy Analytics,Dependency,2,3,6,Medium,Supplier Manager,20260730,20260811,,2026-07-30,2026-08-11,,Open,Not Started,0,0
3024,RI-607-04,607,Risk,Platform release timing may create a mismatch — Predictive Energy Analytics,Dependency,2,4,8,Medium,Release Manager,20260619,20260811,,2026-06-19,2026-08-11,,Mitigated,Completed,0,0
3025,RI-607-05,607,Risk,Competing portfolio priority constrains staffing — Predictive Energy Analytics,Resource,3,4,12,High,Technical Lead,20260627,20260811,,2026-06-27,2026-08-11,,Mitigated,Completed,0,0
3026,RI-608-01,608,Risk,Specialist rate mix is above plan,Cost,2,3,6,Medium,Finance Partner,20260501,20260811,,2026-05-01,2026-08-11,,Monitoring,In Progress,0,0
3027,RI-608-02,608,Risk,Shared engineer availability may delay delivery,Resource,2,2,4,Low,Data Lead,20260503,20260811,20260721,2026-05-03,2026-08-11,2026-07-21,Closed,Completed,0,0
3028,RI-608-03,608,Risk,Platform release timing may create a mismatch — Predictive Energy Platform,Dependency,2,4,8,Medium,Project Manager,20260517,20260811,,2026-05-17,2026-08-11,,Monitoring,In Progress,0,0
3029,RI-608-04,608,Risk,Rework could consume management reserve,Cost,1,2,2,Low,Product Owner,20260509,20260811,,2026-05-09,2026-08-11,,Open,Not Started,0,0
3030,RI-608-05,608,Risk,Contractor transition may reduce throughput — Predictive Energy Platform,Resource,3,3,9,Medium,Quality Lead,20260703,20260811,,2026-07-03,2026-08-11,,Mitigated,Completed,0,0
3031,RI-608-06,608,Issue,Specialist rate mix is above plan — Predictive Energy Platform,Cost,3,2,6,Medium,Finance Partner,20260717,20260811,,2026-07-17,2026-08-11,,Monitoring,Completed,0,0
3032,RI-609-01,609,Risk,Shared engineer availability may delay delivery,Resource,2,3,6,Medium,Release Manager,20251119,20260331,,2025-11-19,2026-03-31,,Mitigated,Completed,0,0
3033,RI-609-02,609,Issue,Pilot readiness depends on unresolved actions,Schedule,4,2,8,Medium,Technical Lead,20260131,20260602,,2026-01-31,2026-06-02,,Mitigated,Completed,0,0
3034,RI-609-03,609,Issue,Material quotation may exceed the estimate,Cost,1,4,4,Low,Systems Lead,20260719,20260811,,2026-07-19,2026-08-11,,Open,Not Started,0,0
3035,RI-609-04,609,Risk,Verification evidence is incomplete,Quality,1,5,5,Low,Security Lead,20260407,20260520,,2026-04-07,2026-05-20,,Open,Not Started,0,1
3036,RI-609-05,609,Risk,Specialist rate mix is above plan — Predictive Energy Optimization,Cost,3,3,9,Medium,Supplier Manager,20260716,20260811,,2026-07-16,2026-08-11,,Monitoring,In Progress,0,0
3037,RI-609-06,609,Issue,Integration sequence may compress validation,Schedule,1,4,4,Low,Release Manager,20260613,20260718,20260625,2026-06-13,2026-07-18,2026-06-25,Closed,Completed,0,0
3038,RI-610-01,610,Risk,Scope clarification may require a budget change — Predictive Energy Integration,Cost,4,1,4,Low,Product Owner,20260523,20260811,,2026-05-23,2026-08-11,,Open,Not Started,0,0
3039,RI-610-02,610,Risk,Test environment availability may move the baseline,Schedule,3,1,3,Low,Quality Lead,20260312,20260705,,2026-03-12,2026-07-05,,Mitigated,Completed,0,0
3040,RI-610-03,610,Risk,Specialist rate mix is above plan — Predictive Energy Integration,Cost,3,2,6,Medium,Finance Partner,20260628,20260811,,2026-06-28,2026-08-11,,Open,Not Started,0,0
3041,RI-611-01,611,Risk,Platform release timing may create a mismatch — Predictive Energy Transformation,Dependency,2,3,6,Medium,Security Lead,20260115,20260301,,2026-01-15,2026-03-01,,Mitigated,Completed,0,0
3042,RI-611-02,611,Risk,Late design decision may affect downstream work,Schedule,4,2,8,Medium,Supplier Manager,20251225,20260314,,2025-12-25,2026-03-14,,Mitigated,Completed,0,0
3043,RI-611-03,611,Risk,Technical debt may complicate integration,Technical,4,4,16,High,Release Manager,20260320,20260708,,2026-03-20,2026-07-08,,Open,Not Started,0,1
3044,RI-612-01,612,Risk,Verification evidence is incomplete — Predictive Energy Enablement,Quality,5,4,20,Critical,Data Lead,20260712,20260811,,2026-07-12,2026-08-11,,Open,In Progress,1,0
3045,RI-612-02,612,Issue,Interface behavior remains unproven — Predictive Energy Enablement,Technical,2,3,6,Medium,Project Manager,20260608,20260811,,2026-06-08,2026-08-11,,Monitoring,Completed,0,0
3046,RI-612-03,612,Risk,Review capacity is concentrated in one role,Resource,4,3,12,High,Product Owner,20260623,20260811,20260706,2026-06-23,2026-08-11,2026-07-06,Closed,Completed,0,0
3047,RI-612-04,612,Risk,Regression scope may exceed the test window — Predictive Energy Enablement,Quality,1,5,5,Low,Quality Lead,20260606,20260802,,2026-06-06,2026-08-02,,Mitigated,Completed,0,0
3048,RI-613-01,613,Issue,Field issue recurrence needs containment — Predictive Energy Acceleration,Quality,3,4,12,High,Technical Lead,20260403,20260614,,2026-04-03,2026-06-14,,Monitoring,In Progress,0,1
3049,RI-613-02,613,Risk,Cloud run cost is trending above the baseline — Predictive Energy Acceleration,Cost,4,3,12,High,Systems Lead,20260806,20260811,,2026-08-06,2026-08-11,,Monitoring,In Progress,0,0
3050,RI-613-03,613,Risk,Contractor transition may reduce throughput — Predictive Energy Acceleration,Resource,3,4,12,High,Security Lead,20260611,20260811,,2026-06-11,2026-08-11,,Open,Not Started,0,0
3051,RI-613-04,613,Risk,Backfill timing creates a capacity gap,Resource,5,4,20,Critical,Supplier Manager,20260724,20260811,,2026-07-24,2026-08-11,,Monitoring,In Progress,1,0
3052,RI-613-05,613,Risk,Contractor transition may reduce throughput — Predictive Energy Acceleration,Resource,1,4,4,Low,Release Manager,20260629,20260811,,2026-06-29,2026-08-11,,Monitoring,In Progress,0,0
3053,RI-613-06,613,Risk,Material quotation may exceed the estimate — Predictive Energy Acceleration,Cost,3,3,9,Medium,Technical Lead,20260418,20260811,,2026-04-18,2026-08-11,,Mitigated,Completed,0,0
3054,RI-613-07,613,Risk,Platform release timing may create a mismatch — Predictive Energy Acceleration,Dependency,3,2,6,Medium,Systems Lead,20260608,20260811,,2026-06-08,2026-08-11,,Open,Not Started,0,0
3055,RI-614-01,614,Issue,Acceptance criteria remain partially ambiguous — Predictive Energy Orchestration,Quality,2,3,6,Medium,Quality Lead,20260330,20260725,,2026-03-30,2026-07-25,,Mitigated,Completed,0,0
3056,RI-614-02,614,Risk,Regression scope may exceed the test window — Predictive Energy Orchestration,Quality,5,3,15,High,Finance Partner,20260309,20260430,,2026-03-09,2026-04-30,,Open,Not Started,0,1
3057,RI-614-03,614,Risk,Integration sequence may compress validation — Predictive Energy Orchestration,Schedule,3,2,6,Medium,Data Lead,20260620,20260811,,2026-06-20,2026-08-11,,Open,Not Started,0,0
3058,RI-614-04,614,Risk,Platform release timing may create a mismatch — Predictive Energy Orchestration,Dependency,1,5,5,Low,Project Manager,20251220,20260412,20260301,2025-12-20,2026-04-12,2026-03-01,Closed,Completed,0,0
3059,RI-614-05,614,Risk,Specialist rate mix is above plan — Predictive Energy Orchestration,Cost,2,2,4,Low,Product Owner,20260314,20260614,,2026-03-14,2026-06-14,,Monitoring,In Progress,0,1
3060,RI-614-06,614,Risk,Supplier lead time threatens the next gate — Predictive Energy Orchestration,Schedule,2,1,2,Low,Quality Lead,20260109,20260210,20260124,2026-01-09,2026-02-10,2026-01-24,Closed,Completed,0,0
3061,RI-615-01,615,Risk,Interface behavior remains unproven — Predictive Energy Intelligence,Technical,3,3,9,Medium,Supplier Manager,20260718,20260811,,2026-07-18,2026-08-11,,Monitoring,In Progress,0,0
3062,RI-615-02,615,Issue,Prototype result may require architecture rework — Predictive Energy Intelligence,Technical,3,4,12,High,Release Manager,20260731,20260811,,2026-07-31,2026-08-11,,Monitoring,In Progress,0,0
3063,RI-615-03,615,Risk,Scope clarification may require a budget change,Cost,3,4,12,High,Technical Lead,20260630,20260811,,2026-06-30,2026-08-11,,Monitoring,In Progress,0,0
3064,RI-615-04,615,Risk,Customer test access is not yet confirmed,Dependency,5,1,5,Low,Systems Lead,20260625,20260811,,2026-06-25,2026-08-11,,Monitoring,In Progress,0,0
3065,RI-615-05,615,Risk,Interface behavior remains unproven,Technical,3,4,12,High,Security Lead,20260314,20260617,20260327,2026-03-14,2026-06-17,2026-03-27,Closed,Completed,0,0
3066,RI-615-06,615,Issue,Prototype result may require architecture rework — Predictive Energy Intelligence,Technical,3,5,15,High,Supplier Manager,20260321,20260427,20260503,2026-03-21,2026-04-27,2026-05-03,Closed,Completed,0,0
3067,RI-615-07,615,Risk,Scope clarification may require a budget change,Cost,5,2,10,Medium,Release Manager,20260708,20260811,,2026-07-08,2026-08-11,,Monitoring,Completed,0,0
3068,RI-616-01,616,Risk,Scope clarification may require a budget change — Predictive Service Modernization,Cost,2,3,6,Medium,Project Manager,20260611,20260811,,2026-06-11,2026-08-11,,Mitigated,Completed,0,0
3069,RI-616-02,616,Risk,Late design decision may affect downstream work — Predictive Service Modernization,Schedule,3,4,12,High,Product Owner,20260311,20260607,,2026-03-11,2026-06-07,,Monitoring,Completed,0,1
3070,RI-616-03,616,Risk,Field issue recurrence needs containment — Predictive Service Modernization,Quality,2,4,8,Medium,Quality Lead,20260719,20260811,,2026-07-19,2026-08-11,,Open,In Progress,0,0
3071,RI-616-04,616,Issue,Vendor component readiness is uncertain — Predictive Service Modernization,Dependency,2,4,8,Medium,Finance Partner,20260125,20260513,,2026-01-25,2026-05-13,,Open,Not Started,0,1
3072,RI-617-01,617,Issue,Acceptance criteria remain partially ambiguous — Predictive Service Analytics,Quality,2,3,6,Medium,Systems Lead,20260811,20260811,,2026-08-11,2026-08-11,,Open,In Progress,0,0
3073,RI-617-02,617,Risk,Verification evidence is incomplete — Predictive Service Analytics,Quality,3,4,12,High,Security Lead,20260106,20260316,20260313,2026-01-06,2026-03-16,2026-03-13,Closed,Completed,0,0
3074,RI-617-03,617,Issue,Legacy data quality could require redesign — Predictive Service Analytics,Technical,4,2,8,Medium,Supplier Manager,20260128,20260625,,2026-01-28,2026-06-25,,Open,Not Started,0,1
3075,RI-617-04,617,Risk,Critical skill coverage is below demand — Predictive Service Analytics,Resource,3,2,6,Medium,Release Manager,20260706,20260811,,2026-07-06,2026-08-11,,Mitigated,Completed,0,0
3076,RI-617-05,617,Issue,Interface behavior remains unproven,Technical,4,2,8,Medium,Technical Lead,20260115,20260402,20260416,2026-01-15,2026-04-02,2026-04-16,Closed,Completed,0,0
3077,RI-617-06,617,Issue,Test environment availability may move the baseline — Predictive Service Analytics,Schedule,2,2,4,Low,Systems Lead,20260524,20260708,,2026-05-24,2026-07-08,,Mitigated,Completed,0,0
3078,RI-617-07,617,Risk,Vendor component readiness is uncertain — Predictive Service Analytics,Dependency,4,3,12,High,Security Lead,20260719,20260811,,2026-07-19,2026-08-11,,Open,Not Started,0,0
3079,RI-618-01,618,Risk,Integration sequence may compress validation — Predictive Service Platform,Schedule,3,3,9,Medium,Finance Partner,20260806,20260811,20260807,2026-08-06,2026-08-11,2026-08-07,Closed,Completed,0,0
3080,RI-618-02,618,Risk,Test environment availability may move the baseline — Predictive Service Platform,Schedule,1,3,3,Low,Data Lead,20260620,20260811,,2026-06-20,2026-08-11,,Monitoring,In Progress,0,0
3081,RI-618-03,618,Risk,Prototype result may require architecture rework,Technical,2,3,6,Medium,Project Manager,20260429,20260605,20260526,2026-04-29,2026-06-05,2026-05-26,Closed,Completed,0,0
3082,RI-619-01,619,Risk,Security approval is on the critical path — Predictive Service Optimization,Dependency,2,3,6,Medium,Release Manager,20260707,20260811,,2026-07-07,2026-08-11,,Mitigated,Completed,0,0
3083,RI-619-02,619,Issue,Field issue recurrence needs containment,Quality,3,5,15,High,Technical Lead,20260716,20260811,,2026-07-16,2026-08-11,,Open,Not Started,0,0
3084,RI-619-03,619,Risk,Environment parity is not yet demonstrated — Predictive Service Optimization,Technical,1,3,3,Low,Systems Lead,20260707,20260811,,2026-07-07,2026-08-11,,Open,Not Started,0,0
3085,RI-619-04,619,Issue,Scope clarification may require a budget change,Cost,3,3,9,Medium,Security Lead,20260718,20260811,,2026-07-18,2026-08-11,,Open,In Progress,0,0
3086,RI-619-05,619,Issue,Vendor component readiness is uncertain,Dependency,4,4,16,High,Supplier Manager,20260708,20260811,,2026-07-08,2026-08-11,,Open,Not Started,0,0
3087,RI-619-06,619,Risk,Review capacity is concentrated in one role — Predictive Service Optimization,Resource,4,3,12,High,Release Manager,20260805,20260811,,2026-08-05,2026-08-11,,Monitoring,Completed,0,0
3088,RI-619-07,619,Issue,Acceptance criteria remain partially ambiguous,Quality,3,3,9,Medium,Technical Lead,20260720,20260811,,2026-07-20,2026-08-11,,Open,Not Started,0,0
3089,RI-620-01,620,Risk,Environment parity is not yet demonstrated — Predictive Service Integration,Technical,4,2,8,Medium,Product Owner,20260603,20260811,,2026-06-03,2026-08-11,,Mitigated,Completed,0,0
3090,RI-620-02,620,Risk,Review capacity is concentrated in one role — Predictive Service Integration,Resource,3,3,9,Medium,Quality Lead,20260708,20260811,,2026-07-08,2026-08-11,,Monitoring,In Progress,0,0
3091,RI-620-03,620,Risk,Pilot readiness depends on unresolved actions — Predictive Service Integration,Schedule,4,2,8,Medium,Finance Partner,20260809,20260811,,2026-08-09,2026-08-11,,Open,Not Started,0,0
3092,RI-620-04,620,Risk,Field issue recurrence needs containment — Predictive Service Integration,Quality,1,3,3,Low,Data Lead,20260105,20260428,20260509,2026-01-05,2026-04-28,2026-05-09,Closed,Completed,0,0
3093,RI-621-01,621,Risk,Vendor component readiness is uncertain — Predictive Service Transformation,Dependency,3,3,9,Medium,Security Lead,20260307,20260507,,2026-03-07,2026-05-07,,Monitoring,In Progress,0,1
3094,RI-621-02,621,Risk,Rework could consume management reserve — Predictive Service Transformation,Cost,4,5,20,Critical,Supplier Manager,20260505,20260723,20260608,2026-05-05,2026-07-23,2026-06-08,Closed,Not Required,0,0
3095,RI-621-03,621,Risk,Critical skill coverage is below demand,Resource,2,2,4,Low,Release Manager,20260430,20260801,20260607,2026-04-30,2026-08-01,2026-06-07,Closed,Not Required,0,0
3096,RI-622-01,622,Issue,Review capacity is concentrated in one role,Resource,2,3,6,Medium,Data Lead,20260404,20260711,,2026-04-04,2026-07-11,,Open,In Progress,0,1
3097,RI-622-02,622,Risk,Review capacity is concentrated in one role,Resource,3,2,6,Medium,Project Manager,20260602,20260727,20260804,2026-06-02,2026-07-27,2026-08-04,Closed,Completed,0,0
3098,RI-622-03,622,Risk,Legacy data quality could require redesign,Technical,2,2,4,Low,Product Owner,20260311,20260623,20260328,2026-03-11,2026-06-23,2026-03-28,Closed,Completed,0,0
3099,RI-622-04,622,Risk,Environment parity is not yet demonstrated — Predictive Service Enablement,Technical,5,4,20,Critical,Quality Lead,20251221,20260323,20260303,2025-12-21,2026-03-23,2026-03-03,Closed,Not Required,0,0
3100,RI-622-05,622,Risk,Test environment availability may move the baseline — Predictive Service Enablement,Schedule,3,1,3,Low,Finance Partner,20260128,20260402,20260319,2026-01-28,2026-04-02,2026-03-19,Closed,Completed,0,0
3101,RI-622-06,622,Issue,Platform release timing may create a mismatch — Predictive Service Enablement,Dependency,4,3,12,High,Data Lead,20260702,20260811,,2026-07-02,2026-08-11,,Open,Not Started,0,0
3102,RI-623-01,623,Risk,Integration sequence may compress validation — Predictive Service Acceleration,Schedule,3,4,12,High,Technical Lead,20260626,20260811,20260724,2026-06-26,2026-08-11,2026-07-24,Closed,Completed,0,0
3103,RI-623-02,623,Risk,Regression scope may exceed the test window — Predictive Service Acceleration,Quality,2,2,4,Low,Systems Lead,20260810,20260811,,2026-08-10,2026-08-11,,Mitigated,Completed,0,0
3104,RI-623-03,623,Risk,Backfill timing creates a capacity gap,Resource,3,3,9,Medium,Security Lead,20260325,20260527,20260512,2026-03-25,2026-05-27,2026-05-12,Closed,Completed,0,0
3105,RI-623-04,623,Risk,Legacy data quality could require redesign,Technical,4,3,12,High,Supplier Manager,20260316,20260629,20260611,2026-03-16,2026-06-29,2026-06-11,Closed,Completed,0,0
3106,RI-624-01,624,Risk,Traceability coverage requires remediation,Quality,3,4,12,High,Quality Lead,20260110,20260414,,2026-01-10,2026-04-14,,Mitigated,Completed,0,0
3107,RI-624-02,624,Issue,Acceptance criteria remain partially ambiguous,Quality,2,2,4,Low,Finance Partner,20251217,20260424,,2025-12-17,2026-04-24,,Mitigated,Completed,0,0
3108,RI-624-03,624,Issue,Late design decision may affect downstream work — Predictive Service Orchestration,Schedule,4,3,12,High,Data Lead,20251215,20260430,20260502,2025-12-15,2026-04-30,2026-05-02,Closed,Completed,0,0
3109,RI-624-04,624,Issue,Critical skill coverage is below demand,Resource,1,5,5,Low,Project Manager,20251215,20260421,,2025-12-15,2026-04-21,,Mitigated,Completed,0,0
3110,RI-624-05,624,Risk,Contractor transition may reduce throughput — Predictive Service Orchestration,Resource,1,2,2,Low,Product Owner,20260206,20260417,,2026-02-06,2026-04-17,,Mitigated,Completed,0,0
3111,RI-624-06,624,Risk,Supplier lead time threatens the next gate,Schedule,4,3,12,High,Quality Lead,20260202,20260526,,2026-02-02,2026-05-26,,Mitigated,Completed,0,0
3112,RI-625-01,625,Risk,Critical skill coverage is below demand — Predictive Service Intelligence,Resource,4,3,12,High,Supplier Manager,20260612,20260811,,2026-06-12,2026-08-11,,Open,Not Started,0,0
3113,RI-625-02,625,Risk,Committed spend limits recovery options,Cost,3,4,12,High,Release Manager,20260605,20260811,,2026-06-05,2026-08-11,,Open,In Progress,0,0
3114,RI-625-03,625,Risk,Verification evidence is incomplete — Predictive Service Intelligence,Quality,2,4,8,Medium,Technical Lead,20260430,20260811,20260630,2026-04-30,2026-08-11,2026-06-30,Closed,Completed,0,0
3115,RI-626-01,626,Issue,Vendor component readiness is uncertain — Intelligent Asset Modernization,Dependency,4,4,16,High,Project Manager,20260422,20260716,,2026-04-22,2026-07-16,,Mitigated,Completed,0,0
3116,RI-626-02,626,Risk,Interface behavior remains unproven,Technical,2,3,6,Medium,Product Owner,20260607,20260811,,2026-06-07,2026-08-11,,Open,Not Started,0,0
3117,RI-626-03,626,Risk,Committed spend limits recovery options — Intelligent Asset Modernization,Cost,3,2,6,Medium,Quality Lead,20260526,20260811,,2026-05-26,2026-08-11,,Monitoring,In Progress,0,0
3118,RI-627-01,627,Risk,Legacy data quality could require redesign,Technical,3,5,15,High,Systems Lead,20260721,20260811,,2026-07-21,2026-08-11,,Monitoring,In Progress,0,0
3119,RI-627-02,627,Issue,Prototype result may require architecture rework,Technical,3,5,15,High,Security Lead,20260416,20260723,,2026-04-16,2026-07-23,,Mitigated,Completed,0,0
3120,RI-627-03,627,Risk,Technical debt may complicate integration — Intelligent Asset Analytics,Technical,3,3,9,Medium,Supplier Manager,20260421,20260624,,2026-04-21,2026-06-24,,Mitigated,Completed,0,0
3121,RI-627-04,627,Issue,Technical debt may complicate integration — Intelligent Asset Analytics,Technical,2,3,6,Medium,Release Manager,20260415,20260601,20260615,2026-04-15,2026-06-01,2026-06-15,Closed,Completed,0,0
3122,RI-627-05,627,Risk,Traceability coverage requires remediation — Intelligent Asset Analytics,Quality,2,2,4,Low,Technical Lead,20260509,20260720,,2026-05-09,2026-07-20,,Mitigated,Completed,0,0
3123,RI-627-06,627,Risk,Cloud run cost is trending above the baseline,Cost,4,5,20,Critical,Systems Lead,20260616,20260811,,2026-06-16,2026-08-11,,Open,In Progress,1,0
3124,RI-628-01,628,Risk,Critical skill coverage is below demand — Intelligent Asset Platform,Resource,2,5,10,Medium,Finance Partner,20260130,20260616,,2026-01-30,2026-06-16,,Mitigated,Completed,0,0
3125,RI-628-02,628,Risk,Interface behavior remains unproven,Technical,1,3,3,Low,Data Lead,20260116,20260329,20260411,2026-01-16,2026-03-29,2026-04-11,Closed,Not Required,0,0
3126,RI-628-03,628,Issue,Upstream data contract remains unresolved,Dependency,2,3,6,Medium,Project Manager,20260305,20260601,,2026-03-05,2026-06-01,,Mitigated,Completed,0,0
3127,RI-628-04,628,Risk,Material quotation may exceed the estimate — Intelligent Asset Platform,Cost,2,4,8,Medium,Product Owner,20251227,20260419,,2025-12-27,2026-04-19,,Open,In Progress,0,1
3128,RI-629-01,629,Issue,Material quotation may exceed the estimate,Cost,4,3,12,High,Release Manager,20260414,20260623,,2026-04-14,2026-06-23,,Monitoring,In Progress,0,1
3129,RI-629-02,629,Issue,Interface behavior remains unproven,Technical,2,2,4,Low,Technical Lead,20260330,20260715,20260510,2026-03-30,2026-07-15,2026-05-10,Closed,Completed,0,0
3130,RI-629-03,629,Risk,Test environment availability may move the baseline — Intelligent Asset Optimization,Schedule,3,4,12,High,Systems Lead,20260721,20260811,,2026-07-21,2026-08-11,,Monitoring,In Progress,0,0
3131,RI-629-04,629,Risk,Interface behavior remains unproven — Intelligent Asset Optimization,Technical,3,2,6,Medium,Security Lead,20260419,20260617,20260521,2026-04-19,2026-06-17,2026-05-21,Closed,Completed,0,0
3132,RI-629-05,629,Issue,Interface behavior remains unproven — Intelligent Asset Optimization,Technical,1,3,3,Low,Supplier Manager,20260728,20260811,,2026-07-28,2026-08-11,,Open,In Progress,0,0
3133,RI-630-01,630,Risk,Verification evidence is incomplete — Intelligent Asset Integration,Quality,2,1,2,Low,Product Owner,20260322,20260608,,2026-03-22,2026-06-08,,Mitigated,Completed,0,0
3134,RI-630-02,630,Risk,Cloud run cost is trending above the baseline — Intelligent Asset Integration,Cost,2,2,4,Low,Quality Lead,20260602,20260811,,2026-06-02,2026-08-11,,Open,Not Started,0,0
3135,RI-630-03,630,Issue,Rework could consume management reserve — Intelligent Asset Integration,Cost,4,5,20,Critical,Finance Partner,20260227,20260511,20260303,2026-02-27,2026-05-11,2026-03-03,Closed,Completed,0,0
3136,RI-630-04,630,Issue,Acceptance criteria remain partially ambiguous,Quality,2,3,6,Medium,Data Lead,20260617,20260811,,2026-06-17,2026-08-11,,Open,Not Started,0,0
3137,RI-631-01,631,Risk,Legacy data quality could require redesign — Intelligent Asset Transformation,Technical,2,5,10,Medium,Security Lead,20260623,20260811,,2026-06-23,2026-08-11,,Open,Not Started,0,0
3138,RI-631-02,631,Issue,Committed spend limits recovery options,Cost,3,4,12,High,Supplier Manager,20260713,20260811,,2026-07-13,2026-08-11,,Mitigated,Completed,0,0
3139,RI-631-03,631,Risk,Vendor component readiness is uncertain — Intelligent Asset Transformation,Dependency,2,1,2,Low,Release Manager,20260704,20260811,,2026-07-04,2026-08-11,,Open,Not Started,0,0
3140,RI-632-01,632,Risk,Technical debt may complicate integration,Technical,3,3,9,Medium,Data Lead,20260315,20260609,,2026-03-15,2026-06-09,,Mitigated,Completed,0,0
3141,RI-632-02,632,Risk,Traceability coverage requires remediation,Quality,4,4,16,High,Project Manager,20260330,20260709,,2026-03-30,2026-07-09,,Monitoring,In Progress,0,1
3142,RI-632-03,632,Risk,Contractor transition may reduce throughput — Intelligent Asset Enablement,Resource,2,2,4,Low,Product Owner,20260124,20260329,,2026-01-24,2026-03-29,,Mitigated,Completed,0,0
3143,RI-632-04,632,Risk,Material quotation may exceed the estimate,Cost,3,4,12,High,Quality Lead,20260712,20260811,,2026-07-12,2026-08-11,,Monitoring,Completed,0,0
3144,RI-633-01,633,Risk,Environment parity is not yet demonstrated — Intelligent Asset Acceleration,Technical,3,4,12,High,Technical Lead,20260723,20260811,,2026-07-23,2026-08-11,,Monitoring,Completed,0,0
3145,RI-633-02,633,Risk,Critical skill coverage is below demand — Intelligent Asset Acceleration,Resource,2,2,4,Low,Systems Lead,20260726,20260811,,2026-07-26,2026-08-11,,Open,Not Started,0,0
3146,RI-633-03,633,Risk,Cloud run cost is trending above the baseline,Cost,2,4,8,Medium,Security Lead,20260511,20260730,20260627,2026-05-11,2026-07-30,2026-06-27,Closed,Completed,0,0
3147,RI-633-04,633,Issue,Vendor component readiness is uncertain — Intelligent Asset Acceleration,Dependency,3,1,3,Low,Supplier Manager,20260811,20260811,,2026-08-11,2026-08-11,,Open,In Progress,0,0
3148,RI-634-01,634,Issue,Contractor transition may reduce throughput,Resource,2,3,6,Medium,Quality Lead,20260726,20260811,,2026-07-26,2026-08-11,,Monitoring,In Progress,0,0
3149,RI-634-02,634,Risk,Review capacity is concentrated in one role,Resource,3,3,9,Medium,Finance Partner,20260719,20260811,,2026-07-19,2026-08-11,,Open,Not Started,0,0
3150,RI-634-03,634,Risk,Interface behavior remains unproven — Intelligent Asset Orchestration,Technical,4,2,8,Medium,Data Lead,20260704,20260811,,2026-07-04,2026-08-11,,Monitoring,In Progress,0,0
3151,RI-634-04,634,Issue,Regression scope may exceed the test window — Intelligent Asset Orchestration,Quality,2,3,6,Medium,Project Manager,20260729,20260811,,2026-07-29,2026-08-11,,Monitoring,In Progress,0,0
3152,RI-634-05,634,Risk,Shared engineer availability may delay delivery — Intelligent Asset Orchestration,Resource,3,2,6,Medium,Product Owner,20260708,20260811,,2026-07-08,2026-08-11,,Monitoring,In Progress,0,0
3153,RI-634-06,634,Issue,Shared engineer availability may delay delivery,Resource,3,1,3,Low,Quality Lead,20260802,20260811,,2026-08-02,2026-08-11,,Open,Not Started,0,0
3154,RI-635-01,635,Risk,Regression scope may exceed the test window — Intelligent Asset Intelligence,Quality,2,2,4,Low,Supplier Manager,20260705,20260811,,2026-07-05,2026-08-11,,Open,In Progress,0,0
3155,RI-635-02,635,Risk,Competing portfolio priority constrains staffing,Resource,4,4,16,High,Release Manager,20260626,20260811,,2026-06-26,2026-08-11,,Open,Not Started,0,0
3156,RI-635-03,635,Risk,Rework could consume management reserve,Cost,1,3,3,Low,Technical Lead,20260721,20260811,,2026-07-21,2026-08-11,,Mitigated,Completed,0,0
3157,RI-636-01,636,Issue,Acceptance criteria remain partially ambiguous — Intelligent Operations Modernization,Quality,3,5,15,High,Project Manager,20260726,20260811,,2026-07-26,2026-08-11,,Open,Not Started,0,0
3158,RI-636-02,636,Risk,Material quotation may exceed the estimate,Cost,3,3,9,Medium,Product Owner,20260429,20260811,,2026-04-29,2026-08-11,,Monitoring,In Progress,0,0
3159,RI-636-03,636,Risk,Review capacity is concentrated in one role — Intelligent Operations Modernization,Resource,4,3,12,High,Quality Lead,20260608,20260808,,2026-06-08,2026-08-08,,Mitigated,Completed,0,0
3160,RI-636-04,636,Risk,Test environment availability may move the baseline,Schedule,2,4,8,Medium,Finance Partner,20260724,20260811,,2026-07-24,2026-08-11,,Monitoring,Completed,0,0
3161,RI-636-05,636,Risk,External interface decision is blocking delivery — Intelligent Operations Modernization,Dependency,3,4,12,High,Data Lead,20260515,20260811,,2026-05-15,2026-08-11,,Monitoring,In Progress,0,0
3162,RI-636-06,636,Issue,Backfill timing creates a capacity gap — Intelligent Operations Modernization,Resource,3,5,15,High,Project Manager,20260809,20260811,,2026-08-09,2026-08-11,,Open,Not Started,0,0
3163,RI-636-07,636,Risk,Rework could consume management reserve,Cost,5,2,10,Medium,Product Owner,20260616,20260802,,2026-06-16,2026-08-02,,Mitigated,Completed,0,0
3164,RI-637-01,637,Risk,Rework could consume management reserve — Intelligent Operations Analytics,Cost,3,5,15,High,Systems Lead,20251218,20260215,20260219,2025-12-18,2026-02-15,2026-02-19,Closed,Completed,0,0
3165,RI-637-02,637,Risk,Acceptance criteria remain partially ambiguous — Intelligent Operations Analytics,Quality,2,3,6,Medium,Security Lead,20260214,20260411,,2026-02-14,2026-04-11,,Open,Not Started,0,1
3166,RI-637-03,637,Risk,Pilot readiness depends on unresolved actions,Schedule,2,4,8,Medium,Supplier Manager,20260608,20260811,,2026-06-08,2026-08-11,,Open,In Progress,0,0
3167,RI-638-01,638,Risk,Shared engineer availability may delay delivery,Resource,3,3,9,Medium,Finance Partner,20260804,20260811,,2026-08-04,2026-08-11,,Monitoring,In Progress,0,0
3168,RI-638-02,638,Issue,Contractor transition may reduce throughput — Intelligent Operations Platform,Resource,1,5,5,Low,Data Lead,20260731,20260811,,2026-07-31,2026-08-11,,Monitoring,In Progress,0,0
3169,RI-638-03,638,Issue,Environment parity is not yet demonstrated — Intelligent Operations Platform,Technical,4,4,16,High,Project Manager,20260116,20260520,,2026-01-16,2026-05-20,,Mitigated,Completed,0,0
3170,RI-638-04,638,Issue,Test environment availability may move the baseline,Schedule,2,4,8,Medium,Product Owner,20251225,20260207,20260110,2025-12-25,2026-02-07,2026-01-10,Closed,Completed,0,0
3171,RI-639-01,639,Issue,Vendor component readiness is uncertain,Dependency,3,4,12,High,Release Manager,20260727,20260811,,2026-07-27,2026-08-11,,Monitoring,Completed,0,0
3172,RI-639-02,639,Issue,Pilot readiness depends on unresolved actions — Intelligent Operations Optimization,Schedule,2,2,4,Low,Technical Lead,20260807,20260811,,2026-08-07,2026-08-11,,Monitoring,Completed,0,0
3173,RI-639-03,639,Risk,Vendor component readiness is uncertain,Dependency,5,1,5,Low,Systems Lead,20251231,20260321,,2025-12-31,2026-03-21,,Mitigated,Completed,0,0
3174,RI-639-04,639,Risk,Environment parity is not yet demonstrated — Intelligent Operations Optimization,Technical,2,3,6,Medium,Security Lead,20260313,20260703,20260613,2026-03-13,2026-07-03,2026-06-13,Closed,Completed,0,0
3175,RI-639-05,639,Risk,Platform release timing may create a mismatch — Intelligent Operations Optimization,Dependency,2,2,4,Low,Supplier Manager,20260605,20260808,20260726,2026-06-05,2026-08-08,2026-07-26,Closed,Completed,0,0
3176,RI-640-01,640,Risk,Pilot readiness depends on unresolved actions — Intelligent Operations Integration,Schedule,4,2,8,Medium,Product Owner,20260721,20260811,,2026-07-21,2026-08-11,,Monitoring,In Progress,0,0
3177,RI-640-02,640,Risk,Upstream data contract remains unresolved,Dependency,2,3,6,Medium,Quality Lead,20260806,20260811,,2026-08-06,2026-08-11,,Monitoring,In Progress,0,0
3178,RI-640-03,640,Risk,Defect closure rate may miss the exit criterion — Intelligent Operations Integration,Quality,2,3,6,Medium,Finance Partner,20251126,20260307,,2025-11-26,2026-03-07,,Mitigated,Completed,0,0
3179,RI-640-04,640,Risk,Rework could consume management reserve — Intelligent Operations Integration,Cost,2,2,4,Low,Data Lead,20260610,20260811,,2026-06-10,2026-08-11,,Open,Not Started,0,0
3180,RI-640-05,640,Risk,Legacy data quality could require redesign,Technical,4,5,20,Critical,Project Manager,20251118,20260123,,2025-11-18,2026-01-23,,Monitoring,In Progress,1,1
3181,RI-640-06,640,Risk,Critical skill coverage is below demand — Intelligent Operations Integration,Resource,4,2,8,Medium,Product Owner,20260312,20260507,,2026-03-12,2026-05-07,,Mitigated,Completed,0,0
3182,RI-641-01,641,Issue,Acceptance criteria remain partially ambiguous,Quality,5,4,20,Critical,Security Lead,20260304,20260503,,2026-03-04,2026-05-03,,Mitigated,Completed,0,0
3183,RI-641-02,641,Risk,Technical debt may complicate integration — Intelligent Operations Transformation,Technical,4,3,12,High,Supplier Manager,20260415,20260716,,2026-04-15,2026-07-16,,Monitoring,In Progress,0,1
3184,RI-641-03,641,Issue,Legacy data quality could require redesign,Technical,5,5,25,Critical,Release Manager,20260223,20260416,,2026-02-23,2026-04-16,,Mitigated,Completed,0,0
3185,RI-641-04,641,Risk,Contractor transition may reduce throughput,Resource,4,2,8,Medium,Technical Lead,20260313,20260427,,2026-03-13,2026-04-27,,Open,Not Started,0,1
3186,RI-641-05,641,Risk,Backfill timing creates a capacity gap,Resource,4,3,12,High,Systems Lead,20260709,20260811,,2026-07-09,2026-08-11,,Open,Not Started,0,0
3187,RI-642-01,642,Issue,Technical debt may complicate integration — Intelligent Operations Enablement,Technical,2,3,6,Medium,Data Lead,20260604,20260811,,2026-06-04,2026-08-11,,Mitigated,Completed,0,0
3188,RI-642-02,642,Issue,Shared engineer availability may delay delivery — Intelligent Operations Enablement,Resource,3,4,12,High,Project Manager,20260725,20260811,20260804,2026-07-25,2026-08-11,2026-08-04,Closed,Completed,0,0
3189,RI-642-03,642,Issue,Security approval is on the critical path,Dependency,3,3,9,Medium,Product Owner,20251122,20251230,,2025-11-22,2025-12-30,,Monitoring,In Progress,0,1
3190,RI-642-04,642,Issue,Environment parity is not yet demonstrated,Technical,2,3,6,Medium,Quality Lead,20260421,20260728,,2026-04-21,2026-07-28,,Open,In Progress,0,1
3191,RI-643-01,643,Risk,Contractor transition may reduce throughput,Resource,3,2,6,Medium,Technical Lead,20260517,20260811,,2026-05-17,2026-08-11,,Open,In Progress,0,0
3192,RI-643-02,643,Risk,Supplier lead time threatens the next gate,Schedule,5,3,15,High,Systems Lead,20260323,20260530,20260618,2026-03-23,2026-05-30,2026-06-18,Closed,Completed,0,0
3193,RI-643-03,643,Issue,Competing portfolio priority constrains staffing,Resource,4,2,8,Medium,Security Lead,20260316,20260521,,2026-03-16,2026-05-21,,Monitoring,Completed,0,1
3194,RI-643-04,643,Risk,Regression scope may exceed the test window,Quality,3,4,12,High,Supplier Manager,20260429,20260627,20260613,2026-04-29,2026-06-27,2026-06-13,Closed,Completed,0,0
3195,RI-643-05,643,Risk,Review capacity is concentrated in one role,Resource,4,2,8,Medium,Release Manager,20260127,20260323,,2026-01-27,2026-03-23,,Mitigated,Completed,0,0
3196,RI-644-01,644,Issue,Regression scope may exceed the test window — Intelligent Operations Orchestration,Quality,4,3,12,High,Quality Lead,20251229,20260309,20260217,2025-12-29,2026-03-09,2026-02-17,Closed,Completed,0,0
3197,RI-644-02,644,Issue,Verification evidence is incomplete,Quality,3,5,15,High,Finance Partner,20260725,20260811,20260807,2026-07-25,2026-08-11,2026-08-07,Closed,Completed,0,0
3198,RI-644-03,644,Issue,Competing portfolio priority constrains staffing,Resource,3,2,6,Medium,Data Lead,20251116,20260416,,2025-11-16,2026-04-16,,Monitoring,In Progress,0,1
3199,RI-644-04,644,Risk,Legacy data quality could require redesign,Technical,3,1,3,Low,Project Manager,20251211,20260307,,2025-12-11,2026-03-07,,Mitigated,Completed,0,0
3200,RI-645-01,645,Risk,Integration sequence may compress validation,Schedule,2,3,6,Medium,Supplier Manager,20260609,20260729,,2026-06-09,2026-07-29,,Open,Not Started,0,1
3201,RI-645-02,645,Issue,Defect closure rate may miss the exit criterion,Quality,3,4,12,High,Release Manager,20260725,20260811,,2026-07-25,2026-08-11,,Monitoring,In Progress,0,0
3202,RI-645-03,645,Risk,Integration sequence may compress validation,Schedule,3,3,9,Medium,Technical Lead,20260809,20260811,,2026-08-09,2026-08-11,,Mitigated,Completed,0,0
3203,RI-645-04,645,Risk,Scope clarification may require a budget change — Intelligent Operations Intelligence,Cost,5,3,15,High,Systems Lead,20260510,20260707,,2026-05-10,2026-07-07,,Mitigated,Completed,0,0
3204,RI-645-05,645,Risk,Pilot readiness depends on unresolved actions,Schedule,3,4,12,High,Security Lead,20260528,20260811,,2026-05-28,2026-08-11,,Open,In Progress,0,0
3205,RI-645-06,645,Issue,Integration sequence may compress validation,Schedule,2,4,8,Medium,Supplier Manager,20260521,20260711,,2026-05-21,2026-07-11,,Monitoring,In Progress,0,1
3206,RI-646-01,646,Risk,Release window has limited recovery float — Intelligent Reliability Modernization,Schedule,3,4,12,High,Project Manager,20260614,20260811,,2026-06-14,2026-08-11,,Monitoring,Completed,0,0
3207,RI-646-02,646,Issue,Field issue recurrence needs containment — Intelligent Reliability Modernization,Quality,1,3,3,Low,Product Owner,20260511,20260705,,2026-05-11,2026-07-05,,Mitigated,Completed,0,0
3208,RI-646-03,646,Risk,Specialist rate mix is above plan — Intelligent Reliability Modernization,Cost,4,3,12,High,Quality Lead,20260401,20260628,20260604,2026-04-01,2026-06-28,2026-06-04,Closed,Completed,0,0
3209,RI-646-04,646,Risk,Rework could consume management reserve — Intelligent Reliability Modernization,Cost,3,4,12,High,Finance Partner,20260321,20260614,20260409,2026-03-21,2026-06-14,2026-04-09,Closed,Completed,0,0
3210,RI-647-01,647,Risk,Legacy data quality could require redesign — Intelligent Reliability Analytics,Technical,5,2,10,Medium,Systems Lead,20260708,20260811,,2026-07-08,2026-08-11,,Open,Not Started,0,0
3211,RI-647-02,647,Risk,Upstream data contract remains unresolved,Dependency,2,2,4,Low,Security Lead,20260802,20260811,20260802,2026-08-02,2026-08-11,2026-08-02,Closed,Completed,0,0
3212,RI-647-03,647,Risk,Regression scope may exceed the test window,Quality,3,2,6,Medium,Supplier Manager,20260722,20260811,,2026-07-22,2026-08-11,,Open,Not Started,0,0
3213,RI-648-01,648,Risk,Release window has limited recovery float,Schedule,4,3,12,High,Finance Partner,20260302,20260608,,2026-03-02,2026-06-08,,Mitigated,Completed,0,0
3214,RI-648-02,648,Risk,Competing portfolio priority constrains staffing — Intelligent Reliability Platform,Resource,4,3,12,High,Data Lead,20260522,20260712,,2026-05-22,2026-07-12,,Monitoring,In Progress,0,1
3215,RI-648-03,648,Issue,Critical skill coverage is below demand,Resource,5,3,15,High,Project Manager,20260730,20260811,,2026-07-30,2026-08-11,,Open,In Progress,0,0
3216,RI-648-04,648,Risk,Committed spend limits recovery options,Cost,3,3,9,Medium,Product Owner,20260413,20260811,,2026-04-13,2026-08-11,,Mitigated,Completed,0,0
3217,RI-649-01,649,Risk,Late design decision may affect downstream work — Intelligent Reliability Optimization,Schedule,4,4,16,High,Release Manager,20260223,20260404,,2026-02-23,2026-04-04,,Monitoring,In Progress,0,1
3218,RI-649-02,649,Risk,Late design decision may affect downstream work — Intelligent Reliability Optimization,Schedule,3,3,9,Medium,Technical Lead,20260509,20260722,,2026-05-09,2026-07-22,,Mitigated,Completed,0,0
3219,RI-649-03,649,Risk,Backfill timing creates a capacity gap — Intelligent Reliability Optimization,Resource,3,3,9,Medium,Systems Lead,20260603,20260721,,2026-06-03,2026-07-21,,Monitoring,Completed,0,1
3220,RI-649-04,649,Risk,Review capacity is concentrated in one role,Resource,5,3,15,High,Security Lead,20260519,20260811,,2026-05-19,2026-08-11,,Monitoring,In Progress,0,0
3221,RI-649-05,649,Risk,Rework could consume management reserve,Cost,4,4,16,High,Supplier Manager,20260722,20260811,,2026-07-22,2026-08-11,,Monitoring,Completed,0,0
3222,RI-650-01,650,Risk,Release window has limited recovery float — Intelligent Reliability Integration,Schedule,2,2,4,Low,Product Owner,20260319,20260513,20260329,2026-03-19,2026-05-13,2026-03-29,Closed,Completed,0,0
3223,RI-650-02,650,Risk,Late design decision may affect downstream work,Schedule,5,2,10,Medium,Quality Lead,20260507,20260626,20260526,2026-05-07,2026-06-26,2026-05-26,Closed,Completed,0,0
3224,RI-650-03,650,Risk,Verification evidence is incomplete,Quality,5,4,20,Critical,Finance Partner,20260424,20260706,,2026-04-24,2026-07-06,,Monitoring,In Progress,1,1
3225,RI-650-04,650,Risk,Legacy data quality could require redesign — Intelligent Reliability Integration,Technical,3,3,9,Medium,Data Lead,20260421,20260623,,2026-04-21,2026-06-23,,Monitoring,In Progress,0,1
3226,RI-650-05,650,Risk,Critical skill coverage is below demand,Resource,4,1,4,Low,Project Manager,20260412,20260621,20260721,2026-04-12,2026-06-21,2026-07-21,Closed,Completed,0,0
3227,RI-650-06,650,Issue,Security approval is on the critical path — Intelligent Reliability Integration,Dependency,3,3,9,Medium,Product Owner,20260713,20260811,,2026-07-13,2026-08-11,,Open,Not Started,0,0
3228,RI-650-07,650,Risk,Contractor transition may reduce throughput,Resource,3,5,15,High,Quality Lead,20260419,20260602,20260627,2026-04-19,2026-06-02,2026-06-27,Closed,Completed,0,0
3229,RI-651-01,651,Risk,Acceptance criteria remain partially ambiguous,Quality,4,3,12,High,Security Lead,20260302,20260505,,2026-03-02,2026-05-05,,Mitigated,Completed,0,0
3230,RI-651-02,651,Risk,Release window has limited recovery float — Intelligent Reliability Transformation,Schedule,3,2,6,Medium,Supplier Manager,20260527,20260715,20260625,2026-05-27,2026-07-15,2026-06-25,Closed,Completed,0,0
3231,RI-651-03,651,Issue,Legacy data quality could require redesign — Intelligent Reliability Transformation,Technical,3,4,12,High,Release Manager,20260621,20260811,,2026-06-21,2026-08-11,,Monitoring,Completed,0,0
3232,RI-651-04,651,Risk,Verification evidence is incomplete,Quality,3,2,6,Medium,Technical Lead,20260216,20260428,,2026-02-16,2026-04-28,,Monitoring,In Progress,0,1
3233,RI-652-01,652,Risk,Interface behavior remains unproven — Intelligent Reliability Enablement,Technical,5,3,15,High,Data Lead,20260428,20260808,,2026-04-28,2026-08-08,,Mitigated,Completed,0,0
3234,RI-652-02,652,Risk,Field issue recurrence needs containment — Intelligent Reliability Enablement,Quality,3,4,12,High,Project Manager,20260224,20260408,20260320,2026-02-24,2026-04-08,2026-03-20,Closed,Not Required,0,0
3235,RI-652-03,652,Risk,Verification evidence is incomplete,Quality,3,4,12,High,Product Owner,20260413,20260725,20260630,2026-04-13,2026-07-25,2026-06-30,Closed,Completed,0,0
3236,RI-652-04,652,Risk,Performance margin may not meet the target,Technical,5,3,15,High,Quality Lead,20260720,20260811,,2026-07-20,2026-08-11,,Monitoring,In Progress,0,0
3237,RI-652-05,652,Risk,Backfill timing creates a capacity gap,Resource,2,2,4,Low,Finance Partner,20260311,20260627,,2026-03-11,2026-06-27,,Mitigated,Completed,0,0
3238,RI-653-01,653,Risk,Rework could consume management reserve,Cost,4,3,12,High,Technical Lead,20260624,20260811,,2026-06-24,2026-08-11,,Monitoring,In Progress,0,0
3239,RI-653-02,653,Risk,Legacy data quality could require redesign,Technical,2,3,6,Medium,Systems Lead,20260224,20260602,,2026-02-24,2026-06-02,,Mitigated,Completed,0,0
3240,RI-653-03,653,Risk,Cloud run cost is trending above the baseline,Cost,2,4,8,Medium,Security Lead,20260730,20260811,,2026-07-30,2026-08-11,,Monitoring,In Progress,0,0
3241,RI-653-04,653,Issue,Traceability coverage requires remediation — Intelligent Reliability Acceleration,Quality,3,5,15,High,Supplier Manager,20260303,20260424,,2026-03-03,2026-04-24,,Mitigated,Completed,0,0
3242,RI-653-05,653,Issue,Shared engineer availability may delay delivery — Intelligent Reliability Acceleration,Resource,4,2,8,Medium,Release Manager,20260410,20260718,20260715,2026-04-10,2026-07-18,2026-07-15,Closed,Not Required,0,0
3243,RI-653-06,653,Risk,Rework could consume management reserve,Cost,3,3,9,Medium,Technical Lead,20260411,20260607,,2026-04-11,2026-06-07,,Mitigated,Completed,0,0
3244,RI-654-01,654,Issue,Security approval is on the critical path,Dependency,4,3,12,High,Quality Lead,20260128,20260327,,2026-01-28,2026-03-27,,Open,Not Started,0,1
3245,RI-654-02,654,Issue,Rework could consume management reserve,Cost,4,5,20,Critical,Finance Partner,20260518,20260726,,2026-05-18,2026-07-26,,Mitigated,Completed,0,0
3246,RI-654-03,654,Issue,Vendor component readiness is uncertain — Intelligent Reliability Orchestration,Dependency,3,4,12,High,Data Lead,20260303,20260424,,2026-03-03,2026-04-24,,Mitigated,Completed,0,0
3247,RI-654-04,654,Risk,Defect closure rate may miss the exit criterion — Intelligent Reliability Orchestration,Quality,4,4,16,High,Project Manager,20260324,20260612,,2026-03-24,2026-06-12,,Monitoring,In Progress,0,1
3248,RI-654-05,654,Risk,Interface behavior remains unproven — Intelligent Reliability Orchestration,Technical,5,2,10,Medium,Product Owner,20260704,20260811,20260715,2026-07-04,2026-08-11,2026-07-15,Closed,Not Required,0,0
3249,RI-654-06,654,Risk,Late design decision may affect downstream work — Intelligent Reliability Orchestration,Schedule,3,3,9,Medium,Quality Lead,20260504,20260703,,2026-05-04,2026-07-03,,Mitigated,Completed,0,0
3250,RI-655-01,655,Risk,Critical skill coverage is below demand — Intelligent Reliability Intelligence,Resource,3,4,12,High,Supplier Manager,20260323,20260521,,2026-03-23,2026-05-21,,Mitigated,Completed,0,0
3251,RI-655-02,655,Risk,Shared engineer availability may delay delivery,Resource,2,4,8,Medium,Release Manager,20260608,20260811,20260610,2026-06-08,2026-08-11,2026-06-10,Closed,Completed,0,0
3252,RI-655-03,655,Issue,Acceptance criteria remain partially ambiguous,Quality,3,3,9,Medium,Technical Lead,20260402,20260802,20260721,2026-04-02,2026-08-02,2026-07-21,Closed,Completed,0,0
3253,RI-655-04,655,Risk,Platform release timing may create a mismatch,Dependency,3,3,9,Medium,Systems Lead,20260308,20260608,20260310,2026-03-08,2026-06-08,2026-03-10,Closed,Completed,0,0
3254,RI-655-05,655,Risk,Prototype result may require architecture rework — Intelligent Reliability Intelligence,Technical,5,5,25,Critical,Security Lead,20260318,20260618,,2026-03-18,2026-06-18,,Mitigated,Completed,0,0
3255,RI-655-06,655,Risk,Critical skill coverage is below demand,Resource,3,3,9,Medium,Supplier Manager,20260310,20260620,,2026-03-10,2026-06-20,,Mitigated,Completed,0,0
3256,RI-656-01,656,Risk,Field issue recurrence needs containment — Intelligent Controls Modernization,Quality,5,2,10,Medium,Project Manager,20260429,20260624,,2026-04-29,2026-06-24,,Mitigated,Completed,0,0
3257,RI-656-02,656,Risk,Upstream data contract remains unresolved — Intelligent Controls Modernization,Dependency,2,4,8,Medium,Product Owner,20260205,20260510,,2026-02-05,2026-05-10,,Monitoring,In Progress,0,1
3258,RI-656-03,656,Risk,External interface decision is blocking delivery,Dependency,1,2,2,Low,Quality Lead,20260624,20260811,,2026-06-24,2026-08-11,,Monitoring,Completed,0,0
3259,RI-656-04,656,Risk,Prototype result may require architecture rework — Intelligent Controls Modernization,Technical,3,3,9,Medium,Finance Partner,20260807,20260811,,2026-08-07,2026-08-11,,Monitoring,In Progress,0,0
3260,RI-656-05,656,Risk,Legacy data quality could require redesign,Technical,2,4,8,Medium,Data Lead,20260626,20260811,,2026-06-26,2026-08-11,,Monitoring,In Progress,0,0
3261,RI-656-06,656,Issue,External interface decision is blocking delivery — Intelligent Controls Modernization,Dependency,3,3,9,Medium,Project Manager,20260425,20260811,,2026-04-25,2026-08-11,,Monitoring,In Progress,0,0
3262,RI-657-01,657,Risk,Critical skill coverage is below demand — Intelligent Controls Analytics,Resource,3,4,12,High,Systems Lead,20260510,20260809,20260530,2026-05-10,2026-08-09,2026-05-30,Closed,Completed,0,0
3263,RI-657-02,657,Issue,Critical skill coverage is below demand — Intelligent Controls Analytics,Resource,4,2,8,Medium,Security Lead,20260508,20260811,,2026-05-08,2026-08-11,,Open,In Progress,0,0
3264,RI-657-03,657,Issue,Interface behavior remains unproven,Technical,2,4,8,Medium,Supplier Manager,20260528,20260722,20260608,2026-05-28,2026-07-22,2026-06-08,Closed,Completed,0,0
3265,RI-657-04,657,Risk,Competing portfolio priority constrains staffing,Resource,2,2,4,Low,Release Manager,20260413,20260714,20260414,2026-04-13,2026-07-14,2026-04-14,Closed,Completed,0,0
3266,RI-658-01,658,Risk,Customer test access is not yet confirmed — Intelligent Controls Platform,Dependency,3,3,9,Medium,Finance Partner,20260421,20260717,20260522,2026-04-21,2026-07-17,2026-05-22,Closed,Completed,0,0
3267,RI-658-02,658,Risk,Environment parity is not yet demonstrated,Technical,2,3,6,Medium,Data Lead,20260414,20260624,,2026-04-14,2026-06-24,,Open,In Progress,0,1
3268,RI-658-03,658,Risk,Field issue recurrence needs containment — Intelligent Controls Platform,Quality,3,3,9,Medium,Project Manager,20260514,20260712,,2026-05-14,2026-07-12,,Mitigated,Completed,0,0
3269,RI-658-04,658,Risk,Customer test access is not yet confirmed — Intelligent Controls Platform,Dependency,2,3,6,Medium,Product Owner,20260725,20260811,,2026-07-25,2026-08-11,,Open,In Progress,0,0
3270,RI-659-01,659,Risk,Committed spend limits recovery options — Intelligent Controls Optimization,Cost,3,5,15,High,Release Manager,20260216,20260422,,2026-02-16,2026-04-22,,Mitigated,Completed,0,0
3271,RI-659-02,659,Risk,Supplier lead time threatens the next gate,Schedule,5,2,10,Medium,Technical Lead,20260525,20260804,,2026-05-25,2026-08-04,,Open,In Progress,0,1
3272,RI-659-03,659,Risk,Verification evidence is incomplete — Intelligent Controls Optimization,Quality,3,4,12,High,Systems Lead,20260215,20260429,20260219,2026-02-15,2026-04-29,2026-02-19,Closed,Not Required,0,0
3273,RI-659-04,659,Risk,Vendor component readiness is uncertain — Intelligent Controls Optimization,Dependency,3,2,6,Medium,Security Lead,20260209,20260506,,2026-02-09,2026-05-06,,Monitoring,Completed,0,1
3274,RI-659-05,659,Risk,Technical debt may complicate integration — Intelligent Controls Optimization,Technical,5,3,15,High,Supplier Manager,20260421,20260622,20260710,2026-04-21,2026-06-22,2026-07-10,Closed,Completed,0,0
3275,RI-660-01,660,Risk,Release window has limited recovery float,Schedule,2,1,2,Low,Product Owner,20251120,20260107,,2025-11-20,2026-01-07,,Mitigated,Completed,0,0
3276,RI-660-02,660,Risk,Interface behavior remains unproven,Technical,4,3,12,High,Quality Lead,20260105,20260226,20260116,2026-01-05,2026-02-26,2026-01-16,Closed,Completed,0,0
3277,RI-660-03,660,Risk,Committed spend limits recovery options — Intelligent Controls Integration,Cost,4,5,20,Critical,Finance Partner,20260410,20260531,20260509,2026-04-10,2026-05-31,2026-05-09,Closed,Completed,0,0
3278,RI-660-04,660,Risk,Traceability coverage requires remediation,Quality,4,1,4,Low,Data Lead,20260330,20260707,,2026-03-30,2026-07-07,,Mitigated,Completed,0,0
3279,RI-661-01,661,Risk,Pilot readiness depends on unresolved actions,Schedule,4,2,8,Medium,Security Lead,20260311,20260419,20260415,2026-03-11,2026-04-19,2026-04-15,Closed,Completed,0,0
3280,RI-661-02,661,Risk,Regression scope may exceed the test window,Quality,3,2,6,Medium,Supplier Manager,20260404,20260723,,2026-04-04,2026-07-23,,Open,In Progress,0,1
3281,RI-661-03,661,Risk,Late design decision may affect downstream work,Schedule,3,3,9,Medium,Release Manager,20260801,20260811,,2026-08-01,2026-08-11,,Monitoring,Completed,0,0
3282,RI-661-04,661,Risk,Backfill timing creates a capacity gap,Resource,4,4,16,High,Technical Lead,20260414,20260811,,2026-04-14,2026-08-11,,Mitigated,Completed,0,0
3283,RI-661-05,661,Issue,Verification evidence is incomplete,Quality,1,4,4,Low,Systems Lead,20260503,20260811,,2026-05-03,2026-08-11,,Open,In Progress,0,0
3284,RI-662-01,662,Issue,Cloud run cost is trending above the baseline,Cost,3,5,15,High,Data Lead,20260614,20260811,,2026-06-14,2026-08-11,,Open,Not Started,0,0
3285,RI-662-02,662,Risk,Committed spend limits recovery options,Cost,4,1,4,Low,Project Manager,20260605,20260811,,2026-06-05,2026-08-11,,Monitoring,Completed,0,0
3286,RI-662-03,662,Risk,External interface decision is blocking delivery — Intelligent Controls Enablement,Dependency,3,3,9,Medium,Product Owner,20260806,20260811,,2026-08-06,2026-08-11,,Monitoring,In Progress,0,0
3287,RI-662-04,662,Risk,Defect closure rate may miss the exit criterion,Quality,1,3,3,Low,Quality Lead,20260422,20260724,,2026-04-22,2026-07-24,,Mitigated,Completed,0,0
3288,RI-662-05,662,Issue,Prototype result may require architecture rework — Intelligent Controls Enablement,Technical,3,4,12,High,Finance Partner,20260420,20260811,,2026-04-20,2026-08-11,,Open,In Progress,0,0
3289,RI-663-01,663,Issue,Vendor component readiness is uncertain,Dependency,2,2,4,Low,Technical Lead,20260428,20260609,,2026-04-28,2026-06-09,,Mitigated,Completed,0,0
3290,RI-663-02,663,Risk,Performance margin may not meet the target,Technical,3,1,3,Low,Systems Lead,20260728,20260811,,2026-07-28,2026-08-11,,Mitigated,Completed,0,0
3291,RI-663-03,663,Risk,Performance margin may not meet the target — Intelligent Controls Acceleration,Technical,3,2,6,Medium,Security Lead,20260723,20260811,,2026-07-23,2026-08-11,,Open,In Progress,0,0
3292,RI-663-04,663,Risk,Supplier lead time threatens the next gate — Intelligent Controls Acceleration,Schedule,3,1,3,Low,Supplier Manager,20260615,20260811,20260715,2026-06-15,2026-08-11,2026-07-15,Closed,Completed,0,0
3293,RI-663-05,663,Risk,Rework could consume management reserve — Intelligent Controls Acceleration,Cost,4,3,12,High,Release Manager,20260715,20260811,,2026-07-15,2026-08-11,,Monitoring,Completed,0,0
3294,RI-663-06,663,Risk,Defect closure rate may miss the exit criterion — Intelligent Controls Acceleration,Quality,3,4,12,High,Technical Lead,20260628,20260811,,2026-06-28,2026-08-11,,Open,In Progress,0,0
3295,RI-664-01,664,Issue,Field issue recurrence needs containment — Intelligent Controls Orchestration,Quality,3,3,9,Medium,Quality Lead,20260104,20260328,20260223,2026-01-04,2026-03-28,2026-02-23,Closed,Completed,0,0
3296,RI-664-02,664,Issue,Shared engineer availability may delay delivery — Intelligent Controls Orchestration,Resource,3,3,9,Medium,Finance Partner,20260218,20260604,,2026-02-18,2026-06-04,,Mitigated,Completed,0,0
3297,RI-664-03,664,Issue,Environment parity is not yet demonstrated — Intelligent Controls Orchestration,Technical,1,4,4,Low,Data Lead,20260523,20260806,20260730,2026-05-23,2026-08-06,2026-07-30,Closed,Completed,0,0
3298,RI-664-04,664,Risk,Interface behavior remains unproven,Technical,2,4,8,Medium,Project Manager,20260809,20260811,,2026-08-09,2026-08-11,,Open,In Progress,0,0
3299,RI-664-05,664,Issue,Integration sequence may compress validation — Intelligent Controls Orchestration,Schedule,4,3,12,High,Product Owner,20260731,20260811,,2026-07-31,2026-08-11,,Monitoring,In Progress,0,0
3300,RI-665-01,665,Risk,Acceptance criteria remain partially ambiguous,Quality,3,2,6,Medium,Supplier Manager,20260421,20260630,20260722,2026-04-21,2026-06-30,2026-07-22,Closed,Completed,0,0
3301,RI-665-02,665,Issue,Acceptance criteria remain partially ambiguous — Intelligent Controls Intelligence,Quality,3,4,12,High,Release Manager,20260724,20260811,,2026-07-24,2026-08-11,,Monitoring,In Progress,0,0
3302,RI-665-03,665,Risk,Competing portfolio priority constrains staffing,Resource,3,1,3,Low,Technical Lead,20260309,20260705,20260627,2026-03-09,2026-07-05,2026-06-27,Closed,Completed,0,0
3303,RI-665-04,665,Risk,Acceptance criteria remain partially ambiguous — Intelligent Controls Intelligence,Quality,2,4,8,Medium,Systems Lead,20260622,20260811,,2026-06-22,2026-08-11,,Monitoring,In Progress,0,0
3304,RI-665-05,665,Risk,Regression scope may exceed the test window,Quality,4,4,16,High,Security Lead,20260802,20260811,,2026-08-02,2026-08-11,,Open,Not Started,0,0
3305,RI-665-06,665,Risk,Defect closure rate may miss the exit criterion — Intelligent Controls Intelligence,Quality,3,3,9,Medium,Supplier Manager,20260704,20260811,,2026-07-04,2026-08-11,,Open,Not Started,0,0
3306,RI-665-07,665,Risk,Upstream data contract remains unresolved — Intelligent Controls Intelligence,Dependency,3,2,6,Medium,Release Manager,20260811,20260811,,2026-08-11,2026-08-11,,Monitoring,In Progress,0,0
3307,RI-666-01,666,Risk,Backfill timing creates a capacity gap — Intelligent Telemetry Modernization,Resource,3,1,3,Low,Project Manager,20260626,20260811,,2026-06-26,2026-08-11,,Monitoring,Completed,0,0
3308,RI-666-02,666,Risk,Release window has limited recovery float — Intelligent Telemetry Modernization,Schedule,3,3,9,Medium,Product Owner,20260503,20260730,,2026-05-03,2026-07-30,,Mitigated,Completed,0,0
3309,RI-666-03,666,Risk,Performance margin may not meet the target,Technical,3,3,9,Medium,Quality Lead,20260403,20260720,20260708,2026-04-03,2026-07-20,2026-07-08,Closed,Completed,0,0
3310,RI-666-04,666,Issue,Specialist rate mix is above plan — Intelligent Telemetry Modernization,Cost,5,3,15,High,Finance Partner,20260303,20260511,20260515,2026-03-03,2026-05-11,2026-05-15,Closed,Completed,0,0
3311,RI-666-05,666,Issue,Late design decision may affect downstream work — Intelligent Telemetry Modernization,Schedule,5,3,15,High,Data Lead,20260301,20260529,20260622,2026-03-01,2026-05-29,2026-06-22,Closed,Completed,0,0
3312,RI-666-06,666,Risk,Specialist rate mix is above plan — Intelligent Telemetry Modernization,Cost,4,4,16,High,Project Manager,20260620,20260811,,2026-06-20,2026-08-11,,Open,In Progress,0,0
3313,RI-666-07,666,Risk,Pilot readiness depends on unresolved actions,Schedule,3,4,12,High,Product Owner,20260604,20260807,20260807,2026-06-04,2026-08-07,2026-08-07,Closed,Completed,0,0
3314,RI-667-01,667,Risk,Backfill timing creates a capacity gap,Resource,3,3,9,Medium,Systems Lead,20260705,20260811,,2026-07-05,2026-08-11,,Monitoring,In Progress,0,0
3315,RI-667-02,667,Risk,Shared engineer availability may delay delivery,Resource,3,3,9,Medium,Security Lead,20260620,20260811,,2026-06-20,2026-08-11,,Monitoring,In Progress,0,0
3316,RI-667-03,667,Risk,Scope clarification may require a budget change,Cost,2,3,6,Medium,Supplier Manager,20251117,20260325,20260117,2025-11-17,2026-03-25,2026-01-17,Closed,Completed,0,0
3317,RI-667-04,667,Risk,Traceability coverage requires remediation,Quality,4,5,20,Critical,Release Manager,20260617,20260811,,2026-06-17,2026-08-11,,Open,In Progress,1,0
3318,RI-668-01,668,Issue,Test environment availability may move the baseline — Intelligent Telemetry Platform,Schedule,3,3,9,Medium,Finance Partner,20260716,20260811,,2026-07-16,2026-08-11,,Monitoring,Completed,0,0
3319,RI-668-02,668,Issue,Integration sequence may compress validation,Schedule,3,3,9,Medium,Data Lead,20260804,20260811,,2026-08-04,2026-08-11,,Monitoring,In Progress,0,0
3320,RI-668-03,668,Risk,Supplier lead time threatens the next gate,Schedule,5,2,10,Medium,Project Manager,20260212,20260508,20260510,2026-02-12,2026-05-08,2026-05-10,Closed,Completed,0,0
3321,RI-669-01,669,Risk,Defect closure rate may miss the exit criterion — Intelligent Telemetry Optimization,Quality,2,3,6,Medium,Release Manager,20260624,20260811,,2026-06-24,2026-08-11,,Open,In Progress,0,0
3322,RI-669-02,669,Risk,Performance margin may not meet the target — Intelligent Telemetry Optimization,Technical,2,5,10,Medium,Technical Lead,20260519,20260705,,2026-05-19,2026-07-05,,Mitigated,Completed,0,0
3323,RI-669-03,669,Issue,Vendor component readiness is uncertain,Dependency,2,4,8,Medium,Systems Lead,20260329,20260510,20260608,2026-03-29,2026-05-10,2026-06-08,Closed,Completed,0,0
3324,RI-669-04,669,Issue,Material quotation may exceed the estimate,Cost,1,1,1,Low,Security Lead,20260304,20260503,20260411,2026-03-04,2026-05-03,2026-04-11,Closed,Completed,0,0
3325,RI-669-05,669,Risk,Verification evidence is incomplete,Quality,1,2,2,Low,Supplier Manager,20260409,20260811,,2026-04-09,2026-08-11,,Mitigated,Completed,0,0
3326,RI-669-06,669,Risk,Security approval is on the critical path — Intelligent Telemetry Optimization,Dependency,3,3,9,Medium,Release Manager,20260522,20260811,,2026-05-22,2026-08-11,,Open,Not Started,0,0
3327,RI-669-07,669,Issue,Acceptance criteria remain partially ambiguous,Quality,4,2,8,Medium,Technical Lead,20260618,20260811,,2026-06-18,2026-08-11,,Open,Not Started,0,0
3328,RI-670-01,670,Risk,Upstream data contract remains unresolved,Dependency,3,2,6,Medium,Product Owner,20260523,20260730,20260531,2026-05-23,2026-07-30,2026-05-31,Closed,Completed,0,0
3329,RI-670-02,670,Issue,Rework could consume management reserve — Intelligent Telemetry Integration,Cost,4,3,12,High,Quality Lead,20260527,20260807,,2026-05-27,2026-08-07,,Mitigated,Completed,0,0
3330,RI-670-03,670,Risk,Competing portfolio priority constrains staffing — Intelligent Telemetry Integration,Resource,3,2,6,Medium,Finance Partner,20260423,20260705,,2026-04-23,2026-07-05,,Monitoring,In Progress,0,1
3331,RI-670-04,670,Issue,Prototype result may require architecture rework,Technical,4,2,8,Medium,Data Lead,20260603,20260717,,2026-06-03,2026-07-17,,Mitigated,Completed,0,0
3332,RI-670-05,670,Risk,External interface decision is blocking delivery — Intelligent Telemetry Integration,Dependency,4,1,4,Low,Project Manager,20260211,20260525,,2026-02-11,2026-05-25,,Open,Not Started,0,1
3333,RI-671-01,671,Risk,Interface behavior remains unproven — Intelligent Telemetry Transformation,Technical,2,2,4,Low,Security Lead,20260628,20260811,,2026-06-28,2026-08-11,,Open,Not Started,0,0
3334,RI-671-02,671,Risk,Legacy data quality could require redesign — Intelligent Telemetry Transformation,Technical,5,3,15,High,Supplier Manager,20260127,20260307,,2026-01-27,2026-03-07,,Mitigated,Completed,0,0
3335,RI-671-03,671,Risk,Traceability coverage requires remediation — Intelligent Telemetry Transformation,Quality,3,2,6,Medium,Release Manager,20260214,20260706,,2026-02-14,2026-07-06,,Mitigated,Completed,0,0
3336,RI-671-04,671,Issue,Cloud run cost is trending above the baseline — Intelligent Telemetry Transformation,Cost,3,4,12,High,Technical Lead,20260606,20260811,20260731,2026-06-06,2026-08-11,2026-07-31,Closed,Completed,0,0
3337,RI-671-05,671,Issue,External interface decision is blocking delivery,Dependency,1,4,4,Low,Systems Lead,20260116,20260428,,2026-01-16,2026-04-28,,Mitigated,Completed,0,0
3338,RI-672-01,672,Issue,Platform release timing may create a mismatch — Intelligent Telemetry Enablement,Dependency,3,3,9,Medium,Data Lead,20260502,20260801,,2026-05-02,2026-08-01,,Mitigated,Completed,0,0
3339,RI-672-02,672,Issue,Committed spend limits recovery options — Intelligent Telemetry Enablement,Cost,3,3,9,Medium,Project Manager,20260507,20260707,,2026-05-07,2026-07-07,,Open,In Progress,0,1
3340,RI-672-03,672,Risk,Integration sequence may compress validation — Intelligent Telemetry Enablement,Schedule,1,2,2,Low,Product Owner,20251221,20260223,,2025-12-21,2026-02-23,,Mitigated,Completed,0,0
3341,RI-672-04,672,Risk,Upstream data contract remains unresolved,Dependency,3,2,6,Medium,Quality Lead,20260303,20260423,20260405,2026-03-03,2026-04-23,2026-04-05,Closed,Completed,0,0
3342,RI-672-05,672,Risk,Technical debt may complicate integration,Technical,5,2,10,Medium,Finance Partner,20260524,20260715,20260612,2026-05-24,2026-07-15,2026-06-12,Closed,Completed,0,0
3343,RI-672-06,672,Risk,Technical debt may complicate integration,Technical,4,5,20,Critical,Data Lead,20251219,20260317,,2025-12-19,2026-03-17,,Mitigated,Completed,0,0
3344,RI-672-07,672,Risk,Pilot readiness depends on unresolved actions — Intelligent Telemetry Enablement,Schedule,2,4,8,Medium,Project Manager,20260727,20260811,,2026-07-27,2026-08-11,,Monitoring,Completed,0,0
3345,RI-673-01,673,Issue,Integration sequence may compress validation,Schedule,4,2,8,Medium,Technical Lead,20251028,20260202,,2025-10-28,2026-02-02,,Open,Not Started,0,1
3346,RI-673-02,673,Issue,Cloud run cost is trending above the baseline,Cost,5,2,10,Medium,Systems Lead,20260406,20260618,20260423,2026-04-06,2026-06-18,2026-04-23,Closed,Completed,0,0
3347,RI-673-03,673,Issue,Defect closure rate may miss the exit criterion,Quality,2,2,4,Low,Security Lead,20260802,20260811,,2026-08-02,2026-08-11,,Open,Not Started,0,0
3348,RI-673-04,673,Risk,Legacy data quality could require redesign — Intelligent Telemetry Acceleration,Technical,4,5,20,Critical,Supplier Manager,20260302,20260513,,2026-03-02,2026-05-13,,Mitigated,Completed,0,0
3349,RI-673-05,673,Risk,Platform release timing may create a mismatch — Intelligent Telemetry Acceleration,Dependency,2,3,6,Medium,Release Manager,20260423,20260620,,2026-04-23,2026-06-20,,Mitigated,Completed,0,0
3350,RI-673-06,673,Issue,Customer test access is not yet confirmed — Intelligent Telemetry Acceleration,Dependency,1,3,3,Low,Technical Lead,20251211,20260124,20251215,2025-12-11,2026-01-24,2025-12-15,Closed,Completed,0,0
3351,RI-674-01,674,Risk,Legacy data quality could require redesign,Technical,3,3,9,Medium,Quality Lead,20260307,20260624,20260408,2026-03-07,2026-06-24,2026-04-08,Closed,Completed,0,0
3352,RI-674-02,674,Issue,Upstream data contract remains unresolved,Dependency,2,3,6,Medium,Finance Partner,20260604,20260803,20260723,2026-06-04,2026-08-03,2026-07-23,Closed,Completed,0,0
3353,RI-674-03,674,Risk,Customer test access is not yet confirmed,Dependency,2,3,6,Medium,Data Lead,20260510,20260714,20260604,2026-05-10,2026-07-14,2026-06-04,Closed,Completed,0,0
3354,RI-675-01,675,Issue,Verification evidence is incomplete,Quality,1,2,2,Low,Supplier Manager,20260327,20260603,,2026-03-27,2026-06-03,,Mitigated,Completed,0,0
3355,RI-675-02,675,Risk,Release window has limited recovery float — Intelligent Telemetry Intelligence,Schedule,4,5,20,Critical,Release Manager,20260629,20260811,,2026-06-29,2026-08-11,,Open,Not Started,1,0
3356,RI-675-03,675,Risk,Vendor component readiness is uncertain — Intelligent Telemetry Intelligence,Dependency,2,4,8,Medium,Technical Lead,20260522,20260805,,2026-05-22,2026-08-05,,Open,Not Started,0,1
3357,RI-675-04,675,Risk,Environment parity is not yet demonstrated,Technical,2,5,10,Medium,Systems Lead,20260725,20260811,,2026-07-25,2026-08-11,,Open,Not Started,0,0
3358,RI-675-05,675,Issue,Pilot readiness depends on unresolved actions — Intelligent Telemetry Intelligence,Schedule,3,1,3,Low,Security Lead,20260329,20260522,20260427,2026-03-29,2026-05-22,2026-04-27,Closed,Completed,0,0
3359,RI-676-01,676,Risk,Review capacity is concentrated in one role — Intelligent Workflow Modernization,Resource,3,3,9,Medium,Project Manager,20260801,20260811,,2026-08-01,2026-08-11,,Open,Not Started,0,0
3360,RI-676-02,676,Issue,Backfill timing creates a capacity gap — Intelligent Workflow Modernization,Resource,3,4,12,High,Product Owner,20260606,20260811,20260609,2026-06-06,2026-08-11,2026-06-09,Closed,Not Required,0,0
3361,RI-676-03,676,Issue,Contractor transition may reduce throughput,Resource,1,4,4,Low,Quality Lead,20260621,20260811,,2026-06-21,2026-08-11,,Open,Not Started,0,0
3362,RI-676-04,676,Risk,Backfill timing creates a capacity gap,Resource,3,3,9,Medium,Finance Partner,20260413,20260621,,2026-04-13,2026-06-21,,Monitoring,In Progress,0,1
3363,RI-676-05,676,Issue,Vendor component readiness is uncertain,Dependency,2,5,10,Medium,Data Lead,20260601,20260804,20260717,2026-06-01,2026-08-04,2026-07-17,Closed,Completed,0,0
3364,RI-676-06,676,Risk,Interface behavior remains unproven — Intelligent Workflow Modernization,Technical,3,5,15,High,Project Manager,20260525,20260811,,2026-05-25,2026-08-11,,Open,In Progress,0,0
3365,RI-677-01,677,Risk,Backfill timing creates a capacity gap,Resource,3,4,12,High,Systems Lead,20260802,20260811,,2026-08-02,2026-08-11,,Monitoring,In Progress,0,0
3366,RI-677-02,677,Issue,Supplier lead time threatens the next gate,Schedule,2,2,4,Low,Security Lead,20260607,20260802,,2026-06-07,2026-08-02,,Mitigated,Completed,0,0
3367,RI-677-03,677,Risk,Supplier lead time threatens the next gate,Schedule,2,2,4,Low,Supplier Manager,20260609,20260807,,2026-06-09,2026-08-07,,Mitigated,Completed,0,0
3368,RI-677-04,677,Issue,Test environment availability may move the baseline,Schedule,2,3,6,Medium,Release Manager,20260807,20260811,,2026-08-07,2026-08-11,,Monitoring,In Progress,0,0
3369,RI-677-05,677,Issue,Prototype result may require architecture rework,Technical,5,2,10,Medium,Technical Lead,20260726,20260811,,2026-07-26,2026-08-11,,Mitigated,Completed,0,0
3370,RI-677-06,677,Risk,Late design decision may affect downstream work,Schedule,2,3,6,Medium,Systems Lead,20260701,20260811,,2026-07-01,2026-08-11,,Open,Not Started,0,0
3371,RI-677-07,677,Risk,Contractor transition may reduce throughput,Resource,2,5,10,Medium,Security Lead,20260608,20260811,,2026-06-08,2026-08-11,,Open,In Progress,0,0
3372,RI-678-01,678,Risk,Acceptance criteria remain partially ambiguous,Quality,3,3,9,Medium,Finance Partner,20260412,20260805,,2026-04-12,2026-08-05,,Open,In Progress,0,1
3373,RI-678-02,678,Risk,Critical skill coverage is below demand,Resource,3,2,6,Medium,Data Lead,20260415,20260811,,2026-04-15,2026-08-11,,Open,Not Started,0,0
3374,RI-678-03,678,Risk,Technical debt may complicate integration — Intelligent Workflow Platform,Technical,2,3,6,Medium,Project Manager,20260204,20260521,20260618,2026-02-04,2026-05-21,2026-06-18,Closed,Completed,0,0
3375,RI-678-04,678,Risk,Late design decision may affect downstream work — Intelligent Workflow Platform,Schedule,5,4,20,Critical,Product Owner,20260107,20260307,,2026-01-07,2026-03-07,,Mitigated,Completed,0,0
3376,RI-678-05,678,Issue,Late design decision may affect downstream work,Schedule,3,4,12,High,Quality Lead,20260307,20260503,,2026-03-07,2026-05-03,,Open,Not Started,0,1
3377,RI-678-06,678,Issue,Legacy data quality could require redesign — Intelligent Workflow Platform,Technical,4,3,12,High,Finance Partner,20260329,20260604,,2026-03-29,2026-06-04,,Mitigated,Completed,0,0
3378,RI-679-01,679,Risk,Verification evidence is incomplete,Quality,4,4,16,High,Release Manager,20260301,20260615,,2026-03-01,2026-06-15,,Monitoring,In Progress,0,1
3379,RI-679-02,679,Risk,Customer test access is not yet confirmed,Dependency,3,2,6,Medium,Technical Lead,20260508,20260708,,2026-05-08,2026-07-08,,Open,Not Started,0,1
3380,RI-679-03,679,Risk,Review capacity is concentrated in one role,Resource,2,3,6,Medium,Systems Lead,20251204,20260304,20260302,2025-12-04,2026-03-04,2026-03-02,Closed,Completed,0,0
3381,RI-679-04,679,Risk,Backfill timing creates a capacity gap — Intelligent Workflow Optimization,Resource,3,2,6,Medium,Security Lead,20260630,20260811,,2026-06-30,2026-08-11,,Monitoring,In Progress,0,0
3382,RI-679-05,679,Issue,Test environment availability may move the baseline,Schedule,4,4,16,High,Supplier Manager,20260518,20260809,,2026-05-18,2026-08-09,,Open,Not Started,0,1
3383,RI-679-06,679,Risk,Regression scope may exceed the test window,Quality,2,3,6,Medium,Release Manager,20251213,20260316,20260104,2025-12-13,2026-03-16,2026-01-04,Closed,Completed,0,0
3384,RI-680-01,680,Risk,Technical debt may complicate integration — Intelligent Workflow Integration,Technical,2,3,6,Medium,Product Owner,20260429,20260620,20260505,2026-04-29,2026-06-20,2026-05-05,Closed,Completed,0,0
3385,RI-680-02,680,Risk,Test environment availability may move the baseline,Schedule,4,2,8,Medium,Quality Lead,20260417,20260724,,2026-04-17,2026-07-24,,Monitoring,In Progress,0,1
3386,RI-680-03,680,Risk,Release window has limited recovery float,Schedule,3,3,9,Medium,Finance Partner,20260706,20260811,,2026-07-06,2026-08-11,,Open,Not Started,0,0
3387,RI-680-04,680,Risk,Environment parity is not yet demonstrated — Intelligent Workflow Integration,Technical,2,4,8,Medium,Data Lead,20260509,20260724,,2026-05-09,2026-07-24,,Mitigated,Completed,0,0
3388,RI-680-05,680,Risk,Security approval is on the critical path,Dependency,1,4,4,Low,Project Manager,20260615,20260811,,2026-06-15,2026-08-11,,Monitoring,Completed,0,0
3389,RI-680-06,680,Issue,Legacy data quality could require redesign,Technical,5,4,20,Critical,Product Owner,20260803,20260811,,2026-08-03,2026-08-11,,Open,Not Started,1,0
3390,RI-681-01,681,Issue,Prototype result may require architecture rework — Intelligent Workflow Transformation,Technical,5,2,10,Medium,Security Lead,20260718,20260811,,2026-07-18,2026-08-11,,Open,In Progress,0,0
3391,RI-681-02,681,Risk,Customer test access is not yet confirmed — Intelligent Workflow Transformation,Dependency,3,1,3,Low,Supplier Manager,20260716,20260811,,2026-07-16,2026-08-11,,Mitigated,Completed,0,0
3392,RI-681-03,681,Issue,Committed spend limits recovery options — Intelligent Workflow Transformation,Cost,2,4,8,Medium,Release Manager,20260806,20260811,,2026-08-06,2026-08-11,,Monitoring,In Progress,0,0
3393,RI-681-04,681,Risk,Backfill timing creates a capacity gap,Resource,4,2,8,Medium,Technical Lead,20260807,20260811,,2026-08-07,2026-08-11,,Open,Not Started,0,0
3394,RI-681-05,681,Risk,Supplier lead time threatens the next gate — Intelligent Workflow Transformation,Schedule,4,3,12,High,Systems Lead,20260804,20260811,,2026-08-04,2026-08-11,,Monitoring,In Progress,0,0
3395,RI-681-06,681,Issue,Customer test access is not yet confirmed — Intelligent Workflow Transformation,Dependency,5,3,15,High,Security Lead,20260708,20260811,,2026-07-08,2026-08-11,,Monitoring,Completed,0,0
3396,RI-682-01,682,Risk,Technical debt may complicate integration — Intelligent Workflow Enablement,Technical,3,3,9,Medium,Data Lead,20260727,20260811,,2026-07-27,2026-08-11,,Monitoring,In Progress,0,0
3397,RI-682-02,682,Issue,Upstream data contract remains unresolved — Intelligent Workflow Enablement,Dependency,3,4,12,High,Project Manager,20260727,20260811,,2026-07-27,2026-08-11,,Open,In Progress,0,0
3398,RI-682-03,682,Issue,External interface decision is blocking delivery — Intelligent Workflow Enablement,Dependency,3,4,12,High,Product Owner,20260723,20260811,,2026-07-23,2026-08-11,,Mitigated,Completed,0,0
3399,RI-682-04,682,Issue,Acceptance criteria remain partially ambiguous — Intelligent Workflow Enablement,Quality,5,3,15,High,Quality Lead,20260715,20260811,,2026-07-15,2026-08-11,,Open,Not Started,0,0
3400,RI-683-01,683,Risk,Acceptance criteria remain partially ambiguous,Quality,3,3,9,Medium,Technical Lead,20260331,20260607,20260415,2026-03-31,2026-06-07,2026-04-15,Closed,Completed,0,0
3401,RI-683-02,683,Issue,Shared engineer availability may delay delivery — Intelligent Workflow Acceleration,Resource,3,2,6,Medium,Systems Lead,20260125,20260512,,2026-01-25,2026-05-12,,Monitoring,In Progress,0,1
3402,RI-683-03,683,Issue,Acceptance criteria remain partially ambiguous — Intelligent Workflow Acceleration,Quality,3,3,9,Medium,Security Lead,20260617,20260811,,2026-06-17,2026-08-11,,Monitoring,In Progress,0,0
3403,RI-683-04,683,Risk,Environment parity is not yet demonstrated — Intelligent Workflow Acceleration,Technical,3,4,12,High,Supplier Manager,20260218,20260624,20260619,2026-02-18,2026-06-24,2026-06-19,Closed,Completed,0,0
3404,RI-683-05,683,Risk,Integration sequence may compress validation — Intelligent Workflow Acceleration,Schedule,2,2,4,Low,Release Manager,20260106,20260415,,2026-01-06,2026-04-15,,Monitoring,In Progress,0,1
3405,RI-683-06,683,Risk,Shared engineer availability may delay delivery — Intelligent Workflow Acceleration,Resource,4,3,12,High,Technical Lead,20260627,20260811,,2026-06-27,2026-08-11,,Monitoring,Completed,0,0
3406,RI-683-07,683,Risk,Review capacity is concentrated in one role — Intelligent Workflow Acceleration,Resource,2,3,6,Medium,Systems Lead,20260523,20260811,,2026-05-23,2026-08-11,,Open,In Progress,0,0
3407,RI-684-01,684,Risk,Technical debt may complicate integration — Intelligent Workflow Orchestration,Technical,1,4,4,Low,Quality Lead,20260402,20260608,,2026-04-02,2026-06-08,,Mitigated,Completed,0,0
3408,RI-684-02,684,Risk,Contractor transition may reduce throughput — Intelligent Workflow Orchestration,Resource,4,3,12,High,Finance Partner,20260528,20260811,,2026-05-28,2026-08-11,,Open,Not Started,0,0
3409,RI-684-03,684,Risk,Late design decision may affect downstream work — Intelligent Workflow Orchestration,Schedule,3,4,12,High,Data Lead,20260130,20260517,20260415,2026-01-30,2026-05-17,2026-04-15,Closed,Completed,0,0
3410,RI-684-04,684,Risk,Test environment availability may move the baseline,Schedule,3,3,9,Medium,Project Manager,20260523,20260729,,2026-05-23,2026-07-29,,Mitigated,Completed,0,0
3411,RI-684-05,684,Risk,Late design decision may affect downstream work — Intelligent Workflow Orchestration,Schedule,2,1,2,Low,Product Owner,20260602,20260811,,2026-06-02,2026-08-11,,Open,Not Started,0,0
3412,RI-684-06,684,Risk,Contractor transition may reduce throughput — Intelligent Workflow Orchestration,Resource,2,5,10,Medium,Quality Lead,20260701,20260811,,2026-07-01,2026-08-11,,Mitigated,Completed,0,0
3413,RI-685-01,685,Risk,Shared engineer availability may delay delivery — Intelligent Workflow Intelligence,Resource,4,2,8,Medium,Supplier Manager,20260221,20260605,20260602,2026-02-21,2026-06-05,2026-06-02,Closed,Completed,0,0
3414,RI-685-02,685,Risk,Technical debt may complicate integration — Intelligent Workflow Intelligence,Technical,3,3,9,Medium,Release Manager,20260225,20260410,20260319,2026-02-25,2026-04-10,2026-03-19,Closed,Completed,0,0
3415,RI-685-03,685,Risk,Technical debt may complicate integration,Technical,3,5,15,High,Technical Lead,20260805,20260811,,2026-08-05,2026-08-11,,Monitoring,In Progress,0,0
3416,RI-685-04,685,Issue,Test environment availability may move the baseline,Schedule,4,4,16,High,Systems Lead,20260301,20260513,,2026-03-01,2026-05-13,,Mitigated,Completed,0,0
3417,RI-685-05,685,Risk,Prototype result may require architecture rework — Intelligent Workflow Intelligence,Technical,3,4,12,High,Security Lead,20260426,20260616,,2026-04-26,2026-06-16,,Monitoring,In Progress,0,1
3418,RI-685-06,685,Risk,Material quotation may exceed the estimate,Cost,3,4,12,High,Supplier Manager,20260703,20260811,,2026-07-03,2026-08-11,,Open,Not Started,0,0
3419,RI-686-01,686,Issue,Late design decision may affect downstream work — Intelligent Quality Modernization,Schedule,1,4,4,Low,Project Manager,20260311,20260604,,2026-03-11,2026-06-04,,Mitigated,Completed,0,0
3420,RI-686-02,686,Issue,Supplier lead time threatens the next gate,Schedule,4,2,8,Medium,Product Owner,20260420,20260714,,2026-04-20,2026-07-14,,Mitigated,Completed,0,0
3421,RI-686-03,686,Issue,Rework could consume management reserve,Cost,4,3,12,High,Quality Lead,20260702,20260811,,2026-07-02,2026-08-11,,Open,In Progress,0,0
3422,RI-686-04,686,Risk,Vendor component readiness is uncertain,Dependency,2,1,2,Low,Finance Partner,20260623,20260728,20260805,2026-06-23,2026-07-28,2026-08-05,Closed,Completed,0,0
3423,RI-686-05,686,Risk,Scope clarification may require a budget change — Intelligent Quality Modernization,Cost,3,2,6,Medium,Data Lead,20260516,20260701,,2026-05-16,2026-07-01,,Monitoring,In Progress,0,1
3424,RI-686-06,686,Risk,Backfill timing creates a capacity gap,Resource,3,2,6,Medium,Project Manager,20260514,20260811,,2026-05-14,2026-08-11,,Open,Not Started,0,0
3425,RI-686-07,686,Risk,Regression scope may exceed the test window — Intelligent Quality Modernization,Quality,3,3,9,Medium,Product Owner,20260419,20260811,,2026-04-19,2026-08-11,,Open,Not Started,0,0
3426,RI-687-01,687,Risk,Shared engineer availability may delay delivery,Resource,3,2,6,Medium,Systems Lead,20260522,20260721,,2026-05-22,2026-07-21,,Monitoring,In Progress,0,1
3427,RI-687-02,687,Risk,Backfill timing creates a capacity gap,Resource,3,5,15,High,Security Lead,20260326,20260614,,2026-03-26,2026-06-14,,Monitoring,In Progress,0,1
3428,RI-687-03,687,Risk,Regression scope may exceed the test window — Intelligent Quality Analytics,Quality,4,1,4,Low,Supplier Manager,20260525,20260810,20260714,2026-05-25,2026-08-10,2026-07-14,Closed,Completed,0,0
3429,RI-687-04,687,Issue,Shared engineer availability may delay delivery — Intelligent Quality Analytics,Resource,4,4,16,High,Release Manager,20260415,20260706,,2026-04-15,2026-07-06,,Mitigated,Completed,0,0
3430,RI-688-01,688,Risk,Shared engineer availability may delay delivery,Resource,2,2,4,Low,Finance Partner,20251122,20260404,20260219,2025-11-22,2026-04-04,2026-02-19,Closed,Completed,0,0
3431,RI-688-02,688,Risk,Acceptance criteria remain partially ambiguous,Quality,3,4,12,High,Data Lead,20260211,20260528,20260414,2026-02-11,2026-05-28,2026-04-14,Closed,Completed,0,0
3432,RI-688-03,688,Issue,Late design decision may affect downstream work,Schedule,3,4,12,High,Project Manager,20260610,20260811,,2026-06-10,2026-08-11,,Monitoring,In Progress,0,0
3433,RI-688-04,688,Risk,Field issue recurrence needs containment — Intelligent Quality Platform,Quality,3,3,9,Medium,Product Owner,20260330,20260601,,2026-03-30,2026-06-01,,Mitigated,Completed,0,0
3434,RI-688-05,688,Issue,Test environment availability may move the baseline — Intelligent Quality Platform,Schedule,2,3,6,Medium,Quality Lead,20260207,20260501,,2026-02-07,2026-05-01,,Open,In Progress,0,1
3435,RI-688-06,688,Risk,Shared engineer availability may delay delivery,Resource,4,1,4,Low,Finance Partner,20260216,20260420,20260308,2026-02-16,2026-04-20,2026-03-08,Closed,Completed,0,0
3436,RI-689-01,689,Risk,Legacy data quality could require redesign,Technical,4,3,12,High,Release Manager,20260629,20260811,,2026-06-29,2026-08-11,,Open,Not Started,0,0
3437,RI-689-02,689,Risk,Environment parity is not yet demonstrated,Technical,5,2,10,Medium,Technical Lead,20260416,20260626,20260623,2026-04-16,2026-06-26,2026-06-23,Closed,Not Required,0,0
3438,RI-689-03,689,Issue,Environment parity is not yet demonstrated — Intelligent Quality Optimization,Technical,2,3,6,Medium,Systems Lead,20260327,20260511,,2026-03-27,2026-05-11,,Monitoring,In Progress,0,1
3439,RI-689-04,689,Issue,Shared engineer availability may delay delivery,Resource,4,5,20,Critical,Security Lead,20260731,20260811,,2026-07-31,2026-08-11,,Open,Not Started,1,0
3440,RI-689-05,689,Risk,Critical skill coverage is below demand — Intelligent Quality Optimization,Resource,2,2,4,Low,Supplier Manager,20260316,20260624,,2026-03-16,2026-06-24,,Open,In Progress,0,1
3441,RI-689-06,689,Risk,Scope clarification may require a budget change — Intelligent Quality Optimization,Cost,2,4,8,Medium,Release Manager,20260729,20260811,,2026-07-29,2026-08-11,,Open,Not Started,0,0
3442,RI-689-07,689,Risk,Supplier lead time threatens the next gate — Intelligent Quality Optimization,Schedule,3,4,12,High,Technical Lead,20260414,20260706,,2026-04-14,2026-07-06,,Open,In Progress,0,1
3443,RI-690-01,690,Issue,Field issue recurrence needs containment,Quality,3,4,12,High,Product Owner,20260609,20260811,,2026-06-09,2026-08-11,,Monitoring,In Progress,0,0
3444,RI-690-02,690,Risk,Pilot readiness depends on unresolved actions — Intelligent Quality Integration,Schedule,2,3,6,Medium,Quality Lead,20251213,20260304,,2025-12-13,2026-03-04,,Mitigated,Completed,0,0
3445,RI-690-03,690,Issue,Acceptance criteria remain partially ambiguous — Intelligent Quality Integration,Quality,4,5,20,Critical,Finance Partner,20260615,20260811,,2026-06-15,2026-08-11,,Monitoring,In Progress,1,0
3446,RI-690-04,690,Issue,Scope clarification may require a budget change — Intelligent Quality Integration,Cost,4,3,12,High,Data Lead,20260615,20260721,,2026-06-15,2026-07-21,,Mitigated,Completed,0,0
3447,RI-690-05,690,Risk,Contractor transition may reduce throughput,Resource,3,2,6,Medium,Project Manager,20260623,20260811,,2026-06-23,2026-08-11,,Mitigated,Completed,0,0
3448,RI-691-01,691,Risk,Contractor transition may reduce throughput,Resource,4,3,12,High,Security Lead,20260605,20260811,,2026-06-05,2026-08-11,,Open,Not Started,0,0
3449,RI-691-02,691,Risk,Regression scope may exceed the test window,Quality,3,1,3,Low,Supplier Manager,20260218,20260413,,2026-02-18,2026-04-13,,Open,Not Started,0,1
3450,RI-691-03,691,Risk,Technical debt may complicate integration,Technical,4,3,12,High,Release Manager,20260522,20260806,20260621,2026-05-22,2026-08-06,2026-06-21,Closed,Completed,0,0
3451,RI-691-04,691,Risk,Contractor transition may reduce throughput,Resource,2,2,4,Low,Technical Lead,20260418,20260702,20260519,2026-04-18,2026-07-02,2026-05-19,Closed,Completed,0,0
3452,RI-691-05,691,Issue,Scope clarification may require a budget change — Intelligent Quality Transformation,Cost,3,3,9,Medium,Systems Lead,20260314,20260509,,2026-03-14,2026-05-09,,Mitigated,Completed,0,0
3453,RI-692-01,692,Issue,Technical debt may complicate integration — Intelligent Quality Enablement,Technical,3,2,6,Medium,Data Lead,20260310,20260528,20260611,2026-03-10,2026-05-28,2026-06-11,Closed,Completed,0,0
3454,RI-692-02,692,Risk,Defect closure rate may miss the exit criterion,Quality,2,3,6,Medium,Project Manager,20260330,20260526,,2026-03-30,2026-05-26,,Mitigated,Completed,0,0
3455,RI-692-03,692,Risk,Supplier lead time threatens the next gate,Schedule,3,3,9,Medium,Product Owner,20260708,20260811,,2026-07-08,2026-08-11,,Open,Not Started,0,0
3456,RI-693-01,693,Risk,Release window has limited recovery float — Intelligent Quality Acceleration,Schedule,4,5,20,Critical,Technical Lead,20260425,20260628,20260520,2026-04-25,2026-06-28,2026-05-20,Closed,Completed,0,0
3457,RI-693-02,693,Risk,Review capacity is concentrated in one role — Intelligent Quality Acceleration,Resource,3,4,12,High,Systems Lead,20260806,20260811,,2026-08-06,2026-08-11,,Monitoring,In Progress,0,0
3458,RI-693-03,693,Risk,Pilot readiness depends on unresolved actions,Schedule,2,2,4,Low,Security Lead,20260811,20260811,,2026-08-11,2026-08-11,,Monitoring,In Progress,0,0
3459,RI-693-04,693,Risk,Contractor transition may reduce throughput,Resource,2,3,6,Medium,Supplier Manager,20260430,20260716,,2026-04-30,2026-07-16,,Open,In Progress,0,1
3460,RI-693-05,693,Issue,Platform release timing may create a mismatch — Intelligent Quality Acceleration,Dependency,4,2,8,Medium,Release Manager,20260729,20260811,,2026-07-29,2026-08-11,,Open,Not Started,0,0
3461,RI-693-06,693,Risk,Prototype result may require architecture rework,Technical,3,4,12,High,Technical Lead,20260522,20260811,,2026-05-22,2026-08-11,,Monitoring,Completed,0,0
3462,RI-694-01,694,Risk,Late design decision may affect downstream work,Schedule,2,2,4,Low,Quality Lead,20260704,20260811,,2026-07-04,2026-08-11,,Mitigated,Completed,0,0
3463,RI-694-02,694,Issue,Committed spend limits recovery options — Intelligent Quality Orchestration,Cost,4,5,20,Critical,Finance Partner,20260704,20260811,,2026-07-04,2026-08-11,,Open,Not Started,1,0
3464,RI-694-03,694,Issue,Verification evidence is incomplete,Quality,3,1,3,Low,Data Lead,20260709,20260811,,2026-07-09,2026-08-11,,Monitoring,In Progress,0,0
3465,RI-694-04,694,Issue,Committed spend limits recovery options,Cost,3,3,9,Medium,Project Manager,20260803,20260811,,2026-08-03,2026-08-11,,Monitoring,Completed,0,0
3466,RI-694-05,694,Risk,Scope clarification may require a budget change,Cost,3,1,3,Low,Product Owner,20260805,20260811,,2026-08-05,2026-08-11,,Open,Not Started,0,0
3467,RI-694-06,694,Issue,Acceptance criteria remain partially ambiguous,Quality,2,3,6,Medium,Quality Lead,20260722,20260811,,2026-07-22,2026-08-11,,Monitoring,In Progress,0,0
3468,RI-694-07,694,Issue,Supplier lead time threatens the next gate — Intelligent Quality Orchestration,Schedule,4,4,16,High,Finance Partner,20260710,20260811,20260721,2026-07-10,2026-08-11,2026-07-21,Closed,Completed,0,0
3469,RI-695-01,695,Risk,Upstream data contract remains unresolved,Dependency,1,3,3,Low,Supplier Manager,20260616,20260811,,2026-06-16,2026-08-11,,Open,In Progress,0,0
3470,RI-695-02,695,Risk,Regression scope may exceed the test window — Intelligent Quality Intelligence,Quality,5,2,10,Medium,Release Manager,20260118,20260613,20260410,2026-01-18,2026-06-13,2026-04-10,Closed,Completed,0,0
3471,RI-695-03,695,Issue,Specialist rate mix is above plan — Intelligent Quality Intelligence,Cost,3,4,12,High,Technical Lead,20260519,20260715,,2026-05-19,2026-07-15,,Mitigated,Completed,0,0
3472,RI-696-01,696,Risk,Pilot readiness depends on unresolved actions — Intelligent Engineering Modernization,Schedule,2,2,4,Low,Project Manager,20260413,20260526,,2026-04-13,2026-05-26,,Mitigated,Completed,0,0
3473,RI-696-02,696,Risk,Customer test access is not yet confirmed — Intelligent Engineering Modernization,Dependency,2,2,4,Low,Product Owner,20260216,20260430,20260319,2026-02-16,2026-04-30,2026-03-19,Closed,Not Required,0,0
3474,RI-696-03,696,Risk,Vendor component readiness is uncertain — Intelligent Engineering Modernization,Dependency,5,2,10,Medium,Quality Lead,20260208,20260514,,2026-02-08,2026-05-14,,Mitigated,Completed,0,0
3475,RI-696-04,696,Risk,Field issue recurrence needs containment — Intelligent Engineering Modernization,Quality,2,2,4,Low,Finance Partner,20260610,20260811,,2026-06-10,2026-08-11,,Open,Not Started,0,0
3476,RI-696-05,696,Risk,Customer test access is not yet confirmed — Intelligent Engineering Modernization,Dependency,4,4,16,High,Data Lead,20260224,20260428,,2026-02-24,2026-04-28,,Mitigated,Completed,0,0
3477,RI-696-06,696,Risk,Cloud run cost is trending above the baseline — Intelligent Engineering Modernization,Cost,5,2,10,Medium,Project Manager,20260320,20260515,,2026-03-20,2026-05-15,,Mitigated,Completed,0,0
3478,RI-697-01,697,Risk,Review capacity is concentrated in one role — Intelligent Engineering Analytics,Resource,2,3,6,Medium,Systems Lead,20260721,20260811,,2026-07-21,2026-08-11,,Open,Not Started,0,0
3479,RI-697-02,697,Risk,Critical skill coverage is below demand — Intelligent Engineering Analytics,Resource,3,3,9,Medium,Security Lead,20260706,20260811,,2026-07-06,2026-08-11,,Open,Not Started,0,0
3480,RI-697-03,697,Risk,Prototype result may require architecture rework,Technical,2,4,8,Medium,Supplier Manager,20260731,20260811,,2026-07-31,2026-08-11,,Open,Not Started,0,0
3481,RI-697-04,697,Issue,Critical skill coverage is below demand,Resource,2,3,6,Medium,Release Manager,20260607,20260811,20260811,2026-06-07,2026-08-11,2026-08-11,Closed,Completed,0,0
3482,RI-697-05,697,Issue,Technical debt may complicate integration,Technical,1,3,3,Low,Technical Lead,20260722,20260811,,2026-07-22,2026-08-11,,Open,In Progress,0,0
3483,RI-698-01,698,Risk,Environment parity is not yet demonstrated,Technical,4,3,12,High,Finance Partner,20260215,20260419,20260504,2026-02-15,2026-04-19,2026-05-04,Closed,Completed,0,0
3484,RI-698-02,698,Issue,Vendor component readiness is uncertain,Dependency,3,5,15,High,Data Lead,20260326,20260614,20260529,2026-03-26,2026-06-14,2026-05-29,Closed,Completed,0,0
3485,RI-698-03,698,Risk,Interface behavior remains unproven,Technical,4,3,12,High,Project Manager,20260523,20260811,20260803,2026-05-23,2026-08-11,2026-08-03,Closed,Completed,0,0
3486,RI-698-04,698,Issue,Integration sequence may compress validation — Intelligent Engineering Platform,Schedule,4,4,16,High,Product Owner,20260216,20260328,20260406,2026-02-16,2026-03-28,2026-04-06,Closed,Not Required,0,0
3487,RI-698-05,698,Risk,Defect closure rate may miss the exit criterion,Quality,3,3,9,Medium,Quality Lead,20260507,20260811,,2026-05-07,2026-08-11,,Monitoring,Completed,0,0
3488,RI-699-01,699,Risk,Prototype result may require architecture rework — Intelligent Engineering Optimization,Technical,2,4,8,Medium,Release Manager,20260327,20260629,,2026-03-27,2026-06-29,,Monitoring,In Progress,0,1
3489,RI-699-02,699,Risk,Security approval is on the critical path — Intelligent Engineering Optimization,Dependency,2,3,6,Medium,Technical Lead,20260307,20260713,20260725,2026-03-07,2026-07-13,2026-07-25,Closed,Completed,0,0
3490,RI-699-03,699,Issue,Late design decision may affect downstream work,Schedule,4,1,4,Low,Systems Lead,20260418,20260524,,2026-04-18,2026-05-24,,Mitigated,Completed,0,0
3491,RI-700-01,700,Issue,Technical debt may complicate integration — Intelligent Engineering Integration,Technical,3,5,15,High,Product Owner,20260308,20260625,,2026-03-08,2026-06-25,,Mitigated,Completed,0,0
3492,RI-700-02,700,Risk,Review capacity is concentrated in one role,Resource,4,4,16,High,Quality Lead,20260603,20260721,,2026-06-03,2026-07-21,,Mitigated,Completed,0,0
3493,RI-700-03,700,Risk,Environment parity is not yet demonstrated — Intelligent Engineering Integration,Technical,3,3,9,Medium,Finance Partner,20260802,20260811,,2026-08-02,2026-08-11,,Open,In Progress,0,0
3494,RI-700-04,700,Risk,Late design decision may affect downstream work,Schedule,2,4,8,Medium,Data Lead,20251230,20260324,,2025-12-30,2026-03-24,,Mitigated,Completed,0,0
3495,RI-700-05,700,Risk,Contractor transition may reduce throughput — Intelligent Engineering Integration,Resource,3,4,12,High,Project Manager,20260607,20260811,,2026-06-07,2026-08-11,,Open,In Progress,0,0
3496,RI-700-06,700,Risk,Verification evidence is incomplete,Quality,4,1,4,Low,Product Owner,20260430,20260708,,2026-04-30,2026-07-08,,Mitigated,Completed,0,0
3497,RI-700-07,700,Risk,Competing portfolio priority constrains staffing,Resource,3,3,9,Medium,Quality Lead,20260617,20260811,,2026-06-17,2026-08-11,,Monitoring,Completed,0,0
3498,RI-701-01,701,Issue,Late design decision may affect downstream work,Schedule,1,4,4,Low,Security Lead,20260624,20260811,,2026-06-24,2026-08-11,,Open,Not Started,0,0
3499,RI-701-02,701,Risk,Shared engineer availability may delay delivery — Intelligent Engineering Transformation,Resource,2,2,4,Low,Supplier Manager,20260217,20260510,,2026-02-17,2026-05-10,,Mitigated,Completed,0,0
3500,RI-701-03,701,Risk,Cloud run cost is trending above the baseline,Cost,2,2,4,Low,Release Manager,20260421,20260622,20260424,2026-04-21,2026-06-22,2026-04-24,Closed,Completed,0,0
3501,RI-701-04,701,Risk,Prototype result may require architecture rework — Intelligent Engineering Transformation,Technical,4,3,12,High,Technical Lead,20260106,20260207,,2026-01-06,2026-02-07,,Mitigated,Completed,0,0
3502,RI-701-05,701,Risk,Interface behavior remains unproven,Technical,2,3,6,Medium,Systems Lead,20260513,20260811,,2026-05-13,2026-08-11,,Open,Not Started,0,0
3503,RI-702-01,702,Risk,Test environment availability may move the baseline,Schedule,3,3,9,Medium,Data Lead,20260114,20260503,20260303,2026-01-14,2026-05-03,2026-03-03,Closed,Completed,0,0
3504,RI-702-02,702,Issue,Scope clarification may require a budget change — Intelligent Engineering Enablement,Cost,3,3,9,Medium,Project Manager,20260625,20260811,,2026-06-25,2026-08-11,,Monitoring,Completed,0,0
3505,RI-702-03,702,Risk,Backfill timing creates a capacity gap — Intelligent Engineering Enablement,Resource,4,3,12,High,Product Owner,20260328,20260506,20260506,2026-03-28,2026-05-06,2026-05-06,Closed,Completed,0,0
3506,RI-702-04,702,Risk,Environment parity is not yet demonstrated,Technical,3,2,6,Medium,Quality Lead,20251226,20260314,20260105,2025-12-26,2026-03-14,2026-01-05,Closed,Completed,0,0
3507,RI-702-05,702,Risk,Late design decision may affect downstream work,Schedule,2,1,2,Low,Finance Partner,20251203,20260321,20260106,2025-12-03,2026-03-21,2026-01-06,Closed,Completed,0,0
3508,RI-702-06,702,Risk,Technical debt may complicate integration — Intelligent Engineering Enablement,Technical,4,4,16,High,Data Lead,20260406,20260615,20260413,2026-04-06,2026-06-15,2026-04-13,Closed,Completed,0,0
3509,RI-702-07,702,Risk,External interface decision is blocking delivery,Dependency,3,3,9,Medium,Project Manager,20260617,20260811,,2026-06-17,2026-08-11,,Open,Not Started,0,0
3510,RI-703-01,703,Risk,Test environment availability may move the baseline — Intelligent Engineering Acceleration,Schedule,2,4,8,Medium,Technical Lead,20260803,20260811,,2026-08-03,2026-08-11,,Monitoring,In Progress,0,0
3511,RI-703-02,703,Issue,External interface decision is blocking delivery — Intelligent Engineering Acceleration,Dependency,3,2,6,Medium,Systems Lead,20260426,20260810,20260628,2026-04-26,2026-08-10,2026-06-28,Closed,Completed,0,0
3512,RI-703-03,703,Issue,Critical skill coverage is below demand — Intelligent Engineering Acceleration,Resource,4,2,8,Medium,Security Lead,20260326,20260522,20260527,2026-03-26,2026-05-22,2026-05-27,Closed,Completed,0,0
3513,RI-703-04,703,Risk,Rework could consume management reserve — Intelligent Engineering Acceleration,Cost,2,1,2,Low,Supplier Manager,20260604,20260811,,2026-06-04,2026-08-11,,Monitoring,In Progress,0,0
3514,RI-703-05,703,Risk,Review capacity is concentrated in one role,Resource,4,3,12,High,Release Manager,20260429,20260811,,2026-04-29,2026-08-11,,Open,Not Started,0,0
3515,RI-704-01,704,Issue,Defect closure rate may miss the exit criterion,Quality,5,5,25,Critical,Quality Lead,20260310,20260501,,2026-03-10,2026-05-01,,Mitigated,Completed,0,0
3516,RI-704-02,704,Risk,Field issue recurrence needs containment — Intelligent Engineering Orchestration,Quality,5,5,25,Critical,Finance Partner,20260506,20260801,20260606,2026-05-06,2026-08-01,2026-06-06,Closed,Not Required,0,0
3517,RI-704-03,704,Risk,Material quotation may exceed the estimate — Intelligent Engineering Orchestration,Cost,4,2,8,Medium,Data Lead,20260614,20260811,,2026-06-14,2026-08-11,,Monitoring,Completed,0,0
3518,RI-704-04,704,Risk,Performance margin may not meet the target,Technical,2,5,10,Medium,Project Manager,20260710,20260811,,2026-07-10,2026-08-11,,Monitoring,In Progress,0,0
3519,RI-704-05,704,Risk,Test environment availability may move the baseline,Schedule,3,1,3,Low,Product Owner,20260311,20260716,,2026-03-11,2026-07-16,,Monitoring,In Progress,0,1
3520,RI-705-01,705,Risk,Upstream data contract remains unresolved — Intelligent Engineering Intelligence,Dependency,3,3,9,Medium,Supplier Manager,20260410,20260728,,2026-04-10,2026-07-28,,Mitigated,Completed,0,0
3521,RI-705-02,705,Risk,Supplier lead time threatens the next gate,Schedule,3,4,12,High,Release Manager,20260202,20260311,20260208,2026-02-02,2026-03-11,2026-02-08,Closed,Completed,0,0
3522,RI-705-03,705,Risk,Field issue recurrence needs containment,Quality,4,3,12,High,Technical Lead,20260127,20260417,20260418,2026-01-27,2026-04-17,2026-04-18,Closed,Completed,0,0
3523,RI-705-04,705,Risk,Critical skill coverage is below demand — Intelligent Engineering Intelligence,Resource,1,5,5,Low,Systems Lead,20260207,20260516,20260506,2026-02-07,2026-05-16,2026-05-06,Closed,Completed,0,0
3524,RI-705-05,705,Issue,Material quotation may exceed the estimate,Cost,3,3,9,Medium,Security Lead,20260627,20260811,,2026-06-27,2026-08-11,,Monitoring,In Progress,0,0
3525,RI-705-06,705,Risk,Prototype result may require architecture rework,Technical,1,2,2,Low,Supplier Manager,20260625,20260811,,2026-06-25,2026-08-11,,Monitoring,In Progress,0,0
3526,RI-705-07,705,Risk,Environment parity is not yet demonstrated,Technical,1,4,4,Low,Release Manager,20260130,20260318,,2026-01-30,2026-03-18,,Mitigated,Completed,0,0
3527,RI-706-01,706,Issue,Specialist rate mix is above plan — Intelligent Energy Modernization,Cost,4,4,16,High,Project Manager,20251118,20260218,,2025-11-18,2026-02-18,,Mitigated,Completed,0,0
3528,RI-706-02,706,Risk,Integration sequence may compress validation — Intelligent Energy Modernization,Schedule,1,2,2,Low,Product Owner,20260318,20260610,,2026-03-18,2026-06-10,,Mitigated,Completed,0,0
3529,RI-706-03,706,Risk,Field issue recurrence needs containment,Quality,4,2,8,Medium,Quality Lead,20260623,20260811,,2026-06-23,2026-08-11,,Open,Not Started,0,0
3530,RI-706-04,706,Risk,Pilot readiness depends on unresolved actions — Intelligent Energy Modernization,Schedule,3,3,9,Medium,Finance Partner,20260403,20260617,20260710,2026-04-03,2026-06-17,2026-07-10,Closed,Completed,0,0
3531,RI-707-01,707,Issue,Committed spend limits recovery options — Intelligent Energy Analytics,Cost,2,3,6,Medium,Systems Lead,20260601,20260811,,2026-06-01,2026-08-11,,Mitigated,Completed,0,0
3532,RI-707-02,707,Risk,Acceptance criteria remain partially ambiguous — Intelligent Energy Analytics,Quality,3,2,6,Medium,Security Lead,20260608,20260811,,2026-06-08,2026-08-11,,Open,Not Started,0,0
3533,RI-707-03,707,Risk,Late design decision may affect downstream work — Intelligent Energy Analytics,Schedule,2,3,6,Medium,Supplier Manager,20260502,20260704,,2026-05-02,2026-07-04,,Mitigated,Completed,0,0
3534,RI-707-04,707,Risk,Upstream data contract remains unresolved — Intelligent Energy Analytics,Dependency,3,3,9,Medium,Release Manager,20260716,20260811,,2026-07-16,2026-08-11,,Monitoring,In Progress,0,0
3535,RI-707-05,707,Risk,External interface decision is blocking delivery — Intelligent Energy Analytics,Dependency,3,2,6,Medium,Technical Lead,20260511,20260717,,2026-05-11,2026-07-17,,Mitigated,Completed,0,0
3536,RI-707-06,707,Risk,Critical skill coverage is below demand,Resource,5,2,10,Medium,Systems Lead,20260714,20260811,,2026-07-14,2026-08-11,,Monitoring,Completed,0,0
3537,RI-707-07,707,Risk,Pilot readiness depends on unresolved actions — Intelligent Energy Analytics,Schedule,3,1,3,Low,Security Lead,20260809,20260811,,2026-08-09,2026-08-11,,Monitoring,Completed,0,0
3538,RI-708-01,708,Risk,Review capacity is concentrated in one role — Intelligent Energy Platform,Resource,4,2,8,Medium,Finance Partner,20260314,20260723,,2026-03-14,2026-07-23,,Mitigated,Completed,0,0
3539,RI-708-02,708,Risk,Contractor transition may reduce throughput,Resource,2,4,8,Medium,Data Lead,20260227,20260415,,2026-02-27,2026-04-15,,Mitigated,Completed,0,0
3540,RI-708-03,708,Risk,External interface decision is blocking delivery,Dependency,3,4,12,High,Project Manager,20260614,20260720,,2026-06-14,2026-07-20,,Monitoring,In Progress,0,1
3541,RI-708-04,708,Issue,Material quotation may exceed the estimate,Cost,5,3,15,High,Product Owner,20260305,20260523,20260602,2026-03-05,2026-05-23,2026-06-02,Closed,Completed,0,0
3542,RI-709-01,709,Risk,Field issue recurrence needs containment — Intelligent Energy Optimization,Quality,2,2,4,Low,Release Manager,20260517,20260811,,2026-05-17,2026-08-11,,Monitoring,In Progress,0,0
3543,RI-709-02,709,Risk,Test environment availability may move the baseline — Intelligent Energy Optimization,Schedule,4,4,16,High,Technical Lead,20260619,20260811,,2026-06-19,2026-08-11,,Monitoring,In Progress,0,0
3544,RI-709-03,709,Risk,Critical skill coverage is below demand,Resource,1,4,4,Low,Systems Lead,20260518,20260811,,2026-05-18,2026-08-11,,Monitoring,In Progress,0,0
3545,RI-709-04,709,Risk,Pilot readiness depends on unresolved actions,Schedule,3,3,9,Medium,Security Lead,20260305,20260411,,2026-03-05,2026-04-11,,Monitoring,In Progress,0,1
3546,RI-709-05,709,Risk,Prototype result may require architecture rework — Intelligent Energy Optimization,Technical,3,2,6,Medium,Supplier Manager,20260725,20260811,,2026-07-25,2026-08-11,,Open,Not Started,0,0
3547,RI-710-01,710,Risk,Cloud run cost is trending above the baseline — Intelligent Energy Integration,Cost,2,4,8,Medium,Product Owner,20260319,20260504,20260514,2026-03-19,2026-05-04,2026-05-14,Closed,Completed,0,0
3548,RI-710-02,710,Risk,Legacy data quality could require redesign,Technical,2,2,4,Low,Quality Lead,20260210,20260525,,2026-02-10,2026-05-25,,Mitigated,Completed,0,0
3549,RI-710-03,710,Issue,Interface behavior remains unproven — Intelligent Energy Integration,Technical,2,3,6,Medium,Finance Partner,20260311,20260507,,2026-03-11,2026-05-07,,Open,Not Started,0,1
3550,RI-710-04,710,Risk,Integration sequence may compress validation — Intelligent Energy Integration,Schedule,4,3,12,High,Data Lead,20260713,20260811,,2026-07-13,2026-08-11,,Monitoring,In Progress,0,0
3551,RI-710-05,710,Risk,Verification evidence is incomplete,Quality,2,4,8,Medium,Project Manager,20260804,20260811,,2026-08-04,2026-08-11,,Open,Not Started,0,0
3552,RI-710-06,710,Issue,Material quotation may exceed the estimate,Cost,4,2,8,Medium,Product Owner,20260201,20260517,,2026-02-01,2026-05-17,,Mitigated,Completed,0,0
3553,RI-711-01,711,Issue,Platform release timing may create a mismatch — Intelligent Energy Transformation,Dependency,2,5,10,Medium,Security Lead,20251216,20260120,20260215,2025-12-16,2026-01-20,2026-02-15,Closed,Completed,0,0
3554,RI-711-02,711,Risk,Environment parity is not yet demonstrated,Technical,3,1,3,Low,Supplier Manager,20260210,20260419,,2026-02-10,2026-04-19,,Mitigated,Completed,0,0
3555,RI-711-03,711,Issue,Integration sequence may compress validation,Schedule,4,4,16,High,Release Manager,20260713,20260811,,2026-07-13,2026-08-11,,Mitigated,Completed,0,0
3556,RI-711-04,711,Risk,Rework could consume management reserve,Cost,5,3,15,High,Technical Lead,20260506,20260811,,2026-05-06,2026-08-11,,Monitoring,In Progress,0,0
3557,RI-711-05,711,Risk,Vendor component readiness is uncertain,Dependency,3,4,12,High,Systems Lead,20260609,20260721,20260724,2026-06-09,2026-07-21,2026-07-24,Closed,Completed,0,0
3558,RI-711-06,711,Risk,Review capacity is concentrated in one role — Intelligent Energy Transformation,Resource,4,3,12,High,Security Lead,20260110,20260303,,2026-01-10,2026-03-03,,Monitoring,In Progress,0,1
3559,RI-711-07,711,Risk,Late design decision may affect downstream work — Intelligent Energy Transformation,Schedule,3,4,12,High,Supplier Manager,20260315,20260729,20260710,2026-03-15,2026-07-29,2026-07-10,Closed,Completed,0,0
3560,RI-712-01,712,Risk,Security approval is on the critical path,Dependency,2,4,8,Medium,Data Lead,20260802,20260811,,2026-08-02,2026-08-11,,Open,In Progress,0,0
3561,RI-712-02,712,Risk,Integration sequence may compress validation,Schedule,2,3,6,Medium,Project Manager,20260515,20260811,,2026-05-15,2026-08-11,,Open,In Progress,0,0
3562,RI-712-03,712,Risk,Supplier lead time threatens the next gate,Schedule,1,3,3,Low,Product Owner,20260611,20260811,,2026-06-11,2026-08-11,,Monitoring,Completed,0,0
3563,RI-712-04,712,Risk,Integration sequence may compress validation — Intelligent Energy Enablement,Schedule,2,3,6,Medium,Quality Lead,20260422,20260719,20260708,2026-04-22,2026-07-19,2026-07-08,Closed,Completed,0,0
3564,RI-712-05,712,Risk,Technical debt may complicate integration,Technical,1,3,3,Low,Finance Partner,20260607,20260811,,2026-06-07,2026-08-11,,Open,Not Started,0,0
3565,RI-713-01,713,Risk,Competing portfolio priority constrains staffing,Resource,4,2,8,Medium,Technical Lead,20260706,20260811,,2026-07-06,2026-08-11,,Monitoring,Completed,0,0
3566,RI-713-02,713,Issue,Customer test access is not yet confirmed,Dependency,2,4,8,Medium,Systems Lead,20260810,20260811,,2026-08-10,2026-08-11,,Monitoring,In Progress,0,0
3567,RI-713-03,713,Risk,Supplier lead time threatens the next gate — Intelligent Energy Acceleration,Schedule,4,4,16,High,Security Lead,20260701,20260811,,2026-07-01,2026-08-11,,Monitoring,In Progress,0,0
3568,RI-713-04,713,Issue,Backfill timing creates a capacity gap — Intelligent Energy Acceleration,Resource,2,4,8,Medium,Supplier Manager,20260624,20260811,,2026-06-24,2026-08-11,,Open,Not Started,0,0
3569,RI-713-05,713,Risk,Test environment availability may move the baseline,Schedule,2,4,8,Medium,Release Manager,20260617,20260811,,2026-06-17,2026-08-11,,Open,Not Started,0,0
3570,RI-713-06,713,Risk,Scope clarification may require a budget change,Cost,3,4,12,High,Technical Lead,20260701,20260811,,2026-07-01,2026-08-11,,Open,Not Started,0,0
3571,RI-713-07,713,Risk,Pilot readiness depends on unresolved actions — Intelligent Energy Acceleration,Schedule,5,1,5,Low,Systems Lead,20260709,20260811,,2026-07-09,2026-08-11,,Monitoring,In Progress,0,0
3572,RI-714-01,714,Risk,Backfill timing creates a capacity gap — Intelligent Energy Orchestration,Resource,3,2,6,Medium,Quality Lead,20260615,20260811,20260617,2026-06-15,2026-08-11,2026-06-17,Closed,Completed,0,0
3573,RI-714-02,714,Risk,Test environment availability may move the baseline,Schedule,4,2,8,Medium,Finance Partner,20260411,20260720,,2026-04-11,2026-07-20,,Open,In Progress,0,1
3574,RI-714-03,714,Risk,Vendor component readiness is uncertain — Intelligent Energy Orchestration,Dependency,3,3,9,Medium,Data Lead,20260711,20260811,,2026-07-11,2026-08-11,,Mitigated,Completed,0,0
3575,RI-714-04,714,Risk,Late design decision may affect downstream work,Schedule,2,4,8,Medium,Project Manager,20260504,20260704,20260527,2026-05-04,2026-07-04,2026-05-27,Closed,Not Required,0,0
3576,RI-715-01,715,Issue,Review capacity is concentrated in one role,Resource,2,3,6,Medium,Supplier Manager,20260612,20260811,,2026-06-12,2026-08-11,,Monitoring,In Progress,0,0
3577,RI-715-02,715,Risk,Release window has limited recovery float — Intelligent Energy Intelligence,Schedule,5,3,15,High,Release Manager,20260123,20260513,,2026-01-23,2026-05-13,,Open,In Progress,0,1
3578,RI-715-03,715,Risk,Release window has limited recovery float — Intelligent Energy Intelligence,Schedule,2,2,4,Low,Technical Lead,20260107,20260419,20260117,2026-01-07,2026-04-19,2026-01-17,Closed,Not Required,0,0
3579,RI-716-01,716,Risk,Interface behavior remains unproven — Intelligent Service Modernization,Technical,3,2,6,Medium,Project Manager,20260304,20260625,,2026-03-04,2026-06-25,,Open,Not Started,0,1
3580,RI-716-02,716,Risk,Critical skill coverage is below demand — Intelligent Service Modernization,Resource,5,4,20,Critical,Product Owner,20260422,20260618,,2026-04-22,2026-06-18,,Open,Not Started,1,1
3581,RI-716-03,716,Risk,Technical debt may complicate integration — Intelligent Service Modernization,Technical,1,4,4,Low,Quality Lead,20260626,20260811,,2026-06-26,2026-08-11,,Open,In Progress,0,0
3582,RI-716-04,716,Risk,Competing portfolio priority constrains staffing — Intelligent Service Modernization,Resource,4,1,4,Low,Finance Partner,20260320,20260524,,2026-03-20,2026-05-24,,Mitigated,Completed,0,0
3583,RI-716-05,716,Issue,Upstream data contract remains unresolved — Intelligent Service Modernization,Dependency,2,4,8,Medium,Data Lead,20260511,20260811,,2026-05-11,2026-08-11,,Open,In Progress,0,0
3584,RI-716-06,716,Risk,External interface decision is blocking delivery — Intelligent Service Modernization,Dependency,5,3,15,High,Project Manager,20260705,20260811,,2026-07-05,2026-08-11,,Monitoring,In Progress,0,0
3585,RI-716-07,716,Risk,Upstream data contract remains unresolved,Dependency,4,1,4,Low,Product Owner,20260404,20260605,20260509,2026-04-04,2026-06-05,2026-05-09,Closed,Completed,0,0
3586,RI-717-01,717,Risk,Integration sequence may compress validation,Schedule,3,2,6,Medium,Systems Lead,20260502,20260719,,2026-05-02,2026-07-19,,Monitoring,Completed,0,1
3587,RI-717-02,717,Risk,Integration sequence may compress validation — Intelligent Service Analytics,Schedule,2,3,6,Medium,Security Lead,20260527,20260811,,2026-05-27,2026-08-11,,Monitoring,In Progress,0,0
3588,RI-717-03,717,Issue,Test environment availability may move the baseline — Intelligent Service Analytics,Schedule,3,5,15,High,Supplier Manager,20260514,20260811,,2026-05-14,2026-08-11,,Open,Not Started,0,0
3589,RI-717-04,717,Issue,Competing portfolio priority constrains staffing — Intelligent Service Analytics,Resource,3,5,15,High,Release Manager,20260516,20260811,20260716,2026-05-16,2026-08-11,2026-07-16,Closed,Completed,0,0
3590,RI-717-05,717,Risk,Release window has limited recovery float,Schedule,2,3,6,Medium,Technical Lead,20260608,20260721,20260623,2026-06-08,2026-07-21,2026-06-23,Closed,Completed,0,0
3591,RI-718-01,718,Risk,Interface behavior remains unproven,Technical,3,1,3,Low,Finance Partner,20260805,20260811,,2026-08-05,2026-08-11,,Monitoring,In Progress,0,0
3592,RI-718-02,718,Risk,Security approval is on the critical path,Dependency,2,2,4,Low,Data Lead,20260708,20260811,,2026-07-08,2026-08-11,,Monitoring,In Progress,0,0
3593,RI-718-03,718,Risk,Verification evidence is incomplete — Intelligent Service Platform,Quality,3,2,6,Medium,Project Manager,20260622,20260811,20260723,2026-06-22,2026-08-11,2026-07-23,Closed,Completed,0,0
3594,RI-718-04,718,Risk,Cloud run cost is trending above the baseline,Cost,3,3,9,Medium,Product Owner,20260810,20260811,,2026-08-10,2026-08-11,,Open,Not Started,0,0
3595,RI-718-05,718,Risk,Late design decision may affect downstream work — Intelligent Service Platform,Schedule,3,1,3,Low,Quality Lead,20260615,20260811,,2026-06-15,2026-08-11,,Mitigated,Completed,0,0
3596,RI-718-06,718,Risk,Contractor transition may reduce throughput — Intelligent Service Platform,Resource,2,2,4,Low,Finance Partner,20260603,20260811,,2026-06-03,2026-08-11,,Open,In Progress,0,0
3597,RI-719-01,719,Risk,Defect closure rate may miss the exit criterion,Quality,3,3,9,Medium,Release Manager,20250929,20251230,,2025-09-29,2025-12-30,,Mitigated,Completed,0,0
3598,RI-719-02,719,Issue,Cloud run cost is trending above the baseline,Cost,2,3,6,Medium,Technical Lead,20260403,20260618,,2026-04-03,2026-06-18,,Mitigated,Completed,0,0
3599,RI-719-03,719,Risk,Review capacity is concentrated in one role,Resource,3,5,15,High,Systems Lead,20251214,20260220,20260311,2025-12-14,2026-02-20,2026-03-11,Closed,Completed,0,0
3600,RI-719-04,719,Issue,Platform release timing may create a mismatch — Intelligent Service Optimization,Dependency,4,3,12,High,Security Lead,20251125,20260212,20260220,2025-11-25,2026-02-12,2026-02-20,Closed,Completed,0,0
3601,RI-719-05,719,Risk,Shared engineer availability may delay delivery — Intelligent Service Optimization,Resource,4,2,8,Medium,Supplier Manager,20260423,20260617,,2026-04-23,2026-06-17,,Open,Not Started,0,1
3602,RI-720-01,720,Issue,Traceability coverage requires remediation — Intelligent Service Integration,Quality,3,3,9,Medium,Product Owner,20260721,20260811,,2026-07-21,2026-08-11,,Open,Not Started,0,0
3603,RI-720-02,720,Risk,Late design decision may affect downstream work — Intelligent Service Integration,Schedule,3,4,12,High,Quality Lead,20260109,20260519,,2026-01-09,2026-05-19,,Open,In Progress,0,1
3604,RI-720-03,720,Risk,Critical skill coverage is below demand — Intelligent Service Integration,Resource,3,5,15,High,Finance Partner,20260728,20260811,20260805,2026-07-28,2026-08-11,2026-08-05,Closed,Completed,0,0
3605,RI-720-04,720,Issue,Late design decision may affect downstream work,Schedule,2,3,6,Medium,Data Lead,20260117,20260321,,2026-01-17,2026-03-21,,Mitigated,Completed,0,0
3606,RI-721-01,721,Issue,Contractor transition may reduce throughput,Resource,2,3,6,Medium,Security Lead,20260218,20260411,20260322,2026-02-18,2026-04-11,2026-03-22,Closed,Not Required,0,0
3607,RI-721-02,721,Issue,Cloud run cost is trending above the baseline,Cost,2,4,8,Medium,Supplier Manager,20260101,20260313,20260220,2026-01-01,2026-03-13,2026-02-20,Closed,Completed,0,0
3608,RI-721-03,721,Risk,Upstream data contract remains unresolved — Intelligent Service Transformation,Dependency,3,2,6,Medium,Release Manager,20260225,20260507,,2026-02-25,2026-05-07,,Monitoring,Completed,0,1
3609,RI-721-04,721,Issue,External interface decision is blocking delivery — Intelligent Service Transformation,Dependency,2,3,6,Medium,Technical Lead,20260405,20260726,,2026-04-05,2026-07-26,,Monitoring,In Progress,0,1
3610,RI-722-01,722,Issue,Prototype result may require architecture rework,Technical,3,2,6,Medium,Data Lead,20260611,20260802,,2026-06-11,2026-08-02,,Monitoring,In Progress,0,1
3611,RI-722-02,722,Risk,Competing portfolio priority constrains staffing — Intelligent Service Enablement,Resource,3,3,9,Medium,Project Manager,20260806,20260811,,2026-08-06,2026-08-11,,Monitoring,In Progress,0,0
3612,RI-722-03,722,Risk,Pilot readiness depends on unresolved actions,Schedule,3,3,9,Medium,Product Owner,20260317,20260706,,2026-03-17,2026-07-06,,Mitigated,Completed,0,0
3613,RI-722-04,722,Issue,Cloud run cost is trending above the baseline,Cost,4,3,12,High,Quality Lead,20260513,20260618,,2026-05-13,2026-06-18,,Mitigated,Completed,0,0
3614,RI-722-05,722,Risk,Test environment availability may move the baseline,Schedule,5,3,15,High,Finance Partner,20260505,20260806,,2026-05-05,2026-08-06,,Mitigated,Completed,0,0
3615,RI-722-06,722,Issue,Backfill timing creates a capacity gap — Intelligent Service Enablement,Resource,4,4,16,High,Data Lead,20260801,20260811,,2026-08-01,2026-08-11,,Monitoring,In Progress,0,0
3616,RI-723-01,723,Risk,Field issue recurrence needs containment — Intelligent Service Acceleration,Quality,2,4,8,Medium,Technical Lead,20260702,20260811,,2026-07-02,2026-08-11,,Monitoring,Completed,0,0
3617,RI-723-02,723,Risk,Environment parity is not yet demonstrated — Intelligent Service Acceleration,Technical,2,1,2,Low,Systems Lead,20260516,20260811,20260626,2026-05-16,2026-08-11,2026-06-26,Closed,Completed,0,0
3618,RI-723-03,723,Risk,Platform release timing may create a mismatch — Intelligent Service Acceleration,Dependency,1,2,2,Low,Security Lead,20260525,20260721,,2026-05-25,2026-07-21,,Mitigated,Completed,0,0
3619,RI-723-04,723,Issue,Material quotation may exceed the estimate — Intelligent Service Acceleration,Cost,2,1,2,Low,Supplier Manager,20260101,20260321,,2026-01-01,2026-03-21,,Monitoring,Completed,0,1
3620,RI-723-05,723,Risk,Defect closure rate may miss the exit criterion — Intelligent Service Acceleration,Quality,4,2,8,Medium,Release Manager,20260128,20260607,,2026-01-28,2026-06-07,,Mitigated,Completed,0,0
3621,RI-723-06,723,Risk,Acceptance criteria remain partially ambiguous,Quality,2,4,8,Medium,Technical Lead,20260626,20260811,,2026-06-26,2026-08-11,,Open,Not Started,0,0
3622,RI-724-01,724,Risk,Verification evidence is incomplete — Intelligent Service Orchestration,Quality,2,3,6,Medium,Quality Lead,20260802,20260811,,2026-08-02,2026-08-11,,Open,Not Started,0,0
3623,RI-724-02,724,Issue,Platform release timing may create a mismatch,Dependency,2,2,4,Low,Finance Partner,20260616,20260811,,2026-06-16,2026-08-11,,Mitigated,Completed,0,0
3624,RI-724-03,724,Risk,Regression scope may exceed the test window — Intelligent Service Orchestration,Quality,2,3,6,Medium,Data Lead,20260613,20260811,,2026-06-13,2026-08-11,,Mitigated,Completed,0,0
3625,RI-725-01,725,Risk,Test environment availability may move the baseline,Schedule,4,1,4,Low,Supplier Manager,20260218,20260429,,2026-02-18,2026-04-29,,Mitigated,Completed,0,0
3626,RI-725-02,725,Risk,External interface decision is blocking delivery — Intelligent Service Intelligence,Dependency,2,4,8,Medium,Release Manager,20251211,20260304,,2025-12-11,2026-03-04,,Mitigated,Completed,0,0
3627,RI-725-03,725,Risk,Cloud run cost is trending above the baseline — Intelligent Service Intelligence,Cost,2,1,2,Low,Technical Lead,20260504,20260625,,2026-05-04,2026-06-25,,Mitigated,Completed,0,0
3628,RI-725-04,725,Risk,Test environment availability may move the baseline — Intelligent Service Intelligence,Schedule,5,2,10,Medium,Systems Lead,20260725,20260811,,2026-07-25,2026-08-11,,Open,Not Started,0,0
3629,RI-725-05,725,Risk,Technical debt may complicate integration — Intelligent Service Intelligence,Technical,5,3,15,High,Security Lead,20251207,20260424,20260203,2025-12-07,2026-04-24,2026-02-03,Closed,Completed,0,0
3630,RI-726-01,726,Issue,Vendor component readiness is uncertain — Resilient Asset Modernization,Dependency,3,4,12,High,Project Manager,20260621,20260811,,2026-06-21,2026-08-11,,Open,In Progress,0,0
3631,RI-726-02,726,Risk,Late design decision may affect downstream work — Resilient Asset Modernization,Schedule,4,3,12,High,Product Owner,20260623,20260811,,2026-06-23,2026-08-11,,Mitigated,Completed,0,0
3632,RI-726-03,726,Risk,Cloud run cost is trending above the baseline — Resilient Asset Modernization,Cost,3,2,6,Medium,Quality Lead,20260810,20260811,,2026-08-10,2026-08-11,,Monitoring,In Progress,0,0
3633,RI-726-04,726,Risk,Pilot readiness depends on unresolved actions — Resilient Asset Modernization,Schedule,5,1,5,Low,Finance Partner,20260727,20260811,,2026-07-27,2026-08-11,,Mitigated,Completed,0,0
3634,RI-726-05,726,Issue,Pilot readiness depends on unresolved actions,Schedule,1,2,2,Low,Data Lead,20260704,20260811,,2026-07-04,2026-08-11,,Open,In Progress,0,0
3635,RI-726-06,726,Risk,Committed spend limits recovery options — Resilient Asset Modernization,Cost,2,3,6,Medium,Project Manager,20260720,20260811,,2026-07-20,2026-08-11,,Monitoring,In Progress,0,0
3636,RI-727-01,727,Risk,Acceptance criteria remain partially ambiguous — Resilient Asset Analytics,Quality,3,2,6,Medium,Systems Lead,20260810,20260811,,2026-08-10,2026-08-11,,Monitoring,Completed,0,0
3637,RI-727-02,727,Risk,Competing portfolio priority constrains staffing,Resource,4,2,8,Medium,Security Lead,20260525,20260811,,2026-05-25,2026-08-11,,Open,Not Started,0,0
3638,RI-727-03,727,Risk,Performance margin may not meet the target,Technical,3,4,12,High,Supplier Manager,20260614,20260811,,2026-06-14,2026-08-11,,Monitoring,In Progress,0,0
3639,RI-727-04,727,Risk,Test environment availability may move the baseline,Schedule,5,4,20,Critical,Release Manager,20260805,20260811,,2026-08-05,2026-08-11,,Mitigated,Completed,0,0
3640,RI-728-01,728,Risk,Pilot readiness depends on unresolved actions — Resilient Asset Platform,Schedule,3,2,6,Medium,Finance Partner,20260702,20260811,,2026-07-02,2026-08-11,,Monitoring,In Progress,0,0
3641,RI-728-02,728,Issue,Platform release timing may create a mismatch — Resilient Asset Platform,Dependency,5,4,20,Critical,Data Lead,20260106,20260426,,2026-01-06,2026-04-26,,Monitoring,In Progress,1,1
3642,RI-728-03,728,Risk,Scope clarification may require a budget change — Resilient Asset Platform,Cost,4,4,16,High,Project Manager,20260209,20260430,,2026-02-09,2026-04-30,,Open,In Progress,0,1
3643,RI-728-04,728,Issue,Scope clarification may require a budget change — Resilient Asset Platform,Cost,3,3,9,Medium,Product Owner,20260203,20260422,,2026-02-03,2026-04-22,,Monitoring,In Progress,0,1
3644,RI-728-05,728,Issue,Technical debt may complicate integration,Technical,4,4,16,High,Quality Lead,20260429,20260711,20260803,2026-04-29,2026-07-11,2026-08-03,Closed,Completed,0,0
3645,RI-728-06,728,Issue,Prototype result may require architecture rework,Technical,3,3,9,Medium,Finance Partner,20260809,20260811,,2026-08-09,2026-08-11,,Open,In Progress,0,0
3646,RI-728-07,728,Risk,Critical skill coverage is below demand,Resource,3,3,9,Medium,Data Lead,20260513,20260630,,2026-05-13,2026-06-30,,Mitigated,Completed,0,0
3647,RI-729-01,729,Risk,Committed spend limits recovery options — Resilient Asset Optimization,Cost,3,3,9,Medium,Release Manager,20260418,20260611,20260510,2026-04-18,2026-06-11,2026-05-10,Closed,Completed,0,0
3648,RI-729-02,729,Risk,Field issue recurrence needs containment — Resilient Asset Optimization,Quality,2,4,8,Medium,Technical Lead,20260704,20260811,,2026-07-04,2026-08-11,,Open,In Progress,0,0
3649,RI-729-03,729,Issue,Legacy data quality could require redesign,Technical,4,2,8,Medium,Systems Lead,20260620,20260811,,2026-06-20,2026-08-11,,Monitoring,Completed,0,0
3650,RI-729-04,729,Risk,Test environment availability may move the baseline,Schedule,2,2,4,Low,Security Lead,20260319,20260505,,2026-03-19,2026-05-05,,Mitigated,Completed,0,0
3651,RI-729-05,729,Risk,Prototype result may require architecture rework,Technical,3,4,12,High,Supplier Manager,20260415,20260705,,2026-04-15,2026-07-05,,Open,Not Started,0,1
3652,RI-729-06,729,Risk,Technical debt may complicate integration,Technical,1,3,3,Low,Release Manager,20260421,20260730,20260520,2026-04-21,2026-07-30,2026-05-20,Closed,Completed,0,0
3653,RI-729-07,729,Risk,Performance margin may not meet the target — Resilient Asset Optimization,Technical,3,3,9,Medium,Technical Lead,20260806,20260811,,2026-08-06,2026-08-11,,Monitoring,In Progress,0,0
3654,RI-730-01,730,Risk,Customer test access is not yet confirmed — Resilient Asset Integration,Dependency,5,3,15,High,Product Owner,20260725,20260811,,2026-07-25,2026-08-11,,Monitoring,In Progress,0,0
3655,RI-730-02,730,Risk,Review capacity is concentrated in one role,Resource,1,4,4,Low,Quality Lead,20260405,20260613,20260609,2026-04-05,2026-06-13,2026-06-09,Closed,Not Required,0,0
3656,RI-730-03,730,Issue,Rework could consume management reserve — Resilient Asset Integration,Cost,3,4,12,High,Finance Partner,20251220,20260207,20260130,2025-12-20,2026-02-07,2026-01-30,Closed,Completed,0,0
3657,RI-730-04,730,Risk,Review capacity is concentrated in one role,Resource,3,4,12,High,Data Lead,20260711,20260811,,2026-07-11,2026-08-11,,Monitoring,Completed,0,0
3658,RI-730-05,730,Issue,Integration sequence may compress validation,Schedule,3,5,15,High,Project Manager,20260527,20260811,,2026-05-27,2026-08-11,,Open,In Progress,0,0
3659,RI-731-01,731,Risk,Pilot readiness depends on unresolved actions,Schedule,3,2,6,Medium,Security Lead,20251031,20260106,20251213,2025-10-31,2026-01-06,2025-12-13,Closed,Completed,0,0
3660,RI-731-02,731,Risk,Test environment availability may move the baseline,Schedule,2,5,10,Medium,Supplier Manager,20260602,20260811,,2026-06-02,2026-08-11,,Open,Not Started,0,0
3661,RI-731-03,731,Issue,Committed spend limits recovery options,Cost,3,4,12,High,Release Manager,20260705,20260811,,2026-07-05,2026-08-11,,Monitoring,In Progress,0,0
3662,RI-731-04,731,Risk,Verification evidence is incomplete,Quality,5,3,15,High,Technical Lead,20260526,20260628,,2026-05-26,2026-06-28,,Mitigated,Completed,0,0
3663,RI-731-05,731,Risk,Test environment availability may move the baseline,Schedule,3,2,6,Medium,Systems Lead,20260729,20260811,,2026-07-29,2026-08-11,,Monitoring,Completed,0,0
3664,RI-732-01,732,Risk,Acceptance criteria remain partially ambiguous,Quality,3,3,9,Medium,Data Lead,20260414,20260712,,2026-04-14,2026-07-12,,Monitoring,Completed,0,1
3665,RI-732-02,732,Risk,Customer test access is not yet confirmed,Dependency,1,2,2,Low,Project Manager,20250923,20260102,,2025-09-23,2026-01-02,,Mitigated,Completed,0,0
3666,RI-732-03,732,Risk,Performance margin may not meet the target — Resilient Asset Enablement,Technical,3,1,3,Low,Product Owner,20260417,20260729,,2026-04-17,2026-07-29,,Monitoring,In Progress,0,1
3667,RI-733-01,733,Risk,Regression scope may exceed the test window,Quality,3,3,9,Medium,Technical Lead,20260610,20260811,,2026-06-10,2026-08-11,,Monitoring,Completed,0,0
3668,RI-733-02,733,Risk,Rework could consume management reserve — Resilient Asset Acceleration,Cost,3,1,3,Low,Systems Lead,20260701,20260811,,2026-07-01,2026-08-11,,Open,Not Started,0,0
3669,RI-733-03,733,Risk,Specialist rate mix is above plan — Resilient Asset Acceleration,Cost,1,1,1,Low,Security Lead,20260725,20260811,,2026-07-25,2026-08-11,,Open,In Progress,0,0
3670,RI-733-04,733,Risk,Performance margin may not meet the target,Technical,3,4,12,High,Supplier Manager,20260616,20260811,,2026-06-16,2026-08-11,,Monitoring,In Progress,0,0
3671,RI-734-01,734,Risk,Traceability coverage requires remediation — Resilient Asset Orchestration,Quality,3,3,9,Medium,Quality Lead,20260310,20260613,,2026-03-10,2026-06-13,,Monitoring,In Progress,0,1
3672,RI-734-02,734,Issue,Cloud run cost is trending above the baseline — Resilient Asset Orchestration,Cost,3,4,12,High,Finance Partner,20260417,20260605,20260505,2026-04-17,2026-06-05,2026-05-05,Closed,Completed,0,0
3673,RI-734-03,734,Risk,Critical skill coverage is below demand — Resilient Asset Orchestration,Resource,4,3,12,High,Data Lead,20260704,20260811,,2026-07-04,2026-08-11,,Monitoring,In Progress,0,0
3674,RI-734-04,734,Issue,Integration sequence may compress validation — Resilient Asset Orchestration,Schedule,4,4,16,High,Project Manager,20260421,20260624,,2026-04-21,2026-06-24,,Mitigated,Completed,0,0
3675,RI-734-05,734,Risk,External interface decision is blocking delivery — Resilient Asset Orchestration,Dependency,4,1,4,Low,Product Owner,20260702,20260811,,2026-07-02,2026-08-11,,Monitoring,In Progress,0,0
3676,RI-734-06,734,Risk,Environment parity is not yet demonstrated,Technical,3,3,9,Medium,Quality Lead,20260411,20260805,,2026-04-11,2026-08-05,,Mitigated,Completed,0,0
3677,RI-735-01,735,Risk,Shared engineer availability may delay delivery,Resource,2,4,8,Medium,Supplier Manager,20260610,20260806,20260716,2026-06-10,2026-08-06,2026-07-16,Closed,Completed,0,0
3678,RI-735-02,735,Risk,Integration sequence may compress validation,Schedule,4,2,8,Medium,Release Manager,20260718,20260811,,2026-07-18,2026-08-11,,Monitoring,In Progress,0,0
3679,RI-735-03,735,Issue,Shared engineer availability may delay delivery,Resource,3,3,9,Medium,Technical Lead,20260529,20260811,,2026-05-29,2026-08-11,,Monitoring,In Progress,0,0
3680,RI-736-01,736,Risk,Cloud run cost is trending above the baseline,Cost,3,3,9,Medium,Project Manager,20260526,20260811,,2026-05-26,2026-08-11,,Open,In Progress,0,0
3681,RI-736-02,736,Risk,Defect closure rate may miss the exit criterion — Resilient Operations Modernization,Quality,5,4,20,Critical,Product Owner,20260802,20260811,,2026-08-02,2026-08-11,,Monitoring,In Progress,1,0
3682,RI-736-03,736,Risk,Platform release timing may create a mismatch — Resilient Operations Modernization,Dependency,3,1,3,Low,Quality Lead,20260223,20260603,,2026-02-23,2026-06-03,,Monitoring,In Progress,0,1
3683,RI-736-04,736,Risk,Competing portfolio priority constrains staffing — Resilient Operations Modernization,Resource,3,3,9,Medium,Finance Partner,20260707,20260811,,2026-07-07,2026-08-11,,Monitoring,In Progress,0,0
3684,RI-736-05,736,Risk,Defect closure rate may miss the exit criterion,Quality,3,3,9,Medium,Data Lead,20260203,20260421,20260330,2026-02-03,2026-04-21,2026-03-30,Closed,Completed,0,0
3685,RI-736-06,736,Issue,Late design decision may affect downstream work — Resilient Operations Modernization,Schedule,3,4,12,High,Project Manager,20260411,20260518,20260612,2026-04-11,2026-05-18,2026-06-12,Closed,Completed,0,0
3686,RI-736-07,736,Risk,Rework could consume management reserve,Cost,3,3,9,Medium,Product Owner,20260127,20260422,20260406,2026-01-27,2026-04-22,2026-04-06,Closed,Completed,0,0
3687,RI-737-01,737,Risk,Backfill timing creates a capacity gap,Resource,3,2,6,Medium,Systems Lead,20260325,20260601,20260527,2026-03-25,2026-06-01,2026-05-27,Closed,Completed,0,0
3688,RI-737-02,737,Risk,Critical skill coverage is below demand — Resilient Operations Analytics,Resource,4,3,12,High,Security Lead,20260731,20260811,,2026-07-31,2026-08-11,,Open,In Progress,0,0
3689,RI-737-03,737,Risk,Technical debt may complicate integration,Technical,3,2,6,Medium,Supplier Manager,20260807,20260811,,2026-08-07,2026-08-11,,Mitigated,Completed,0,0
3690,RI-737-04,737,Risk,Rework could consume management reserve — Resilient Operations Analytics,Cost,4,4,16,High,Release Manager,20260522,20260810,,2026-05-22,2026-08-10,,Mitigated,Completed,0,0
3691,RI-737-05,737,Risk,Interface behavior remains unproven — Resilient Operations Analytics,Technical,5,5,25,Critical,Technical Lead,20260805,20260811,,2026-08-05,2026-08-11,,Monitoring,In Progress,1,0
3692,RI-737-06,737,Issue,Customer test access is not yet confirmed — Resilient Operations Analytics,Dependency,2,3,6,Medium,Systems Lead,20260707,20260811,,2026-07-07,2026-08-11,,Monitoring,In Progress,0,0
3693,RI-737-07,737,Risk,Specialist rate mix is above plan,Cost,4,2,8,Medium,Security Lead,20260605,20260811,,2026-06-05,2026-08-11,,Open,Not Started,0,0
3694,RI-738-01,738,Risk,Acceptance criteria remain partially ambiguous,Quality,2,4,8,Medium,Finance Partner,20260621,20260811,,2026-06-21,2026-08-11,,Open,In Progress,0,0
3695,RI-738-02,738,Issue,Interface behavior remains unproven — Resilient Operations Platform,Technical,3,3,9,Medium,Data Lead,20260416,20260811,,2026-04-16,2026-08-11,,Open,Not Started,0,0
3696,RI-738-03,738,Issue,Late design decision may affect downstream work — Resilient Operations Platform,Schedule,3,2,6,Medium,Project Manager,20260706,20260811,,2026-07-06,2026-08-11,,Mitigated,Completed,0,0
3697,RI-738-04,738,Risk,Backfill timing creates a capacity gap,Resource,3,2,6,Medium,Product Owner,20260810,20260811,,2026-08-10,2026-08-11,,Open,Not Started,0,0
3698,RI-738-05,738,Risk,Rework could consume management reserve,Cost,2,4,8,Medium,Quality Lead,20260323,20260710,20260729,2026-03-23,2026-07-10,2026-07-29,Closed,Completed,0,0
3699,RI-738-06,738,Risk,Supplier lead time threatens the next gate — Resilient Operations Platform,Schedule,3,2,6,Medium,Finance Partner,20260426,20260729,,2026-04-26,2026-07-29,,Open,Not Started,0,1
3700,RI-739-01,739,Risk,Release window has limited recovery float,Schedule,3,4,12,High,Release Manager,20260429,20260627,20260616,2026-04-29,2026-06-27,2026-06-16,Closed,Completed,0,0
3701,RI-739-02,739,Risk,Rework could consume management reserve — Resilient Operations Optimization,Cost,4,3,12,High,Technical Lead,20260727,20260811,,2026-07-27,2026-08-11,,Mitigated,Completed,0,0
3702,RI-739-03,739,Risk,Traceability coverage requires remediation,Quality,3,5,15,High,Systems Lead,20260120,20260422,,2026-01-20,2026-04-22,,Monitoring,In Progress,0,1
3703,RI-739-04,739,Issue,Rework could consume management reserve,Cost,2,2,4,Low,Security Lead,20260115,20260313,,2026-01-15,2026-03-13,,Mitigated,Completed,0,0
3704,RI-739-05,739,Issue,Material quotation may exceed the estimate — Resilient Operations Optimization,Cost,2,2,4,Low,Supplier Manager,20260714,20260811,,2026-07-14,2026-08-11,,Monitoring,In Progress,0,0
3705,RI-739-06,739,Issue,Competing portfolio priority constrains staffing — Resilient Operations Optimization,Resource,3,2,6,Medium,Release Manager,20260402,20260611,,2026-04-02,2026-06-11,,Mitigated,Completed,0,0
3706,RI-740-01,740,Risk,Interface behavior remains unproven,Technical,4,2,8,Medium,Product Owner,20260410,20260803,,2026-04-10,2026-08-03,,Mitigated,Completed,0,0
3707,RI-740-02,740,Risk,Interface behavior remains unproven — Resilient Operations Integration,Technical,2,5,10,Medium,Quality Lead,20260525,20260802,,2026-05-25,2026-08-02,,Mitigated,Completed,0,0
3708,RI-740-03,740,Risk,Competing portfolio priority constrains staffing — Resilient Operations Integration,Resource,3,5,15,High,Finance Partner,20260503,20260625,,2026-05-03,2026-06-25,,Mitigated,Completed,0,0
3709,RI-740-04,740,Risk,Review capacity is concentrated in one role — Resilient Operations Integration,Resource,3,3,9,Medium,Data Lead,20260304,20260619,20260323,2026-03-04,2026-06-19,2026-03-23,Closed,Completed,0,0
3710,RI-740-05,740,Risk,Pilot readiness depends on unresolved actions — Resilient Operations Integration,Schedule,5,2,10,Medium,Project Manager,20260508,20260723,20260524,2026-05-08,2026-07-23,2026-05-24,Closed,Completed,0,0
3711,RI-740-06,740,Issue,Performance margin may not meet the target,Technical,2,4,8,Medium,Product Owner,20260501,20260726,20260712,2026-05-01,2026-07-26,2026-07-12,Closed,Completed,0,0
3712,RI-740-07,740,Issue,Release window has limited recovery float,Schedule,2,2,4,Low,Quality Lead,20260629,20260811,,2026-06-29,2026-08-11,,Open,Not Started,0,0
3713,RI-741-01,741,Issue,Material quotation may exceed the estimate — Resilient Operations Transformation,Cost,4,4,16,High,Security Lead,20260628,20260811,,2026-06-28,2026-08-11,,Mitigated,Completed,0,0
3714,RI-741-02,741,Risk,Integration sequence may compress validation,Schedule,1,1,1,Low,Supplier Manager,20260528,20260710,,2026-05-28,2026-07-10,,Monitoring,In Progress,0,1
3715,RI-741-03,741,Risk,Customer test access is not yet confirmed,Dependency,3,3,9,Medium,Release Manager,20260615,20260811,,2026-06-15,2026-08-11,,Open,Not Started,0,0
3716,RI-742-01,742,Risk,Contractor transition may reduce throughput,Resource,1,3,3,Low,Data Lead,20260206,20260321,20260408,2026-02-06,2026-03-21,2026-04-08,Closed,Completed,0,0
3717,RI-742-02,742,Risk,Supplier lead time threatens the next gate,Schedule,3,2,6,Medium,Project Manager,20260529,20260811,,2026-05-29,2026-08-11,,Monitoring,In Progress,0,0
3718,RI-742-03,742,Risk,Performance margin may not meet the target — Resilient Operations Enablement,Technical,2,2,4,Low,Product Owner,20260423,20260701,,2026-04-23,2026-07-01,,Monitoring,In Progress,0,1
3719,RI-743-01,743,Risk,Pilot readiness depends on unresolved actions,Schedule,2,3,6,Medium,Technical Lead,20260526,20260731,,2026-05-26,2026-07-31,,Mitigated,Completed,0,0
3720,RI-743-02,743,Risk,Customer test access is not yet confirmed — Resilient Operations Acceleration,Dependency,3,1,3,Low,Systems Lead,20260116,20260329,,2026-01-16,2026-03-29,,Monitoring,Completed,0,1
3721,RI-743-03,743,Risk,Prototype result may require architecture rework,Technical,4,3,12,High,Security Lead,20260510,20260723,,2026-05-10,2026-07-23,,Mitigated,Completed,0,0
3722,RI-743-04,743,Issue,Vendor component readiness is uncertain — Resilient Operations Acceleration,Dependency,2,5,10,Medium,Supplier Manager,20260727,20260811,,2026-07-27,2026-08-11,,Monitoring,In Progress,0,0
3723,RI-743-05,743,Risk,Technical debt may complicate integration,Technical,5,5,25,Critical,Release Manager,20260503,20260804,20260506,2026-05-03,2026-08-04,2026-05-06,Closed,Completed,0,0
3724,RI-743-06,743,Risk,Prototype result may require architecture rework,Technical,3,4,12,High,Technical Lead,20260228,20260523,20260328,2026-02-28,2026-05-23,2026-03-28,Closed,Completed,0,0
3725,RI-744-01,744,Risk,Material quotation may exceed the estimate,Cost,4,5,20,Critical,Quality Lead,20260523,20260722,,2026-05-23,2026-07-22,,Open,Not Started,1,1
3726,RI-744-02,744,Risk,Integration sequence may compress validation — Resilient Operations Orchestration,Schedule,4,2,8,Medium,Finance Partner,20260729,20260811,,2026-07-29,2026-08-11,,Open,Not Started,0,0
3727,RI-744-03,744,Risk,Release window has limited recovery float,Schedule,4,5,20,Critical,Data Lead,20260430,20260811,,2026-04-30,2026-08-11,,Monitoring,In Progress,1,0
3728,RI-744-04,744,Risk,Competing portfolio priority constrains staffing,Resource,2,2,4,Low,Project Manager,20260423,20260715,,2026-04-23,2026-07-15,,Monitoring,Completed,0,1
3729,RI-745-01,745,Risk,Interface behavior remains unproven,Technical,3,3,9,Medium,Supplier Manager,20260209,20260608,,2026-02-09,2026-06-08,,Mitigated,Completed,0,0
3730,RI-745-02,745,Risk,Shared engineer availability may delay delivery,Resource,4,1,4,Low,Release Manager,20260402,20260607,,2026-04-02,2026-06-07,,Monitoring,In Progress,0,1
3731,RI-745-03,745,Risk,Performance margin may not meet the target,Technical,2,2,4,Low,Technical Lead,20251219,20260206,,2025-12-19,2026-02-06,,Mitigated,Completed,0,0
3732,RI-745-04,745,Issue,Traceability coverage requires remediation — Resilient Operations Intelligence,Quality,1,3,3,Low,Systems Lead,20260302,20260614,,2026-03-02,2026-06-14,,Monitoring,In Progress,0,1
3733,RI-745-05,745,Risk,Cloud run cost is trending above the baseline — Resilient Operations Intelligence,Cost,2,1,2,Low,Security Lead,20260208,20260404,20260425,2026-02-08,2026-04-04,2026-04-25,Closed,Completed,0,0
3734,RI-746-01,746,Risk,Supplier lead time threatens the next gate,Schedule,1,3,3,Low,Project Manager,20250902,20251114,,2025-09-02,2025-11-14,,Mitigated,Completed,0,0
3735,RI-746-02,746,Issue,Customer test access is not yet confirmed — Resilient Reliability Modernization,Dependency,3,4,12,High,Product Owner,20250904,20251023,,2025-09-04,2025-10-23,,Open,In Progress,0,1
3736,RI-746-03,746,Issue,Scope clarification may require a budget change — Resilient Reliability Modernization,Cost,1,5,5,Low,Quality Lead,20260429,20260811,,2026-04-29,2026-08-11,,Open,Not Started,0,0
3737,RI-747-01,747,Issue,Backfill timing creates a capacity gap — Resilient Reliability Analytics,Resource,5,4,20,Critical,Systems Lead,20260404,20260701,,2026-04-04,2026-07-01,,Mitigated,Completed,0,0
3738,RI-747-02,747,Risk,Pilot readiness depends on unresolved actions,Schedule,3,3,9,Medium,Security Lead,20260621,20260811,20260708,2026-06-21,2026-08-11,2026-07-08,Closed,Completed,0,0
3739,RI-747-03,747,Risk,Security approval is on the critical path,Dependency,3,2,6,Medium,Supplier Manager,20260522,20260808,20260708,2026-05-22,2026-08-08,2026-07-08,Closed,Completed,0,0
3740,RI-748-01,748,Issue,Material quotation may exceed the estimate,Cost,4,3,12,High,Finance Partner,20260417,20260626,20260712,2026-04-17,2026-06-26,2026-07-12,Closed,Completed,0,0
3741,RI-748-02,748,Risk,Integration sequence may compress validation — Resilient Reliability Platform,Schedule,5,3,15,High,Data Lead,20251212,20260226,,2025-12-12,2026-02-26,,Mitigated,Completed,0,0
3742,RI-748-03,748,Risk,Customer test access is not yet confirmed,Dependency,4,5,20,Critical,Project Manager,20251224,20260324,20260216,2025-12-24,2026-03-24,2026-02-16,Closed,Completed,0,0
3743,RI-748-04,748,Risk,Backfill timing creates a capacity gap — Resilient Reliability Platform,Resource,2,4,8,Medium,Product Owner,20260102,20260303,,2026-01-02,2026-03-03,,Mitigated,Completed,0,0
3744,RI-749-01,749,Risk,Test environment availability may move the baseline — Resilient Reliability Optimization,Schedule,3,3,9,Medium,Release Manager,20260521,20260811,,2026-05-21,2026-08-11,,Mitigated,Completed,0,0
3745,RI-749-02,749,Risk,Environment parity is not yet demonstrated,Technical,1,2,2,Low,Technical Lead,20251220,20260407,,2025-12-20,2026-04-07,,Mitigated,Completed,0,0
3746,RI-749-03,749,Issue,Material quotation may exceed the estimate — Resilient Reliability Optimization,Cost,3,3,9,Medium,Systems Lead,20260313,20260608,,2026-03-13,2026-06-08,,Monitoring,In Progress,0,1
3747,RI-749-04,749,Risk,Release window has limited recovery float — Resilient Reliability Optimization,Schedule,4,4,16,High,Security Lead,20260803,20260811,,2026-08-03,2026-08-11,,Open,In Progress,0,0
3748,RI-749-05,749,Risk,Upstream data contract remains unresolved,Dependency,3,4,12,High,Supplier Manager,20260629,20260811,,2026-06-29,2026-08-11,,Open,Not Started,0,0
3749,RI-749-06,749,Issue,Critical skill coverage is below demand,Resource,3,2,6,Medium,Release Manager,20260524,20260624,20260620,2026-05-24,2026-06-24,2026-06-20,Closed,Completed,0,0
3750,RI-749-07,749,Issue,Customer test access is not yet confirmed — Resilient Reliability Optimization,Dependency,2,2,4,Low,Technical Lead,20260302,20260617,20260527,2026-03-02,2026-06-17,2026-05-27,Closed,Completed,0,0
3751,RI-750-01,750,Issue,Test environment availability may move the baseline,Schedule,3,4,12,High,Product Owner,20260806,20260811,,2026-08-06,2026-08-11,,Open,Not Started,0,0
3752,RI-750-02,750,Risk,Prototype result may require architecture rework — Resilient Reliability Integration,Technical,3,1,3,Low,Quality Lead,20260720,20260811,,2026-07-20,2026-08-11,,Mitigated,Completed,0,0
3753,RI-750-03,750,Risk,Material quotation may exceed the estimate,Cost,3,3,9,Medium,Finance Partner,20260524,20260811,,2026-05-24,2026-08-11,,Open,In Progress,0,0
3754,RI-750-04,750,Risk,Security approval is on the critical path,Dependency,5,3,15,High,Data Lead,20260603,20260811,,2026-06-03,2026-08-11,,Open,Not Started,0,0
3755,RI-750-05,750,Issue,Defect closure rate may miss the exit criterion,Quality,2,3,6,Medium,Project Manager,20260615,20260811,,2026-06-15,2026-08-11,,Open,In Progress,0,0
3756,RI-750-06,750,Risk,Specialist rate mix is above plan,Cost,1,4,4,Low,Product Owner,20260711,20260811,,2026-07-11,2026-08-11,,Monitoring,In Progress,0,0
3757,RI-750-07,750,Issue,Acceptance criteria remain partially ambiguous — Resilient Reliability Integration,Quality,4,1,4,Low,Quality Lead,20260628,20260811,,2026-06-28,2026-08-11,,Open,Not Started,0,0
3758,RI-751-01,751,Risk,Supplier lead time threatens the next gate — Resilient Reliability Transformation,Schedule,5,4,20,Critical,Security Lead,20260519,20260715,,2026-05-19,2026-07-15,,Monitoring,Completed,1,1
3759,RI-751-02,751,Risk,Scope clarification may require a budget change,Cost,4,3,12,High,Supplier Manager,20260601,20260811,,2026-06-01,2026-08-11,,Monitoring,In Progress,0,0
3760,RI-751-03,751,Risk,Acceptance criteria remain partially ambiguous,Quality,4,2,8,Medium,Release Manager,20260404,20260608,20260604,2026-04-04,2026-06-08,2026-06-04,Closed,Completed,0,0
3761,RI-752-01,752,Risk,Acceptance criteria remain partially ambiguous — Resilient Reliability Enablement,Quality,3,3,9,Medium,Data Lead,20260607,20260811,20260726,2026-06-07,2026-08-11,2026-07-26,Closed,Completed,0,0
3762,RI-752-02,752,Risk,Platform release timing may create a mismatch,Dependency,4,1,4,Low,Project Manager,20251129,20260213,,2025-11-29,2026-02-13,,Monitoring,In Progress,0,1
3763,RI-752-03,752,Issue,Interface behavior remains unproven — Resilient Reliability Enablement,Technical,4,5,20,Critical,Product Owner,20260406,20260811,,2026-04-06,2026-08-11,,Open,Not Started,1,0
3764,RI-752-04,752,Risk,Backfill timing creates a capacity gap,Resource,3,4,12,High,Quality Lead,20260218,20260606,,2026-02-18,2026-06-06,,Monitoring,Completed,0,1
3765,RI-752-05,752,Risk,Specialist rate mix is above plan — Resilient Reliability Enablement,Cost,5,2,10,Medium,Finance Partner,20260718,20260811,,2026-07-18,2026-08-11,,Open,In Progress,0,0
3766,RI-752-06,752,Issue,Shared engineer availability may delay delivery — Resilient Reliability Enablement,Resource,3,2,6,Medium,Data Lead,20260420,20260529,,2026-04-20,2026-05-29,,Monitoring,Completed,0,1
3767,RI-753-01,753,Risk,Critical skill coverage is below demand — Resilient Reliability Acceleration,Resource,2,5,10,Medium,Technical Lead,20260512,20260722,,2026-05-12,2026-07-22,,Mitigated,Completed,0,0
3768,RI-753-02,753,Issue,Legacy data quality could require redesign,Technical,2,2,4,Low,Systems Lead,20260617,20260811,,2026-06-17,2026-08-11,,Mitigated,Completed,0,0
3769,RI-753-03,753,Risk,Critical skill coverage is below demand,Resource,4,2,8,Medium,Security Lead,20260615,20260811,,2026-06-15,2026-08-11,,Monitoring,In Progress,0,0
3770,RI-753-04,753,Risk,Critical skill coverage is below demand — Resilient Reliability Acceleration,Resource,2,4,8,Medium,Supplier Manager,20260426,20260727,,2026-04-26,2026-07-27,,Mitigated,Completed,0,0
3771,RI-753-05,753,Risk,Security approval is on the critical path,Dependency,5,4,20,Critical,Release Manager,20260416,20260707,,2026-04-16,2026-07-07,,Open,In Progress,1,1
3772,RI-753-06,753,Risk,Acceptance criteria remain partially ambiguous,Quality,3,4,12,High,Technical Lead,20260418,20260617,,2026-04-18,2026-06-17,,Monitoring,In Progress,0,1
3773,RI-754-01,754,Issue,Customer test access is not yet confirmed — Resilient Reliability Orchestration,Dependency,3,3,9,Medium,Quality Lead,20251224,20260302,,2025-12-24,2026-03-02,,Mitigated,Completed,0,0
3774,RI-754-02,754,Risk,Upstream data contract remains unresolved,Dependency,4,4,16,High,Finance Partner,20251203,20260303,,2025-12-03,2026-03-03,,Mitigated,Completed,0,0
3775,RI-754-03,754,Issue,External interface decision is blocking delivery — Resilient Reliability Orchestration,Dependency,2,2,4,Low,Data Lead,20251206,20260303,,2025-12-06,2026-03-03,,Open,Not Started,0,1
3776,RI-754-04,754,Risk,Contractor transition may reduce throughput — Resilient Reliability Orchestration,Resource,2,5,10,Medium,Project Manager,20260110,20260511,,2026-01-10,2026-05-11,,Monitoring,In Progress,0,1
3777,RI-754-05,754,Issue,Competing portfolio priority constrains staffing,Resource,2,3,6,Medium,Product Owner,20260605,20260722,20260810,2026-06-05,2026-07-22,2026-08-10,Closed,Completed,0,0
3778,RI-754-06,754,Issue,Performance margin may not meet the target,Technical,3,4,12,High,Quality Lead,20260423,20260630,,2026-04-23,2026-06-30,,Mitigated,Completed,0,0
3779,RI-754-07,754,Risk,Supplier lead time threatens the next gate,Schedule,2,3,6,Medium,Finance Partner,20260630,20260811,,2026-06-30,2026-08-11,,Mitigated,Completed,0,0
3780,RI-755-01,755,Risk,Scope clarification may require a budget change,Cost,5,2,10,Medium,Supplier Manager,20260710,20260811,,2026-07-10,2026-08-11,,Mitigated,Completed,0,0
3781,RI-755-02,755,Risk,Performance margin may not meet the target — Resilient Reliability Intelligence,Technical,2,1,2,Low,Release Manager,20260530,20260725,,2026-05-30,2026-07-25,,Mitigated,Completed,0,0
3782,RI-755-03,755,Risk,Competing portfolio priority constrains staffing,Resource,5,4,20,Critical,Technical Lead,20260629,20260811,,2026-06-29,2026-08-11,,Monitoring,In Progress,1,0
3783,RI-755-04,755,Risk,Supplier lead time threatens the next gate,Schedule,4,3,12,High,Systems Lead,20260407,20260605,20260429,2026-04-07,2026-06-05,2026-04-29,Closed,Not Required,0,0
3784,RI-755-05,755,Issue,Competing portfolio priority constrains staffing,Resource,2,2,4,Low,Security Lead,20260210,20260502,20260212,2026-02-10,2026-05-02,2026-02-12,Closed,Completed,0,0
3785,RI-755-06,755,Risk,Late design decision may affect downstream work — Resilient Reliability Intelligence,Schedule,5,2,10,Medium,Supplier Manager,20260717,20260811,,2026-07-17,2026-08-11,,Monitoring,In Progress,0,0
3786,RI-755-07,755,Risk,Late design decision may affect downstream work — Resilient Reliability Intelligence,Schedule,4,2,8,Medium,Release Manager,20260602,20260803,20260619,2026-06-02,2026-08-03,2026-06-19,Closed,Completed,0,0
3787,RI-756-01,756,Risk,Competing portfolio priority constrains staffing — Resilient Controls Modernization,Resource,4,4,16,High,Project Manager,20260725,20260811,,2026-07-25,2026-08-11,,Open,Not Started,0,0
3788,RI-756-02,756,Risk,Specialist rate mix is above plan — Resilient Controls Modernization,Cost,4,2,8,Medium,Product Owner,20260117,20260510,,2026-01-17,2026-05-10,,Mitigated,Completed,0,0
3789,RI-756-03,756,Issue,Upstream data contract remains unresolved — Resilient Controls Modernization,Dependency,4,3,12,High,Quality Lead,20260519,20260727,,2026-05-19,2026-07-27,,Mitigated,Completed,0,0
3790,RI-756-04,756,Risk,Environment parity is not yet demonstrated,Technical,2,4,8,Medium,Finance Partner,20260506,20260722,,2026-05-06,2026-07-22,,Mitigated,Completed,0,0
3791,RI-756-05,756,Issue,Verification evidence is incomplete,Quality,3,3,9,Medium,Data Lead,20260509,20260728,20260513,2026-05-09,2026-07-28,2026-05-13,Closed,Completed,0,0
3792,RI-757-01,757,Risk,Contractor transition may reduce throughput,Resource,2,2,4,Low,Systems Lead,20260622,20260811,,2026-06-22,2026-08-11,,Open,Not Started,0,0
3793,RI-757-02,757,Risk,Performance margin may not meet the target,Technical,3,3,9,Medium,Security Lead,20260717,20260811,,2026-07-17,2026-08-11,,Monitoring,In Progress,0,0
3794,RI-757-03,757,Risk,Scope clarification may require a budget change — Resilient Controls Analytics,Cost,5,3,15,High,Supplier Manager,20260125,20260303,,2026-01-25,2026-03-03,,Mitigated,Completed,0,0
3795,RI-757-04,757,Risk,Traceability coverage requires remediation — Resilient Controls Analytics,Quality,3,2,6,Medium,Release Manager,20260714,20260811,20260804,2026-07-14,2026-08-11,2026-08-04,Closed,Completed,0,0
3796,RI-757-05,757,Issue,Performance margin may not meet the target — Resilient Controls Analytics,Technical,2,3,6,Medium,Technical Lead,20260805,20260811,,2026-08-05,2026-08-11,,Mitigated,Completed,0,0
3797,RI-758-01,758,Risk,Rework could consume management reserve — Resilient Controls Platform,Cost,4,3,12,High,Finance Partner,20260223,20260512,,2026-02-23,2026-05-12,,Open,Not Started,0,1
3798,RI-758-02,758,Risk,Release window has limited recovery float — Resilient Controls Platform,Schedule,3,2,6,Medium,Data Lead,20260208,20260419,,2026-02-08,2026-04-19,,Mitigated,Completed,0,0
3799,RI-758-03,758,Risk,Supplier lead time threatens the next gate,Schedule,2,2,4,Low,Project Manager,20260811,20260811,,2026-08-11,2026-08-11,,Open,Not Started,0,0
3800,RI-758-04,758,Risk,Pilot readiness depends on unresolved actions,Schedule,3,2,6,Medium,Product Owner,20260317,20260530,,2026-03-17,2026-05-30,,Monitoring,Completed,0,1
3801,RI-758-05,758,Issue,Specialist rate mix is above plan,Cost,4,4,16,High,Quality Lead,20260327,20260619,,2026-03-27,2026-06-19,,Monitoring,In Progress,0,1
3802,RI-758-06,758,Risk,Integration sequence may compress validation — Resilient Controls Platform,Schedule,4,1,4,Low,Finance Partner,20260207,20260403,,2026-02-07,2026-04-03,,Monitoring,In Progress,0,1
3803,RI-759-01,759,Issue,Environment parity is not yet demonstrated,Technical,1,3,3,Low,Release Manager,20260506,20260811,,2026-05-06,2026-08-11,,Open,In Progress,0,0
3804,RI-759-02,759,Issue,Contractor transition may reduce throughput — Resilient Controls Optimization,Resource,2,4,8,Medium,Technical Lead,20251226,20260314,,2025-12-26,2026-03-14,,Open,In Progress,0,1
3805,RI-759-03,759,Risk,Critical skill coverage is below demand — Resilient Controls Optimization,Resource,2,3,6,Medium,Systems Lead,20260723,20260811,,2026-07-23,2026-08-11,,Open,In Progress,0,0
3806,RI-760-01,760,Risk,Pilot readiness depends on unresolved actions — Resilient Controls Integration,Schedule,5,3,15,High,Product Owner,20260726,20260811,20260803,2026-07-26,2026-08-11,2026-08-03,Closed,Completed,0,0
3807,RI-760-02,760,Risk,Interface behavior remains unproven,Technical,1,3,3,Low,Quality Lead,20260806,20260811,,2026-08-06,2026-08-11,,Mitigated,Completed,0,0
3808,RI-760-03,760,Issue,Regression scope may exceed the test window — Resilient Controls Integration,Quality,3,3,9,Medium,Finance Partner,20260704,20260811,,2026-07-04,2026-08-11,,Monitoring,In Progress,0,0
3809,RI-761-01,761,Risk,Customer test access is not yet confirmed,Dependency,3,2,6,Medium,Security Lead,20251113,20260213,,2025-11-13,2026-02-13,,Mitigated,Completed,0,0
3810,RI-761-02,761,Risk,Competing portfolio priority constrains staffing,Resource,4,3,12,High,Supplier Manager,20260616,20260811,,2026-06-16,2026-08-11,,Open,Not Started,0,0
3811,RI-761-03,761,Risk,Performance margin may not meet the target,Technical,5,3,15,High,Release Manager,20251006,20251220,20251122,2025-10-06,2025-12-20,2025-11-22,Closed,Completed,0,0
3812,RI-761-04,761,Issue,External interface decision is blocking delivery — Resilient Controls Transformation,Dependency,4,4,16,High,Technical Lead,20260116,20260519,,2026-01-16,2026-05-19,,Mitigated,Completed,0,0
3813,RI-761-05,761,Risk,Release window has limited recovery float,Schedule,2,4,8,Medium,Systems Lead,20260307,20260502,20260529,2026-03-07,2026-05-02,2026-05-29,Closed,Completed,0,0
3814,RI-761-06,761,Issue,Security approval is on the critical path — Resilient Controls Transformation,Dependency,4,3,12,High,Security Lead,20260102,20260216,20260203,2026-01-02,2026-02-16,2026-02-03,Closed,Completed,0,0
3815,RI-761-07,761,Risk,Review capacity is concentrated in one role,Resource,5,3,15,High,Supplier Manager,20260211,20260415,,2026-02-11,2026-04-15,,Monitoring,Completed,0,1
3816,RI-762-01,762,Risk,Release window has limited recovery float — Resilient Controls Enablement,Schedule,4,1,4,Low,Data Lead,20260728,20260811,,2026-07-28,2026-08-11,,Open,Not Started,0,0
3817,RI-762-02,762,Risk,Vendor component readiness is uncertain — Resilient Controls Enablement,Dependency,4,3,12,High,Project Manager,20260809,20260811,,2026-08-09,2026-08-11,,Mitigated,Completed,0,0
3818,RI-762-03,762,Risk,Prototype result may require architecture rework — Resilient Controls Enablement,Technical,5,3,15,High,Product Owner,20260802,20260811,,2026-08-02,2026-08-11,,Monitoring,In Progress,0,0
3819,RI-762-04,762,Issue,Regression scope may exceed the test window,Quality,2,4,8,Medium,Quality Lead,20260804,20260811,,2026-08-04,2026-08-11,,Monitoring,In Progress,0,0
3820,RI-762-05,762,Risk,Vendor component readiness is uncertain — Resilient Controls Enablement,Dependency,1,3,3,Low,Finance Partner,20260727,20260811,,2026-07-27,2026-08-11,,Open,In Progress,0,0
3821,RI-762-06,762,Risk,Backfill timing creates a capacity gap — Resilient Controls Enablement,Resource,2,2,4,Low,Data Lead,20260808,20260811,,2026-08-08,2026-08-11,,Open,In Progress,0,0
3822,RI-762-07,762,Risk,Prototype result may require architecture rework,Technical,4,2,8,Medium,Project Manager,20260729,20260811,,2026-07-29,2026-08-11,,Monitoring,In Progress,0,0
3823,RI-763-01,763,Issue,Technical debt may complicate integration,Technical,4,3,12,High,Technical Lead,20260713,20260811,,2026-07-13,2026-08-11,,Monitoring,In Progress,0,0
3824,RI-763-02,763,Issue,Test environment availability may move the baseline,Schedule,3,3,9,Medium,Systems Lead,20260523,20260805,,2026-05-23,2026-08-05,,Monitoring,Completed,0,1
3825,RI-763-03,763,Risk,Defect closure rate may miss the exit criterion,Quality,2,4,8,Medium,Security Lead,20251215,20260309,20260130,2025-12-15,2026-03-09,2026-01-30,Closed,Completed,0,0
3826,RI-764-01,764,Risk,Review capacity is concentrated in one role — Resilient Controls Orchestration,Resource,4,2,8,Medium,Quality Lead,20260809,20260811,20260810,2026-08-09,2026-08-11,2026-08-10,Closed,Completed,0,0
3827,RI-764-02,764,Issue,External interface decision is blocking delivery — Resilient Controls Orchestration,Dependency,2,4,8,Medium,Finance Partner,20260809,20260811,,2026-08-09,2026-08-11,,Open,In Progress,0,0
3828,RI-764-03,764,Risk,Vendor component readiness is uncertain,Dependency,2,3,6,Medium,Data Lead,20260504,20260717,,2026-05-04,2026-07-17,,Open,Not Started,0,1
3829,RI-764-04,764,Risk,Traceability coverage requires remediation — Resilient Controls Orchestration,Quality,3,4,12,High,Project Manager,20260619,20260811,,2026-06-19,2026-08-11,,Open,Not Started,0,0
3830,RI-764-05,764,Risk,Legacy data quality could require redesign,Technical,1,4,4,Low,Product Owner,20260604,20260811,,2026-06-04,2026-08-11,,Open,In Progress,0,0
3831,RI-764-06,764,Issue,Shared engineer availability may delay delivery,Resource,1,4,4,Low,Quality Lead,20260427,20260703,20260727,2026-04-27,2026-07-03,2026-07-27,Closed,Not Required,0,0
3832,RI-764-07,764,Risk,Supplier lead time threatens the next gate,Schedule,3,3,9,Medium,Finance Partner,20260622,20260811,,2026-06-22,2026-08-11,,Monitoring,In Progress,0,0
3833,RI-765-01,765,Risk,Test environment availability may move the baseline,Schedule,3,1,3,Low,Supplier Manager,20260424,20260717,,2026-04-24,2026-07-17,,Monitoring,In Progress,0,1
3834,RI-765-02,765,Risk,Legacy data quality could require redesign — Resilient Controls Intelligence,Technical,2,2,4,Low,Release Manager,20260620,20260811,,2026-06-20,2026-08-11,,Open,In Progress,0,0
3835,RI-765-03,765,Issue,Performance margin may not meet the target — Resilient Controls Intelligence,Technical,2,4,8,Medium,Technical Lead,20260411,20260723,,2026-04-11,2026-07-23,,Mitigated,Completed,0,0
3836,RI-765-04,765,Risk,Competing portfolio priority constrains staffing — Resilient Controls Intelligence,Resource,3,2,6,Medium,Systems Lead,20260801,20260811,,2026-08-01,2026-08-11,,Open,Not Started,0,0
3837,RI-765-05,765,Risk,Prototype result may require architecture rework,Technical,5,2,10,Medium,Security Lead,20260715,20260811,20260725,2026-07-15,2026-08-11,2026-07-25,Closed,Completed,0,0
3838,RI-765-06,765,Risk,Scope clarification may require a budget change — Resilient Controls Intelligence,Cost,4,3,12,High,Supplier Manager,20260509,20260628,,2026-05-09,2026-06-28,,Open,Not Started,0,1
3839,RI-765-07,765,Issue,Specialist rate mix is above plan — Resilient Controls Intelligence,Cost,5,5,25,Critical,Release Manager,20260415,20260716,,2026-04-15,2026-07-16,,Open,Not Started,1,1
3840,RI-766-01,766,Issue,Backfill timing creates a capacity gap,Resource,4,2,8,Medium,Project Manager,20260305,20260711,,2026-03-05,2026-07-11,,Mitigated,Completed,0,0
3841,RI-766-02,766,Risk,Security approval is on the critical path — Resilient Telemetry Modernization,Dependency,3,4,12,High,Product Owner,20260129,20260513,,2026-01-29,2026-05-13,,Mitigated,Completed,0,0
3842,RI-766-03,766,Risk,Committed spend limits recovery options,Cost,2,3,6,Medium,Quality Lead,20260530,20260811,,2026-05-30,2026-08-11,,Open,Not Started,0,0
3843,RI-766-04,766,Risk,Platform release timing may create a mismatch,Dependency,2,3,6,Medium,Finance Partner,20260427,20260606,,2026-04-27,2026-06-06,,Mitigated,Completed,0,0
3844,RI-767-01,767,Risk,Environment parity is not yet demonstrated — Resilient Telemetry Analytics,Technical,4,3,12,High,Systems Lead,20260206,20260513,,2026-02-06,2026-05-13,,Mitigated,Completed,0,0
3845,RI-767-02,767,Risk,Technical debt may complicate integration,Technical,1,3,3,Low,Security Lead,20260622,20260727,,2026-06-22,2026-07-27,,Mitigated,Completed,0,0
3846,RI-767-03,767,Issue,Prototype result may require architecture rework,Technical,4,3,12,High,Supplier Manager,20260214,20260714,20260520,2026-02-14,2026-07-14,2026-05-20,Closed,Completed,0,0
3847,RI-767-04,767,Risk,Review capacity is concentrated in one role — Resilient Telemetry Analytics,Resource,4,1,4,Low,Release Manager,20260725,20260811,,2026-07-25,2026-08-11,,Monitoring,In Progress,0,0
3848,RI-767-05,767,Risk,External interface decision is blocking delivery,Dependency,4,3,12,High,Technical Lead,20260110,20260227,20260118,2026-01-10,2026-02-27,2026-01-18,Closed,Not Required,0,0
3849,RI-768-01,768,Risk,Critical skill coverage is below demand,Resource,4,3,12,High,Finance Partner,20260415,20260719,20260730,2026-04-15,2026-07-19,2026-07-30,Closed,Completed,0,0
3850,RI-768-02,768,Issue,Scope clarification may require a budget change — Resilient Telemetry Platform,Cost,5,5,25,Critical,Data Lead,20260626,20260811,,2026-06-26,2026-08-11,,Monitoring,In Progress,1,0
3851,RI-768-03,768,Risk,Technical debt may complicate integration — Resilient Telemetry Platform,Technical,2,4,8,Medium,Project Manager,20260117,20260325,,2026-01-17,2026-03-25,,Mitigated,Completed,0,0
3852,RI-768-04,768,Issue,Prototype result may require architecture rework,Technical,2,4,8,Medium,Product Owner,20260702,20260811,20260706,2026-07-02,2026-08-11,2026-07-06,Closed,Completed,0,0
3853,RI-768-05,768,Issue,Specialist rate mix is above plan — Resilient Telemetry Platform,Cost,3,4,12,High,Quality Lead,20260212,20260506,,2026-02-12,2026-05-06,,Mitigated,Completed,0,0
3854,RI-768-06,768,Risk,Customer test access is not yet confirmed,Dependency,3,4,12,High,Finance Partner,20260708,20260811,,2026-07-08,2026-08-11,,Open,Not Started,0,0
3855,RI-769-01,769,Risk,Upstream data contract remains unresolved — Resilient Telemetry Optimization,Dependency,1,3,3,Low,Release Manager,20260304,20260506,20260504,2026-03-04,2026-05-06,2026-05-04,Closed,Completed,0,0
3856,RI-769-02,769,Issue,Late design decision may affect downstream work,Schedule,4,1,4,Low,Technical Lead,20260312,20260604,,2026-03-12,2026-06-04,,Mitigated,Completed,0,0
3857,RI-769-03,769,Risk,Review capacity is concentrated in one role,Resource,2,1,2,Low,Systems Lead,20260605,20260807,,2026-06-05,2026-08-07,,Mitigated,Completed,0,0
3858,RI-769-04,769,Risk,Customer test access is not yet confirmed — Resilient Telemetry Optimization,Dependency,4,1,4,Low,Security Lead,20260808,20260811,,2026-08-08,2026-08-11,,Monitoring,In Progress,0,0
3859,RI-770-01,770,Risk,Scope clarification may require a budget change — Resilient Telemetry Integration,Cost,3,1,3,Low,Product Owner,20260528,20260811,,2026-05-28,2026-08-11,,Open,In Progress,0,0
3860,RI-770-02,770,Risk,Supplier lead time threatens the next gate — Resilient Telemetry Integration,Schedule,2,2,4,Low,Quality Lead,20260614,20260811,,2026-06-14,2026-08-11,,Monitoring,In Progress,0,0
3861,RI-770-03,770,Issue,Security approval is on the critical path — Resilient Telemetry Integration,Dependency,4,4,16,High,Finance Partner,20260630,20260811,,2026-06-30,2026-08-11,,Monitoring,In Progress,0,0
3862,RI-770-04,770,Risk,Release window has limited recovery float — Resilient Telemetry Integration,Schedule,4,2,8,Medium,Data Lead,20260327,20260626,20260623,2026-03-27,2026-06-26,2026-06-23,Closed,Completed,0,0
3863,RI-771-01,771,Risk,Competing portfolio priority constrains staffing — Resilient Telemetry Transformation,Resource,4,3,12,High,Security Lead,20260630,20260811,,2026-06-30,2026-08-11,,Monitoring,In Progress,0,0
3864,RI-771-02,771,Risk,Committed spend limits recovery options — Resilient Telemetry Transformation,Cost,2,4,8,Medium,Supplier Manager,20260607,20260809,,2026-06-07,2026-08-09,,Open,In Progress,0,1
3865,RI-771-03,771,Issue,Vendor component readiness is uncertain — Resilient Telemetry Transformation,Dependency,5,4,20,Critical,Release Manager,20260718,20260811,,2026-07-18,2026-08-11,,Open,Not Started,1,0
3866,RI-771-04,771,Risk,Test environment availability may move the baseline,Schedule,4,3,12,High,Technical Lead,20260703,20260811,,2026-07-03,2026-08-11,,Open,Not Started,0,0
3867,RI-771-05,771,Risk,Interface behavior remains unproven,Technical,1,2,2,Low,Systems Lead,20260401,20260715,20260515,2026-04-01,2026-07-15,2026-05-15,Closed,Completed,0,0
3868,RI-771-06,771,Risk,Committed spend limits recovery options,Cost,5,3,15,High,Security Lead,20260628,20260811,,2026-06-28,2026-08-11,,Monitoring,In Progress,0,0
3869,RI-772-01,772,Issue,Defect closure rate may miss the exit criterion — Resilient Telemetry Enablement,Quality,3,2,6,Medium,Data Lead,20260212,20260515,20260218,2026-02-12,2026-05-15,2026-02-18,Closed,Completed,0,0
3870,RI-772-02,772,Issue,Specialist rate mix is above plan,Cost,1,4,4,Low,Project Manager,20260802,20260811,,2026-08-02,2026-08-11,,Open,Not Started,0,0
3871,RI-772-03,772,Risk,Release window has limited recovery float — Resilient Telemetry Enablement,Schedule,3,3,9,Medium,Product Owner,20260129,20260605,,2026-01-29,2026-06-05,,Mitigated,Completed,0,0
3872,RI-772-04,772,Risk,External interface decision is blocking delivery,Dependency,4,2,8,Medium,Quality Lead,20260402,20260703,,2026-04-02,2026-07-03,,Mitigated,Completed,0,0
3873,RI-772-05,772,Issue,Pilot readiness depends on unresolved actions — Resilient Telemetry Enablement,Schedule,3,4,12,High,Finance Partner,20260103,20260305,,2026-01-03,2026-03-05,,Mitigated,Completed,0,0
3874,RI-772-06,772,Risk,Contractor transition may reduce throughput — Resilient Telemetry Enablement,Resource,5,2,10,Medium,Data Lead,20260621,20260804,20260708,2026-06-21,2026-08-04,2026-07-08,Closed,Completed,0,0
3875,RI-772-07,772,Issue,Test environment availability may move the baseline — Resilient Telemetry Enablement,Schedule,4,3,12,High,Project Manager,20260323,20260606,20260625,2026-03-23,2026-06-06,2026-06-25,Closed,Completed,0,0
3876,RI-773-01,773,Risk,Regression scope may exceed the test window,Quality,3,3,9,Medium,Technical Lead,20260327,20260618,,2026-03-27,2026-06-18,,Monitoring,In Progress,0,1
3877,RI-773-02,773,Risk,Review capacity is concentrated in one role,Resource,1,2,2,Low,Systems Lead,20260515,20260711,20260628,2026-05-15,2026-07-11,2026-06-28,Closed,Completed,0,0
3878,RI-773-03,773,Risk,Critical skill coverage is below demand — Resilient Telemetry Acceleration,Resource,3,2,6,Medium,Security Lead,20251122,20260326,20251225,2025-11-22,2026-03-26,2025-12-25,Closed,Completed,0,0
3879,RI-773-04,773,Risk,Backfill timing creates a capacity gap,Resource,4,4,16,High,Supplier Manager,20260124,20260327,,2026-01-24,2026-03-27,,Mitigated,Completed,0,0
3880,RI-774-01,774,Risk,Release window has limited recovery float — Resilient Telemetry Orchestration,Schedule,3,2,6,Medium,Quality Lead,20260311,20260611,20260501,2026-03-11,2026-06-11,2026-05-01,Closed,Completed,0,0
3881,RI-774-02,774,Risk,External interface decision is blocking delivery,Dependency,2,3,6,Medium,Finance Partner,20260206,20260602,,2026-02-06,2026-06-02,,Mitigated,Completed,0,0
3882,RI-774-03,774,Risk,Release window has limited recovery float — Resilient Telemetry Orchestration,Schedule,4,4,16,High,Data Lead,20260721,20260811,,2026-07-21,2026-08-11,,Open,In Progress,0,0
3883,RI-775-01,775,Risk,Vendor component readiness is uncertain,Dependency,5,2,10,Medium,Supplier Manager,20260711,20260811,,2026-07-11,2026-08-11,,Mitigated,Completed,0,0
3884,RI-775-02,775,Risk,Review capacity is concentrated in one role,Resource,1,4,4,Low,Release Manager,20260608,20260811,,2026-06-08,2026-08-11,,Mitigated,Completed,0,0
3885,RI-775-03,775,Risk,Performance margin may not meet the target,Technical,4,2,8,Medium,Technical Lead,20260514,20260715,,2026-05-14,2026-07-15,,Mitigated,Completed,0,0
3886,RI-775-04,775,Risk,Platform release timing may create a mismatch,Dependency,4,1,4,Low,Systems Lead,20260421,20260713,,2026-04-21,2026-07-13,,Open,In Progress,0,1
3887,RI-775-05,775,Risk,Contractor transition may reduce throughput,Resource,4,3,12,High,Security Lead,20260621,20260811,,2026-06-21,2026-08-11,,Monitoring,In Progress,0,0
3888,RI-775-06,775,Issue,Committed spend limits recovery options,Cost,2,3,6,Medium,Supplier Manager,20260408,20260608,20260503,2026-04-08,2026-06-08,2026-05-03,Closed,Completed,0,0
3889,RI-776-01,776,Risk,Critical skill coverage is below demand,Resource,3,2,6,Medium,Project Manager,20260509,20260811,,2026-05-09,2026-08-11,,Open,Not Started,0,0
3890,RI-776-02,776,Risk,Competing portfolio priority constrains staffing — Resilient Workflow Modernization,Resource,3,4,12,High,Product Owner,20260623,20260809,20260719,2026-06-23,2026-08-09,2026-07-19,Closed,Completed,0,0
3891,RI-776-03,776,Risk,Performance margin may not meet the target,Technical,4,5,20,Critical,Quality Lead,20260407,20260721,20260725,2026-04-07,2026-07-21,2026-07-25,Closed,Completed,0,0
3892,RI-777-01,777,Risk,Performance margin may not meet the target,Technical,4,3,12,High,Systems Lead,20260317,20260524,20260621,2026-03-17,2026-05-24,2026-06-21,Closed,Not Required,0,0
3893,RI-777-02,777,Issue,Material quotation may exceed the estimate — Resilient Workflow Analytics,Cost,3,4,12,High,Security Lead,20260801,20260811,,2026-08-01,2026-08-11,,Monitoring,Completed,0,0
3894,RI-777-03,777,Risk,Environment parity is not yet demonstrated,Technical,3,1,3,Low,Supplier Manager,20260731,20260811,,2026-07-31,2026-08-11,,Open,Not Started,0,0
3895,RI-777-04,777,Risk,Interface behavior remains unproven,Technical,4,2,8,Medium,Release Manager,20260724,20260811,,2026-07-24,2026-08-11,,Mitigated,Completed,0,0
3896,RI-778-01,778,Risk,Scope clarification may require a budget change — Resilient Workflow Platform,Cost,4,2,8,Medium,Finance Partner,20260706,20260811,,2026-07-06,2026-08-11,,Monitoring,In Progress,0,0
3897,RI-778-02,778,Issue,Shared engineer availability may delay delivery,Resource,2,4,8,Medium,Data Lead,20260111,20260222,,2026-01-11,2026-02-22,,Open,Not Started,0,1
3898,RI-778-03,778,Risk,Platform release timing may create a mismatch — Resilient Workflow Platform,Dependency,4,4,16,High,Project Manager,20260204,20260706,20260524,2026-02-04,2026-07-06,2026-05-24,Closed,Not Required,0,0
3899,RI-778-04,778,Issue,Cloud run cost is trending above the baseline,Cost,4,4,16,High,Product Owner,20260523,20260811,,2026-05-23,2026-08-11,,Monitoring,In Progress,0,0
3900,RI-778-05,778,Issue,Field issue recurrence needs containment,Quality,2,3,6,Medium,Quality Lead,20260324,20260610,,2026-03-24,2026-06-10,,Mitigated,Completed,0,0
3901,RI-778-06,778,Risk,Scope clarification may require a budget change,Cost,4,2,8,Medium,Finance Partner,20260203,20260328,,2026-02-03,2026-03-28,,Mitigated,Completed,0,0
3902,RI-779-01,779,Risk,Backfill timing creates a capacity gap — Resilient Workflow Optimization,Resource,4,3,12,High,Release Manager,20260424,20260811,,2026-04-24,2026-08-11,,Monitoring,In Progress,0,0
3903,RI-779-02,779,Risk,Test environment availability may move the baseline — Resilient Workflow Optimization,Schedule,3,2,6,Medium,Technical Lead,20260528,20260804,20260617,2026-05-28,2026-08-04,2026-06-17,Closed,Completed,0,0
3904,RI-779-03,779,Issue,Upstream data contract remains unresolved — Resilient Workflow Optimization,Dependency,4,3,12,High,Systems Lead,20260804,20260811,,2026-08-04,2026-08-11,,Open,Not Started,0,0
3905,RI-779-04,779,Issue,Backfill timing creates a capacity gap,Resource,5,3,15,High,Security Lead,20260423,20260708,,2026-04-23,2026-07-08,,Open,Not Started,0,1
3906,RI-779-05,779,Risk,Defect closure rate may miss the exit criterion,Quality,3,3,9,Medium,Supplier Manager,20260805,20260811,,2026-08-05,2026-08-11,,Monitoring,Completed,0,0
3907,RI-780-01,780,Risk,Customer test access is not yet confirmed — Resilient Workflow Integration,Dependency,1,2,2,Low,Product Owner,20251229,20260306,20260320,2025-12-29,2026-03-06,2026-03-20,Closed,Completed,0,0
3908,RI-780-02,780,Issue,Prototype result may require architecture rework,Technical,3,5,15,High,Quality Lead,20260523,20260811,,2026-05-23,2026-08-11,,Open,Not Started,0,0
3909,RI-780-03,780,Issue,Interface behavior remains unproven — Resilient Workflow Integration,Technical,4,4,16,High,Finance Partner,20251004,20251126,,2025-10-04,2025-11-26,,Monitoring,Completed,0,1
3910,RI-780-04,780,Risk,Field issue recurrence needs containment,Quality,3,1,3,Low,Data Lead,20250919,20260106,,2025-09-19,2026-01-06,,Mitigated,Completed,0,0
3911,RI-780-05,780,Issue,Late design decision may affect downstream work,Schedule,4,5,20,Critical,Project Manager,20251118,20260111,,2025-11-18,2026-01-11,,Mitigated,Completed,0,0
3912,RI-780-06,780,Risk,Security approval is on the critical path — Resilient Workflow Integration,Dependency,4,3,12,High,Product Owner,20260106,20260330,,2026-01-06,2026-03-30,,Mitigated,Completed,0,0
3913,RI-780-07,780,Risk,Performance margin may not meet the target — Resilient Workflow Integration,Technical,2,1,2,Low,Quality Lead,20251006,20251215,,2025-10-06,2025-12-15,,Monitoring,In Progress,0,1
3914,RI-781-01,781,Issue,Customer test access is not yet confirmed — Resilient Workflow Transformation,Dependency,4,3,12,High,Security Lead,20260220,20260428,20260415,2026-02-20,2026-04-28,2026-04-15,Closed,Completed,0,0
3915,RI-781-02,781,Issue,Competing portfolio priority constrains staffing,Resource,3,3,9,Medium,Supplier Manager,20260605,20260811,,2026-06-05,2026-08-11,,Open,Not Started,0,0
3916,RI-781-03,781,Risk,Critical skill coverage is below demand,Resource,3,3,9,Medium,Release Manager,20260410,20260801,,2026-04-10,2026-08-01,,Mitigated,Completed,0,0
3917,RI-781-04,781,Risk,Shared engineer availability may delay delivery — Resilient Workflow Transformation,Resource,4,1,4,Low,Technical Lead,20260712,20260811,20260801,2026-07-12,2026-08-11,2026-08-01,Closed,Completed,0,0
3918,RI-781-05,781,Risk,Committed spend limits recovery options,Cost,3,3,9,Medium,Systems Lead,20260611,20260811,,2026-06-11,2026-08-11,,Monitoring,In Progress,0,0
3919,RI-781-06,781,Issue,Environment parity is not yet demonstrated — Resilient Workflow Transformation,Technical,5,3,15,High,Security Lead,20260215,20260709,20260714,2026-02-15,2026-07-09,2026-07-14,Closed,Completed,0,0
3920,RI-781-07,781,Risk,Traceability coverage requires remediation — Resilient Workflow Transformation,Quality,5,4,20,Critical,Supplier Manager,20260126,20260412,20260308,2026-01-26,2026-04-12,2026-03-08,Closed,Completed,0,0
3921,RI-782-01,782,Risk,Integration sequence may compress validation,Schedule,4,4,16,High,Data Lead,20260116,20260507,20260204,2026-01-16,2026-05-07,2026-02-04,Closed,Completed,0,0
3922,RI-782-02,782,Risk,Competing portfolio priority constrains staffing — Resilient Workflow Enablement,Resource,3,1,3,Low,Project Manager,20260505,20260811,,2026-05-05,2026-08-11,,Open,Not Started,0,0
3923,RI-782-03,782,Risk,Cloud run cost is trending above the baseline,Cost,4,3,12,High,Product Owner,20260320,20260718,,2026-03-20,2026-07-18,,Mitigated,Completed,0,0
3924,RI-782-04,782,Risk,Field issue recurrence needs containment,Quality,2,3,6,Medium,Quality Lead,20260621,20260811,,2026-06-21,2026-08-11,,Monitoring,In Progress,0,0
3925,RI-783-01,783,Risk,Integration sequence may compress validation,Schedule,4,4,16,High,Technical Lead,20260213,20260615,,2026-02-13,2026-06-15,,Mitigated,Completed,0,0
3926,RI-783-02,783,Risk,Environment parity is not yet demonstrated,Technical,4,3,12,High,Systems Lead,20260721,20260811,,2026-07-21,2026-08-11,,Open,In Progress,0,0
3927,RI-783-03,783,Risk,Performance margin may not meet the target,Technical,4,2,8,Medium,Security Lead,20260629,20260811,,2026-06-29,2026-08-11,,Open,Not Started,0,0
3928,RI-784-01,784,Risk,Material quotation may exceed the estimate,Cost,5,5,25,Critical,Quality Lead,20260708,20260811,,2026-07-08,2026-08-11,,Mitigated,Completed,0,0
3929,RI-784-02,784,Risk,Prototype result may require architecture rework,Technical,3,3,9,Medium,Finance Partner,20260505,20260801,,2026-05-05,2026-08-01,,Mitigated,Completed,0,0
3930,RI-784-03,784,Risk,Pilot readiness depends on unresolved actions,Schedule,4,4,16,High,Data Lead,20260719,20260811,,2026-07-19,2026-08-11,,Monitoring,In Progress,0,0
3931,RI-784-04,784,Issue,External interface decision is blocking delivery,Dependency,3,3,9,Medium,Project Manager,20260307,20260727,20260420,2026-03-07,2026-07-27,2026-04-20,Closed,Completed,0,0
3932,RI-785-01,785,Issue,Specialist rate mix is above plan — Resilient Workflow Intelligence,Cost,3,3,9,Medium,Supplier Manager,20260721,20260811,,2026-07-21,2026-08-11,,Open,In Progress,0,0
3933,RI-785-02,785,Risk,Backfill timing creates a capacity gap,Resource,3,1,3,Low,Release Manager,20260805,20260811,,2026-08-05,2026-08-11,,Open,Not Started,0,0
3934,RI-785-03,785,Risk,Backfill timing creates a capacity gap — Resilient Workflow Intelligence,Resource,2,3,6,Medium,Technical Lead,20260706,20260811,,2026-07-06,2026-08-11,,Mitigated,Completed,0,0
3935,RI-785-04,785,Issue,Traceability coverage requires remediation,Quality,2,4,8,Medium,Systems Lead,20260628,20260811,,2026-06-28,2026-08-11,,Open,In Progress,0,0
3936,RI-786-01,786,Issue,External interface decision is blocking delivery — Resilient Quality Modernization,Dependency,2,4,8,Medium,Project Manager,20260531,20260811,,2026-05-31,2026-08-11,,Open,In Progress,0,0
3937,RI-786-02,786,Risk,Supplier lead time threatens the next gate — Resilient Quality Modernization,Schedule,3,4,12,High,Product Owner,20260316,20260801,,2026-03-16,2026-08-01,,Monitoring,Completed,0,1
3938,RI-786-03,786,Risk,Scope clarification may require a budget change,Cost,4,4,16,High,Quality Lead,20260214,20260317,20260409,2026-02-14,2026-03-17,2026-04-09,Closed,Completed,0,0
3939,RI-786-04,786,Risk,Integration sequence may compress validation — Resilient Quality Modernization,Schedule,4,3,12,High,Finance Partner,20260309,20260716,20260604,2026-03-09,2026-07-16,2026-06-04,Closed,Completed,0,0
3940,RI-787-01,787,Risk,Contractor transition may reduce throughput,Resource,2,3,6,Medium,Systems Lead,20260722,20260811,,2026-07-22,2026-08-11,,Open,Not Started,0,0
3941,RI-787-02,787,Risk,Interface behavior remains unproven,Technical,4,3,12,High,Security Lead,20260626,20260811,,2026-06-26,2026-08-11,,Open,Not Started,0,0
3942,RI-787-03,787,Issue,External interface decision is blocking delivery,Dependency,2,2,4,Low,Supplier Manager,20260324,20260610,,2026-03-24,2026-06-10,,Mitigated,Completed,0,0
3943,RI-788-01,788,Risk,Supplier lead time threatens the next gate,Schedule,5,2,10,Medium,Finance Partner,20260601,20260811,,2026-06-01,2026-08-11,,Open,In Progress,0,0
3944,RI-788-02,788,Risk,Review capacity is concentrated in one role — Resilient Quality Platform,Resource,2,4,8,Medium,Data Lead,20260508,20260811,,2026-05-08,2026-08-11,,Monitoring,Completed,0,0
3945,RI-788-03,788,Risk,Supplier lead time threatens the next gate — Resilient Quality Platform,Schedule,2,2,4,Low,Project Manager,20260515,20260702,20260606,2026-05-15,2026-07-02,2026-06-06,Closed,Completed,0,0
3946,RI-788-04,788,Risk,Environment parity is not yet demonstrated,Technical,3,2,6,Medium,Product Owner,20260507,20260723,,2026-05-07,2026-07-23,,Mitigated,Completed,0,0
3947,RI-789-01,789,Risk,Integration sequence may compress validation — Resilient Quality Optimization,Schedule,2,2,4,Low,Release Manager,20260410,20260727,,2026-04-10,2026-07-27,,Open,Not Started,0,1
3948,RI-789-02,789,Issue,Pilot readiness depends on unresolved actions — Resilient Quality Optimization,Schedule,2,4,8,Medium,Technical Lead,20260313,20260414,,2026-03-13,2026-04-14,,Mitigated,Completed,0,0
3949,RI-789-03,789,Issue,Environment parity is not yet demonstrated,Technical,1,2,2,Low,Systems Lead,20260516,20260707,,2026-05-16,2026-07-07,,Mitigated,Completed,0,0
3950,RI-789-04,789,Risk,Performance margin may not meet the target,Technical,3,1,3,Low,Security Lead,20260318,20260701,,2026-03-18,2026-07-01,,Mitigated,Completed,0,0
3951,RI-789-05,789,Risk,Technical debt may complicate integration — Resilient Quality Optimization,Technical,3,3,9,Medium,Supplier Manager,20260507,20260803,,2026-05-07,2026-08-03,,Mitigated,Completed,0,0
3952,RI-789-06,789,Issue,Prototype result may require architecture rework,Technical,2,5,10,Medium,Release Manager,20260423,20260713,,2026-04-23,2026-07-13,,Mitigated,Completed,0,0
3953,RI-790-01,790,Issue,Late design decision may affect downstream work — Resilient Quality Integration,Schedule,1,2,2,Low,Product Owner,20260713,20260811,,2026-07-13,2026-08-11,,Monitoring,In Progress,0,0
3954,RI-790-02,790,Risk,Legacy data quality could require redesign,Technical,2,3,6,Medium,Quality Lead,20260609,20260714,,2026-06-09,2026-07-14,,Mitigated,Completed,0,0
3955,RI-790-03,790,Risk,Critical skill coverage is below demand — Resilient Quality Integration,Resource,4,1,4,Low,Finance Partner,20260629,20260811,,2026-06-29,2026-08-11,,Open,In Progress,0,0
3956,RI-790-04,790,Issue,Defect closure rate may miss the exit criterion — Resilient Quality Integration,Quality,3,1,3,Low,Data Lead,20260726,20260811,,2026-07-26,2026-08-11,,Open,Not Started,0,0
3957,RI-790-05,790,Risk,Late design decision may affect downstream work,Schedule,3,3,9,Medium,Project Manager,20260730,20260811,,2026-07-30,2026-08-11,,Mitigated,Completed,0,0
3958,RI-790-06,790,Risk,Technical debt may complicate integration,Technical,3,4,12,High,Product Owner,20260708,20260811,,2026-07-08,2026-08-11,,Monitoring,In Progress,0,0
3959,RI-790-07,790,Risk,Legacy data quality could require redesign — Resilient Quality Integration,Technical,3,3,9,Medium,Quality Lead,20260727,20260811,,2026-07-27,2026-08-11,,Monitoring,In Progress,0,0
3960,RI-791-01,791,Issue,Security approval is on the critical path,Dependency,2,3,6,Medium,Security Lead,20260525,20260811,,2026-05-25,2026-08-11,,Mitigated,Completed,0,0
3961,RI-791-02,791,Risk,Test environment availability may move the baseline — Resilient Quality Transformation,Schedule,1,4,4,Low,Supplier Manager,20260713,20260811,,2026-07-13,2026-08-11,,Monitoring,In Progress,0,0
3962,RI-791-03,791,Risk,Performance margin may not meet the target,Technical,5,2,10,Medium,Release Manager,20260202,20260328,,2026-02-02,2026-03-28,,Open,Not Started,0,1
3963,RI-791-04,791,Issue,Shared engineer availability may delay delivery,Resource,1,4,4,Low,Technical Lead,20260430,20260804,20260625,2026-04-30,2026-08-04,2026-06-25,Closed,Completed,0,0
3964,RI-791-05,791,Risk,Verification evidence is incomplete,Quality,2,3,6,Medium,Systems Lead,20260708,20260811,,2026-07-08,2026-08-11,,Open,Not Started,0,0
3965,RI-791-06,791,Issue,Acceptance criteria remain partially ambiguous,Quality,3,1,3,Low,Security Lead,20251228,20260305,,2025-12-28,2026-03-05,,Mitigated,Completed,0,0
3966,RI-792-01,792,Risk,Field issue recurrence needs containment,Quality,3,3,9,Medium,Data Lead,20260509,20260811,,2026-05-09,2026-08-11,,Open,Not Started,0,0
3967,RI-792-02,792,Risk,Review capacity is concentrated in one role — Resilient Quality Enablement,Resource,4,5,20,Critical,Project Manager,20260722,20260811,,2026-07-22,2026-08-11,,Monitoring,In Progress,1,0
3968,RI-792-03,792,Risk,Regression scope may exceed the test window,Quality,5,5,25,Critical,Product Owner,20260726,20260811,,2026-07-26,2026-08-11,,Open,In Progress,1,0
3969,RI-792-04,792,Risk,Technical debt may complicate integration,Technical,2,4,8,Medium,Quality Lead,20260517,20260807,,2026-05-17,2026-08-07,,Mitigated,Completed,0,0
3970,RI-792-05,792,Risk,Contractor transition may reduce throughput — Resilient Quality Enablement,Resource,4,3,12,High,Finance Partner,20260623,20260811,20260719,2026-06-23,2026-08-11,2026-07-19,Closed,Completed,0,0
3971,RI-792-06,792,Issue,Specialist rate mix is above plan — Resilient Quality Enablement,Cost,1,5,5,Low,Data Lead,20260421,20260627,,2026-04-21,2026-06-27,,Monitoring,Completed,0,1
3972,RI-793-01,793,Risk,Cloud run cost is trending above the baseline,Cost,2,2,4,Low,Technical Lead,20260305,20260508,20260521,2026-03-05,2026-05-08,2026-05-21,Closed,Completed,0,0
3973,RI-793-02,793,Risk,Backfill timing creates a capacity gap,Resource,5,3,15,High,Systems Lead,20260429,20260811,20260715,2026-04-29,2026-08-11,2026-07-15,Closed,Completed,0,0
3974,RI-793-03,793,Issue,Security approval is on the critical path — Resilient Quality Acceleration,Dependency,3,3,9,Medium,Security Lead,20260319,20260428,20260523,2026-03-19,2026-04-28,2026-05-23,Closed,Completed,0,0
3975,RI-793-04,793,Risk,Cloud run cost is trending above the baseline — Resilient Quality Acceleration,Cost,4,1,4,Low,Supplier Manager,20251213,20260401,,2025-12-13,2026-04-01,,Monitoring,Completed,0,1
3976,RI-793-05,793,Risk,Rework could consume management reserve — Resilient Quality Acceleration,Cost,4,3,12,High,Release Manager,20260620,20260811,,2026-06-20,2026-08-11,,Open,In Progress,0,0
3977,RI-793-06,793,Issue,Scope clarification may require a budget change — Resilient Quality Acceleration,Cost,3,3,9,Medium,Technical Lead,20260531,20260811,20260612,2026-05-31,2026-08-11,2026-06-12,Closed,Completed,0,0
3978,RI-794-01,794,Risk,Acceptance criteria remain partially ambiguous,Quality,3,4,12,High,Quality Lead,20260312,20260627,20260707,2026-03-12,2026-06-27,2026-07-07,Closed,Completed,0,0
3979,RI-794-02,794,Issue,Specialist rate mix is above plan — Resilient Quality Orchestration,Cost,3,2,6,Medium,Finance Partner,20260526,20260714,,2026-05-26,2026-07-14,,Mitigated,Completed,0,0
3980,RI-794-03,794,Risk,Late design decision may affect downstream work — Resilient Quality Orchestration,Schedule,1,1,1,Low,Data Lead,20260324,20260516,,2026-03-24,2026-05-16,,Mitigated,Completed,0,0
3981,RI-794-04,794,Risk,Supplier lead time threatens the next gate — Resilient Quality Orchestration,Schedule,3,3,9,Medium,Project Manager,20260508,20260811,20260701,2026-05-08,2026-08-11,2026-07-01,Closed,Completed,0,0
3982,RI-794-05,794,Risk,Shared engineer availability may delay delivery,Resource,3,4,12,High,Product Owner,20260421,20260811,,2026-04-21,2026-08-11,,Open,Not Started,0,0
3983,RI-794-06,794,Risk,Late design decision may affect downstream work — Resilient Quality Orchestration,Schedule,3,5,15,High,Quality Lead,20260419,20260703,,2026-04-19,2026-07-03,,Mitigated,Completed,0,0
3984,RI-794-07,794,Risk,Customer test access is not yet confirmed,Dependency,2,5,10,Medium,Finance Partner,20260610,20260811,,2026-06-10,2026-08-11,,Open,In Progress,0,0
3985,RI-795-01,795,Risk,Shared engineer availability may delay delivery,Resource,3,3,9,Medium,Supplier Manager,20260609,20260811,,2026-06-09,2026-08-11,,Open,In Progress,0,0
3986,RI-795-02,795,Risk,Contractor transition may reduce throughput,Resource,2,4,8,Medium,Release Manager,20260506,20260811,,2026-05-06,2026-08-11,,Open,Not Started,0,0
3987,RI-795-03,795,Risk,Technical debt may complicate integration — Resilient Quality Intelligence,Technical,3,1,3,Low,Technical Lead,20260806,20260811,,2026-08-06,2026-08-11,,Open,In Progress,0,0
3988,RI-796-01,796,Risk,Upstream data contract remains unresolved,Dependency,3,2,6,Medium,Project Manager,20260215,20260423,,2026-02-15,2026-04-23,,Mitigated,Completed,0,0
3989,RI-796-02,796,Risk,Security approval is on the critical path,Dependency,4,2,8,Medium,Product Owner,20260323,20260627,,2026-03-23,2026-06-27,,Open,Not Started,0,1
3990,RI-796-03,796,Risk,Legacy data quality could require redesign — Resilient Engineering Modernization,Technical,2,3,6,Medium,Quality Lead,20260414,20260811,,2026-04-14,2026-08-11,,Monitoring,In Progress,0,0
3991,RI-796-04,796,Risk,Prototype result may require architecture rework,Technical,1,2,2,Low,Finance Partner,20260702,20260811,,2026-07-02,2026-08-11,,Monitoring,In Progress,0,0
3992,RI-796-05,796,Issue,Pilot readiness depends on unresolved actions — Resilient Engineering Modernization,Schedule,3,3,9,Medium,Data Lead,20260619,20260811,,2026-06-19,2026-08-11,,Open,Not Started,0,0
3993,RI-796-06,796,Risk,Competing portfolio priority constrains staffing,Resource,2,3,6,Medium,Project Manager,20260201,20260428,20260223,2026-02-01,2026-04-28,2026-02-23,Closed,Completed,0,0
3994,RI-796-07,796,Risk,Supplier lead time threatens the next gate,Schedule,4,3,12,High,Product Owner,20260221,20260409,20260313,2026-02-21,2026-04-09,2026-03-13,Closed,Completed,0,0
3995,RI-797-01,797,Risk,Vendor component readiness is uncertain — Resilient Engineering Analytics,Dependency,5,3,15,High,Systems Lead,20260326,20260706,,2026-03-26,2026-07-06,,Monitoring,In Progress,0,1
3996,RI-797-02,797,Risk,Verification evidence is incomplete,Quality,4,2,8,Medium,Security Lead,20260604,20260804,,2026-06-04,2026-08-04,,Mitigated,Completed,0,0
3997,RI-797-03,797,Risk,Shared engineer availability may delay delivery,Resource,2,4,8,Medium,Supplier Manager,20260319,20260622,,2026-03-19,2026-06-22,,Monitoring,In Progress,0,1
3998,RI-797-04,797,Risk,Integration sequence may compress validation,Schedule,1,1,1,Low,Release Manager,20260507,20260811,,2026-05-07,2026-08-11,,Open,Not Started,0,0
3999,RI-798-01,798,Risk,Release window has limited recovery float — Resilient Engineering Platform,Schedule,3,4,12,High,Finance Partner,20260406,20260607,,2026-04-06,2026-06-07,,Mitigated,Completed,0,0
4000,RI-798-02,798,Risk,Material quotation may exceed the estimate,Cost,3,4,12,High,Data Lead,20260123,20260508,,2026-01-23,2026-05-08,,Mitigated,Completed,0,0
4001,RI-798-03,798,Risk,Contractor transition may reduce throughput — Resilient Engineering Platform,Resource,1,3,3,Low,Project Manager,20260624,20260811,,2026-06-24,2026-08-11,,Monitoring,Completed,0,0
4002,RI-798-04,798,Risk,Interface behavior remains unproven — Resilient Engineering Platform,Technical,2,2,4,Low,Product Owner,20260218,20260426,20260224,2026-02-18,2026-04-26,2026-02-24,Closed,Completed,0,0
4003,RI-799-01,799,Risk,Backfill timing creates a capacity gap,Resource,1,2,2,Low,Release Manager,20260102,20260306,20260325,2026-01-02,2026-03-06,2026-03-25,Closed,Completed,0,0
4004,RI-799-02,799,Risk,Supplier lead time threatens the next gate — Resilient Engineering Optimization,Schedule,4,4,16,High,Technical Lead,20251209,20260413,,2025-12-09,2026-04-13,,Mitigated,Completed,0,0
4005,RI-799-03,799,Risk,Release window has limited recovery float — Resilient Engineering Optimization,Schedule,4,3,12,High,Systems Lead,20260519,20260811,,2026-05-19,2026-08-11,,Open,Not Started,0,0
4006,RI-800-01,800,Issue,Environment parity is not yet demonstrated,Technical,3,4,12,High,Product Owner,20260412,20260526,,2026-04-12,2026-05-26,,Mitigated,Completed,0,0
4007,RI-800-02,800,Issue,Late design decision may affect downstream work — Resilient Engineering Integration,Schedule,3,3,9,Medium,Quality Lead,20260419,20260718,20260811,2026-04-19,2026-07-18,2026-08-11,Closed,Completed,0,0
4008,RI-800-03,800,Risk,Vendor component readiness is uncertain — Resilient Engineering Integration,Dependency,1,3,3,Low,Finance Partner,20251120,20260320,,2025-11-20,2026-03-20,,Mitigated,Completed,0,0
4009,RI-801-01,801,Risk,Platform release timing may create a mismatch,Dependency,2,3,6,Medium,Security Lead,20260519,20260730,20260521,2026-05-19,2026-07-30,2026-05-21,Closed,Completed,0,0
4010,RI-801-02,801,Risk,Platform release timing may create a mismatch — Resilient Engineering Transformation,Dependency,4,5,20,Critical,Supplier Manager,20260407,20260804,,2026-04-07,2026-08-04,,Mitigated,Completed,0,0
4011,RI-801-03,801,Issue,Platform release timing may create a mismatch,Dependency,1,3,3,Low,Release Manager,20260414,20260610,,2026-04-14,2026-06-10,,Mitigated,Completed,0,0
4012,RI-801-04,801,Risk,Critical skill coverage is below demand — Resilient Engineering Transformation,Resource,2,2,4,Low,Technical Lead,20260530,20260811,,2026-05-30,2026-08-11,,Monitoring,Completed,0,0
4013,RI-801-05,801,Issue,External interface decision is blocking delivery,Dependency,2,2,4,Low,Systems Lead,20260510,20260811,,2026-05-10,2026-08-11,,Monitoring,In Progress,0,0
4014,RI-801-06,801,Issue,Platform release timing may create a mismatch,Dependency,3,3,9,Medium,Security Lead,20260205,20260510,20260314,2026-02-05,2026-05-10,2026-03-14,Closed,Completed,0,0
4015,RI-802-01,802,Risk,Platform release timing may create a mismatch — Resilient Engineering Enablement,Dependency,1,2,2,Low,Data Lead,20260613,20260811,,2026-06-13,2026-08-11,,Open,In Progress,0,0
4016,RI-802-02,802,Risk,Supplier lead time threatens the next gate — Resilient Engineering Enablement,Schedule,2,2,4,Low,Project Manager,20260226,20260627,,2026-02-26,2026-06-27,,Open,In Progress,0,1
4017,RI-802-03,802,Issue,Regression scope may exceed the test window — Resilient Engineering Enablement,Quality,2,4,8,Medium,Product Owner,20260715,20260811,,2026-07-15,2026-08-11,,Open,In Progress,0,0
4018,RI-802-04,802,Risk,Release window has limited recovery float — Resilient Engineering Enablement,Schedule,3,2,6,Medium,Quality Lead,20260527,20260717,,2026-05-27,2026-07-17,,Mitigated,Completed,0,0
4019,RI-803-01,803,Risk,Prototype result may require architecture rework — Resilient Engineering Acceleration,Technical,3,1,3,Low,Technical Lead,20260111,20260426,,2026-01-11,2026-04-26,,Mitigated,Completed,0,0
4020,RI-803-02,803,Risk,Traceability coverage requires remediation,Quality,1,5,5,Low,Systems Lead,20260608,20260811,,2026-06-08,2026-08-11,,Open,Not Started,0,0
4021,RI-803-03,803,Risk,Legacy data quality could require redesign — Resilient Engineering Acceleration,Technical,2,3,6,Medium,Security Lead,20260114,20260521,,2026-01-14,2026-05-21,,Mitigated,Completed,0,0
4022,RI-803-04,803,Issue,Prototype result may require architecture rework,Technical,4,4,16,High,Supplier Manager,20260223,20260515,20260401,2026-02-23,2026-05-15,2026-04-01,Closed,Completed,0,0
4023,RI-803-05,803,Risk,Backfill timing creates a capacity gap — Resilient Engineering Acceleration,Resource,4,3,12,High,Release Manager,20260210,20260502,20260221,2026-02-10,2026-05-02,2026-02-21,Closed,Completed,0,0
4024,RI-804-01,804,Risk,Security approval is on the critical path — Resilient Engineering Orchestration,Dependency,3,3,9,Medium,Quality Lead,20260516,20260706,,2026-05-16,2026-07-06,,Monitoring,In Progress,0,1
4025,RI-804-02,804,Risk,Prototype result may require architecture rework,Technical,3,3,9,Medium,Finance Partner,20260719,20260811,,2026-07-19,2026-08-11,,Monitoring,In Progress,0,0
4026,RI-804-03,804,Risk,Technical debt may complicate integration,Technical,3,4,12,High,Data Lead,20260208,20260506,20260517,2026-02-08,2026-05-06,2026-05-17,Closed,Completed,0,0
4027,RI-804-04,804,Risk,Competing portfolio priority constrains staffing,Resource,4,4,16,High,Project Manager,20260512,20260811,,2026-05-12,2026-08-11,,Monitoring,In Progress,0,0
4028,RI-804-05,804,Risk,Legacy data quality could require redesign,Technical,2,3,6,Medium,Product Owner,20260807,20260811,,2026-08-07,2026-08-11,,Open,Not Started,0,0
4029,RI-805-01,805,Risk,Security approval is on the critical path,Dependency,3,3,9,Medium,Supplier Manager,20260703,20260805,,2026-07-03,2026-08-05,,Mitigated,Completed,0,0
4030,RI-805-02,805,Risk,Supplier lead time threatens the next gate,Schedule,2,1,2,Low,Release Manager,20260212,20260407,20260213,2026-02-12,2026-04-07,2026-02-13,Closed,Completed,0,0
4031,RI-805-03,805,Risk,Upstream data contract remains unresolved — Resilient Engineering Intelligence,Dependency,3,1,3,Low,Technical Lead,20260317,20260712,,2026-03-17,2026-07-12,,Monitoring,Completed,0,1
4032,RI-805-04,805,Issue,Rework could consume management reserve,Cost,1,2,2,Low,Systems Lead,20260127,20260308,20260212,2026-01-27,2026-03-08,2026-02-12,Closed,Completed,0,0
4033,RI-805-05,805,Risk,Integration sequence may compress validation — Resilient Engineering Intelligence,Schedule,1,3,3,Low,Security Lead,20260212,20260418,,2026-02-12,2026-04-18,,Mitigated,Completed,0,0
4034,RI-806-01,806,Issue,Legacy data quality could require redesign,Technical,2,3,6,Medium,Project Manager,20260517,20260811,,2026-05-17,2026-08-11,,Open,In Progress,0,0
4035,RI-806-02,806,Issue,Release window has limited recovery float,Schedule,2,3,6,Medium,Product Owner,20260723,20260811,,2026-07-23,2026-08-11,,Open,In Progress,0,0
4036,RI-806-03,806,Risk,Pilot readiness depends on unresolved actions,Schedule,3,2,6,Medium,Quality Lead,20260601,20260811,,2026-06-01,2026-08-11,,Monitoring,In Progress,0,0
4037,RI-806-04,806,Risk,Contractor transition may reduce throughput — Resilient Energy Modernization,Resource,3,2,6,Medium,Finance Partner,20260512,20260811,,2026-05-12,2026-08-11,,Monitoring,In Progress,0,0
4038,RI-806-05,806,Issue,Performance margin may not meet the target,Technical,3,3,9,Medium,Data Lead,20260610,20260811,,2026-06-10,2026-08-11,,Open,In Progress,0,0
4039,RI-806-06,806,Risk,Shared engineer availability may delay delivery — Resilient Energy Modernization,Resource,3,3,9,Medium,Project Manager,20260706,20260811,,2026-07-06,2026-08-11,,Monitoring,In Progress,0,0
4040,RI-806-07,806,Risk,Defect closure rate may miss the exit criterion,Quality,1,3,3,Low,Product Owner,20260630,20260811,,2026-06-30,2026-08-11,,Open,Not Started,0,0
4041,RI-807-01,807,Risk,Integration sequence may compress validation — Resilient Energy Analytics,Schedule,4,1,4,Low,Systems Lead,20260726,20260811,,2026-07-26,2026-08-11,,Monitoring,In Progress,0,0
4042,RI-807-02,807,Risk,Prototype result may require architecture rework — Resilient Energy Analytics,Technical,3,3,9,Medium,Security Lead,20260519,20260707,20260529,2026-05-19,2026-07-07,2026-05-29,Closed,Completed,0,0
4043,RI-807-03,807,Issue,Scope clarification may require a budget change — Resilient Energy Analytics,Cost,2,3,6,Medium,Supplier Manager,20260625,20260811,,2026-06-25,2026-08-11,,Open,In Progress,0,0
4044,RI-808-01,808,Risk,Pilot readiness depends on unresolved actions — Resilient Energy Platform,Schedule,3,3,9,Medium,Finance Partner,20260605,20260811,,2026-06-05,2026-08-11,,Monitoring,Completed,0,0
4045,RI-808-02,808,Risk,Contractor transition may reduce throughput,Resource,3,1,3,Low,Data Lead,20260721,20260811,,2026-07-21,2026-08-11,,Monitoring,In Progress,0,0
4046,RI-808-03,808,Risk,Technical debt may complicate integration — Resilient Energy Platform,Technical,2,3,6,Medium,Project Manager,20260605,20260811,,2026-06-05,2026-08-11,,Monitoring,In Progress,0,0
4047,RI-808-04,808,Risk,Rework could consume management reserve,Cost,2,3,6,Medium,Product Owner,20260228,20260701,20260413,2026-02-28,2026-07-01,2026-04-13,Closed,Not Required,0,0
4048,RI-808-05,808,Risk,Prototype result may require architecture rework,Technical,4,2,8,Medium,Quality Lead,20260513,20260811,20260515,2026-05-13,2026-08-11,2026-05-15,Closed,Completed,0,0
4049,RI-808-06,808,Risk,Rework could consume management reserve,Cost,4,2,8,Medium,Finance Partner,20260411,20260731,,2026-04-11,2026-07-31,,Open,In Progress,0,1
4050,RI-808-07,808,Risk,Environment parity is not yet demonstrated,Technical,5,3,15,High,Data Lead,20260616,20260811,,2026-06-16,2026-08-11,,Mitigated,Completed,0,0
4051,RI-809-01,809,Risk,Legacy data quality could require redesign — Resilient Energy Optimization,Technical,1,2,2,Low,Release Manager,20260731,20260811,20260805,2026-07-31,2026-08-11,2026-08-05,Closed,Completed,0,0
4052,RI-809-02,809,Risk,Platform release timing may create a mismatch — Resilient Energy Optimization,Dependency,2,4,8,Medium,Technical Lead,20260603,20260811,,2026-06-03,2026-08-11,,Open,Not Started,0,0
4053,RI-809-03,809,Risk,Scope clarification may require a budget change,Cost,1,2,2,Low,Systems Lead,20260719,20260811,,2026-07-19,2026-08-11,,Open,Not Started,0,0
4054,RI-809-04,809,Risk,Field issue recurrence needs containment,Quality,4,3,12,High,Security Lead,20260705,20260811,,2026-07-05,2026-08-11,,Open,Not Started,0,0
4055,RI-809-05,809,Risk,Review capacity is concentrated in one role — Resilient Energy Optimization,Resource,4,3,12,High,Supplier Manager,20260421,20260624,20260709,2026-04-21,2026-06-24,2026-07-09,Closed,Completed,0,0
4056,RI-810-01,810,Issue,Performance margin may not meet the target,Technical,5,3,15,High,Product Owner,20260630,20260811,,2026-06-30,2026-08-11,,Mitigated,Completed,0,0
4057,RI-810-02,810,Risk,Security approval is on the critical path — Resilient Energy Integration,Dependency,1,5,5,Low,Quality Lead,20260807,20260811,,2026-08-07,2026-08-11,,Monitoring,Completed,0,0
4058,RI-810-03,810,Risk,Technical debt may complicate integration,Technical,2,3,6,Medium,Finance Partner,20260717,20260811,,2026-07-17,2026-08-11,,Monitoring,Completed,0,0
4059,RI-811-01,811,Issue,Backfill timing creates a capacity gap,Resource,3,3,9,Medium,Security Lead,20260210,20260523,20260411,2026-02-10,2026-05-23,2026-04-11,Closed,Completed,0,0
4060,RI-811-02,811,Issue,Verification evidence is incomplete — Resilient Energy Transformation,Quality,3,5,15,High,Supplier Manager,20260224,20260706,20260504,2026-02-24,2026-07-06,2026-05-04,Closed,Completed,0,0
4061,RI-811-03,811,Risk,Technical debt may complicate integration,Technical,2,4,8,Medium,Release Manager,20260503,20260731,,2026-05-03,2026-07-31,,Monitoring,In Progress,0,1
4062,RI-811-04,811,Issue,Backfill timing creates a capacity gap,Resource,3,3,9,Medium,Technical Lead,20260208,20260412,,2026-02-08,2026-04-12,,Mitigated,Completed,0,0
4063,RI-811-05,811,Risk,Interface behavior remains unproven,Technical,3,4,12,High,Systems Lead,20260503,20260628,,2026-05-03,2026-06-28,,Mitigated,Completed,0,0
4064,RI-811-06,811,Risk,Integration sequence may compress validation,Schedule,3,2,6,Medium,Security Lead,20260602,20260811,,2026-06-02,2026-08-11,,Monitoring,In Progress,0,0
4065,RI-811-07,811,Issue,Cloud run cost is trending above the baseline — Resilient Energy Transformation,Cost,4,1,4,Low,Supplier Manager,20260207,20260420,20260314,2026-02-07,2026-04-20,2026-03-14,Closed,Completed,0,0
4066,RI-812-01,812,Risk,Verification evidence is incomplete,Quality,2,3,6,Medium,Data Lead,20260412,20260624,,2026-04-12,2026-06-24,,Mitigated,Completed,0,0
4067,RI-812-02,812,Issue,Defect closure rate may miss the exit criterion,Quality,4,5,20,Critical,Project Manager,20260807,20260811,,2026-08-07,2026-08-11,,Open,Not Started,1,0
4068,RI-812-03,812,Risk,Customer test access is not yet confirmed,Dependency,3,3,9,Medium,Product Owner,20260107,20260303,,2026-01-07,2026-03-03,,Monitoring,In Progress,0,1
4069,RI-813-01,813,Risk,Material quotation may exceed the estimate,Cost,3,2,6,Medium,Technical Lead,20260424,20260709,,2026-04-24,2026-07-09,,Mitigated,Completed,0,0
4070,RI-813-02,813,Risk,Material quotation may exceed the estimate — Resilient Energy Acceleration,Cost,4,2,8,Medium,Systems Lead,20260615,20260811,,2026-06-15,2026-08-11,,Monitoring,Completed,0,0
4071,RI-813-03,813,Risk,Rework could consume management reserve,Cost,1,2,2,Low,Security Lead,20260515,20260811,,2026-05-15,2026-08-11,,Open,Not Started,0,0
4072,RI-813-04,813,Issue,Late design decision may affect downstream work — Resilient Energy Acceleration,Schedule,3,2,6,Medium,Supplier Manager,20260518,20260811,,2026-05-18,2026-08-11,,Monitoring,In Progress,0,0
4073,RI-813-05,813,Risk,Platform release timing may create a mismatch — Resilient Energy Acceleration,Dependency,2,2,4,Low,Release Manager,20260425,20260721,,2026-04-25,2026-07-21,,Mitigated,Completed,0,0
4074,RI-813-06,813,Issue,Regression scope may exceed the test window — Resilient Energy Acceleration,Quality,3,2,6,Medium,Technical Lead,20260211,20260420,,2026-02-11,2026-04-20,,Mitigated,Completed,0,0
4075,RI-814-01,814,Risk,Pilot readiness depends on unresolved actions,Schedule,4,3,12,High,Quality Lead,20260313,20260529,,2026-03-13,2026-05-29,,Mitigated,Completed,0,0
4076,RI-814-02,814,Issue,Vendor component readiness is uncertain,Dependency,2,3,6,Medium,Finance Partner,20260724,20260811,,2026-07-24,2026-08-11,,Open,Not Started,0,0
4077,RI-814-03,814,Risk,Defect closure rate may miss the exit criterion — Resilient Energy Orchestration,Quality,2,2,4,Low,Data Lead,20260214,20260506,,2026-02-14,2026-05-06,,Open,In Progress,0,1
4078,RI-814-04,814,Risk,Interface behavior remains unproven — Resilient Energy Orchestration,Technical,2,2,4,Low,Project Manager,20260723,20260811,,2026-07-23,2026-08-11,,Open,In Progress,0,0
4079,RI-814-05,814,Risk,Interface behavior remains unproven,Technical,4,3,12,High,Product Owner,20260514,20260708,,2026-05-14,2026-07-08,,Monitoring,In Progress,0,1
4080,RI-815-01,815,Risk,Customer test access is not yet confirmed,Dependency,3,4,12,High,Supplier Manager,20260227,20260519,,2026-02-27,2026-05-19,,Mitigated,Completed,0,0
4081,RI-815-02,815,Risk,Security approval is on the critical path — Resilient Energy Intelligence,Dependency,4,2,8,Medium,Release Manager,20260120,20260304,,2026-01-20,2026-03-04,,Mitigated,Completed,0,0
4082,RI-815-03,815,Risk,Verification evidence is incomplete,Quality,3,3,9,Medium,Technical Lead,20260713,20260811,,2026-07-13,2026-08-11,,Open,In Progress,0,0
4083,RI-816-01,816,Risk,Regression scope may exceed the test window — Resilient Service Modernization,Quality,2,3,6,Medium,Project Manager,20260707,20260811,,2026-07-07,2026-08-11,,Open,Not Started,0,0
4084,RI-816-02,816,Risk,Performance margin may not meet the target — Resilient Service Modernization,Technical,4,4,16,High,Product Owner,20260522,20260718,20260701,2026-05-22,2026-07-18,2026-07-01,Closed,Completed,0,0
4085,RI-816-03,816,Risk,Material quotation may exceed the estimate — Resilient Service Modernization,Cost,3,3,9,Medium,Quality Lead,20260716,20260811,20260728,2026-07-16,2026-08-11,2026-07-28,Closed,Completed,0,0
4086,RI-816-04,816,Risk,Committed spend limits recovery options,Cost,3,4,12,High,Finance Partner,20260708,20260811,,2026-07-08,2026-08-11,,Monitoring,Completed,0,0
4087,RI-816-05,816,Risk,Customer test access is not yet confirmed,Dependency,3,2,6,Medium,Data Lead,20260327,20260611,20260513,2026-03-27,2026-06-11,2026-05-13,Closed,Completed,0,0
4088,RI-817-01,817,Risk,Customer test access is not yet confirmed — Resilient Service Analytics,Dependency,1,4,4,Low,Systems Lead,20260520,20260811,,2026-05-20,2026-08-11,,Mitigated,Completed,0,0
4089,RI-817-02,817,Risk,Field issue recurrence needs containment,Quality,3,2,6,Medium,Security Lead,20260528,20260811,,2026-05-28,2026-08-11,,Monitoring,In Progress,0,0
4090,RI-817-03,817,Risk,Committed spend limits recovery options — Resilient Service Analytics,Cost,4,3,12,High,Supplier Manager,20260430,20260804,,2026-04-30,2026-08-04,,Open,In Progress,0,1
4091,RI-817-04,817,Risk,Late design decision may affect downstream work — Resilient Service Analytics,Schedule,4,4,16,High,Release Manager,20260701,20260811,,2026-07-01,2026-08-11,,Mitigated,Completed,0,0
4092,RI-817-05,817,Risk,Prototype result may require architecture rework,Technical,1,1,1,Low,Technical Lead,20260809,20260811,,2026-08-09,2026-08-11,,Open,Not Started,0,0
4093,RI-817-06,817,Risk,Committed spend limits recovery options,Cost,4,2,8,Medium,Systems Lead,20260505,20260811,,2026-05-05,2026-08-11,,Monitoring,In Progress,0,0
4094,RI-818-01,818,Risk,Critical skill coverage is below demand — Resilient Service Platform,Resource,5,2,10,Medium,Finance Partner,20260404,20260616,,2026-04-04,2026-06-16,,Open,In Progress,0,1
4095,RI-818-02,818,Issue,Test environment availability may move the baseline,Schedule,3,4,12,High,Data Lead,20260602,20260811,,2026-06-02,2026-08-11,,Mitigated,Completed,0,0
4096,RI-818-03,818,Risk,Test environment availability may move the baseline — Resilient Service Platform,Schedule,4,4,16,High,Project Manager,20260618,20260811,,2026-06-18,2026-08-11,,Open,In Progress,0,0
4097,RI-818-04,818,Risk,Prototype result may require architecture rework,Technical,5,2,10,Medium,Product Owner,20260418,20260811,,2026-04-18,2026-08-11,,Monitoring,Completed,0,0
4098,RI-818-05,818,Risk,Contractor transition may reduce throughput,Resource,3,2,6,Medium,Quality Lead,20260719,20260811,,2026-07-19,2026-08-11,,Monitoring,In Progress,0,0
4099,RI-819-01,819,Risk,Customer test access is not yet confirmed — Resilient Service Optimization,Dependency,3,3,9,Medium,Release Manager,20260326,20260509,20260406,2026-03-26,2026-05-09,2026-04-06,Closed,Completed,0,0
4100,RI-819-02,819,Risk,Late design decision may affect downstream work,Schedule,4,2,8,Medium,Technical Lead,20260417,20260811,,2026-04-17,2026-08-11,,Open,Not Started,0,0
4101,RI-819-03,819,Risk,Technical debt may complicate integration,Technical,4,1,4,Low,Systems Lead,20260531,20260811,,2026-05-31,2026-08-11,,Monitoring,In Progress,0,0
4102,RI-820-01,820,Risk,Shared engineer availability may delay delivery,Resource,4,2,8,Medium,Product Owner,20260628,20260811,,2026-06-28,2026-08-11,,Mitigated,Completed,0,0
4103,RI-820-02,820,Risk,Environment parity is not yet demonstrated,Technical,3,2,6,Medium,Quality Lead,20260722,20260811,,2026-07-22,2026-08-11,,Monitoring,In Progress,0,0
4104,RI-820-03,820,Risk,Traceability coverage requires remediation,Quality,1,3,3,Low,Finance Partner,20260704,20260811,,2026-07-04,2026-08-11,,Open,In Progress,0,0
4105,RI-821-01,821,Issue,Supplier lead time threatens the next gate,Schedule,3,4,12,High,Security Lead,20251203,20260120,,2025-12-03,2026-01-20,,Monitoring,In Progress,0,1
4106,RI-821-02,821,Risk,Vendor component readiness is uncertain,Dependency,5,4,20,Critical,Supplier Manager,20260204,20260419,,2026-02-04,2026-04-19,,Monitoring,In Progress,1,1
4107,RI-821-03,821,Risk,Rework could consume management reserve,Cost,3,1,3,Low,Release Manager,20260517,20260809,20260803,2026-05-17,2026-08-09,2026-08-03,Closed,Completed,0,0
4108,RI-821-04,821,Risk,Environment parity is not yet demonstrated,Technical,3,3,9,Medium,Technical Lead,20260222,20260423,20260424,2026-02-22,2026-04-23,2026-04-24,Closed,Completed,0,0
4109,RI-822-01,822,Risk,Backfill timing creates a capacity gap — Resilient Service Enablement,Resource,2,1,2,Low,Data Lead,20260625,20260811,,2026-06-25,2026-08-11,,Open,Not Started,0,0
4110,RI-822-02,822,Risk,Technical debt may complicate integration,Technical,4,4,16,High,Project Manager,20260130,20260414,,2026-01-30,2026-04-14,,Mitigated,Completed,0,0
4111,RI-822-03,822,Risk,Critical skill coverage is below demand — Resilient Service Enablement,Resource,4,2,8,Medium,Product Owner,20260101,20260326,20260124,2026-01-01,2026-03-26,2026-01-24,Closed,Completed,0,0
4112,RI-822-04,822,Risk,Interface behavior remains unproven — Resilient Service Enablement,Technical,2,4,8,Medium,Quality Lead,20260104,20260521,20260515,2026-01-04,2026-05-21,2026-05-15,Closed,Completed,0,0
4113,RI-823-01,823,Risk,Field issue recurrence needs containment — Resilient Service Acceleration,Quality,3,3,9,Medium,Technical Lead,20260527,20260811,,2026-05-27,2026-08-11,,Mitigated,Completed,0,0
4114,RI-823-02,823,Risk,Environment parity is not yet demonstrated — Resilient Service Acceleration,Technical,2,4,8,Medium,Systems Lead,20260811,20260811,,2026-08-11,2026-08-11,,Open,In Progress,0,0
4115,RI-823-03,823,Risk,Pilot readiness depends on unresolved actions — Resilient Service Acceleration,Schedule,3,1,3,Low,Security Lead,20260707,20260811,,2026-07-07,2026-08-11,,Monitoring,Completed,0,0
4116,RI-824-01,824,Risk,Release window has limited recovery float,Schedule,2,2,4,Low,Quality Lead,20260310,20260603,,2026-03-10,2026-06-03,,Mitigated,Completed,0,0
4117,RI-824-02,824,Risk,Release window has limited recovery float — Resilient Service Orchestration,Schedule,4,2,8,Medium,Finance Partner,20251228,20260221,,2025-12-28,2026-02-21,,Open,Not Started,0,1
4118,RI-824-03,824,Risk,Verification evidence is incomplete,Quality,2,2,4,Low,Data Lead,20260623,20260811,,2026-06-23,2026-08-11,,Open,Not Started,0,0
4119,RI-824-04,824,Risk,Performance margin may not meet the target — Resilient Service Orchestration,Technical,2,4,8,Medium,Project Manager,20260606,20260728,20260616,2026-06-06,2026-07-28,2026-06-16,Closed,Completed,0,0
4120,RI-824-05,824,Risk,Integration sequence may compress validation,Schedule,4,3,12,High,Product Owner,20260102,20260303,,2026-01-02,2026-03-03,,Open,In Progress,0,1
4121,RI-825-01,825,Risk,Technical debt may complicate integration — Resilient Service Intelligence,Technical,3,3,9,Medium,Supplier Manager,20260727,20260811,,2026-07-27,2026-08-11,,Monitoring,In Progress,0,0
4122,RI-825-02,825,Issue,Verification evidence is incomplete,Quality,2,3,6,Medium,Release Manager,20260627,20260811,,2026-06-27,2026-08-11,,Monitoring,Completed,0,0
4123,RI-825-03,825,Risk,Supplier lead time threatens the next gate,Schedule,3,3,9,Medium,Technical Lead,20260710,20260811,,2026-07-10,2026-08-11,,Mitigated,Completed,0,0
4124,RI-825-04,825,Risk,Field issue recurrence needs containment,Quality,3,2,6,Medium,Systems Lead,20260612,20260811,,2026-06-12,2026-08-11,,Monitoring,In Progress,0,0
4125,RI-826-01,826,Risk,Material quotation may exceed the estimate,Cost,2,2,4,Low,Project Manager,20260215,20260509,,2026-02-15,2026-05-09,,Mitigated,Completed,0,0
4126,RI-826-02,826,Issue,Material quotation may exceed the estimate — Sustainable Asset Modernization,Cost,3,4,12,High,Product Owner,20260314,20260503,20260528,2026-03-14,2026-05-03,2026-05-28,Closed,Completed,0,0
4127,RI-826-03,826,Risk,Technical debt may complicate integration — Sustainable Asset Modernization,Technical,3,4,12,High,Quality Lead,20260731,20260811,,2026-07-31,2026-08-11,,Open,In Progress,0,0
4128,RI-826-04,826,Issue,Legacy data quality could require redesign — Sustainable Asset Modernization,Technical,4,5,20,Critical,Finance Partner,20260514,20260730,,2026-05-14,2026-07-30,,Mitigated,Completed,0,0
4129,RI-826-05,826,Issue,Traceability coverage requires remediation,Quality,2,4,8,Medium,Data Lead,20260228,20260426,,2026-02-28,2026-04-26,,Monitoring,Completed,0,1
4130,RI-826-06,826,Risk,Test environment availability may move the baseline,Schedule,3,2,6,Medium,Project Manager,20260624,20260811,,2026-06-24,2026-08-11,,Open,Not Started,0,0
4131,RI-826-07,826,Risk,Integration sequence may compress validation,Schedule,3,4,12,High,Product Owner,20260809,20260811,,2026-08-09,2026-08-11,,Open,In Progress,0,0
4132,RI-827-01,827,Risk,Backfill timing creates a capacity gap — Sustainable Asset Analytics,Resource,2,2,4,Low,Systems Lead,20260114,20260219,20260208,2026-01-14,2026-02-19,2026-02-08,Closed,Completed,0,0
4133,RI-827-02,827,Risk,Environment parity is not yet demonstrated,Technical,3,3,9,Medium,Security Lead,20260526,20260811,,2026-05-26,2026-08-11,,Open,In Progress,0,0
4134,RI-827-03,827,Risk,Prototype result may require architecture rework,Technical,3,1,3,Low,Supplier Manager,20251113,20260225,,2025-11-13,2026-02-25,,Mitigated,Completed,0,0
4135,RI-827-04,827,Risk,Environment parity is not yet demonstrated,Technical,4,2,8,Medium,Release Manager,20260313,20260604,,2026-03-13,2026-06-04,,Mitigated,Completed,0,0
4136,RI-827-05,827,Issue,Environment parity is not yet demonstrated — Sustainable Asset Analytics,Technical,3,3,9,Medium,Technical Lead,20251005,20260114,,2025-10-05,2026-01-14,,Mitigated,Completed,0,0
4137,RI-828-01,828,Risk,Vendor component readiness is uncertain — Sustainable Asset Platform,Dependency,4,4,16,High,Finance Partner,20260801,20260811,,2026-08-01,2026-08-11,,Mitigated,Completed,0,0
4138,RI-828-02,828,Risk,Supplier lead time threatens the next gate — Sustainable Asset Platform,Schedule,3,3,9,Medium,Data Lead,20260701,20260811,,2026-07-01,2026-08-11,,Open,Not Started,0,0
4139,RI-828-03,828,Issue,Environment parity is not yet demonstrated,Technical,5,4,20,Critical,Project Manager,20260619,20260811,,2026-06-19,2026-08-11,,Open,In Progress,1,0
4140,RI-828-04,828,Issue,Review capacity is concentrated in one role,Resource,3,3,9,Medium,Product Owner,20260621,20260811,,2026-06-21,2026-08-11,,Open,In Progress,0,0
4141,RI-828-05,828,Risk,Technical debt may complicate integration,Technical,4,3,12,High,Quality Lead,20260619,20260811,,2026-06-19,2026-08-11,,Open,Not Started,0,0
4142,RI-828-06,828,Risk,Review capacity is concentrated in one role,Resource,2,4,8,Medium,Finance Partner,20260516,20260811,,2026-05-16,2026-08-11,,Monitoring,In Progress,0,0
4143,RI-829-01,829,Issue,Shared engineer availability may delay delivery,Resource,2,1,2,Low,Release Manager,20260701,20260811,,2026-07-01,2026-08-11,,Open,Not Started,0,0
4144,RI-829-02,829,Risk,Committed spend limits recovery options,Cost,3,3,9,Medium,Technical Lead,20260202,20260512,,2026-02-02,2026-05-12,,Mitigated,Completed,0,0
4145,RI-829-03,829,Issue,Shared engineer availability may delay delivery,Resource,5,3,15,High,Systems Lead,20260417,20260616,20260519,2026-04-17,2026-06-16,2026-05-19,Closed,Completed,0,0
4146,RI-829-04,829,Risk,Rework could consume management reserve,Cost,3,2,6,Medium,Security Lead,20260423,20260811,20260717,2026-04-23,2026-08-11,2026-07-17,Closed,Completed,0,0
4147,RI-829-05,829,Risk,Pilot readiness depends on unresolved actions — Sustainable Asset Optimization,Schedule,2,3,6,Medium,Supplier Manager,20260801,20260811,,2026-08-01,2026-08-11,,Monitoring,Completed,0,0
4148,RI-830-01,830,Risk,Technical debt may complicate integration — Sustainable Asset Integration,Technical,2,1,2,Low,Product Owner,20251224,20260205,,2025-12-24,2026-02-05,,Mitigated,Completed,0,0
4149,RI-830-02,830,Risk,Interface behavior remains unproven,Technical,5,2,10,Medium,Quality Lead,20260331,20260626,,2026-03-31,2026-06-26,,Monitoring,Completed,0,1
4150,RI-830-03,830,Risk,Interface behavior remains unproven — Sustainable Asset Integration,Technical,1,2,2,Low,Finance Partner,20260628,20260806,,2026-06-28,2026-08-06,,Mitigated,Completed,0,0
4151,RI-831-01,831,Risk,Committed spend limits recovery options — Sustainable Asset Transformation,Cost,5,5,25,Critical,Security Lead,20251223,20260214,20260309,2025-12-23,2026-02-14,2026-03-09,Closed,Completed,0,0
4152,RI-831-02,831,Risk,Integration sequence may compress validation — Sustainable Asset Transformation,Schedule,5,1,5,Low,Supplier Manager,20260128,20260519,,2026-01-28,2026-05-19,,Mitigated,Completed,0,0
4153,RI-831-03,831,Risk,Field issue recurrence needs containment — Sustainable Asset Transformation,Quality,3,2,6,Medium,Release Manager,20251120,20260206,,2025-11-20,2026-02-06,,Mitigated,Completed,0,0
4154,RI-831-04,831,Risk,Contractor transition may reduce throughput — Sustainable Asset Transformation,Resource,3,3,9,Medium,Technical Lead,20251121,20260204,20260124,2025-11-21,2026-02-04,2026-01-24,Closed,Not Required,0,0
4155,RI-832-01,832,Risk,Upstream data contract remains unresolved,Dependency,3,2,6,Medium,Data Lead,20260618,20260811,20260623,2026-06-18,2026-08-11,2026-06-23,Closed,Completed,0,0
4156,RI-832-02,832,Risk,Pilot readiness depends on unresolved actions — Sustainable Asset Enablement,Schedule,2,2,4,Low,Project Manager,20260605,20260805,20260720,2026-06-05,2026-08-05,2026-07-20,Closed,Completed,0,0
4157,RI-832-03,832,Issue,Late design decision may affect downstream work,Schedule,3,5,15,High,Product Owner,20260618,20260811,,2026-06-18,2026-08-11,,Monitoring,In Progress,0,0
4158,RI-832-04,832,Risk,Late design decision may affect downstream work,Schedule,1,4,4,Low,Quality Lead,20260705,20260811,,2026-07-05,2026-08-11,,Monitoring,Completed,0,0
4159,RI-832-05,832,Risk,Legacy data quality could require redesign,Technical,1,2,2,Low,Finance Partner,20260612,20260811,,2026-06-12,2026-08-11,,Open,In Progress,0,0
4160,RI-832-06,832,Issue,Rework could consume management reserve,Cost,3,4,12,High,Data Lead,20260514,20260811,,2026-05-14,2026-08-11,,Open,In Progress,0,0
4161,RI-832-07,832,Issue,Regression scope may exceed the test window,Quality,4,5,20,Critical,Project Manager,20260627,20260811,,2026-06-27,2026-08-11,,Open,Not Started,1,0
4162,RI-833-01,833,Issue,Legacy data quality could require redesign,Technical,2,2,4,Low,Technical Lead,20260325,20260601,20260531,2026-03-25,2026-06-01,2026-05-31,Closed,Completed,0,0
4163,RI-833-02,833,Issue,Interface behavior remains unproven — Sustainable Asset Acceleration,Technical,3,3,9,Medium,Systems Lead,20260623,20260806,,2026-06-23,2026-08-06,,Monitoring,In Progress,0,1
4164,RI-833-03,833,Risk,Cloud run cost is trending above the baseline — Sustainable Asset Acceleration,Cost,3,4,12,High,Security Lead,20260415,20260811,,2026-04-15,2026-08-11,,Open,In Progress,0,0
4165,RI-833-04,833,Issue,Pilot readiness depends on unresolved actions — Sustainable Asset Acceleration,Schedule,5,4,20,Critical,Supplier Manager,20260811,20260811,,2026-08-11,2026-08-11,,Monitoring,In Progress,1,0
4166,RI-833-05,833,Issue,Interface behavior remains unproven,Technical,4,5,20,Critical,Release Manager,20260420,20260720,,2026-04-20,2026-07-20,,Monitoring,In Progress,1,1
4167,RI-834-01,834,Risk,Vendor component readiness is uncertain — Sustainable Asset Orchestration,Dependency,3,1,3,Low,Quality Lead,20260801,20260811,,2026-08-01,2026-08-11,,Monitoring,In Progress,0,0
4168,RI-834-02,834,Risk,Late design decision may affect downstream work — Sustainable Asset Orchestration,Schedule,2,2,4,Low,Finance Partner,20260722,20260811,,2026-07-22,2026-08-11,,Monitoring,In Progress,0,0
4169,RI-834-03,834,Risk,Test environment availability may move the baseline — Sustainable Asset Orchestration,Schedule,2,3,6,Medium,Data Lead,20260703,20260811,20260703,2026-07-03,2026-08-11,2026-07-03,Closed,Completed,0,0
4170,RI-834-04,834,Risk,Shared engineer availability may delay delivery,Resource,3,4,12,High,Project Manager,20260807,20260811,,2026-08-07,2026-08-11,,Open,Not Started,0,0
4171,RI-834-05,834,Issue,Test environment availability may move the baseline,Schedule,5,5,25,Critical,Product Owner,20260714,20260811,,2026-07-14,2026-08-11,,Mitigated,Completed,0,0
4172,RI-835-01,835,Risk,Technical debt may complicate integration,Technical,4,4,16,High,Supplier Manager,20260512,20260725,,2026-05-12,2026-07-25,,Mitigated,Completed,0,0
4173,RI-835-02,835,Risk,Traceability coverage requires remediation — Sustainable Asset Intelligence,Quality,3,2,6,Medium,Release Manager,20260305,20260624,20260706,2026-03-05,2026-06-24,2026-07-06,Closed,Completed,0,0
4174,RI-835-03,835,Risk,Critical skill coverage is below demand,Resource,3,2,6,Medium,Technical Lead,20260520,20260718,,2026-05-20,2026-07-18,,Open,Not Started,0,1
4175,RI-835-04,835,Risk,Cloud run cost is trending above the baseline — Sustainable Asset Intelligence,Cost,4,1,4,Low,Systems Lead,20260719,20260811,,2026-07-19,2026-08-11,,Monitoring,In Progress,0,0
4176,RI-835-05,835,Risk,Performance margin may not meet the target,Technical,2,3,6,Medium,Security Lead,20260611,20260811,,2026-06-11,2026-08-11,,Mitigated,Completed,0,0
4177,RI-836-01,836,Issue,Defect closure rate may miss the exit criterion — Sustainable Operations Modernization,Quality,4,3,12,High,Project Manager,20260413,20260621,,2026-04-13,2026-06-21,,Mitigated,Completed,0,0
4178,RI-836-02,836,Issue,Traceability coverage requires remediation — Sustainable Operations Modernization,Quality,1,5,5,Low,Product Owner,20260513,20260811,,2026-05-13,2026-08-11,,Open,In Progress,0,0
4179,RI-836-03,836,Risk,Contractor transition may reduce throughput,Resource,4,5,20,Critical,Quality Lead,20260502,20260704,,2026-05-02,2026-07-04,,Mitigated,Completed,0,0
4180,RI-836-04,836,Risk,Platform release timing may create a mismatch,Dependency,4,5,20,Critical,Finance Partner,20260202,20260426,,2026-02-02,2026-04-26,,Open,In Progress,1,1
4181,RI-836-05,836,Risk,Scope clarification may require a budget change,Cost,1,4,4,Low,Data Lead,20260708,20260811,,2026-07-08,2026-08-11,,Mitigated,Completed,0,0
4182,RI-836-06,836,Risk,Release window has limited recovery float — Sustainable Operations Modernization,Schedule,4,3,12,High,Project Manager,20260306,20260707,20260731,2026-03-06,2026-07-07,2026-07-31,Closed,Completed,0,0
4183,RI-837-01,837,Issue,Acceptance criteria remain partially ambiguous — Sustainable Operations Analytics,Quality,3,3,9,Medium,Systems Lead,20260731,20260811,,2026-07-31,2026-08-11,,Monitoring,In Progress,0,0
4184,RI-837-02,837,Risk,Contractor transition may reduce throughput — Sustainable Operations Analytics,Resource,3,3,9,Medium,Security Lead,20260616,20260811,,2026-06-16,2026-08-11,,Monitoring,In Progress,0,0
4185,RI-837-03,837,Risk,Prototype result may require architecture rework — Sustainable Operations Analytics,Technical,4,4,16,High,Supplier Manager,20260209,20260614,,2026-02-09,2026-06-14,,Mitigated,Completed,0,0
4186,RI-837-04,837,Risk,Review capacity is concentrated in one role,Resource,2,4,8,Medium,Release Manager,20260208,20260331,,2026-02-08,2026-03-31,,Monitoring,In Progress,0,1
4187,RI-837-05,837,Issue,Backfill timing creates a capacity gap — Sustainable Operations Analytics,Resource,4,3,12,High,Technical Lead,20260424,20260811,,2026-04-24,2026-08-11,,Monitoring,In Progress,0,0
4188,RI-837-06,837,Risk,Specialist rate mix is above plan,Cost,2,2,4,Low,Systems Lead,20260722,20260811,,2026-07-22,2026-08-11,,Open,Not Started,0,0
4189,RI-838-01,838,Risk,Performance margin may not meet the target — Sustainable Operations Platform,Technical,3,2,6,Medium,Finance Partner,20260325,20260724,,2026-03-25,2026-07-24,,Mitigated,Completed,0,0
4190,RI-838-02,838,Risk,Regression scope may exceed the test window,Quality,3,2,6,Medium,Data Lead,20260531,20260802,20260701,2026-05-31,2026-08-02,2026-07-01,Closed,Completed,0,0
4191,RI-838-03,838,Issue,Performance margin may not meet the target,Technical,4,2,8,Medium,Project Manager,20260312,20260621,20260707,2026-03-12,2026-06-21,2026-07-07,Closed,Completed,0,0
4192,RI-838-04,838,Risk,Performance margin may not meet the target,Technical,3,5,15,High,Product Owner,20260203,20260415,20260511,2026-02-03,2026-04-15,2026-05-11,Closed,Completed,0,0
4193,RI-838-05,838,Risk,Prototype result may require architecture rework,Technical,3,3,9,Medium,Quality Lead,20260216,20260618,,2026-02-16,2026-06-18,,Mitigated,Completed,0,0
4194,RI-838-06,838,Issue,Review capacity is concentrated in one role — Sustainable Operations Platform,Resource,4,3,12,High,Finance Partner,20260416,20260720,,2026-04-16,2026-07-20,,Monitoring,In Progress,0,1
4195,RI-838-07,838,Risk,Committed spend limits recovery options,Cost,2,2,4,Low,Data Lead,20260714,20260811,,2026-07-14,2026-08-11,,Monitoring,Completed,0,0
4196,RI-839-01,839,Issue,Supplier lead time threatens the next gate,Schedule,1,4,4,Low,Release Manager,20260312,20260604,,2026-03-12,2026-06-04,,Monitoring,Completed,0,1
4197,RI-839-02,839,Risk,Regression scope may exceed the test window,Quality,1,3,3,Low,Technical Lead,20260331,20260610,,2026-03-31,2026-06-10,,Open,In Progress,0,1
4198,RI-839-03,839,Issue,Test environment availability may move the baseline — Sustainable Operations Optimization,Schedule,2,3,6,Medium,Systems Lead,20260116,20260513,,2026-01-16,2026-05-13,,Mitigated,Completed,0,0
4199,RI-839-04,839,Issue,Legacy data quality could require redesign — Sustainable Operations Optimization,Technical,4,4,16,High,Security Lead,20260210,20260522,20260406,2026-02-10,2026-05-22,2026-04-06,Closed,Completed,0,0
4200,RI-839-05,839,Risk,Security approval is on the critical path — Sustainable Operations Optimization,Dependency,3,3,9,Medium,Supplier Manager,20260628,20260811,,2026-06-28,2026-08-11,,Open,Not Started,0,0
4201,RI-839-06,839,Risk,Pilot readiness depends on unresolved actions,Schedule,3,2,6,Medium,Release Manager,20260606,20260811,,2026-06-06,2026-08-11,,Monitoring,In Progress,0,0
4202,RI-840-01,840,Risk,Late design decision may affect downstream work,Schedule,4,3,12,High,Product Owner,20260721,20260811,,2026-07-21,2026-08-11,,Monitoring,In Progress,0,0
4203,RI-840-02,840,Risk,Critical skill coverage is below demand,Resource,3,3,9,Medium,Quality Lead,20260606,20260811,,2026-06-06,2026-08-11,,Open,Not Started,0,0
4204,RI-840-03,840,Risk,Performance margin may not meet the target — Sustainable Operations Integration,Technical,4,2,8,Medium,Finance Partner,20260312,20260506,20260524,2026-03-12,2026-05-06,2026-05-24,Closed,Completed,0,0
4205,RI-841-01,841,Risk,Release window has limited recovery float — Sustainable Operations Transformation,Schedule,3,3,9,Medium,Security Lead,20260221,20260519,,2026-02-21,2026-05-19,,Mitigated,Completed,0,0
4206,RI-841-02,841,Risk,Release window has limited recovery float — Sustainable Operations Transformation,Schedule,3,2,6,Medium,Supplier Manager,20260630,20260811,,2026-06-30,2026-08-11,,Monitoring,In Progress,0,0
4207,RI-841-03,841,Risk,Competing portfolio priority constrains staffing — Sustainable Operations Transformation,Resource,2,2,4,Low,Release Manager,20260805,20260811,,2026-08-05,2026-08-11,,Monitoring,In Progress,0,0
4208,RI-842-01,842,Risk,Cloud run cost is trending above the baseline,Cost,3,4,12,High,Data Lead,20260726,20260811,,2026-07-26,2026-08-11,,Open,Not Started,0,0
4209,RI-842-02,842,Risk,Legacy data quality could require redesign — Sustainable Operations Enablement,Technical,2,2,4,Low,Project Manager,20260419,20260604,,2026-04-19,2026-06-04,,Monitoring,In Progress,0,1
4210,RI-842-03,842,Risk,Backfill timing creates a capacity gap,Resource,3,2,6,Medium,Product Owner,20260702,20260811,,2026-07-02,2026-08-11,,Open,In Progress,0,0
4211,RI-842-04,842,Issue,Review capacity is concentrated in one role,Resource,5,5,25,Critical,Quality Lead,20260404,20260802,20260627,2026-04-04,2026-08-02,2026-06-27,Closed,Completed,0,0
4212,RI-842-05,842,Risk,Regression scope may exceed the test window,Quality,4,4,16,High,Finance Partner,20260602,20260811,,2026-06-02,2026-08-11,,Open,Not Started,0,0
4213,RI-843-01,843,Risk,Regression scope may exceed the test window,Quality,5,2,10,Medium,Technical Lead,20260615,20260811,,2026-06-15,2026-08-11,,Open,Not Started,0,0
4214,RI-843-02,843,Risk,Environment parity is not yet demonstrated — Sustainable Operations Acceleration,Technical,3,4,12,High,Systems Lead,20260412,20260617,,2026-04-12,2026-06-17,,Mitigated,Completed,0,0
4215,RI-843-03,843,Issue,Test environment availability may move the baseline — Sustainable Operations Acceleration,Schedule,5,1,5,Low,Security Lead,20260801,20260811,,2026-08-01,2026-08-11,,Mitigated,Completed,0,0
4216,RI-844-01,844,Risk,Prototype result may require architecture rework,Technical,2,4,8,Medium,Quality Lead,20260705,20260811,,2026-07-05,2026-08-11,,Monitoring,In Progress,0,0
4217,RI-844-02,844,Risk,Field issue recurrence needs containment — Sustainable Operations Orchestration,Quality,5,3,15,High,Finance Partner,20260223,20260605,,2026-02-23,2026-06-05,,Mitigated,Completed,0,0
4218,RI-844-03,844,Issue,Platform release timing may create a mismatch — Sustainable Operations Orchestration,Dependency,4,4,16,High,Data Lead,20260520,20260811,,2026-05-20,2026-08-11,,Mitigated,Completed,0,0
4219,RI-844-04,844,Issue,Integration sequence may compress validation — Sustainable Operations Orchestration,Schedule,2,3,6,Medium,Project Manager,20260402,20260624,,2026-04-02,2026-06-24,,Monitoring,In Progress,0,1
4220,RI-844-05,844,Risk,Environment parity is not yet demonstrated — Sustainable Operations Orchestration,Technical,2,1,2,Low,Product Owner,20260620,20260811,,2026-06-20,2026-08-11,,Open,Not Started,0,0
4221,RI-845-01,845,Risk,Supplier lead time threatens the next gate — Sustainable Operations Intelligence,Schedule,3,2,6,Medium,Supplier Manager,20260307,20260529,,2026-03-07,2026-05-29,,Mitigated,Completed,0,0
4222,RI-845-02,845,Risk,Traceability coverage requires remediation,Quality,1,4,4,Low,Release Manager,20260417,20260628,20260421,2026-04-17,2026-06-28,2026-04-21,Closed,Completed,0,0
4223,RI-845-03,845,Risk,Environment parity is not yet demonstrated — Sustainable Operations Intelligence,Technical,2,3,6,Medium,Technical Lead,20260727,20260811,,2026-07-27,2026-08-11,,Monitoring,In Progress,0,0
4224,RI-846-01,846,Risk,Test environment availability may move the baseline — Sustainable Reliability Modernization,Schedule,3,2,6,Medium,Project Manager,20260408,20260629,20260525,2026-04-08,2026-06-29,2026-05-25,Closed,Completed,0,0
4225,RI-846-02,846,Risk,Pilot readiness depends on unresolved actions,Schedule,2,2,4,Low,Product Owner,20260518,20260811,,2026-05-18,2026-08-11,,Mitigated,Completed,0,0
4226,RI-846-03,846,Risk,Rework could consume management reserve — Sustainable Reliability Modernization,Cost,3,4,12,High,Quality Lead,20260706,20260811,,2026-07-06,2026-08-11,,Open,Not Started,0,0
4227,RI-846-04,846,Issue,Verification evidence is incomplete,Quality,5,2,10,Medium,Finance Partner,20260620,20260811,,2026-06-20,2026-08-11,,Mitigated,Completed,0,0
4228,RI-847-01,847,Issue,Late design decision may affect downstream work,Schedule,4,3,12,High,Systems Lead,20260724,20260811,,2026-07-24,2026-08-11,,Open,In Progress,0,0
4229,RI-847-02,847,Risk,Pilot readiness depends on unresolved actions — Sustainable Reliability Analytics,Schedule,3,3,9,Medium,Security Lead,20260401,20260704,,2026-04-01,2026-07-04,,Mitigated,Completed,0,0
4230,RI-847-03,847,Risk,Defect closure rate may miss the exit criterion — Sustainable Reliability Analytics,Quality,3,1,3,Low,Supplier Manager,20260212,20260407,,2026-02-12,2026-04-07,,Mitigated,Completed,0,0
4231,RI-847-04,847,Risk,Backfill timing creates a capacity gap,Resource,2,3,6,Medium,Release Manager,20260314,20260519,,2026-03-14,2026-05-19,,Mitigated,Completed,0,0
4232,RI-847-05,847,Risk,Security approval is on the critical path,Dependency,2,4,8,Medium,Technical Lead,20260715,20260811,,2026-07-15,2026-08-11,,Monitoring,Completed,0,0
4233,RI-848-01,848,Risk,Cloud run cost is trending above the baseline — Sustainable Reliability Platform,Cost,4,4,16,High,Finance Partner,20260513,20260729,20260628,2026-05-13,2026-07-29,2026-06-28,Closed,Completed,0,0
4234,RI-848-02,848,Risk,Shared engineer availability may delay delivery,Resource,5,4,20,Critical,Data Lead,20260715,20260811,,2026-07-15,2026-08-11,,Open,In Progress,1,0
4235,RI-848-03,848,Risk,Field issue recurrence needs containment — Sustainable Reliability Platform,Quality,3,3,9,Medium,Project Manager,20251106,20260329,,2025-11-06,2026-03-29,,Monitoring,In Progress,0,1
4236,RI-848-04,848,Risk,Rework could consume management reserve,Cost,3,4,12,High,Product Owner,20260606,20260811,,2026-06-06,2026-08-11,,Open,Not Started,0,0
4237,RI-848-05,848,Risk,Competing portfolio priority constrains staffing,Resource,2,3,6,Medium,Quality Lead,20260725,20260811,,2026-07-25,2026-08-11,,Monitoring,Completed,0,0
4238,RI-848-06,848,Issue,Interface behavior remains unproven,Technical,4,1,4,Low,Finance Partner,20260725,20260811,,2026-07-25,2026-08-11,,Monitoring,In Progress,0,0
4239,RI-849-01,849,Risk,Integration sequence may compress validation — Sustainable Reliability Optimization,Schedule,2,4,8,Medium,Release Manager,20260317,20260627,20260723,2026-03-17,2026-06-27,2026-07-23,Closed,Completed,0,0
4240,RI-849-02,849,Issue,Critical skill coverage is below demand,Resource,4,5,20,Critical,Technical Lead,20260516,20260811,,2026-05-16,2026-08-11,,Mitigated,Completed,0,0
4241,RI-849-03,849,Issue,Late design decision may affect downstream work — Sustainable Reliability Optimization,Schedule,4,1,4,Low,Systems Lead,20260719,20260811,,2026-07-19,2026-08-11,,Mitigated,Completed,0,0
4242,RI-850-01,850,Risk,Vendor component readiness is uncertain,Dependency,1,1,1,Low,Product Owner,20260613,20260811,,2026-06-13,2026-08-11,,Open,Not Started,0,0
4243,RI-850-02,850,Risk,Legacy data quality could require redesign,Technical,3,4,12,High,Quality Lead,20260111,20260528,,2026-01-11,2026-05-28,,Mitigated,Completed,0,0
4244,RI-850-03,850,Risk,Review capacity is concentrated in one role,Resource,3,2,6,Medium,Finance Partner,20260729,20260811,,2026-07-29,2026-08-11,,Monitoring,In Progress,0,0
4245,RI-850-04,850,Risk,Test environment availability may move the baseline,Schedule,3,3,9,Medium,Data Lead,20260728,20260811,,2026-07-28,2026-08-11,,Monitoring,Completed,0,0
4246,RI-850-05,850,Risk,Interface behavior remains unproven — Sustainable Reliability Integration,Technical,2,4,8,Medium,Project Manager,20260729,20260811,,2026-07-29,2026-08-11,,Open,In Progress,0,0
4247,RI-850-06,850,Issue,Prototype result may require architecture rework — Sustainable Reliability Integration,Technical,4,4,16,High,Product Owner,20260214,20260611,20260405,2026-02-14,2026-06-11,2026-04-05,Closed,Completed,0,0
4248,RI-851-01,851,Issue,Supplier lead time threatens the next gate,Schedule,3,5,15,High,Security Lead,20260427,20260714,,2026-04-27,2026-07-14,,Open,Not Started,0,1
4249,RI-851-02,851,Risk,Regression scope may exceed the test window — Sustainable Reliability Transformation,Quality,5,4,20,Critical,Supplier Manager,20260208,20260317,,2026-02-08,2026-03-17,,Monitoring,In Progress,1,1
4250,RI-851-03,851,Issue,Late design decision may affect downstream work — Sustainable Reliability Transformation,Schedule,3,5,15,High,Release Manager,20260409,20260703,20260608,2026-04-09,2026-07-03,2026-06-08,Closed,Completed,0,0
4251,RI-851-04,851,Risk,Pilot readiness depends on unresolved actions — Sustainable Reliability Transformation,Schedule,3,2,6,Medium,Technical Lead,20260329,20260723,,2026-03-29,2026-07-23,,Mitigated,Completed,0,0
4252,RI-852-01,852,Risk,Performance margin may not meet the target — Sustainable Reliability Enablement,Technical,2,2,4,Low,Data Lead,20260512,20260712,,2026-05-12,2026-07-12,,Monitoring,Completed,0,1
4253,RI-852-02,852,Risk,Late design decision may affect downstream work,Schedule,1,4,4,Low,Project Manager,20260621,20260811,,2026-06-21,2026-08-11,,Open,In Progress,0,0
4254,RI-852-03,852,Risk,Legacy data quality could require redesign — Sustainable Reliability Enablement,Technical,3,2,6,Medium,Product Owner,20260415,20260730,,2026-04-15,2026-07-30,,Monitoring,In Progress,0,1
4255,RI-852-04,852,Risk,Competing portfolio priority constrains staffing,Resource,3,4,12,High,Quality Lead,20260326,20260605,20260703,2026-03-26,2026-06-05,2026-07-03,Closed,Completed,0,0
4256,RI-853-01,853,Risk,Upstream data contract remains unresolved — Sustainable Reliability Acceleration,Dependency,1,3,3,Low,Technical Lead,20260429,20260702,20260522,2026-04-29,2026-07-02,2026-05-22,Closed,Completed,0,0
4257,RI-853-02,853,Risk,Upstream data contract remains unresolved,Dependency,3,2,6,Medium,Systems Lead,20260321,20260516,,2026-03-21,2026-05-16,,Mitigated,Completed,0,0
4258,RI-853-03,853,Issue,Platform release timing may create a mismatch,Dependency,1,2,2,Low,Security Lead,20260114,20260326,20260417,2026-01-14,2026-03-26,2026-04-17,Closed,Completed,0,0
4259,RI-853-04,853,Risk,Traceability coverage requires remediation — Sustainable Reliability Acceleration,Quality,1,4,4,Low,Supplier Manager,20260706,20260811,,2026-07-06,2026-08-11,,Mitigated,Completed,0,0
4260,RI-853-05,853,Risk,Verification evidence is incomplete — Sustainable Reliability Acceleration,Quality,1,3,3,Low,Release Manager,20260625,20260811,,2026-06-25,2026-08-11,,Open,Not Started,0,0
4261,RI-854-01,854,Risk,Security approval is on the critical path — Sustainable Reliability Orchestration,Dependency,4,4,16,High,Quality Lead,20260512,20260811,,2026-05-12,2026-08-11,,Monitoring,In Progress,0,0
4262,RI-854-02,854,Issue,Competing portfolio priority constrains staffing,Resource,2,3,6,Medium,Finance Partner,20260803,20260811,,2026-08-03,2026-08-11,,Open,In Progress,0,0
4263,RI-854-03,854,Risk,Specialist rate mix is above plan — Sustainable Reliability Orchestration,Cost,2,4,8,Medium,Data Lead,20251022,20260130,,2025-10-22,2026-01-30,,Open,Not Started,0,1
4264,RI-855-01,855,Risk,Security approval is on the critical path,Dependency,1,4,4,Low,Supplier Manager,20260323,20260723,,2026-03-23,2026-07-23,,Open,Not Started,0,1
4265,RI-855-02,855,Risk,Technical debt may complicate integration,Technical,4,4,16,High,Release Manager,20251210,20260317,20260317,2025-12-10,2026-03-17,2026-03-17,Closed,Not Required,0,0
4266,RI-855-03,855,Risk,Customer test access is not yet confirmed — Sustainable Reliability Intelligence,Dependency,3,3,9,Medium,Technical Lead,20260110,20260317,,2026-01-10,2026-03-17,,Open,Not Started,0,1
4267,RI-855-04,855,Issue,Defect closure rate may miss the exit criterion,Quality,2,4,8,Medium,Systems Lead,20260405,20260612,,2026-04-05,2026-06-12,,Monitoring,Completed,0,1
4268,RI-855-05,855,Risk,Upstream data contract remains unresolved — Sustainable Reliability Intelligence,Dependency,2,4,8,Medium,Security Lead,20260506,20260809,,2026-05-06,2026-08-09,,Mitigated,Completed,0,0
4269,RI-855-06,855,Risk,Interface behavior remains unproven — Sustainable Reliability Intelligence,Technical,2,2,4,Low,Supplier Manager,20260516,20260811,,2026-05-16,2026-08-11,,Mitigated,Completed,0,0
4270,RI-856-01,856,Risk,Security approval is on the critical path — Sustainable Controls Modernization,Dependency,1,1,1,Low,Project Manager,20260403,20260617,,2026-04-03,2026-06-17,,Mitigated,Completed,0,0
4271,RI-856-02,856,Risk,Prototype result may require architecture rework,Technical,2,3,6,Medium,Product Owner,20260214,20260511,20260529,2026-02-14,2026-05-11,2026-05-29,Closed,Completed,0,0
4272,RI-856-03,856,Risk,Prototype result may require architecture rework,Technical,3,2,6,Medium,Quality Lead,20260121,20260327,20260425,2026-01-21,2026-03-27,2026-04-25,Closed,Completed,0,0
4273,RI-857-01,857,Risk,Prototype result may require architecture rework — Sustainable Controls Analytics,Technical,3,2,6,Medium,Systems Lead,20260707,20260811,,2026-07-07,2026-08-11,,Monitoring,In Progress,0,0
4274,RI-857-02,857,Risk,Platform release timing may create a mismatch,Dependency,1,5,5,Low,Security Lead,20260624,20260811,20260626,2026-06-24,2026-08-11,2026-06-26,Closed,Completed,0,0
4275,RI-857-03,857,Issue,Critical skill coverage is below demand — Sustainable Controls Analytics,Resource,4,3,12,High,Supplier Manager,20260503,20260613,,2026-05-03,2026-06-13,,Mitigated,Completed,0,0
4276,RI-858-01,858,Issue,Rework could consume management reserve,Cost,3,3,9,Medium,Finance Partner,20260727,20260811,20260802,2026-07-27,2026-08-11,2026-08-02,Closed,Completed,0,0
4277,RI-858-02,858,Issue,Material quotation may exceed the estimate,Cost,3,2,6,Medium,Data Lead,20260426,20260811,,2026-04-26,2026-08-11,,Open,Not Started,0,0
4278,RI-858-03,858,Risk,Test environment availability may move the baseline — Sustainable Controls Platform,Schedule,4,1,4,Low,Project Manager,20260423,20260624,20260611,2026-04-23,2026-06-24,2026-06-11,Closed,Completed,0,0
4279,RI-858-04,858,Risk,Customer test access is not yet confirmed,Dependency,4,2,8,Medium,Product Owner,20260728,20260811,,2026-07-28,2026-08-11,,Monitoring,Completed,0,0
4280,RI-859-01,859,Risk,Prototype result may require architecture rework,Technical,3,3,9,Medium,Release Manager,20260718,20260811,,2026-07-18,2026-08-11,,Open,In Progress,0,0
4281,RI-859-02,859,Risk,Committed spend limits recovery options,Cost,2,4,8,Medium,Technical Lead,20260418,20260717,20260425,2026-04-18,2026-07-17,2026-04-25,Closed,Completed,0,0
4282,RI-859-03,859,Risk,Security approval is on the critical path,Dependency,5,4,20,Critical,Systems Lead,20260307,20260511,,2026-03-07,2026-05-11,,Mitigated,Completed,0,0
4283,RI-859-04,859,Risk,Shared engineer availability may delay delivery — Sustainable Controls Optimization,Resource,3,4,12,High,Security Lead,20260427,20260615,20260518,2026-04-27,2026-06-15,2026-05-18,Closed,Completed,0,0
4284,RI-859-05,859,Risk,Acceptance criteria remain partially ambiguous,Quality,3,5,15,High,Supplier Manager,20260811,20260811,20260811,2026-08-11,2026-08-11,2026-08-11,Closed,Completed,0,0
4285,RI-860-01,860,Risk,Critical skill coverage is below demand,Resource,4,4,16,High,Product Owner,20260709,20260811,,2026-07-09,2026-08-11,,Open,In Progress,0,0
4286,RI-860-02,860,Issue,Scope clarification may require a budget change,Cost,2,4,8,Medium,Quality Lead,20260521,20260811,,2026-05-21,2026-08-11,,Monitoring,In Progress,0,0
4287,RI-860-03,860,Issue,Committed spend limits recovery options — Sustainable Controls Integration,Cost,3,3,9,Medium,Finance Partner,20260806,20260811,,2026-08-06,2026-08-11,,Mitigated,Completed,0,0
4288,RI-861-01,861,Risk,Shared engineer availability may delay delivery — Sustainable Controls Transformation,Resource,2,4,8,Medium,Security Lead,20260325,20260609,,2026-03-25,2026-06-09,,Monitoring,In Progress,0,1
4289,RI-861-02,861,Issue,Scope clarification may require a budget change,Cost,1,2,2,Low,Supplier Manager,20251112,20260125,,2025-11-12,2026-01-25,,Mitigated,Completed,0,0
4290,RI-861-03,861,Risk,Late design decision may affect downstream work — Sustainable Controls Transformation,Schedule,3,4,12,High,Release Manager,20260211,20260402,20260316,2026-02-11,2026-04-02,2026-03-16,Closed,Completed,0,0
4291,RI-861-04,861,Risk,Committed spend limits recovery options,Cost,2,5,10,Medium,Technical Lead,20260604,20260726,20260616,2026-06-04,2026-07-26,2026-06-16,Closed,Completed,0,0
4292,RI-861-05,861,Risk,Field issue recurrence needs containment,Quality,5,2,10,Medium,Systems Lead,20260510,20260811,,2026-05-10,2026-08-11,,Open,In Progress,0,0
4293,RI-861-06,861,Issue,Contractor transition may reduce throughput,Resource,2,3,6,Medium,Security Lead,20260302,20260618,20260606,2026-03-02,2026-06-18,2026-06-06,Closed,Completed,0,0
4294,RI-861-07,861,Issue,Supplier lead time threatens the next gate — Sustainable Controls Transformation,Schedule,2,2,4,Low,Supplier Manager,20260330,20260607,,2026-03-30,2026-06-07,,Mitigated,Completed,0,0
4295,RI-862-01,862,Issue,Acceptance criteria remain partially ambiguous,Quality,2,3,6,Medium,Data Lead,20260406,20260705,,2026-04-06,2026-07-05,,Mitigated,Completed,0,0
4296,RI-862-02,862,Risk,Specialist rate mix is above plan,Cost,2,4,8,Medium,Project Manager,20260713,20260811,,2026-07-13,2026-08-11,,Open,Not Started,0,0
4297,RI-862-03,862,Risk,Material quotation may exceed the estimate,Cost,3,2,6,Medium,Product Owner,20260403,20260722,,2026-04-03,2026-07-22,,Mitigated,Completed,0,0
4298,RI-862-04,862,Issue,Competing portfolio priority constrains staffing — Sustainable Controls Enablement,Resource,3,3,9,Medium,Quality Lead,20260521,20260811,,2026-05-21,2026-08-11,,Open,Not Started,0,0
4299,RI-862-05,862,Issue,Prototype result may require architecture rework,Technical,4,3,12,High,Finance Partner,20260405,20260528,,2026-04-05,2026-05-28,,Mitigated,Completed,0,0
4300,RI-862-06,862,Risk,Backfill timing creates a capacity gap — Sustainable Controls Enablement,Resource,3,1,3,Low,Data Lead,20260613,20260811,,2026-06-13,2026-08-11,,Monitoring,In Progress,0,0
4301,RI-863-01,863,Risk,Committed spend limits recovery options,Cost,3,3,9,Medium,Technical Lead,20260410,20260722,,2026-04-10,2026-07-22,,Open,In Progress,0,1
4302,RI-863-02,863,Risk,Legacy data quality could require redesign — Sustainable Controls Acceleration,Technical,2,5,10,Medium,Systems Lead,20260709,20260811,,2026-07-09,2026-08-11,,Monitoring,In Progress,0,0
4303,RI-863-03,863,Risk,Rework could consume management reserve,Cost,3,2,6,Medium,Security Lead,20260523,20260811,,2026-05-23,2026-08-11,,Monitoring,Completed,0,0
4304,RI-863-04,863,Risk,Acceptance criteria remain partially ambiguous — Sustainable Controls Acceleration,Quality,2,4,8,Medium,Supplier Manager,20260611,20260724,20260730,2026-06-11,2026-07-24,2026-07-30,Closed,Completed,0,0
4305,RI-863-05,863,Risk,Review capacity is concentrated in one role — Sustainable Controls Acceleration,Resource,4,4,16,High,Release Manager,20260114,20260329,,2026-01-14,2026-03-29,,Mitigated,Completed,0,0
4306,RI-864-01,864,Issue,Performance margin may not meet the target,Technical,3,3,9,Medium,Quality Lead,20260321,20260802,,2026-03-21,2026-08-02,,Mitigated,Completed,0,0
4307,RI-864-02,864,Risk,Test environment availability may move the baseline — Sustainable Controls Orchestration,Schedule,2,2,4,Low,Finance Partner,20260405,20260606,,2026-04-05,2026-06-06,,Monitoring,In Progress,0,1
4308,RI-864-03,864,Risk,Review capacity is concentrated in one role,Resource,5,3,15,High,Data Lead,20260721,20260811,,2026-07-21,2026-08-11,,Open,In Progress,0,0
4309,RI-864-04,864,Issue,Interface behavior remains unproven,Technical,4,4,16,High,Project Manager,20260407,20260613,,2026-04-07,2026-06-13,,Mitigated,Completed,0,0
4310,RI-865-01,865,Risk,Technical debt may complicate integration,Technical,2,2,4,Low,Supplier Manager,20260317,20260524,,2026-03-17,2026-05-24,,Mitigated,Completed,0,0
4311,RI-865-02,865,Risk,Supplier lead time threatens the next gate — Sustainable Controls Intelligence,Schedule,3,2,6,Medium,Release Manager,20251105,20260118,,2025-11-05,2026-01-18,,Mitigated,Completed,0,0
4312,RI-865-03,865,Risk,Material quotation may exceed the estimate,Cost,4,4,16,High,Technical Lead,20260219,20260603,,2026-02-19,2026-06-03,,Mitigated,Completed,0,0
4313,RI-866-01,866,Issue,Critical skill coverage is below demand — Sustainable Telemetry Modernization,Resource,4,3,12,High,Project Manager,20260501,20260722,20260726,2026-05-01,2026-07-22,2026-07-26,Closed,Completed,0,0
4314,RI-866-02,866,Issue,Contractor transition may reduce throughput — Sustainable Telemetry Modernization,Resource,1,4,4,Low,Product Owner,20260731,20260811,,2026-07-31,2026-08-11,,Mitigated,Completed,0,0
4315,RI-866-03,866,Risk,Competing portfolio priority constrains staffing,Resource,2,1,2,Low,Quality Lead,20260318,20260604,,2026-03-18,2026-06-04,,Mitigated,Completed,0,0
4316,RI-866-04,866,Risk,Legacy data quality could require redesign,Technical,4,2,8,Medium,Finance Partner,20260628,20260811,20260705,2026-06-28,2026-08-11,2026-07-05,Closed,Completed,0,0
4317,RI-866-05,866,Issue,Supplier lead time threatens the next gate,Schedule,3,4,12,High,Data Lead,20260706,20260811,,2026-07-06,2026-08-11,,Monitoring,Completed,0,0
4318,RI-866-06,866,Issue,Cloud run cost is trending above the baseline,Cost,3,3,9,Medium,Project Manager,20260726,20260811,,2026-07-26,2026-08-11,,Monitoring,In Progress,0,0
4319,RI-867-01,867,Risk,Test environment availability may move the baseline — Sustainable Telemetry Analytics,Schedule,3,3,9,Medium,Systems Lead,20260322,20260527,,2026-03-22,2026-05-27,,Monitoring,In Progress,0,1
4320,RI-867-02,867,Risk,Interface behavior remains unproven — Sustainable Telemetry Analytics,Technical,5,3,15,High,Security Lead,20260401,20260614,,2026-04-01,2026-06-14,,Mitigated,Completed,0,0
4321,RI-867-03,867,Risk,Technical debt may complicate integration,Technical,2,3,6,Medium,Supplier Manager,20260707,20260811,20260811,2026-07-07,2026-08-11,2026-08-11,Closed,Completed,0,0
4322,RI-868-01,868,Issue,Review capacity is concentrated in one role,Resource,3,3,9,Medium,Finance Partner,20260210,20260501,,2026-02-10,2026-05-01,,Mitigated,Completed,0,0
4323,RI-868-02,868,Issue,Contractor transition may reduce throughput,Resource,2,3,6,Medium,Data Lead,20260129,20260424,20260212,2026-01-29,2026-04-24,2026-02-12,Closed,Completed,0,0
4324,RI-868-03,868,Risk,Prototype result may require architecture rework — Sustainable Telemetry Platform,Technical,5,2,10,Medium,Project Manager,20260211,20260407,,2026-02-11,2026-04-07,,Monitoring,In Progress,0,1
4325,RI-868-04,868,Issue,Verification evidence is incomplete — Sustainable Telemetry Platform,Quality,3,4,12,High,Product Owner,20260203,20260409,,2026-02-03,2026-04-09,,Monitoring,In Progress,0,1
4326,RI-868-05,868,Risk,Verification evidence is incomplete — Sustainable Telemetry Platform,Quality,4,2,8,Medium,Quality Lead,20260417,20260811,,2026-04-17,2026-08-11,,Mitigated,Completed,0,0
4327,RI-868-06,868,Risk,Review capacity is concentrated in one role — Sustainable Telemetry Platform,Resource,5,5,25,Critical,Finance Partner,20260207,20260321,,2026-02-07,2026-03-21,,Open,In Progress,1,1
4328,RI-868-07,868,Risk,Critical skill coverage is below demand — Sustainable Telemetry Platform,Resource,2,4,8,Medium,Data Lead,20260112,20260419,20260507,2026-01-12,2026-04-19,2026-05-07,Closed,Not Required,0,0
4329,RI-869-01,869,Issue,Environment parity is not yet demonstrated — Sustainable Telemetry Optimization,Technical,3,2,6,Medium,Release Manager,20260803,20260811,,2026-08-03,2026-08-11,,Monitoring,In Progress,0,0
4330,RI-869-02,869,Issue,Late design decision may affect downstream work,Schedule,4,2,8,Medium,Technical Lead,20260621,20260811,20260624,2026-06-21,2026-08-11,2026-06-24,Closed,Completed,0,0
4331,RI-869-03,869,Risk,Rework could consume management reserve,Cost,2,4,8,Medium,Systems Lead,20260630,20260811,,2026-06-30,2026-08-11,,Open,Not Started,0,0
4332,RI-869-04,869,Risk,Verification evidence is incomplete,Quality,3,2,6,Medium,Security Lead,20260621,20260811,,2026-06-21,2026-08-11,,Open,In Progress,0,0
4333,RI-869-05,869,Risk,Contractor transition may reduce throughput,Resource,3,3,9,Medium,Supplier Manager,20260120,20260405,20260303,2026-01-20,2026-04-05,2026-03-03,Closed,Completed,0,0
4334,RI-869-06,869,Issue,Interface behavior remains unproven — Sustainable Telemetry Optimization,Technical,3,4,12,High,Release Manager,20260725,20260811,,2026-07-25,2026-08-11,,Open,Not Started,0,0
4335,RI-869-07,869,Risk,Backfill timing creates a capacity gap — Sustainable Telemetry Optimization,Resource,1,4,4,Low,Technical Lead,20260224,20260430,20260228,2026-02-24,2026-04-30,2026-02-28,Closed,Completed,0,0
4336,RI-870-01,870,Risk,Contractor transition may reduce throughput — Sustainable Telemetry Integration,Resource,4,2,8,Medium,Product Owner,20260605,20260731,,2026-06-05,2026-07-31,,Mitigated,Completed,0,0
4337,RI-870-02,870,Risk,Interface behavior remains unproven,Technical,3,2,6,Medium,Quality Lead,20260602,20260811,,2026-06-02,2026-08-11,,Open,In Progress,0,0
4338,RI-870-03,870,Risk,Cloud run cost is trending above the baseline,Cost,3,4,12,High,Finance Partner,20260713,20260811,,2026-07-13,2026-08-11,,Monitoring,In Progress,0,0
4339,RI-870-04,870,Risk,Review capacity is concentrated in one role — Sustainable Telemetry Integration,Resource,3,3,9,Medium,Data Lead,20260501,20260628,,2026-05-01,2026-06-28,,Mitigated,Completed,0,0
4340,RI-870-05,870,Risk,Material quotation may exceed the estimate,Cost,5,3,15,High,Project Manager,20260518,20260801,,2026-05-18,2026-08-01,,Mitigated,Completed,0,0
4341,RI-870-06,870,Risk,Specialist rate mix is above plan,Cost,4,2,8,Medium,Product Owner,20260519,20260811,,2026-05-19,2026-08-11,,Mitigated,Completed,0,0
4342,RI-871-01,871,Issue,Cloud run cost is trending above the baseline — Sustainable Telemetry Transformation,Cost,2,3,6,Medium,Security Lead,20260524,20260707,,2026-05-24,2026-07-07,,Open,In Progress,0,1
4343,RI-871-02,871,Risk,Competing portfolio priority constrains staffing — Sustainable Telemetry Transformation,Resource,2,3,6,Medium,Supplier Manager,20260305,20260616,20260412,2026-03-05,2026-06-16,2026-04-12,Closed,Completed,0,0
4344,RI-871-03,871,Risk,Defect closure rate may miss the exit criterion,Quality,3,3,9,Medium,Release Manager,20260309,20260503,20260522,2026-03-09,2026-05-03,2026-05-22,Closed,Completed,0,0
4345,RI-871-04,871,Issue,Traceability coverage requires remediation — Sustainable Telemetry Transformation,Quality,2,4,8,Medium,Technical Lead,20260804,20260811,,2026-08-04,2026-08-11,,Open,Not Started,0,0
4346,RI-871-05,871,Risk,Specialist rate mix is above plan,Cost,1,5,5,Low,Systems Lead,20260808,20260811,,2026-08-08,2026-08-11,,Monitoring,In Progress,0,0
4347,RI-872-01,872,Issue,Platform release timing may create a mismatch — Sustainable Telemetry Enablement,Dependency,5,4,20,Critical,Data Lead,20260508,20260629,,2026-05-08,2026-06-29,,Monitoring,In Progress,1,1
4348,RI-872-02,872,Risk,Security approval is on the critical path,Dependency,5,4,20,Critical,Project Manager,20260713,20260811,,2026-07-13,2026-08-11,,Open,In Progress,1,0
4349,RI-872-03,872,Risk,Contractor transition may reduce throughput,Resource,3,2,6,Medium,Product Owner,20260520,20260805,20260523,2026-05-20,2026-08-05,2026-05-23,Closed,Completed,0,0
4350,RI-873-01,873,Risk,Test environment availability may move the baseline,Schedule,3,3,9,Medium,Technical Lead,20251202,20260119,,2025-12-02,2026-01-19,,Monitoring,Completed,0,1
4351,RI-873-02,873,Risk,Late design decision may affect downstream work — Sustainable Telemetry Acceleration,Schedule,2,3,6,Medium,Systems Lead,20260728,20260811,,2026-07-28,2026-08-11,,Mitigated,Completed,0,0
4352,RI-873-03,873,Issue,Cloud run cost is trending above the baseline,Cost,2,3,6,Medium,Security Lead,20260325,20260609,,2026-03-25,2026-06-09,,Monitoring,In Progress,0,1
4353,RI-873-04,873,Risk,Verification evidence is incomplete,Quality,1,5,5,Low,Supplier Manager,20260604,20260719,,2026-06-04,2026-07-19,,Mitigated,Completed,0,0
4354,RI-873-05,873,Issue,Integration sequence may compress validation,Schedule,3,2,6,Medium,Release Manager,20260315,20260609,,2026-03-15,2026-06-09,,Mitigated,Completed,0,0
4355,RI-873-06,873,Risk,Material quotation may exceed the estimate,Cost,3,5,15,High,Technical Lead,20251212,20260215,20260209,2025-12-12,2026-02-15,2026-02-09,Closed,Completed,0,0
4356,RI-873-07,873,Risk,Vendor component readiness is uncertain,Dependency,2,2,4,Low,Systems Lead,20251225,20260508,,2025-12-25,2026-05-08,,Mitigated,Completed,0,0
4357,RI-874-01,874,Risk,Competing portfolio priority constrains staffing,Resource,2,4,8,Medium,Quality Lead,20260328,20260504,20260508,2026-03-28,2026-05-04,2026-05-08,Closed,Completed,0,0
4358,RI-874-02,874,Risk,Verification evidence is incomplete,Quality,3,4,12,High,Finance Partner,20260723,20260811,,2026-07-23,2026-08-11,,Monitoring,Completed,0,0
4359,RI-874-03,874,Risk,Critical skill coverage is below demand,Resource,5,2,10,Medium,Data Lead,20260216,20260329,20260325,2026-02-16,2026-03-29,2026-03-25,Closed,Completed,0,0
4360,RI-874-04,874,Issue,Late design decision may affect downstream work — Sustainable Telemetry Orchestration,Schedule,3,4,12,High,Project Manager,20260320,20260608,,2026-03-20,2026-06-08,,Mitigated,Completed,0,0
4361,RI-875-01,875,Risk,Review capacity is concentrated in one role,Resource,2,4,8,Medium,Supplier Manager,20260811,20260811,,2026-08-11,2026-08-11,,Open,Not Started,0,0
4362,RI-875-02,875,Risk,Security approval is on the critical path,Dependency,2,4,8,Medium,Release Manager,20260711,20260811,,2026-07-11,2026-08-11,,Mitigated,Completed,0,0
4363,RI-875-03,875,Risk,Release window has limited recovery float,Schedule,4,3,12,High,Technical Lead,20260616,20260807,20260624,2026-06-16,2026-08-07,2026-06-24,Closed,Completed,0,0
4364,RI-876-01,876,Risk,Regression scope may exceed the test window — Sustainable Workflow Modernization,Quality,2,3,6,Medium,Project Manager,20260614,20260811,,2026-06-14,2026-08-11,,Open,In Progress,0,0
4365,RI-876-02,876,Issue,Field issue recurrence needs containment,Quality,2,4,8,Medium,Product Owner,20260730,20260811,,2026-07-30,2026-08-11,,Monitoring,In Progress,0,0
4366,RI-876-03,876,Risk,Shared engineer availability may delay delivery,Resource,3,2,6,Medium,Quality Lead,20260505,20260811,,2026-05-05,2026-08-11,,Open,In Progress,0,0
4367,RI-876-04,876,Risk,Verification evidence is incomplete,Quality,5,3,15,High,Finance Partner,20260626,20260811,,2026-06-26,2026-08-11,,Mitigated,Completed,0,0
4368,RI-876-05,876,Risk,Shared engineer availability may delay delivery — Sustainable Workflow Modernization,Resource,4,5,20,Critical,Data Lead,20260601,20260811,,2026-06-01,2026-08-11,,Monitoring,Completed,1,0
4369,RI-877-01,877,Issue,Committed spend limits recovery options,Cost,3,4,12,High,Systems Lead,20260317,20260528,20260412,2026-03-17,2026-05-28,2026-04-12,Closed,Not Required,0,0
4370,RI-877-02,877,Risk,Shared engineer availability may delay delivery,Resource,3,3,9,Medium,Security Lead,20260713,20260811,,2026-07-13,2026-08-11,,Monitoring,In Progress,0,0
4371,RI-877-03,877,Issue,Regression scope may exceed the test window — Sustainable Workflow Analytics,Quality,3,3,9,Medium,Supplier Manager,20260627,20260811,,2026-06-27,2026-08-11,,Open,In Progress,0,0
4372,RI-877-04,877,Risk,Prototype result may require architecture rework,Technical,5,1,5,Low,Release Manager,20260118,20260413,,2026-01-18,2026-04-13,,Open,In Progress,0,1
4373,RI-877-05,877,Risk,Platform release timing may create a mismatch — Sustainable Workflow Analytics,Dependency,2,3,6,Medium,Technical Lead,20260102,20260304,20260105,2026-01-02,2026-03-04,2026-01-05,Closed,Completed,0,0
4374,RI-877-06,877,Risk,Legacy data quality could require redesign,Technical,2,4,8,Medium,Systems Lead,20260224,20260525,20260508,2026-02-24,2026-05-25,2026-05-08,Closed,Not Required,0,0
4375,RI-878-01,878,Risk,Critical skill coverage is below demand,Resource,1,4,4,Low,Finance Partner,20260730,20260811,20260811,2026-07-30,2026-08-11,2026-08-11,Closed,Completed,0,0
4376,RI-878-02,878,Risk,External interface decision is blocking delivery,Dependency,3,1,3,Low,Data Lead,20260619,20260811,,2026-06-19,2026-08-11,,Open,Not Started,0,0
4377,RI-878-03,878,Risk,Field issue recurrence needs containment — Sustainable Workflow Platform,Quality,3,3,9,Medium,Project Manager,20260620,20260811,,2026-06-20,2026-08-11,,Mitigated,Completed,0,0
4378,RI-878-04,878,Issue,Environment parity is not yet demonstrated,Technical,2,5,10,Medium,Product Owner,20260706,20260811,,2026-07-06,2026-08-11,,Mitigated,Completed,0,0
4379,RI-878-05,878,Issue,Technical debt may complicate integration,Technical,2,3,6,Medium,Quality Lead,20260801,20260811,,2026-08-01,2026-08-11,,Mitigated,Completed,0,0
4380,RI-878-06,878,Risk,External interface decision is blocking delivery,Dependency,3,2,6,Medium,Finance Partner,20260605,20260801,20260614,2026-06-05,2026-08-01,2026-06-14,Closed,Completed,0,0
4381,RI-878-07,878,Risk,Contractor transition may reduce throughput,Resource,2,3,6,Medium,Data Lead,20260805,20260811,,2026-08-05,2026-08-11,,Monitoring,In Progress,0,0
4382,RI-879-01,879,Risk,Prototype result may require architecture rework — Sustainable Workflow Optimization,Technical,1,2,2,Low,Release Manager,20260602,20260811,,2026-06-02,2026-08-11,,Monitoring,In Progress,0,0
4383,RI-879-02,879,Issue,Scope clarification may require a budget change — Sustainable Workflow Optimization,Cost,3,5,15,High,Technical Lead,20260423,20260618,20260711,2026-04-23,2026-06-18,2026-07-11,Closed,Completed,0,0
4384,RI-879-03,879,Issue,Backfill timing creates a capacity gap — Sustainable Workflow Optimization,Resource,3,4,12,High,Systems Lead,20260212,20260320,,2026-02-12,2026-03-20,,Monitoring,Completed,0,1
4385,RI-880-01,880,Risk,Environment parity is not yet demonstrated — Sustainable Workflow Integration,Technical,1,3,3,Low,Product Owner,20260303,20260714,20260628,2026-03-03,2026-07-14,2026-06-28,Closed,Completed,0,0
4386,RI-880-02,880,Risk,Technical debt may complicate integration — Sustainable Workflow Integration,Technical,5,1,5,Low,Quality Lead,20260216,20260511,,2026-02-16,2026-05-11,,Open,In Progress,0,1
4387,RI-880-03,880,Issue,Vendor component readiness is uncertain,Dependency,1,5,5,Low,Finance Partner,20260214,20260521,,2026-02-14,2026-05-21,,Mitigated,Completed,0,0
4388,RI-880-04,880,Issue,Material quotation may exceed the estimate — Sustainable Workflow Integration,Cost,5,2,10,Medium,Data Lead,20260520,20260809,,2026-05-20,2026-08-09,,Mitigated,Completed,0,0
4389,RI-880-05,880,Risk,Committed spend limits recovery options,Cost,2,1,2,Low,Project Manager,20260520,20260725,,2026-05-20,2026-07-25,,Monitoring,In Progress,0,1
4390,RI-880-06,880,Issue,Rework could consume management reserve,Cost,3,3,9,Medium,Product Owner,20260519,20260811,,2026-05-19,2026-08-11,,Open,In Progress,0,0
4391,RI-880-07,880,Risk,Performance margin may not meet the target — Sustainable Workflow Integration,Technical,1,5,5,Low,Quality Lead,20260421,20260604,20260612,2026-04-21,2026-06-04,2026-06-12,Closed,Not Required,0,0
4392,RI-881-01,881,Risk,Security approval is on the critical path — Sustainable Workflow Transformation,Dependency,2,5,10,Medium,Security Lead,20260731,20260811,,2026-07-31,2026-08-11,,Open,In Progress,0,0
4393,RI-881-02,881,Risk,Supplier lead time threatens the next gate,Schedule,3,4,12,High,Supplier Manager,20251217,20260131,,2025-12-17,2026-01-31,,Mitigated,Completed,0,0
4394,RI-881-03,881,Issue,Environment parity is not yet demonstrated — Sustainable Workflow Transformation,Technical,1,2,2,Low,Release Manager,20251218,20260330,,2025-12-18,2026-03-30,,Mitigated,Completed,0,0
4395,RI-882-01,882,Risk,Performance margin may not meet the target,Technical,4,4,16,High,Data Lead,20260713,20260811,,2026-07-13,2026-08-11,,Monitoring,In Progress,0,0
4396,RI-882-02,882,Risk,Customer test access is not yet confirmed — Sustainable Workflow Enablement,Dependency,3,1,3,Low,Project Manager,20260409,20260611,,2026-04-09,2026-06-11,,Open,Not Started,0,1
4397,RI-882-03,882,Issue,Regression scope may exceed the test window — Sustainable Workflow Enablement,Quality,4,3,12,High,Product Owner,20260424,20260811,,2026-04-24,2026-08-11,,Open,Not Started,0,0
4398,RI-882-04,882,Issue,Test environment availability may move the baseline,Schedule,2,4,8,Medium,Quality Lead,20260127,20260309,,2026-01-27,2026-03-09,,Open,In Progress,0,1
4399,RI-882-05,882,Risk,Pilot readiness depends on unresolved actions,Schedule,3,5,15,High,Finance Partner,20260610,20260811,,2026-06-10,2026-08-11,,Open,Not Started,0,0
4400,RI-882-06,882,Risk,Rework could consume management reserve,Cost,3,3,9,Medium,Data Lead,20260406,20260722,,2026-04-06,2026-07-22,,Mitigated,Completed,0,0
4401,RI-883-01,883,Risk,Pilot readiness depends on unresolved actions,Schedule,4,1,4,Low,Technical Lead,20260401,20260712,20260728,2026-04-01,2026-07-12,2026-07-28,Closed,Completed,0,0
4402,RI-883-02,883,Risk,Legacy data quality could require redesign,Technical,5,2,10,Medium,Systems Lead,20260724,20260811,,2026-07-24,2026-08-11,,Mitigated,Completed,0,0
4403,RI-883-03,883,Issue,Legacy data quality could require redesign,Technical,3,5,15,High,Security Lead,20260313,20260606,20260519,2026-03-13,2026-06-06,2026-05-19,Closed,Completed,0,0
4404,RI-883-04,883,Risk,Verification evidence is incomplete,Quality,5,2,10,Medium,Supplier Manager,20260528,20260811,,2026-05-28,2026-08-11,,Monitoring,In Progress,0,0
4405,RI-884-01,884,Risk,Backfill timing creates a capacity gap,Resource,3,3,9,Medium,Quality Lead,20260301,20260509,,2026-03-01,2026-05-09,,Open,Not Started,0,1
4406,RI-884-02,884,Risk,Platform release timing may create a mismatch — Sustainable Workflow Orchestration,Dependency,3,3,9,Medium,Finance Partner,20260202,20260319,20260203,2026-02-02,2026-03-19,2026-02-03,Closed,Completed,0,0
4407,RI-884-03,884,Risk,Integration sequence may compress validation,Schedule,2,3,6,Medium,Data Lead,20260413,20260725,,2026-04-13,2026-07-25,,Monitoring,Completed,0,1
4408,RI-884-04,884,Risk,Legacy data quality could require redesign,Technical,2,3,6,Medium,Project Manager,20260514,20260711,,2026-05-14,2026-07-11,,Mitigated,Completed,0,0
4409,RI-884-05,884,Risk,Cloud run cost is trending above the baseline,Cost,3,4,12,High,Product Owner,20260503,20260811,,2026-05-03,2026-08-11,,Monitoring,In Progress,0,0
4410,RI-885-01,885,Risk,Pilot readiness depends on unresolved actions,Schedule,3,4,12,High,Supplier Manager,20260518,20260811,,2026-05-18,2026-08-11,,Monitoring,In Progress,0,0
4411,RI-885-02,885,Issue,Specialist rate mix is above plan — Sustainable Workflow Intelligence,Cost,2,5,10,Medium,Release Manager,20260318,20260517,,2026-03-18,2026-05-17,,Monitoring,In Progress,0,1
4412,RI-885-03,885,Risk,Traceability coverage requires remediation,Quality,4,3,12,High,Technical Lead,20260511,20260622,20260622,2026-05-11,2026-06-22,2026-06-22,Closed,Completed,0,0
4413,RI-885-04,885,Risk,Release window has limited recovery float,Schedule,4,4,16,High,Systems Lead,20260608,20260727,,2026-06-08,2026-07-27,,Open,Not Started,0,1
4414,RI-885-05,885,Risk,Integration sequence may compress validation,Schedule,3,4,12,High,Security Lead,20260215,20260528,,2026-02-15,2026-05-28,,Open,Not Started,0,1
4415,RI-885-06,885,Risk,Regression scope may exceed the test window,Quality,3,1,3,Low,Supplier Manager,20260127,20260515,20260524,2026-01-27,2026-05-15,2026-05-24,Closed,Not Required,0,0
4416,RI-886-01,886,Risk,Vendor component readiness is uncertain — Sustainable Quality Modernization,Dependency,3,3,9,Medium,Project Manager,20260531,20260724,,2026-05-31,2026-07-24,,Mitigated,Completed,0,0
4417,RI-886-02,886,Issue,Critical skill coverage is below demand — Sustainable Quality Modernization,Resource,4,2,8,Medium,Product Owner,20260427,20260615,,2026-04-27,2026-06-15,,Mitigated,Completed,0,0
4418,RI-886-03,886,Risk,Prototype result may require architecture rework,Technical,1,1,1,Low,Quality Lead,20260119,20260504,,2026-01-19,2026-05-04,,Open,In Progress,0,1
4419,RI-886-04,886,Risk,Integration sequence may compress validation — Sustainable Quality Modernization,Schedule,2,3,6,Medium,Finance Partner,20260811,20260811,,2026-08-11,2026-08-11,,Open,Not Started,0,0
4420,RI-887-01,887,Issue,Test environment availability may move the baseline,Schedule,1,4,4,Low,Systems Lead,20260613,20260811,,2026-06-13,2026-08-11,,Open,In Progress,0,0
4421,RI-887-02,887,Risk,Committed spend limits recovery options — Sustainable Quality Analytics,Cost,3,3,9,Medium,Security Lead,20260306,20260709,,2026-03-06,2026-07-09,,Monitoring,Completed,0,1
4422,RI-887-03,887,Risk,Cloud run cost is trending above the baseline — Sustainable Quality Analytics,Cost,2,1,2,Low,Supplier Manager,20260403,20260603,20260613,2026-04-03,2026-06-03,2026-06-13,Closed,Completed,0,0
4423,RI-887-04,887,Issue,Customer test access is not yet confirmed,Dependency,2,3,6,Medium,Release Manager,20260312,20260517,20260407,2026-03-12,2026-05-17,2026-04-07,Closed,Completed,0,0
4424,RI-887-05,887,Issue,Rework could consume management reserve,Cost,2,4,8,Medium,Technical Lead,20260703,20260811,,2026-07-03,2026-08-11,,Open,In Progress,0,0
4425,RI-887-06,887,Issue,Backfill timing creates a capacity gap — Sustainable Quality Analytics,Resource,5,3,15,High,Systems Lead,20260412,20260811,,2026-04-12,2026-08-11,,Mitigated,Completed,0,0
4426,RI-887-07,887,Risk,Late design decision may affect downstream work — Sustainable Quality Analytics,Schedule,2,2,4,Low,Security Lead,20260621,20260811,,2026-06-21,2026-08-11,,Mitigated,Completed,0,0
4427,RI-888-01,888,Risk,Specialist rate mix is above plan,Cost,5,1,5,Low,Finance Partner,20260713,20260811,,2026-07-13,2026-08-11,,Open,In Progress,0,0
4428,RI-888-02,888,Issue,Scope clarification may require a budget change — Sustainable Quality Platform,Cost,2,5,10,Medium,Data Lead,20260602,20260803,20260629,2026-06-02,2026-08-03,2026-06-29,Closed,Completed,0,0
4429,RI-888-03,888,Risk,Integration sequence may compress validation,Schedule,3,2,6,Medium,Project Manager,20260430,20260628,,2026-04-30,2026-06-28,,Open,Not Started,0,1
4430,RI-888-04,888,Risk,Regression scope may exceed the test window — Sustainable Quality Platform,Quality,1,4,4,Low,Product Owner,20260705,20260811,,2026-07-05,2026-08-11,,Open,Not Started,0,0
4431,RI-889-01,889,Risk,Prototype result may require architecture rework,Technical,2,5,10,Medium,Release Manager,20260623,20260811,,2026-06-23,2026-08-11,,Monitoring,In Progress,0,0
4432,RI-889-02,889,Risk,Legacy data quality could require redesign,Technical,2,3,6,Medium,Technical Lead,20260321,20260605,,2026-03-21,2026-06-05,,Mitigated,Completed,0,0
4433,RI-889-03,889,Risk,Defect closure rate may miss the exit criterion,Quality,4,4,16,High,Systems Lead,20260810,20260811,,2026-08-10,2026-08-11,,Open,Not Started,0,0
4434,RI-889-04,889,Issue,Critical skill coverage is below demand,Resource,3,4,12,High,Security Lead,20260518,20260811,,2026-05-18,2026-08-11,,Monitoring,In Progress,0,0
4435,RI-889-05,889,Risk,Acceptance criteria remain partially ambiguous — Sustainable Quality Optimization,Quality,4,3,12,High,Supplier Manager,20260313,20260518,,2026-03-13,2026-05-18,,Monitoring,In Progress,0,1
4436,RI-889-06,889,Risk,Material quotation may exceed the estimate,Cost,1,1,1,Low,Release Manager,20260720,20260811,,2026-07-20,2026-08-11,,Open,In Progress,0,0
4437,RI-890-01,890,Issue,Platform release timing may create a mismatch — Sustainable Quality Integration,Dependency,2,3,6,Medium,Product Owner,20260529,20260809,,2026-05-29,2026-08-09,,Monitoring,In Progress,0,1
4438,RI-890-02,890,Issue,Security approval is on the critical path,Dependency,3,3,9,Medium,Quality Lead,20260614,20260811,,2026-06-14,2026-08-11,,Open,In Progress,0,0
4439,RI-890-03,890,Risk,Competing portfolio priority constrains staffing — Sustainable Quality Integration,Resource,4,4,16,High,Finance Partner,20260523,20260727,20260529,2026-05-23,2026-07-27,2026-05-29,Closed,Completed,0,0
4440,RI-890-04,890,Risk,Contractor transition may reduce throughput,Resource,5,2,10,Medium,Data Lead,20260520,20260630,,2026-05-20,2026-06-30,,Open,In Progress,0,1
4441,RI-890-05,890,Issue,Regression scope may exceed the test window — Sustainable Quality Integration,Quality,1,3,3,Low,Project Manager,20260707,20260811,,2026-07-07,2026-08-11,,Monitoring,In Progress,0,0
4442,RI-891-01,891,Risk,Upstream data contract remains unresolved,Dependency,2,2,4,Low,Security Lead,20251227,20260218,,2025-12-27,2026-02-18,,Mitigated,Completed,0,0
4443,RI-891-02,891,Risk,Platform release timing may create a mismatch — Sustainable Quality Transformation,Dependency,3,4,12,High,Supplier Manager,20260722,20260811,,2026-07-22,2026-08-11,,Monitoring,In Progress,0,0
4444,RI-891-03,891,Risk,Legacy data quality could require redesign — Sustainable Quality Transformation,Technical,2,3,6,Medium,Release Manager,20260420,20260528,,2026-04-20,2026-05-28,,Mitigated,Completed,0,0
4445,RI-891-04,891,Issue,Regression scope may exceed the test window,Quality,4,4,16,High,Technical Lead,20260416,20260621,,2026-04-16,2026-06-21,,Mitigated,Completed,0,0
4446,RI-891-05,891,Issue,Interface behavior remains unproven,Technical,2,4,8,Medium,Systems Lead,20260113,20260308,,2026-01-13,2026-03-08,,Monitoring,In Progress,0,1
4447,RI-892-01,892,Risk,Traceability coverage requires remediation — Sustainable Quality Enablement,Quality,3,1,3,Low,Data Lead,20260721,20260811,,2026-07-21,2026-08-11,,Monitoring,Completed,0,0
4448,RI-892-02,892,Risk,Customer test access is not yet confirmed — Sustainable Quality Enablement,Dependency,3,3,9,Medium,Project Manager,20260810,20260811,,2026-08-10,2026-08-11,,Mitigated,Completed,0,0
4449,RI-892-03,892,Risk,Late design decision may affect downstream work — Sustainable Quality Enablement,Schedule,3,3,9,Medium,Product Owner,20260213,20260516,20260316,2026-02-13,2026-05-16,2026-03-16,Closed,Completed,0,0
4450,RI-892-04,892,Risk,Upstream data contract remains unresolved — Sustainable Quality Enablement,Dependency,4,3,12,High,Quality Lead,20260727,20260811,20260805,2026-07-27,2026-08-11,2026-08-05,Closed,Completed,0,0
4451,RI-892-05,892,Risk,Defect closure rate may miss the exit criterion,Quality,4,3,12,High,Finance Partner,20260604,20260811,,2026-06-04,2026-08-11,,Open,In Progress,0,0
4452,RI-892-06,892,Risk,Performance margin may not meet the target,Technical,2,5,10,Medium,Data Lead,20260626,20260811,,2026-06-26,2026-08-11,,Monitoring,In Progress,0,0
4453,RI-893-01,893,Issue,Interface behavior remains unproven — Sustainable Quality Acceleration,Technical,3,4,12,High,Technical Lead,20260401,20260529,20260426,2026-04-01,2026-05-29,2026-04-26,Closed,Completed,0,0
4454,RI-893-02,893,Issue,Shared engineer availability may delay delivery — Sustainable Quality Acceleration,Resource,5,3,15,High,Systems Lead,20260617,20260730,20260705,2026-06-17,2026-07-30,2026-07-05,Closed,Not Required,0,0
4455,RI-893-03,893,Risk,Shared engineer availability may delay delivery — Sustainable Quality Acceleration,Resource,3,4,12,High,Security Lead,20260418,20260618,20260716,2026-04-18,2026-06-18,2026-07-16,Closed,Completed,0,0
4456,RI-893-04,893,Risk,Release window has limited recovery float — Sustainable Quality Acceleration,Schedule,3,4,12,High,Supplier Manager,20260426,20260629,,2026-04-26,2026-06-29,,Mitigated,Completed,0,0
4457,RI-894-01,894,Risk,Field issue recurrence needs containment,Quality,2,4,8,Medium,Quality Lead,20260725,20260811,,2026-07-25,2026-08-11,,Open,In Progress,0,0
4458,RI-894-02,894,Issue,Field issue recurrence needs containment,Quality,3,2,6,Medium,Finance Partner,20260628,20260811,,2026-06-28,2026-08-11,,Monitoring,In Progress,0,0
4459,RI-894-03,894,Risk,Security approval is on the critical path — Sustainable Quality Orchestration,Dependency,3,4,12,High,Data Lead,20260318,20260501,,2026-03-18,2026-05-01,,Monitoring,In Progress,0,1
4460,RI-894-04,894,Risk,Specialist rate mix is above plan — Sustainable Quality Orchestration,Cost,5,4,20,Critical,Project Manager,20260725,20260811,,2026-07-25,2026-08-11,,Open,In Progress,1,0
4461,RI-894-05,894,Risk,Specialist rate mix is above plan,Cost,4,3,12,High,Product Owner,20260216,20260411,,2026-02-16,2026-04-11,,Mitigated,Completed,0,0
4462,RI-894-06,894,Risk,Field issue recurrence needs containment — Sustainable Quality Orchestration,Quality,3,2,6,Medium,Quality Lead,20260725,20260811,,2026-07-25,2026-08-11,,Monitoring,In Progress,0,0
4463,RI-894-07,894,Risk,Review capacity is concentrated in one role,Resource,2,2,4,Low,Finance Partner,20260620,20260811,20260624,2026-06-20,2026-08-11,2026-06-24,Closed,Completed,0,0
4464,RI-895-01,895,Risk,Vendor component readiness is uncertain — Sustainable Quality Intelligence,Dependency,4,1,4,Low,Supplier Manager,20260115,20260331,20260211,2026-01-15,2026-03-31,2026-02-11,Closed,Completed,0,0
4465,RI-895-02,895,Risk,Committed spend limits recovery options,Cost,5,4,20,Critical,Release Manager,20260714,20260811,,2026-07-14,2026-08-11,,Open,Not Started,1,0
4466,RI-895-03,895,Issue,Release window has limited recovery float,Schedule,3,4,12,High,Technical Lead,20251221,20260312,,2025-12-21,2026-03-12,,Monitoring,In Progress,0,1
4467,RI-895-04,895,Issue,Performance margin may not meet the target — Sustainable Quality Intelligence,Technical,2,2,4,Low,Systems Lead,20251028,20260220,,2025-10-28,2026-02-20,,Monitoring,In Progress,0,1
4468,RI-895-05,895,Issue,Review capacity is concentrated in one role — Sustainable Quality Intelligence,Resource,2,4,8,Medium,Security Lead,20260428,20260728,,2026-04-28,2026-07-28,,Monitoring,In Progress,0,1
4469,RI-896-01,896,Risk,Defect closure rate may miss the exit criterion,Quality,3,2,6,Medium,Project Manager,20260420,20260616,20260426,2026-04-20,2026-06-16,2026-04-26,Closed,Completed,0,0
4470,RI-896-02,896,Risk,Contractor transition may reduce throughput,Resource,4,3,12,High,Product Owner,20260720,20260811,,2026-07-20,2026-08-11,,Open,Not Started,0,0
4471,RI-896-03,896,Risk,Upstream data contract remains unresolved — Sustainable Engineering Modernization,Dependency,4,1,4,Low,Quality Lead,20260605,20260811,20260618,2026-06-05,2026-08-11,2026-06-18,Closed,Completed,0,0
4472,RI-897-01,897,Risk,Field issue recurrence needs containment — Sustainable Engineering Analytics,Quality,5,4,20,Critical,Systems Lead,20260519,20260811,,2026-05-19,2026-08-11,,Mitigated,Completed,0,0
4473,RI-897-02,897,Issue,External interface decision is blocking delivery,Dependency,4,4,16,High,Security Lead,20260420,20260805,20260505,2026-04-20,2026-08-05,2026-05-05,Closed,Completed,0,0
4474,RI-897-03,897,Risk,Cloud run cost is trending above the baseline,Cost,1,4,4,Low,Supplier Manager,20260314,20260516,,2026-03-14,2026-05-16,,Mitigated,Completed,0,0
4475,RI-898-01,898,Issue,Defect closure rate may miss the exit criterion — Sustainable Engineering Platform,Quality,3,1,3,Low,Finance Partner,20260516,20260809,,2026-05-16,2026-08-09,,Mitigated,Completed,0,0
4476,RI-898-02,898,Issue,Shared engineer availability may delay delivery,Resource,2,3,6,Medium,Data Lead,20260630,20260811,,2026-06-30,2026-08-11,,Monitoring,In Progress,0,0
4477,RI-898-03,898,Risk,Release window has limited recovery float,Schedule,5,1,5,Low,Project Manager,20260617,20260811,,2026-06-17,2026-08-11,,Monitoring,Completed,0,0
4478,RI-899-01,899,Risk,Supplier lead time threatens the next gate,Schedule,3,4,12,High,Release Manager,20260720,20260811,,2026-07-20,2026-08-11,,Open,In Progress,0,0
4479,RI-899-02,899,Risk,Prototype result may require architecture rework — Sustainable Engineering Optimization,Technical,3,1,3,Low,Technical Lead,20260316,20260627,,2026-03-16,2026-06-27,,Mitigated,Completed,0,0
4480,RI-899-03,899,Issue,Defect closure rate may miss the exit criterion,Quality,3,5,15,High,Systems Lead,20260604,20260811,,2026-06-04,2026-08-11,,Mitigated,Completed,0,0
4481,RI-899-04,899,Risk,Vendor component readiness is uncertain — Sustainable Engineering Optimization,Dependency,4,2,8,Medium,Security Lead,20260807,20260811,,2026-08-07,2026-08-11,,Monitoring,Completed,0,0
4482,RI-899-05,899,Risk,Shared engineer availability may delay delivery,Resource,1,2,2,Low,Supplier Manager,20260521,20260811,,2026-05-21,2026-08-11,,Open,Not Started,0,0
4483,RI-900-01,900,Risk,Acceptance criteria remain partially ambiguous,Quality,3,1,3,Low,Product Owner,20260421,20260730,,2026-04-21,2026-07-30,,Monitoring,In Progress,0,1
4484,RI-900-02,900,Risk,Committed spend limits recovery options — Sustainable Engineering Integration,Cost,2,3,6,Medium,Quality Lead,20260402,20260528,20260510,2026-04-02,2026-05-28,2026-05-10,Closed,Not Required,0,0
4485,RI-900-03,900,Issue,Acceptance criteria remain partially ambiguous — Sustainable Engineering Integration,Quality,3,5,15,High,Finance Partner,20260220,20260401,,2026-02-20,2026-04-01,,Mitigated,Completed,0,0
4486,RI-900-04,900,Risk,Supplier lead time threatens the next gate,Schedule,3,4,12,High,Data Lead,20260509,20260811,,2026-05-09,2026-08-11,,Open,Not Started,0,0
4487,RI-901-01,901,Issue,Test environment availability may move the baseline — Sustainable Engineering Transformation,Schedule,1,3,3,Low,Security Lead,20260811,20260811,,2026-08-11,2026-08-11,,Open,In Progress,0,0
4488,RI-901-02,901,Risk,Integration sequence may compress validation,Schedule,3,5,15,High,Supplier Manager,20260726,20260811,,2026-07-26,2026-08-11,,Monitoring,In Progress,0,0
4489,RI-901-03,901,Risk,Performance margin may not meet the target,Technical,4,4,16,High,Release Manager,20260429,20260811,,2026-04-29,2026-08-11,,Mitigated,Completed,0,0
4490,RI-901-04,901,Risk,Customer test access is not yet confirmed,Dependency,3,3,9,Medium,Technical Lead,20260610,20260811,,2026-06-10,2026-08-11,,Open,Not Started,0,0
4491,RI-901-05,901,Risk,Environment parity is not yet demonstrated,Technical,2,1,2,Low,Systems Lead,20260215,20260629,,2026-02-15,2026-06-29,,Open,Not Started,0,1
4492,RI-901-06,901,Issue,Critical skill coverage is below demand,Resource,4,3,12,High,Security Lead,20260322,20260703,,2026-03-22,2026-07-03,,Mitigated,Completed,0,0
4493,RI-902-01,902,Issue,Review capacity is concentrated in one role — Sustainable Engineering Enablement,Resource,2,5,10,Medium,Data Lead,20260619,20260811,,2026-06-19,2026-08-11,,Open,In Progress,0,0
4494,RI-902-02,902,Risk,Material quotation may exceed the estimate — Sustainable Engineering Enablement,Cost,2,4,8,Medium,Project Manager,20260421,20260723,,2026-04-21,2026-07-23,,Mitigated,Completed,0,0
4495,RI-902-03,902,Risk,Performance margin may not meet the target — Sustainable Engineering Enablement,Technical,3,4,12,High,Product Owner,20260213,20260619,,2026-02-13,2026-06-19,,Mitigated,Completed,0,0
4496,RI-902-04,902,Risk,Environment parity is not yet demonstrated,Technical,4,3,12,High,Quality Lead,20260714,20260811,,2026-07-14,2026-08-11,,Mitigated,Completed,0,0
4497,RI-903-01,903,Risk,Release window has limited recovery float,Schedule,3,3,9,Medium,Technical Lead,20260729,20260811,,2026-07-29,2026-08-11,,Monitoring,In Progress,0,0
4498,RI-903-02,903,Risk,Release window has limited recovery float,Schedule,3,2,6,Medium,Systems Lead,20260113,20260424,,2026-01-13,2026-04-24,,Mitigated,Completed,0,0
4499,RI-903-03,903,Issue,Pilot readiness depends on unresolved actions,Schedule,4,3,12,High,Security Lead,20260214,20260508,,2026-02-14,2026-05-08,,Mitigated,Completed,0,0
4500,RI-903-04,903,Risk,Review capacity is concentrated in one role,Resource,2,1,2,Low,Supplier Manager,20260705,20260811,,2026-07-05,2026-08-11,,Monitoring,In Progress,0,0
4501,RI-903-05,903,Issue,Field issue recurrence needs containment,Quality,1,3,3,Low,Release Manager,20260605,20260811,,2026-06-05,2026-08-11,,Monitoring,In Progress,0,0
4502,RI-903-06,903,Risk,Committed spend limits recovery options,Cost,1,2,2,Low,Technical Lead,20260702,20260805,,2026-07-02,2026-08-05,,Open,Not Started,0,1
4503,RI-904-01,904,Risk,Environment parity is not yet demonstrated,Technical,3,3,9,Medium,Quality Lead,20260331,20260731,20260412,2026-03-31,2026-07-31,2026-04-12,Closed,Not Required,0,0
4504,RI-904-02,904,Risk,Release window has limited recovery float,Schedule,2,2,4,Low,Finance Partner,20260202,20260525,,2026-02-02,2026-05-25,,Mitigated,Completed,0,0
4505,RI-904-03,904,Risk,Technical debt may complicate integration — Sustainable Engineering Orchestration,Technical,2,3,6,Medium,Data Lead,20260726,20260811,,2026-07-26,2026-08-11,,Mitigated,Completed,0,0
4506,RI-904-04,904,Risk,Performance margin may not meet the target,Technical,2,4,8,Medium,Project Manager,20251223,20260512,,2025-12-23,2026-05-12,,Monitoring,Completed,0,1
4507,RI-904-05,904,Risk,Review capacity is concentrated in one role — Sustainable Engineering Orchestration,Resource,3,4,12,High,Product Owner,20260715,20260811,20260729,2026-07-15,2026-08-11,2026-07-29,Closed,Completed,0,0
4508,RI-905-01,905,Risk,Performance margin may not meet the target,Technical,4,3,12,High,Supplier Manager,20260618,20260811,20260623,2026-06-18,2026-08-11,2026-06-23,Closed,Completed,0,0
4509,RI-905-02,905,Risk,Interface behavior remains unproven — Sustainable Engineering Intelligence,Technical,3,4,12,High,Release Manager,20260629,20260811,,2026-06-29,2026-08-11,,Open,Not Started,0,0
4510,RI-905-03,905,Risk,Environment parity is not yet demonstrated,Technical,3,2,6,Medium,Technical Lead,20260710,20260811,20260807,2026-07-10,2026-08-11,2026-08-07,Closed,Completed,0,0
4511,RI-905-04,905,Issue,Rework could consume management reserve — Sustainable Engineering Intelligence,Cost,3,3,9,Medium,Systems Lead,20260331,20260626,20260718,2026-03-31,2026-06-26,2026-07-18,Closed,Completed,0,0
4512,RI-905-05,905,Risk,Defect closure rate may miss the exit criterion — Sustainable Engineering Intelligence,Quality,3,2,6,Medium,Security Lead,20260203,20260517,,2026-02-03,2026-05-17,,Mitigated,Completed,0,0
4513,RI-906-01,906,Issue,Traceability coverage requires remediation — Sustainable Energy Modernization,Quality,3,2,6,Medium,Project Manager,20260715,20260811,,2026-07-15,2026-08-11,,Monitoring,In Progress,0,0
4514,RI-906-02,906,Issue,Security approval is on the critical path — Sustainable Energy Modernization,Dependency,5,3,15,High,Product Owner,20260710,20260811,,2026-07-10,2026-08-11,,Open,In Progress,0,0
4515,RI-906-03,906,Risk,Performance margin may not meet the target — Sustainable Energy Modernization,Technical,3,3,9,Medium,Quality Lead,20260719,20260811,,2026-07-19,2026-08-11,,Monitoring,In Progress,0,0
4516,RI-906-04,906,Risk,Field issue recurrence needs containment,Quality,1,5,5,Low,Finance Partner,20260728,20260811,,2026-07-28,2026-08-11,,Open,Not Started,0,0
4517,RI-907-01,907,Risk,Pilot readiness depends on unresolved actions,Schedule,3,4,12,High,Systems Lead,20260315,20260612,20260331,2026-03-15,2026-06-12,2026-03-31,Closed,Not Required,0,0
4518,RI-907-02,907,Issue,Committed spend limits recovery options — Sustainable Energy Analytics,Cost,3,3,9,Medium,Security Lead,20260808,20260811,,2026-08-08,2026-08-11,,Open,Not Started,0,0
4519,RI-907-03,907,Risk,Integration sequence may compress validation — Sustainable Energy Analytics,Schedule,3,1,3,Low,Supplier Manager,20260720,20260811,,2026-07-20,2026-08-11,,Open,Not Started,0,0
4520,RI-907-04,907,Risk,Critical skill coverage is below demand,Resource,4,3,12,High,Release Manager,20260714,20260811,,2026-07-14,2026-08-11,,Monitoring,In Progress,0,0
4521,RI-907-05,907,Risk,Committed spend limits recovery options,Cost,3,2,6,Medium,Technical Lead,20260328,20260520,20260430,2026-03-28,2026-05-20,2026-04-30,Closed,Not Required,0,0
4522,RI-907-06,907,Risk,Contractor transition may reduce throughput,Resource,4,4,16,High,Systems Lead,20260809,20260811,,2026-08-09,2026-08-11,,Monitoring,In Progress,0,0
4523,RI-907-07,907,Risk,Review capacity is concentrated in one role,Resource,2,3,6,Medium,Security Lead,20260708,20260811,,2026-07-08,2026-08-11,,Open,In Progress,0,0
4524,RI-908-01,908,Issue,Contractor transition may reduce throughput,Resource,2,3,6,Medium,Finance Partner,20260603,20260811,20260731,2026-06-03,2026-08-11,2026-07-31,Closed,Completed,0,0
4525,RI-908-02,908,Risk,Material quotation may exceed the estimate,Cost,3,4,12,High,Data Lead,20260617,20260811,,2026-06-17,2026-08-11,,Mitigated,Completed,0,0
4526,RI-908-03,908,Issue,Specialist rate mix is above plan,Cost,1,3,3,Low,Project Manager,20260525,20260720,,2026-05-25,2026-07-20,,Monitoring,In Progress,0,1
4527,RI-908-04,908,Issue,Competing portfolio priority constrains staffing,Resource,2,3,6,Medium,Product Owner,20260528,20260811,,2026-05-28,2026-08-11,,Mitigated,Completed,0,0
4528,RI-908-05,908,Risk,Pilot readiness depends on unresolved actions — Sustainable Energy Platform,Schedule,3,3,9,Medium,Quality Lead,20260705,20260811,,2026-07-05,2026-08-11,,Open,In Progress,0,0
4529,RI-908-06,908,Risk,Prototype result may require architecture rework — Sustainable Energy Platform,Technical,4,2,8,Medium,Finance Partner,20260528,20260705,,2026-05-28,2026-07-05,,Open,Not Started,0,1
4530,RI-908-07,908,Risk,Critical skill coverage is below demand — Sustainable Energy Platform,Resource,3,1,3,Low,Data Lead,20260507,20260811,,2026-05-07,2026-08-11,,Open,In Progress,0,0
4531,RI-909-01,909,Risk,Material quotation may exceed the estimate — Sustainable Energy Optimization,Cost,5,5,25,Critical,Release Manager,20260618,20260727,,2026-06-18,2026-07-27,,Monitoring,Completed,1,1
4532,RI-909-02,909,Risk,Upstream data contract remains unresolved,Dependency,3,4,12,High,Technical Lead,20260716,20260811,,2026-07-16,2026-08-11,,Open,Not Started,0,0
4533,RI-909-03,909,Issue,External interface decision is blocking delivery,Dependency,2,4,8,Medium,Systems Lead,20260623,20260811,,2026-06-23,2026-08-11,,Open,Not Started,0,0
4534,RI-909-04,909,Risk,Pilot readiness depends on unresolved actions,Schedule,2,1,2,Low,Security Lead,20260722,20260811,,2026-07-22,2026-08-11,,Open,Not Started,0,0
4535,RI-909-05,909,Risk,Vendor component readiness is uncertain — Sustainable Energy Optimization,Dependency,1,3,3,Low,Supplier Manager,20260809,20260811,,2026-08-09,2026-08-11,,Mitigated,Completed,0,0
4536,RI-909-06,909,Issue,Verification evidence is incomplete,Quality,4,4,16,High,Release Manager,20260716,20260811,,2026-07-16,2026-08-11,,Monitoring,In Progress,0,0
4537,RI-910-01,910,Risk,Backfill timing creates a capacity gap,Resource,5,3,15,High,Product Owner,20260804,20260811,,2026-08-04,2026-08-11,,Monitoring,In Progress,0,0
4538,RI-910-02,910,Risk,Shared engineer availability may delay delivery — Sustainable Energy Integration,Resource,1,4,4,Low,Quality Lead,20260612,20260806,20260805,2026-06-12,2026-08-06,2026-08-05,Closed,Completed,0,0
4539,RI-910-03,910,Issue,Specialist rate mix is above plan,Cost,3,3,9,Medium,Finance Partner,20260611,20260811,20260719,2026-06-11,2026-08-11,2026-07-19,Closed,Completed,0,0
4540,RI-910-04,910,Issue,Shared engineer availability may delay delivery,Resource,4,4,16,High,Data Lead,20260524,20260811,,2026-05-24,2026-08-11,,Monitoring,In Progress,0,0
4541,RI-910-05,910,Risk,Committed spend limits recovery options,Cost,1,4,4,Low,Project Manager,20260729,20260811,,2026-07-29,2026-08-11,,Monitoring,In Progress,0,0
4542,RI-910-06,910,Risk,Pilot readiness depends on unresolved actions,Schedule,2,3,6,Medium,Product Owner,20260709,20260811,,2026-07-09,2026-08-11,,Monitoring,Completed,0,0
4543,RI-911-01,911,Risk,Prototype result may require architecture rework,Technical,3,4,12,High,Security Lead,20260809,20260811,,2026-08-09,2026-08-11,,Monitoring,In Progress,0,0
4544,RI-911-02,911,Issue,Integration sequence may compress validation — Sustainable Energy Transformation,Schedule,4,5,20,Critical,Supplier Manager,20260508,20260721,,2026-05-08,2026-07-21,,Monitoring,In Progress,1,1
4545,RI-911-03,911,Issue,Competing portfolio priority constrains staffing — Sustainable Energy Transformation,Resource,2,4,8,Medium,Release Manager,20260405,20260531,,2026-04-05,2026-05-31,,Monitoring,Completed,0,1
4546,RI-911-04,911,Risk,Pilot readiness depends on unresolved actions — Sustainable Energy Transformation,Schedule,4,2,8,Medium,Technical Lead,20260724,20260811,,2026-07-24,2026-08-11,,Monitoring,In Progress,0,0
4547,RI-912-01,912,Risk,Prototype result may require architecture rework — Sustainable Energy Enablement,Technical,4,3,12,High,Data Lead,20260228,20260503,,2026-02-28,2026-05-03,,Open,Not Started,0,1
4548,RI-912-02,912,Risk,Cloud run cost is trending above the baseline — Sustainable Energy Enablement,Cost,3,3,9,Medium,Project Manager,20260516,20260811,,2026-05-16,2026-08-11,,Monitoring,In Progress,0,0
4549,RI-912-03,912,Risk,Regression scope may exceed the test window,Quality,4,4,16,High,Product Owner,20260708,20260811,,2026-07-08,2026-08-11,,Open,In Progress,0,0
4550,RI-912-04,912,Risk,Traceability coverage requires remediation,Quality,2,3,6,Medium,Quality Lead,20260508,20260712,,2026-05-08,2026-07-12,,Mitigated,Completed,0,0
4551,RI-912-05,912,Issue,Traceability coverage requires remediation,Quality,1,4,4,Low,Finance Partner,20260503,20260705,20260529,2026-05-03,2026-07-05,2026-05-29,Closed,Completed,0,0
4552,RI-912-06,912,Risk,Shared engineer availability may delay delivery — Sustainable Energy Enablement,Resource,2,3,6,Medium,Data Lead,20260505,20260811,,2026-05-05,2026-08-11,,Open,Not Started,0,0
4553,RI-913-01,913,Risk,External interface decision is blocking delivery,Dependency,5,2,10,Medium,Technical Lead,20260711,20260811,,2026-07-11,2026-08-11,,Open,In Progress,0,0
4554,RI-913-02,913,Risk,Prototype result may require architecture rework,Technical,3,2,6,Medium,Systems Lead,20260304,20260623,,2026-03-04,2026-06-23,,Open,In Progress,0,1
4555,RI-913-03,913,Issue,Pilot readiness depends on unresolved actions,Schedule,3,5,15,High,Security Lead,20260516,20260624,20260625,2026-05-16,2026-06-24,2026-06-25,Closed,Completed,0,0
4556,RI-913-04,913,Issue,Shared engineer availability may delay delivery — Sustainable Energy Acceleration,Resource,3,4,12,High,Supplier Manager,20260416,20260711,,2026-04-16,2026-07-11,,Mitigated,Completed,0,0
4557,RI-913-05,913,Risk,Legacy data quality could require redesign,Technical,5,3,15,High,Release Manager,20260303,20260717,,2026-03-03,2026-07-17,,Mitigated,Completed,0,0
4558,RI-913-06,913,Issue,Cloud run cost is trending above the baseline,Cost,2,5,10,Medium,Technical Lead,20260424,20260627,,2026-04-24,2026-06-27,,Mitigated,Completed,0,0
4559,RI-914-01,914,Risk,Defect closure rate may miss the exit criterion,Quality,4,4,16,High,Quality Lead,20260428,20260721,,2026-04-28,2026-07-21,,Mitigated,Completed,0,0
4560,RI-914-02,914,Risk,Supplier lead time threatens the next gate — Sustainable Energy Orchestration,Schedule,3,3,9,Medium,Finance Partner,20260505,20260805,20260624,2026-05-05,2026-08-05,2026-06-24,Closed,Completed,0,0
4561,RI-914-03,914,Risk,Specialist rate mix is above plan — Sustainable Energy Orchestration,Cost,3,1,3,Low,Data Lead,20260717,20260811,,2026-07-17,2026-08-11,,Monitoring,In Progress,0,0
4562,RI-915-01,915,Risk,Release window has limited recovery float,Schedule,2,1,2,Low,Supplier Manager,20260713,20260811,,2026-07-13,2026-08-11,,Open,Not Started,0,0
4563,RI-915-02,915,Risk,Scope clarification may require a budget change — Sustainable Energy Intelligence,Cost,5,1,5,Low,Release Manager,20260805,20260811,,2026-08-05,2026-08-11,,Open,In Progress,0,0
4564,RI-915-03,915,Risk,Upstream data contract remains unresolved,Dependency,3,2,6,Medium,Technical Lead,20260805,20260811,,2026-08-05,2026-08-11,,Open,Not Started,0,0
4565,RI-916-01,916,Issue,Field issue recurrence needs containment,Quality,5,3,15,High,Project Manager,20251208,20260221,,2025-12-08,2026-02-21,,Mitigated,Completed,0,0
4566,RI-916-02,916,Risk,Acceptance criteria remain partially ambiguous,Quality,2,3,6,Medium,Product Owner,20260502,20260609,,2026-05-02,2026-06-09,,Mitigated,Completed,0,0
4567,RI-916-03,916,Risk,Contractor transition may reduce throughput — Sustainable Service Modernization,Resource,4,3,12,High,Quality Lead,20251121,20260324,,2025-11-21,2026-03-24,,Open,Not Started,0,1
4568,RI-916-04,916,Risk,Performance margin may not meet the target,Technical,4,2,8,Medium,Finance Partner,20251009,20260101,20251212,2025-10-09,2026-01-01,2025-12-12,Closed,Completed,0,0
4569,RI-916-05,916,Risk,Field issue recurrence needs containment,Quality,3,3,9,Medium,Data Lead,20251215,20260308,,2025-12-15,2026-03-08,,Mitigated,Completed,0,0
4570,RI-916-06,916,Issue,Cloud run cost is trending above the baseline — Sustainable Service Modernization,Cost,4,4,16,High,Project Manager,20251014,20260107,,2025-10-14,2026-01-07,,Open,Not Started,0,1
4571,RI-917-01,917,Risk,Traceability coverage requires remediation,Quality,3,2,6,Medium,Systems Lead,20260219,20260616,,2026-02-19,2026-06-16,,Open,Not Started,0,1
4572,RI-917-02,917,Issue,Material quotation may exceed the estimate,Cost,2,4,8,Medium,Security Lead,20260209,20260505,,2026-02-09,2026-05-05,,Monitoring,In Progress,0,1
4573,RI-917-03,917,Issue,Prototype result may require architecture rework,Technical,3,4,12,High,Supplier Manager,20260612,20260811,20260612,2026-06-12,2026-08-11,2026-06-12,Closed,Completed,0,0
4574,RI-917-04,917,Risk,Interface behavior remains unproven — Sustainable Service Analytics,Technical,2,5,10,Medium,Release Manager,20260307,20260628,,2026-03-07,2026-06-28,,Mitigated,Completed,0,0
4575,RI-917-05,917,Risk,Material quotation may exceed the estimate — Sustainable Service Analytics,Cost,2,5,10,Medium,Technical Lead,20260727,20260811,,2026-07-27,2026-08-11,,Monitoring,In Progress,0,0
4576,RI-918-01,918,Risk,Backfill timing creates a capacity gap,Resource,3,4,12,High,Finance Partner,20260509,20260807,,2026-05-09,2026-08-07,,Mitigated,Completed,0,0
4577,RI-918-02,918,Risk,Cloud run cost is trending above the baseline,Cost,1,5,5,Low,Data Lead,20260215,20260331,20260225,2026-02-15,2026-03-31,2026-02-25,Closed,Completed,0,0
4578,RI-918-03,918,Risk,Competing portfolio priority constrains staffing,Resource,5,1,5,Low,Project Manager,20260411,20260809,,2026-04-11,2026-08-09,,Open,Not Started,0,1
4579,RI-918-04,918,Risk,Platform release timing may create a mismatch — Sustainable Service Platform,Dependency,2,4,8,Medium,Product Owner,20260624,20260724,,2026-06-24,2026-07-24,,Mitigated,Completed,0,0
4580,RI-918-05,918,Risk,Review capacity is concentrated in one role — Sustainable Service Platform,Resource,3,4,12,High,Quality Lead,20251106,20251229,,2025-11-06,2025-12-29,,Monitoring,In Progress,0,1
4581,RI-918-06,918,Issue,Prototype result may require architecture rework,Technical,1,3,3,Low,Finance Partner,20260307,20260704,,2026-03-07,2026-07-04,,Open,In Progress,0,1
4582,RI-919-01,919,Risk,Contractor transition may reduce throughput — Sustainable Service Optimization,Resource,3,3,9,Medium,Release Manager,20260603,20260811,,2026-06-03,2026-08-11,,Open,In Progress,0,0
4583,RI-919-02,919,Risk,Defect closure rate may miss the exit criterion — Sustainable Service Optimization,Quality,3,3,9,Medium,Technical Lead,20260726,20260811,,2026-07-26,2026-08-11,,Open,In Progress,0,0
4584,RI-919-03,919,Risk,Material quotation may exceed the estimate,Cost,3,3,9,Medium,Systems Lead,20260804,20260811,,2026-08-04,2026-08-11,,Open,Not Started,0,0
4585,RI-920-01,920,Risk,Critical skill coverage is below demand — Sustainable Service Integration,Resource,4,2,8,Medium,Product Owner,20260308,20260524,,2026-03-08,2026-05-24,,Open,Not Started,0,1
4586,RI-920-02,920,Risk,Scope clarification may require a budget change — Sustainable Service Integration,Cost,2,4,8,Medium,Quality Lead,20260607,20260811,20260731,2026-06-07,2026-08-11,2026-07-31,Closed,Completed,0,0
4587,RI-920-03,920,Issue,Prototype result may require architecture rework,Technical,5,3,15,High,Finance Partner,20260422,20260809,,2026-04-22,2026-08-09,,Monitoring,Completed,0,1
4588,RI-921-01,921,Risk,Platform release timing may create a mismatch,Dependency,4,5,20,Critical,Security Lead,20260529,20260811,,2026-05-29,2026-08-11,,Open,Not Started,1,0
4589,RI-921-02,921,Issue,Environment parity is not yet demonstrated,Technical,4,5,20,Critical,Supplier Manager,20260710,20260811,,2026-07-10,2026-08-11,,Open,Not Started,1,0
4590,RI-921-03,921,Risk,Upstream data contract remains unresolved — Sustainable Service Transformation,Dependency,4,3,12,High,Release Manager,20260515,20260811,,2026-05-15,2026-08-11,,Monitoring,In Progress,0,0
4591,RI-921-04,921,Issue,Field issue recurrence needs containment,Quality,2,3,6,Medium,Technical Lead,20260516,20260629,,2026-05-16,2026-06-29,,Monitoring,In Progress,0,1
4592,RI-921-05,921,Risk,Verification evidence is incomplete,Quality,3,1,3,Low,Systems Lead,20260415,20260619,20260710,2026-04-15,2026-06-19,2026-07-10,Closed,Completed,0,0
4593,RI-922-01,922,Risk,Supplier lead time threatens the next gate — Sustainable Service Enablement,Schedule,5,2,10,Medium,Data Lead,20260629,20260811,,2026-06-29,2026-08-11,,Mitigated,Completed,0,0
4594,RI-922-02,922,Issue,Integration sequence may compress validation,Schedule,2,2,4,Low,Project Manager,20260619,20260811,,2026-06-19,2026-08-11,,Open,Not Started,0,0
4595,RI-922-03,922,Issue,Field issue recurrence needs containment,Quality,4,3,12,High,Product Owner,20260728,20260811,,2026-07-28,2026-08-11,,Monitoring,In Progress,0,0
4596,RI-922-04,922,Risk,Scope clarification may require a budget change — Sustainable Service Enablement,Cost,3,4,12,High,Quality Lead,20260618,20260811,,2026-06-18,2026-08-11,,Monitoring,In Progress,0,0
4597,RI-922-05,922,Risk,Prototype result may require architecture rework — Sustainable Service Enablement,Technical,3,4,12,High,Finance Partner,20260810,20260811,,2026-08-10,2026-08-11,,Open,Not Started,0,0
4598,RI-922-06,922,Risk,Critical skill coverage is below demand,Resource,2,3,6,Medium,Data Lead,20260730,20260811,,2026-07-30,2026-08-11,,Mitigated,Completed,0,0
4599,RI-923-01,923,Risk,Test environment availability may move the baseline — Sustainable Service Acceleration,Schedule,4,3,12,High,Technical Lead,20260327,20260712,20260513,2026-03-27,2026-07-12,2026-05-13,Closed,Completed,0,0
4600,RI-923-02,923,Issue,Test environment availability may move the baseline,Schedule,5,4,20,Critical,Systems Lead,20260630,20260811,,2026-06-30,2026-08-11,,Open,In Progress,1,0
4601,RI-923-03,923,Risk,Specialist rate mix is above plan,Cost,2,5,10,Medium,Security Lead,20260415,20260714,20260608,2026-04-15,2026-07-14,2026-06-08,Closed,Completed,0,0
4602,RI-924-01,924,Risk,Performance margin may not meet the target,Technical,4,2,8,Medium,Quality Lead,20260513,20260704,,2026-05-13,2026-07-04,,Monitoring,Completed,0,1
4603,RI-924-02,924,Risk,Legacy data quality could require redesign — Sustainable Service Orchestration,Technical,4,2,8,Medium,Finance Partner,20260518,20260811,,2026-05-18,2026-08-11,,Open,Not Started,0,0
4604,RI-924-03,924,Risk,Contractor transition may reduce throughput — Sustainable Service Orchestration,Resource,3,4,12,High,Data Lead,20260518,20260811,,2026-05-18,2026-08-11,,Monitoring,In Progress,0,0
4605,RI-924-04,924,Risk,Integration sequence may compress validation — Sustainable Service Orchestration,Schedule,3,2,6,Medium,Project Manager,20260302,20260506,,2026-03-02,2026-05-06,,Mitigated,Completed,0,0
4606,RI-924-05,924,Risk,Specialist rate mix is above plan — Sustainable Service Orchestration,Cost,2,3,6,Medium,Product Owner,20260804,20260811,,2026-08-04,2026-08-11,,Open,Not Started,0,0
4607,RI-925-01,925,Risk,Supplier lead time threatens the next gate,Schedule,4,4,16,High,Supplier Manager,20260616,20260811,,2026-06-16,2026-08-11,,Monitoring,In Progress,0,0
4608,RI-925-02,925,Risk,Test environment availability may move the baseline — Sustainable Service Intelligence,Schedule,5,4,20,Critical,Release Manager,20260626,20260811,,2026-06-26,2026-08-11,,Monitoring,Completed,1,0
4609,RI-925-03,925,Risk,Platform release timing may create a mismatch — Sustainable Service Intelligence,Dependency,3,2,6,Medium,Technical Lead,20260805,20260811,,2026-08-05,2026-08-11,,Open,Not Started,0,0
4610,RI-925-04,925,Issue,Technical debt may complicate integration,Technical,2,3,6,Medium,Systems Lead,20260605,20260727,20260623,2026-06-05,2026-07-27,2026-06-23,Closed,Completed,0,0
4611,RI-925-05,925,Risk,Review capacity is concentrated in one role,Resource,3,1,3,Low,Security Lead,20260617,20260811,,2026-06-17,2026-08-11,,Open,In Progress,0,0
4612,RI-925-06,925,Risk,Material quotation may exceed the estimate,Cost,1,1,1,Low,Supplier Manager,20260708,20260811,,2026-07-08,2026-08-11,,Open,In Progress,0,0
4613,RI-925-07,925,Issue,Environment parity is not yet demonstrated,Technical,1,3,3,Low,Release Manager,20260717,20260811,,2026-07-17,2026-08-11,,Open,In Progress,0,0
4614,RI-926-01,926,Risk,Contractor transition may reduce throughput — Enterprise Asset Modernization,Resource,3,2,6,Medium,Project Manager,20260618,20260811,,2026-06-18,2026-08-11,,Open,Not Started,0,0
4615,RI-926-02,926,Risk,Rework could consume management reserve — Enterprise Asset Modernization,Cost,3,2,6,Medium,Product Owner,20260805,20260811,,2026-08-05,2026-08-11,,Mitigated,Completed,0,0
4616,RI-926-03,926,Issue,Specialist rate mix is above plan,Cost,1,4,4,Low,Quality Lead,20260329,20260811,,2026-03-29,2026-08-11,,Monitoring,In Progress,0,0
4617,RI-926-04,926,Risk,Technical debt may complicate integration,Technical,4,2,8,Medium,Finance Partner,20260618,20260811,,2026-06-18,2026-08-11,,Mitigated,Completed,0,0
4618,RI-926-05,926,Risk,Legacy data quality could require redesign — Enterprise Asset Modernization,Technical,1,1,1,Low,Data Lead,20260318,20260517,,2026-03-18,2026-05-17,,Mitigated,Completed,0,0
4619,RI-926-06,926,Risk,Customer test access is not yet confirmed,Dependency,2,3,6,Medium,Project Manager,20260518,20260811,,2026-05-18,2026-08-11,,Open,In Progress,0,0
4620,RI-927-01,927,Risk,Shared engineer availability may delay delivery — Enterprise Asset Analytics,Resource,3,4,12,High,Systems Lead,20260509,20260811,,2026-05-09,2026-08-11,,Monitoring,In Progress,0,0
4621,RI-927-02,927,Risk,Performance margin may not meet the target,Technical,1,4,4,Low,Security Lead,20251126,20260202,,2025-11-26,2026-02-02,,Monitoring,Completed,0,1
4622,RI-927-03,927,Risk,Prototype result may require architecture rework,Technical,4,3,12,High,Supplier Manager,20260227,20260523,20260513,2026-02-27,2026-05-23,2026-05-13,Closed,Not Required,0,0
4623,RI-927-04,927,Risk,Security approval is on the critical path — Enterprise Asset Analytics,Dependency,2,1,2,Low,Release Manager,20260320,20260612,20260412,2026-03-20,2026-06-12,2026-04-12,Closed,Completed,0,0
4624,RI-927-05,927,Risk,Regression scope may exceed the test window — Enterprise Asset Analytics,Quality,1,1,1,Low,Technical Lead,20260716,20260811,,2026-07-16,2026-08-11,,Monitoring,Completed,0,0
4625,RI-927-06,927,Risk,Technical debt may complicate integration,Technical,1,3,3,Low,Systems Lead,20251228,20260319,,2025-12-28,2026-03-19,,Mitigated,Completed,0,0
4626,RI-928-01,928,Risk,Traceability coverage requires remediation,Quality,3,4,12,High,Finance Partner,20260305,20260514,20260416,2026-03-05,2026-05-14,2026-04-16,Closed,Completed,0,0
4627,RI-928-02,928,Risk,Upstream data contract remains unresolved,Dependency,1,4,4,Low,Data Lead,20260712,20260811,,2026-07-12,2026-08-11,,Open,Not Started,0,0
4628,RI-928-03,928,Risk,Backfill timing creates a capacity gap,Resource,5,3,15,High,Project Manager,20260704,20260811,,2026-07-04,2026-08-11,,Open,In Progress,0,0
4629,RI-928-04,928,Risk,Interface behavior remains unproven,Technical,3,2,6,Medium,Product Owner,20260714,20260811,,2026-07-14,2026-08-11,,Monitoring,In Progress,0,0
4630,RI-929-01,929,Issue,Pilot readiness depends on unresolved actions — Enterprise Asset Optimization,Schedule,2,4,8,Medium,Release Manager,20260308,20260723,,2026-03-08,2026-07-23,,Open,Not Started,0,1
4631,RI-929-02,929,Issue,Acceptance criteria remain partially ambiguous,Quality,4,4,16,High,Technical Lead,20260509,20260717,20260612,2026-05-09,2026-07-17,2026-06-12,Closed,Completed,0,0
4632,RI-929-03,929,Risk,Platform release timing may create a mismatch,Dependency,2,3,6,Medium,Systems Lead,20260119,20260329,,2026-01-19,2026-03-29,,Open,Not Started,0,1
4633,RI-929-04,929,Issue,Legacy data quality could require redesign,Technical,5,2,10,Medium,Security Lead,20260103,20260304,,2026-01-03,2026-03-04,,Monitoring,Completed,0,1
4634,RI-929-05,929,Risk,Review capacity is concentrated in one role — Enterprise Asset Optimization,Resource,3,4,12,High,Supplier Manager,20260205,20260430,20260213,2026-02-05,2026-04-30,2026-02-13,Closed,Completed,0,0
4635,RI-929-06,929,Risk,Platform release timing may create a mismatch — Enterprise Asset Optimization,Dependency,1,4,4,Low,Release Manager,20260504,20260712,,2026-05-04,2026-07-12,,Open,Not Started,0,1
4636,RI-929-07,929,Risk,Release window has limited recovery float — Enterprise Asset Optimization,Schedule,4,3,12,High,Technical Lead,20260331,20260708,,2026-03-31,2026-07-08,,Mitigated,Completed,0,0
4637,RI-930-01,930,Risk,Traceability coverage requires remediation,Quality,5,4,20,Critical,Product Owner,20260529,20260811,,2026-05-29,2026-08-11,,Open,In Progress,1,0
4638,RI-930-02,930,Issue,Shared engineer availability may delay delivery — Enterprise Asset Integration,Resource,3,3,9,Medium,Quality Lead,20260210,20260412,20260218,2026-02-10,2026-04-12,2026-02-18,Closed,Completed,0,0
4639,RI-930-03,930,Risk,Acceptance criteria remain partially ambiguous — Enterprise Asset Integration,Quality,1,3,3,Low,Finance Partner,20260722,20260811,,2026-07-22,2026-08-11,,Mitigated,Completed,0,0
4640,RI-931-01,931,Risk,Verification evidence is incomplete — Enterprise Asset Transformation,Quality,4,4,16,High,Security Lead,20260726,20260811,,2026-07-26,2026-08-11,,Monitoring,In Progress,0,0
4641,RI-931-02,931,Risk,Review capacity is concentrated in one role,Resource,4,2,8,Medium,Supplier Manager,20260605,20260811,,2026-06-05,2026-08-11,,Mitigated,Completed,0,0
4642,RI-931-03,931,Risk,Integration sequence may compress validation — Enterprise Asset Transformation,Schedule,2,2,4,Low,Release Manager,20260613,20260811,20260615,2026-06-13,2026-08-11,2026-06-15,Closed,Completed,0,0
4643,RI-931-04,931,Issue,Critical skill coverage is below demand,Resource,2,4,8,Medium,Technical Lead,20260629,20260811,,2026-06-29,2026-08-11,,Monitoring,In Progress,0,0
4644,RI-932-01,932,Issue,Verification evidence is incomplete — Enterprise Asset Enablement,Quality,5,2,10,Medium,Data Lead,20260421,20260529,,2026-04-21,2026-05-29,,Monitoring,In Progress,0,1
4645,RI-932-02,932,Risk,External interface decision is blocking delivery,Dependency,3,5,15,High,Project Manager,20260421,20260627,20260714,2026-04-21,2026-06-27,2026-07-14,Closed,Completed,0,0
4646,RI-932-03,932,Risk,Technical debt may complicate integration — Enterprise Asset Enablement,Technical,4,3,12,High,Product Owner,20260427,20260730,20260620,2026-04-27,2026-07-30,2026-06-20,Closed,Completed,0,0
4647,RI-932-04,932,Risk,Legacy data quality could require redesign,Technical,4,3,12,High,Quality Lead,20260810,20260811,,2026-08-10,2026-08-11,,Open,In Progress,0,0
4648,RI-932-05,932,Risk,Prototype result may require architecture rework — Enterprise Asset Enablement,Technical,3,3,9,Medium,Finance Partner,20260501,20260811,,2026-05-01,2026-08-11,,Open,In Progress,0,0
4649,RI-932-06,932,Risk,Prototype result may require architecture rework — Enterprise Asset Enablement,Technical,1,3,3,Low,Data Lead,20260523,20260811,,2026-05-23,2026-08-11,,Monitoring,In Progress,0,0
4650,RI-933-01,933,Risk,Scope clarification may require a budget change,Cost,3,4,12,High,Technical Lead,20260304,20260616,20260713,2026-03-04,2026-06-16,2026-07-13,Closed,Completed,0,0
4651,RI-933-02,933,Risk,Scope clarification may require a budget change — Enterprise Asset Acceleration,Cost,2,4,8,Medium,Systems Lead,20260217,20260522,,2026-02-17,2026-05-22,,Open,Not Started,0,1
4652,RI-933-03,933,Risk,Legacy data quality could require redesign — Enterprise Asset Acceleration,Technical,5,1,5,Low,Security Lead,20260703,20260811,,2026-07-03,2026-08-11,,Mitigated,Completed,0,0
4653,RI-933-04,933,Risk,Prototype result may require architecture rework,Technical,3,3,9,Medium,Supplier Manager,20260726,20260811,,2026-07-26,2026-08-11,,Mitigated,Completed,0,0
4654,RI-933-05,933,Risk,Pilot readiness depends on unresolved actions — Enterprise Asset Acceleration,Schedule,2,4,8,Medium,Release Manager,20260809,20260811,,2026-08-09,2026-08-11,,Mitigated,Completed,0,0
4655,RI-933-06,933,Risk,Rework could consume management reserve,Cost,4,2,8,Medium,Technical Lead,20260411,20260609,20260705,2026-04-11,2026-06-09,2026-07-05,Closed,Completed,0,0
4656,RI-934-01,934,Risk,Committed spend limits recovery options — Enterprise Asset Orchestration,Cost,4,2,8,Medium,Quality Lead,20260729,20260811,,2026-07-29,2026-08-11,,Mitigated,Completed,0,0
4657,RI-934-02,934,Risk,Specialist rate mix is above plan,Cost,2,5,10,Medium,Finance Partner,20260627,20260811,,2026-06-27,2026-08-11,,Monitoring,In Progress,0,0
4658,RI-934-03,934,Risk,Integration sequence may compress validation — Enterprise Asset Orchestration,Schedule,1,4,4,Low,Data Lead,20260223,20260426,,2026-02-23,2026-04-26,,Open,In Progress,0,1
4659,RI-934-04,934,Issue,Critical skill coverage is below demand,Resource,5,4,20,Critical,Project Manager,20260524,20260712,20260721,2026-05-24,2026-07-12,2026-07-21,Closed,Completed,0,0
4660,RI-934-05,934,Risk,External interface decision is blocking delivery,Dependency,3,2,6,Medium,Product Owner,20260808,20260811,,2026-08-08,2026-08-11,,Open,Not Started,0,0
4661,RI-934-06,934,Risk,Environment parity is not yet demonstrated — Enterprise Asset Orchestration,Technical,3,2,6,Medium,Quality Lead,20260528,20260811,,2026-05-28,2026-08-11,,Open,Not Started,0,0
4662,RI-934-07,934,Risk,Performance margin may not meet the target,Technical,1,4,4,Low,Finance Partner,20260312,20260616,,2026-03-12,2026-06-16,,Monitoring,In Progress,0,1
4663,RI-935-01,935,Risk,Acceptance criteria remain partially ambiguous — Enterprise Asset Intelligence,Quality,3,2,6,Medium,Supplier Manager,20260213,20260319,20260323,2026-02-13,2026-03-19,2026-03-23,Closed,Completed,0,0
4664,RI-935-02,935,Risk,Specialist rate mix is above plan — Enterprise Asset Intelligence,Cost,4,2,8,Medium,Release Manager,20251220,20260411,20260504,2025-12-20,2026-04-11,2026-05-04,Closed,Completed,0,0
4665,RI-935-03,935,Risk,Integration sequence may compress validation — Enterprise Asset Intelligence,Schedule,4,5,20,Critical,Technical Lead,20251105,20260124,20251106,2025-11-05,2026-01-24,2025-11-06,Closed,Completed,0,0
4666,RI-935-04,935,Issue,Contractor transition may reduce throughput,Resource,1,4,4,Low,Systems Lead,20260101,20260418,20260422,2026-01-01,2026-04-18,2026-04-22,Closed,Completed,0,0
4667,RI-936-01,936,Issue,Regression scope may exceed the test window,Quality,2,4,8,Medium,Project Manager,20260716,20260811,,2026-07-16,2026-08-11,,Open,Not Started,0,0
4668,RI-936-02,936,Risk,Review capacity is concentrated in one role,Resource,3,3,9,Medium,Product Owner,20260307,20260504,,2026-03-07,2026-05-04,,Monitoring,In Progress,0,1
4669,RI-936-03,936,Issue,Platform release timing may create a mismatch — Enterprise Operations Modernization,Dependency,4,3,12,High,Quality Lead,20260527,20260725,,2026-05-27,2026-07-25,,Monitoring,Completed,0,1
4670,RI-936-04,936,Issue,Review capacity is concentrated in one role,Resource,5,1,5,Low,Finance Partner,20260623,20260811,20260720,2026-06-23,2026-08-11,2026-07-20,Closed,Completed,0,0
4671,RI-936-05,936,Risk,Performance margin may not meet the target,Technical,4,4,16,High,Data Lead,20260802,20260811,,2026-08-02,2026-08-11,,Open,In Progress,0,0
4672,RI-937-01,937,Risk,Late design decision may affect downstream work,Schedule,3,4,12,High,Systems Lead,20260528,20260811,,2026-05-28,2026-08-11,,Open,In Progress,0,0
4673,RI-937-02,937,Risk,Late design decision may affect downstream work,Schedule,4,3,12,High,Security Lead,20260516,20260714,,2026-05-16,2026-07-14,,Open,Not Started,0,1
4674,RI-937-03,937,Risk,Integration sequence may compress validation — Enterprise Operations Analytics,Schedule,4,5,20,Critical,Supplier Manager,20260519,20260622,,2026-05-19,2026-06-22,,Monitoring,Completed,1,1
4675,RI-937-04,937,Risk,Review capacity is concentrated in one role,Resource,3,3,9,Medium,Release Manager,20260705,20260811,,2026-07-05,2026-08-11,,Open,In Progress,0,0
4676,RI-938-01,938,Risk,Contractor transition may reduce throughput — Enterprise Operations Platform,Resource,2,3,6,Medium,Finance Partner,20260604,20260811,,2026-06-04,2026-08-11,,Monitoring,In Progress,0,0
4677,RI-938-02,938,Risk,Field issue recurrence needs containment — Enterprise Operations Platform,Quality,3,3,9,Medium,Data Lead,20260109,20260521,,2026-01-09,2026-05-21,,Mitigated,Completed,0,0
4678,RI-938-03,938,Risk,Customer test access is not yet confirmed — Enterprise Operations Platform,Dependency,5,3,15,High,Project Manager,20260627,20260811,,2026-06-27,2026-08-11,,Monitoring,Completed,0,0
4679,RI-939-01,939,Risk,Committed spend limits recovery options — Enterprise Operations Optimization,Cost,1,4,4,Low,Release Manager,20260805,20260811,,2026-08-05,2026-08-11,,Open,Not Started,0,0
4680,RI-939-02,939,Risk,Pilot readiness depends on unresolved actions,Schedule,4,2,8,Medium,Technical Lead,20260627,20260811,,2026-06-27,2026-08-11,,Open,In Progress,0,0
4681,RI-939-03,939,Issue,Pilot readiness depends on unresolved actions — Enterprise Operations Optimization,Schedule,2,5,10,Medium,Systems Lead,20260604,20260811,,2026-06-04,2026-08-11,,Open,Not Started,0,0
4682,RI-940-01,940,Issue,Verification evidence is incomplete,Quality,3,4,12,High,Product Owner,20260512,20260811,,2026-05-12,2026-08-11,,Open,Not Started,0,0
4683,RI-940-02,940,Risk,Traceability coverage requires remediation,Quality,3,1,3,Low,Quality Lead,20260330,20260605,20260414,2026-03-30,2026-06-05,2026-04-14,Closed,Completed,0,0
4684,RI-940-03,940,Risk,Rework could consume management reserve — Enterprise Operations Integration,Cost,4,3,12,High,Finance Partner,20260605,20260811,,2026-06-05,2026-08-11,,Open,Not Started,0,0
4685,RI-940-04,940,Risk,Environment parity is not yet demonstrated,Technical,2,2,4,Low,Data Lead,20251125,20260313,,2025-11-25,2026-03-13,,Mitigated,Completed,0,0
4686,RI-940-05,940,Risk,Legacy data quality could require redesign,Technical,2,3,6,Medium,Project Manager,20251230,20260217,20260125,2025-12-30,2026-02-17,2026-01-25,Closed,Completed,0,0
4687,RI-940-06,940,Issue,Specialist rate mix is above plan — Enterprise Operations Integration,Cost,1,3,3,Low,Product Owner,20260403,20260520,,2026-04-03,2026-05-20,,Monitoring,Completed,0,1
4688,RI-940-07,940,Risk,Technical debt may complicate integration — Enterprise Operations Integration,Technical,5,4,20,Critical,Quality Lead,20260707,20260811,,2026-07-07,2026-08-11,,Open,In Progress,1,0
4689,RI-941-01,941,Risk,Test environment availability may move the baseline — Enterprise Operations Transformation,Schedule,5,2,10,Medium,Security Lead,20260706,20260811,20260810,2026-07-06,2026-08-11,2026-08-10,Closed,Not Required,0,0
4690,RI-941-02,941,Risk,Contractor transition may reduce throughput,Resource,3,2,6,Medium,Supplier Manager,20260626,20260811,,2026-06-26,2026-08-11,,Open,In Progress,0,0
4691,RI-941-03,941,Risk,Supplier lead time threatens the next gate,Schedule,2,2,4,Low,Release Manager,20260412,20260623,,2026-04-12,2026-06-23,,Monitoring,In Progress,0,1
4692,RI-941-04,941,Risk,Review capacity is concentrated in one role — Enterprise Operations Transformation,Resource,2,4,8,Medium,Technical Lead,20260808,20260811,,2026-08-08,2026-08-11,,Monitoring,In Progress,0,0
4693,RI-941-05,941,Risk,Verification evidence is incomplete,Quality,1,4,4,Low,Systems Lead,20260415,20260620,,2026-04-15,2026-06-20,,Monitoring,In Progress,0,1
4694,RI-942-01,942,Risk,Cloud run cost is trending above the baseline,Cost,3,2,6,Medium,Data Lead,20260428,20260716,20260710,2026-04-28,2026-07-16,2026-07-10,Closed,Not Required,0,0
4695,RI-942-02,942,Risk,Shared engineer availability may delay delivery — Enterprise Operations Enablement,Resource,4,3,12,High,Project Manager,20260205,20260503,20260401,2026-02-05,2026-05-03,2026-04-01,Closed,Completed,0,0
4696,RI-942-03,942,Issue,Performance margin may not meet the target — Enterprise Operations Enablement,Technical,2,2,4,Low,Product Owner,20260513,20260726,20260803,2026-05-13,2026-07-26,2026-08-03,Closed,Not Required,0,0
4697,RI-942-04,942,Risk,Performance margin may not meet the target — Enterprise Operations Enablement,Technical,4,3,12,High,Quality Lead,20260316,20260515,20260504,2026-03-16,2026-05-15,2026-05-04,Closed,Not Required,0,0
4698,RI-942-05,942,Issue,Prototype result may require architecture rework — Enterprise Operations Enablement,Technical,3,4,12,High,Finance Partner,20260520,20260809,,2026-05-20,2026-08-09,,Monitoring,In Progress,0,1
4699,RI-943-01,943,Risk,Legacy data quality could require redesign,Technical,1,3,3,Low,Technical Lead,20260121,20260330,,2026-01-21,2026-03-30,,Mitigated,Completed,0,0
4700,RI-943-02,943,Risk,Shared engineer availability may delay delivery — Enterprise Operations Acceleration,Resource,2,2,4,Low,Systems Lead,20260126,20260329,,2026-01-26,2026-03-29,,Open,Not Started,0,1
4701,RI-943-03,943,Risk,Technical debt may complicate integration — Enterprise Operations Acceleration,Technical,3,2,6,Medium,Security Lead,20260224,20260605,,2026-02-24,2026-06-05,,Open,In Progress,0,1
4702,RI-943-04,943,Risk,External interface decision is blocking delivery — Enterprise Operations Acceleration,Dependency,2,4,8,Medium,Supplier Manager,20251201,20260205,20251208,2025-12-01,2026-02-05,2025-12-08,Closed,Completed,0,0
4703,RI-943-05,943,Issue,Legacy data quality could require redesign,Technical,2,3,6,Medium,Release Manager,20260616,20260811,,2026-06-16,2026-08-11,,Mitigated,Completed,0,0
4704,RI-943-06,943,Risk,Supplier lead time threatens the next gate — Enterprise Operations Acceleration,Schedule,4,4,16,High,Technical Lead,20251203,20260128,20260226,2025-12-03,2026-01-28,2026-02-26,Closed,Completed,0,0
4705,RI-943-07,943,Risk,Regression scope may exceed the test window,Quality,1,5,5,Low,Systems Lead,20260701,20260811,,2026-07-01,2026-08-11,,Monitoring,In Progress,0,0
4706,RI-944-01,944,Risk,Technical debt may complicate integration — Enterprise Operations Orchestration,Technical,3,3,9,Medium,Quality Lead,20250928,20251201,,2025-09-28,2025-12-01,,Open,Not Started,0,1
4707,RI-944-02,944,Issue,Interface behavior remains unproven,Technical,1,5,5,Low,Finance Partner,20251023,20251224,20251031,2025-10-23,2025-12-24,2025-10-31,Closed,Completed,0,0
4708,RI-944-03,944,Issue,Test environment availability may move the baseline,Schedule,4,5,20,Critical,Data Lead,20260613,20260809,,2026-06-13,2026-08-09,,Mitigated,Completed,0,0
4709,RI-944-04,944,Risk,Acceptance criteria remain partially ambiguous — Enterprise Operations Orchestration,Quality,3,2,6,Medium,Project Manager,20260328,20260619,,2026-03-28,2026-06-19,,Mitigated,Completed,0,0
4710,RI-944-05,944,Risk,Acceptance criteria remain partially ambiguous,Quality,2,4,8,Medium,Product Owner,20260420,20260710,,2026-04-20,2026-07-10,,Mitigated,Completed,0,0
4711,RI-944-06,944,Issue,Vendor component readiness is uncertain,Dependency,4,4,16,High,Quality Lead,20260603,20260811,,2026-06-03,2026-08-11,,Monitoring,Completed,0,0
4712,RI-945-01,945,Risk,Late design decision may affect downstream work — Enterprise Operations Intelligence,Schedule,2,4,8,Medium,Supplier Manager,20260510,20260811,,2026-05-10,2026-08-11,,Monitoring,In Progress,0,0
4713,RI-945-02,945,Issue,Acceptance criteria remain partially ambiguous,Quality,3,3,9,Medium,Release Manager,20260714,20260811,,2026-07-14,2026-08-11,,Monitoring,In Progress,0,0
4714,RI-945-03,945,Risk,Supplier lead time threatens the next gate,Schedule,3,2,6,Medium,Technical Lead,20260508,20260713,20260610,2026-05-08,2026-07-13,2026-06-10,Closed,Not Required,0,0
4715,RI-945-04,945,Risk,Critical skill coverage is below demand — Enterprise Operations Intelligence,Resource,4,3,12,High,Systems Lead,20260729,20260811,,2026-07-29,2026-08-11,,Monitoring,In Progress,0,0
4716,RI-945-05,945,Issue,Prototype result may require architecture rework,Technical,3,3,9,Medium,Security Lead,20260617,20260811,,2026-06-17,2026-08-11,,Open,Not Started,0,0
4717,RI-946-01,946,Risk,Shared engineer availability may delay delivery,Resource,3,3,9,Medium,Project Manager,20260501,20260811,20260505,2026-05-01,2026-08-11,2026-05-05,Closed,Completed,0,0
4718,RI-946-02,946,Issue,Late design decision may affect downstream work,Schedule,3,3,9,Medium,Product Owner,20260116,20260518,20260402,2026-01-16,2026-05-18,2026-04-02,Closed,Completed,0,0
4719,RI-946-03,946,Risk,Shared engineer availability may delay delivery,Resource,4,4,16,High,Quality Lead,20260628,20260811,,2026-06-28,2026-08-11,,Mitigated,Completed,0,0
4720,RI-946-04,946,Risk,Security approval is on the critical path,Dependency,3,4,12,High,Finance Partner,20260311,20260512,20260512,2026-03-11,2026-05-12,2026-05-12,Closed,Completed,0,0
4721,RI-946-05,946,Risk,Vendor component readiness is uncertain,Dependency,3,4,12,High,Data Lead,20260614,20260811,,2026-06-14,2026-08-11,,Open,Not Started,0,0
4722,RI-947-01,947,Risk,Pilot readiness depends on unresolved actions,Schedule,3,3,9,Medium,Systems Lead,20260601,20260811,,2026-06-01,2026-08-11,,Open,Not Started,0,0
4723,RI-947-02,947,Risk,Cloud run cost is trending above the baseline — Enterprise Reliability Analytics,Cost,3,3,9,Medium,Security Lead,20260321,20260510,20260602,2026-03-21,2026-05-10,2026-06-02,Closed,Completed,0,0
4724,RI-947-03,947,Issue,Competing portfolio priority constrains staffing — Enterprise Reliability Analytics,Resource,4,4,16,High,Supplier Manager,20260528,20260811,,2026-05-28,2026-08-11,,Monitoring,In Progress,0,0
4725,RI-948-01,948,Risk,Technical debt may complicate integration,Technical,4,3,12,High,Finance Partner,20260419,20260706,,2026-04-19,2026-07-06,,Mitigated,Completed,0,0
4726,RI-948-02,948,Risk,Late design decision may affect downstream work,Schedule,2,3,6,Medium,Data Lead,20260413,20260518,20260601,2026-04-13,2026-05-18,2026-06-01,Closed,Completed,0,0
4727,RI-948-03,948,Risk,Competing portfolio priority constrains staffing,Resource,2,3,6,Medium,Project Manager,20260806,20260811,,2026-08-06,2026-08-11,,Monitoring,In Progress,0,0
4728,RI-949-01,949,Issue,Prototype result may require architecture rework,Technical,1,2,2,Low,Release Manager,20260407,20260524,20260609,2026-04-07,2026-05-24,2026-06-09,Closed,Completed,0,0
4729,RI-949-02,949,Risk,Backfill timing creates a capacity gap,Resource,2,3,6,Medium,Technical Lead,20260529,20260810,20260730,2026-05-29,2026-08-10,2026-07-30,Closed,Completed,0,0
4730,RI-949-03,949,Risk,Traceability coverage requires remediation — Enterprise Reliability Optimization,Quality,2,4,8,Medium,Systems Lead,20260622,20260811,20260718,2026-06-22,2026-08-11,2026-07-18,Closed,Completed,0,0
4731,RI-949-04,949,Risk,Pilot readiness depends on unresolved actions — Enterprise Reliability Optimization,Schedule,4,3,12,High,Security Lead,20260403,20260630,,2026-04-03,2026-06-30,,Monitoring,In Progress,0,1
4732,RI-949-05,949,Risk,Acceptance criteria remain partially ambiguous,Quality,2,5,10,Medium,Supplier Manager,20260809,20260811,,2026-08-09,2026-08-11,,Open,Not Started,0,0
4733,RI-949-06,949,Risk,Backfill timing creates a capacity gap,Resource,4,1,4,Low,Release Manager,20260506,20260712,20260720,2026-05-06,2026-07-12,2026-07-20,Closed,Completed,0,0
4734,RI-949-07,949,Risk,Test environment availability may move the baseline — Enterprise Reliability Optimization,Schedule,2,2,4,Low,Technical Lead,20260422,20260806,,2026-04-22,2026-08-06,,Open,In Progress,0,1
4735,RI-950-01,950,Issue,Release window has limited recovery float — Enterprise Reliability Integration,Schedule,2,3,6,Medium,Product Owner,20260213,20260609,,2026-02-13,2026-06-09,,Monitoring,In Progress,0,1
4736,RI-950-02,950,Risk,Shared engineer availability may delay delivery,Resource,1,1,1,Low,Quality Lead,20260711,20260811,,2026-07-11,2026-08-11,,Open,In Progress,0,0
4737,RI-950-03,950,Risk,Technical debt may complicate integration — Enterprise Reliability Integration,Technical,2,5,10,Medium,Finance Partner,20260327,20260513,,2026-03-27,2026-05-13,,Open,Not Started,0,1
4738,RI-950-04,950,Risk,Backfill timing creates a capacity gap — Enterprise Reliability Integration,Resource,3,3,9,Medium,Data Lead,20260326,20260510,,2026-03-26,2026-05-10,,Monitoring,In Progress,0,1
4739,RI-950-05,950,Risk,Scope clarification may require a budget change — Enterprise Reliability Integration,Cost,4,4,16,High,Project Manager,20260331,20260625,20260520,2026-03-31,2026-06-25,2026-05-20,Closed,Completed,0,0
4740,RI-950-06,950,Issue,Technical debt may complicate integration — Enterprise Reliability Integration,Technical,1,3,3,Low,Product Owner,20260215,20260529,,2026-02-15,2026-05-29,,Monitoring,Completed,0,1
4741,RI-950-07,950,Risk,Contractor transition may reduce throughput — Enterprise Reliability Integration,Resource,3,3,9,Medium,Quality Lead,20260620,20260811,,2026-06-20,2026-08-11,,Mitigated,Completed,0,0
4742,RI-951-01,951,Risk,Review capacity is concentrated in one role,Resource,2,2,4,Low,Security Lead,20260712,20260811,,2026-07-12,2026-08-11,,Mitigated,Completed,0,0
4743,RI-951-02,951,Risk,Specialist rate mix is above plan — Enterprise Reliability Transformation,Cost,4,2,8,Medium,Supplier Manager,20260416,20260601,,2026-04-16,2026-06-01,,Monitoring,In Progress,0,1
4744,RI-951-03,951,Issue,Contractor transition may reduce throughput — Enterprise Reliability Transformation,Resource,5,3,15,High,Release Manager,20260419,20260808,,2026-04-19,2026-08-08,,Mitigated,Completed,0,0
4745,RI-951-04,951,Issue,Regression scope may exceed the test window — Enterprise Reliability Transformation,Quality,1,5,5,Low,Technical Lead,20260719,20260811,,2026-07-19,2026-08-11,,Mitigated,Completed,0,0
4746,RI-951-05,951,Risk,Interface behavior remains unproven — Enterprise Reliability Transformation,Technical,3,4,12,High,Systems Lead,20260319,20260606,,2026-03-19,2026-06-06,,Mitigated,Completed,0,0
4747,RI-952-01,952,Risk,Legacy data quality could require redesign — Enterprise Reliability Enablement,Technical,1,2,2,Low,Data Lead,20251215,20260320,,2025-12-15,2026-03-20,,Monitoring,In Progress,0,1
4748,RI-952-02,952,Risk,Legacy data quality could require redesign,Technical,3,3,9,Medium,Project Manager,20260320,20260526,20260611,2026-03-20,2026-05-26,2026-06-11,Closed,Completed,0,0
4749,RI-952-03,952,Risk,Competing portfolio priority constrains staffing,Resource,2,3,6,Medium,Product Owner,20260724,20260811,,2026-07-24,2026-08-11,,Open,Not Started,0,0
4750,RI-952-04,952,Risk,Cloud run cost is trending above the baseline — Enterprise Reliability Enablement,Cost,5,5,25,Critical,Quality Lead,20260613,20260811,,2026-06-13,2026-08-11,,Open,In Progress,1,0
4751,RI-952-05,952,Risk,Acceptance criteria remain partially ambiguous — Enterprise Reliability Enablement,Quality,5,2,10,Medium,Finance Partner,20251108,20260115,,2025-11-08,2026-01-15,,Monitoring,Completed,0,1
4752,RI-952-06,952,Risk,Shared engineer availability may delay delivery — Enterprise Reliability Enablement,Resource,2,4,8,Medium,Data Lead,20260118,20260513,,2026-01-18,2026-05-13,,Monitoring,In Progress,0,1
4753,RI-953-01,953,Risk,Backfill timing creates a capacity gap,Resource,2,4,8,Medium,Technical Lead,20260420,20260713,20260610,2026-04-20,2026-07-13,2026-06-10,Closed,Completed,0,0
4754,RI-953-02,953,Risk,Late design decision may affect downstream work,Schedule,4,4,16,High,Systems Lead,20260805,20260811,,2026-08-05,2026-08-11,,Monitoring,In Progress,0,0
4755,RI-953-03,953,Risk,Supplier lead time threatens the next gate — Enterprise Reliability Acceleration,Schedule,5,5,25,Critical,Security Lead,20260425,20260723,20260604,2026-04-25,2026-07-23,2026-06-04,Closed,Completed,0,0
4756,RI-953-04,953,Issue,Defect closure rate may miss the exit criterion,Quality,3,3,9,Medium,Supplier Manager,20260513,20260811,,2026-05-13,2026-08-11,,Open,In Progress,0,0
4757,RI-953-05,953,Risk,Material quotation may exceed the estimate — Enterprise Reliability Acceleration,Cost,3,2,6,Medium,Release Manager,20260719,20260811,,2026-07-19,2026-08-11,,Monitoring,In Progress,0,0
4758,RI-954-01,954,Issue,Performance margin may not meet the target,Technical,1,3,3,Low,Quality Lead,20260529,20260811,,2026-05-29,2026-08-11,,Monitoring,In Progress,0,0
4759,RI-954-02,954,Risk,Scope clarification may require a budget change — Enterprise Reliability Orchestration,Cost,4,5,20,Critical,Finance Partner,20260331,20260707,,2026-03-31,2026-07-07,,Monitoring,In Progress,1,1
4760,RI-954-03,954,Risk,Contractor transition may reduce throughput — Enterprise Reliability Orchestration,Resource,2,4,8,Medium,Data Lead,20260531,20260811,,2026-05-31,2026-08-11,,Monitoring,In Progress,0,0
4761,RI-954-04,954,Issue,Release window has limited recovery float,Schedule,4,3,12,High,Project Manager,20260222,20260613,20260625,2026-02-22,2026-06-13,2026-06-25,Closed,Completed,0,0
4762,RI-954-05,954,Issue,Material quotation may exceed the estimate,Cost,2,3,6,Medium,Product Owner,20251118,20260301,,2025-11-18,2026-03-01,,Mitigated,Completed,0,0
4763,RI-954-06,954,Risk,Late design decision may affect downstream work,Schedule,2,4,8,Medium,Quality Lead,20251220,20260510,20251226,2025-12-20,2026-05-10,2025-12-26,Closed,Not Required,0,0
4764,RI-954-07,954,Risk,Interface behavior remains unproven — Enterprise Reliability Orchestration,Technical,3,3,9,Medium,Finance Partner,20260609,20260727,20260721,2026-06-09,2026-07-27,2026-07-21,Closed,Completed,0,0
4765,RI-955-01,955,Issue,Performance margin may not meet the target — Enterprise Reliability Intelligence,Technical,1,3,3,Low,Supplier Manager,20260805,20260811,,2026-08-05,2026-08-11,,Monitoring,In Progress,0,0
4766,RI-955-02,955,Issue,Legacy data quality could require redesign,Technical,4,4,16,High,Release Manager,20260406,20260614,,2026-04-06,2026-06-14,,Mitigated,Completed,0,0
4767,RI-955-03,955,Risk,Legacy data quality could require redesign,Technical,3,2,6,Medium,Technical Lead,20260724,20260811,,2026-07-24,2026-08-11,,Open,In Progress,0,0
4768,RI-955-04,955,Risk,Committed spend limits recovery options,Cost,4,2,8,Medium,Systems Lead,20260704,20260811,,2026-07-04,2026-08-11,,Open,In Progress,0,0
4769,RI-955-05,955,Risk,Traceability coverage requires remediation — Enterprise Reliability Intelligence,Quality,3,3,9,Medium,Security Lead,20260125,20260307,,2026-01-25,2026-03-07,,Mitigated,Completed,0,0
4770,RI-956-01,956,Issue,Committed spend limits recovery options — Enterprise Controls Modernization,Cost,5,3,15,High,Project Manager,20260515,20260809,20260613,2026-05-15,2026-08-09,2026-06-13,Closed,Completed,0,0
4771,RI-956-02,956,Risk,Shared engineer availability may delay delivery,Resource,3,3,9,Medium,Product Owner,20251012,20260106,20260122,2025-10-12,2026-01-06,2026-01-22,Closed,Completed,0,0
4772,RI-956-03,956,Risk,Upstream data contract remains unresolved,Dependency,2,1,2,Low,Quality Lead,20260725,20260811,,2026-07-25,2026-08-11,,Open,Not Started,0,0
4773,RI-956-04,956,Issue,Verification evidence is incomplete,Quality,5,4,20,Critical,Finance Partner,20251023,20260204,,2025-10-23,2026-02-04,,Monitoring,In Progress,1,1
4774,RI-956-05,956,Issue,Test environment availability may move the baseline — Enterprise Controls Modernization,Schedule,3,3,9,Medium,Data Lead,20260212,20260501,,2026-02-12,2026-05-01,,Mitigated,Completed,0,0
4775,RI-957-01,957,Risk,Verification evidence is incomplete,Quality,1,3,3,Low,Systems Lead,20260620,20260811,,2026-06-20,2026-08-11,,Mitigated,Completed,0,0
4776,RI-957-02,957,Risk,Cloud run cost is trending above the baseline — Enterprise Controls Analytics,Cost,2,2,4,Low,Security Lead,20260712,20260811,,2026-07-12,2026-08-11,,Mitigated,Completed,0,0
4777,RI-957-03,957,Risk,Critical skill coverage is below demand — Enterprise Controls Analytics,Resource,1,2,2,Low,Supplier Manager,20260723,20260811,,2026-07-23,2026-08-11,,Mitigated,Completed,0,0
4778,RI-957-04,957,Risk,Critical skill coverage is below demand,Resource,3,4,12,High,Release Manager,20260802,20260811,,2026-08-02,2026-08-11,,Open,Not Started,0,0
4779,RI-957-05,957,Risk,Release window has limited recovery float,Schedule,2,4,8,Medium,Technical Lead,20260608,20260811,20260801,2026-06-08,2026-08-11,2026-08-01,Closed,Completed,0,0
4780,RI-957-06,957,Risk,Environment parity is not yet demonstrated,Technical,2,4,8,Medium,Systems Lead,20260731,20260811,,2026-07-31,2026-08-11,,Open,Not Started,0,0
4781,RI-957-07,957,Issue,Vendor component readiness is uncertain,Dependency,3,4,12,High,Security Lead,20260704,20260811,,2026-07-04,2026-08-11,,Mitigated,Completed,0,0
4782,RI-958-01,958,Risk,Release window has limited recovery float,Schedule,4,2,8,Medium,Finance Partner,20260715,20260811,,2026-07-15,2026-08-11,,Open,Not Started,0,0
4783,RI-958-02,958,Risk,Technical debt may complicate integration — Enterprise Controls Platform,Technical,3,4,12,High,Data Lead,20260508,20260811,,2026-05-08,2026-08-11,,Open,In Progress,0,0
4784,RI-958-03,958,Risk,Shared engineer availability may delay delivery,Resource,3,1,3,Low,Project Manager,20260719,20260811,,2026-07-19,2026-08-11,,Open,Not Started,0,0
4785,RI-958-04,958,Risk,Material quotation may exceed the estimate — Enterprise Controls Platform,Cost,5,2,10,Medium,Product Owner,20260510,20260711,,2026-05-10,2026-07-11,,Monitoring,In Progress,0,1
4786,RI-958-05,958,Risk,Platform release timing may create a mismatch,Dependency,1,3,3,Low,Quality Lead,20260528,20260811,,2026-05-28,2026-08-11,,Open,In Progress,0,0
4787,RI-958-06,958,Issue,Technical debt may complicate integration,Technical,4,3,12,High,Finance Partner,20260621,20260811,,2026-06-21,2026-08-11,,Monitoring,In Progress,0,0
4788,RI-959-01,959,Issue,Committed spend limits recovery options,Cost,4,4,16,High,Release Manager,20260622,20260811,,2026-06-22,2026-08-11,,Open,Not Started,0,0
4789,RI-959-02,959,Risk,Review capacity is concentrated in one role — Enterprise Controls Optimization,Resource,4,3,12,High,Technical Lead,20260724,20260811,,2026-07-24,2026-08-11,,Open,Not Started,0,0
4790,RI-959-03,959,Risk,Verification evidence is incomplete,Quality,1,2,2,Low,Systems Lead,20260614,20260811,,2026-06-14,2026-08-11,,Monitoring,Completed,0,0
4791,RI-959-04,959,Risk,Interface behavior remains unproven — Enterprise Controls Optimization,Technical,2,3,6,Medium,Security Lead,20260725,20260811,,2026-07-25,2026-08-11,,Open,In Progress,0,0
4792,RI-959-05,959,Risk,Legacy data quality could require redesign,Technical,3,2,6,Medium,Supplier Manager,20260806,20260811,,2026-08-06,2026-08-11,,Monitoring,In Progress,0,0
4793,RI-960-01,960,Risk,Supplier lead time threatens the next gate,Schedule,2,5,10,Medium,Product Owner,20260706,20260811,,2026-07-06,2026-08-11,,Mitigated,Completed,0,0
4794,RI-960-02,960,Risk,Scope clarification may require a budget change,Cost,1,4,4,Low,Quality Lead,20260320,20260522,20260415,2026-03-20,2026-05-22,2026-04-15,Closed,Completed,0,0
4795,RI-960-03,960,Risk,Defect closure rate may miss the exit criterion — Enterprise Controls Integration,Quality,1,3,3,Low,Finance Partner,20260317,20260503,,2026-03-17,2026-05-03,,Mitigated,Completed,0,0
4796,RI-960-04,960,Issue,Review capacity is concentrated in one role,Resource,3,2,6,Medium,Data Lead,20260601,20260811,,2026-06-01,2026-08-11,,Open,In Progress,0,0
4797,RI-961-01,961,Risk,Committed spend limits recovery options,Cost,2,3,6,Medium,Security Lead,20260522,20260811,,2026-05-22,2026-08-11,,Open,In Progress,0,0
4798,RI-961-02,961,Risk,Backfill timing creates a capacity gap,Resource,3,3,9,Medium,Supplier Manager,20260621,20260811,,2026-06-21,2026-08-11,,Monitoring,In Progress,0,0
4799,RI-961-03,961,Risk,Specialist rate mix is above plan,Cost,5,2,10,Medium,Release Manager,20260707,20260811,20260722,2026-07-07,2026-08-11,2026-07-22,Closed,Completed,0,0
4800,RI-961-04,961,Risk,Prototype result may require architecture rework,Technical,4,5,20,Critical,Technical Lead,20260706,20260811,,2026-07-06,2026-08-11,,Mitigated,Completed,0,0
4801,RI-961-05,961,Risk,Contractor transition may reduce throughput,Resource,3,3,9,Medium,Systems Lead,20260107,20260311,,2026-01-07,2026-03-11,,Open,In Progress,0,1
4802,RI-961-06,961,Issue,Committed spend limits recovery options — Enterprise Controls Transformation,Cost,2,5,10,Medium,Security Lead,20260716,20260811,,2026-07-16,2026-08-11,,Open,Not Started,0,0
4803,RI-961-07,961,Issue,Prototype result may require architecture rework,Technical,3,3,9,Medium,Supplier Manager,20260317,20260511,20260502,2026-03-17,2026-05-11,2026-05-02,Closed,Completed,0,0
4804,RI-962-01,962,Issue,Customer test access is not yet confirmed — Enterprise Controls Enablement,Dependency,5,3,15,High,Data Lead,20260308,20260608,,2026-03-08,2026-06-08,,Open,Not Started,0,1
4805,RI-962-02,962,Risk,Review capacity is concentrated in one role,Resource,4,2,8,Medium,Project Manager,20250820,20251029,,2025-08-20,2025-10-29,,Mitigated,Completed,0,0
4806,RI-962-03,962,Issue,Scope clarification may require a budget change,Cost,3,2,6,Medium,Product Owner,20251126,20260111,,2025-11-26,2026-01-11,,Mitigated,Completed,0,0
4807,RI-962-04,962,Risk,Cloud run cost is trending above the baseline,Cost,4,3,12,High,Quality Lead,20251029,20251231,20251214,2025-10-29,2025-12-31,2025-12-14,Closed,Completed,0,0
4808,RI-962-05,962,Issue,Competing portfolio priority constrains staffing,Resource,4,3,12,High,Finance Partner,20251220,20260227,,2025-12-20,2026-02-27,,Mitigated,Completed,0,0
4809,RI-962-06,962,Risk,Environment parity is not yet demonstrated,Technical,2,1,2,Low,Data Lead,20260228,20260509,20260324,2026-02-28,2026-05-09,2026-03-24,Closed,Completed,0,0
4810,RI-962-07,962,Risk,Defect closure rate may miss the exit criterion,Quality,1,3,3,Low,Project Manager,20260403,20260525,,2026-04-03,2026-05-25,,Mitigated,Completed,0,0
4811,RI-963-01,963,Risk,Review capacity is concentrated in one role — Enterprise Controls Acceleration,Resource,3,4,12,High,Technical Lead,20260627,20260811,,2026-06-27,2026-08-11,,Open,In Progress,0,0
4812,RI-963-02,963,Risk,Defect closure rate may miss the exit criterion — Enterprise Controls Acceleration,Quality,4,2,8,Medium,Systems Lead,20251213,20260214,,2025-12-13,2026-02-14,,Mitigated,Completed,0,0
4813,RI-963-03,963,Risk,Performance margin may not meet the target,Technical,2,3,6,Medium,Security Lead,20260226,20260407,,2026-02-26,2026-04-07,,Open,In Progress,0,1
4814,RI-963-04,963,Issue,Upstream data contract remains unresolved — Enterprise Controls Acceleration,Dependency,5,3,15,High,Supplier Manager,20260118,20260319,20260211,2026-01-18,2026-03-19,2026-02-11,Closed,Completed,0,0
4815,RI-963-05,963,Risk,Regression scope may exceed the test window,Quality,2,3,6,Medium,Release Manager,20260206,20260608,,2026-02-06,2026-06-08,,Monitoring,Completed,0,1
4816,RI-963-06,963,Issue,Environment parity is not yet demonstrated,Technical,4,4,16,High,Technical Lead,20260405,20260706,,2026-04-05,2026-07-06,,Open,Not Started,0,1
4817,RI-963-07,963,Issue,Release window has limited recovery float — Enterprise Controls Acceleration,Schedule,5,3,15,High,Systems Lead,20251216,20260414,,2025-12-16,2026-04-14,,Mitigated,Completed,0,0
4818,RI-964-01,964,Risk,Verification evidence is incomplete,Quality,2,2,4,Low,Quality Lead,20260727,20260811,,2026-07-27,2026-08-11,,Open,In Progress,0,0
4819,RI-964-02,964,Risk,Specialist rate mix is above plan,Cost,3,4,12,High,Finance Partner,20260811,20260811,,2026-08-11,2026-08-11,,Open,In Progress,0,0
4820,RI-964-03,964,Risk,Cloud run cost is trending above the baseline — Enterprise Controls Orchestration,Cost,3,3,9,Medium,Data Lead,20260801,20260811,,2026-08-01,2026-08-11,,Monitoring,In Progress,0,0
4821,RI-964-04,964,Issue,Traceability coverage requires remediation — Enterprise Controls Orchestration,Quality,4,3,12,High,Project Manager,20260715,20260811,,2026-07-15,2026-08-11,,Monitoring,In Progress,0,0
4822,RI-965-01,965,Risk,Pilot readiness depends on unresolved actions,Schedule,4,4,16,High,Supplier Manager,20260625,20260811,,2026-06-25,2026-08-11,,Open,Not Started,0,0
4823,RI-965-02,965,Risk,Committed spend limits recovery options — Enterprise Controls Intelligence,Cost,3,4,12,High,Release Manager,20260621,20260811,,2026-06-21,2026-08-11,,Open,In Progress,0,0
4824,RI-965-03,965,Issue,Shared engineer availability may delay delivery — Enterprise Controls Intelligence,Resource,3,3,9,Medium,Technical Lead,20260808,20260811,,2026-08-08,2026-08-11,,Open,Not Started,0,0
4825,RI-966-01,966,Issue,Interface behavior remains unproven — Enterprise Telemetry Modernization,Technical,3,1,3,Low,Project Manager,20260525,20260802,20260805,2026-05-25,2026-08-02,2026-08-05,Closed,Not Required,0,0
4826,RI-966-02,966,Risk,Supplier lead time threatens the next gate,Schedule,4,2,8,Medium,Product Owner,20260603,20260712,,2026-06-03,2026-07-12,,Monitoring,Completed,0,1
4827,RI-966-03,966,Risk,Test environment availability may move the baseline,Schedule,2,3,6,Medium,Quality Lead,20260709,20260811,,2026-07-09,2026-08-11,,Mitigated,Completed,0,0
4828,RI-966-04,966,Risk,Late design decision may affect downstream work,Schedule,5,3,15,High,Finance Partner,20260625,20260811,,2026-06-25,2026-08-11,,Mitigated,Completed,0,0
4829,RI-966-05,966,Risk,Technical debt may complicate integration — Enterprise Telemetry Modernization,Technical,3,1,3,Low,Data Lead,20260609,20260811,,2026-06-09,2026-08-11,,Open,In Progress,0,0
4830,RI-966-06,966,Risk,Vendor component readiness is uncertain,Dependency,4,2,8,Medium,Project Manager,20260523,20260801,,2026-05-23,2026-08-01,,Open,Not Started,0,1
4831,RI-966-07,966,Risk,Traceability coverage requires remediation — Enterprise Telemetry Modernization,Quality,3,4,12,High,Product Owner,20260523,20260808,20260620,2026-05-23,2026-08-08,2026-06-20,Closed,Completed,0,0
4832,RI-967-01,967,Issue,Review capacity is concentrated in one role — Enterprise Telemetry Analytics,Resource,3,3,9,Medium,Systems Lead,20260502,20260801,20260508,2026-05-02,2026-08-01,2026-05-08,Closed,Completed,0,0
4833,RI-967-02,967,Risk,Critical skill coverage is below demand,Resource,2,4,8,Medium,Security Lead,20260513,20260811,,2026-05-13,2026-08-11,,Open,Not Started,0,0
4834,RI-967-03,967,Risk,Release window has limited recovery float,Schedule,3,2,6,Medium,Supplier Manager,20260308,20260520,,2026-03-08,2026-05-20,,Mitigated,Completed,0,0
4835,RI-967-04,967,Issue,Interface behavior remains unproven — Enterprise Telemetry Analytics,Technical,2,5,10,Medium,Release Manager,20260808,20260811,,2026-08-08,2026-08-11,,Open,In Progress,0,0
4836,RI-967-05,967,Risk,Legacy data quality could require redesign,Technical,3,4,12,High,Technical Lead,20260627,20260728,,2026-06-27,2026-07-28,,Open,Not Started,0,1
4837,RI-967-06,967,Risk,External interface decision is blocking delivery,Dependency,3,4,12,High,Systems Lead,20260715,20260811,,2026-07-15,2026-08-11,,Open,Not Started,0,0
4838,RI-968-01,968,Risk,Release window has limited recovery float,Schedule,2,4,8,Medium,Finance Partner,20260530,20260811,,2026-05-30,2026-08-11,,Open,In Progress,0,0
4839,RI-968-02,968,Risk,Shared engineer availability may delay delivery — Enterprise Telemetry Platform,Resource,2,3,6,Medium,Data Lead,20260621,20260811,,2026-06-21,2026-08-11,,Open,Not Started,0,0
4840,RI-968-03,968,Risk,Pilot readiness depends on unresolved actions,Schedule,2,3,6,Medium,Project Manager,20260721,20260811,,2026-07-21,2026-08-11,,Monitoring,In Progress,0,0
4841,RI-968-04,968,Risk,Shared engineer availability may delay delivery,Resource,4,4,16,High,Product Owner,20260629,20260811,,2026-06-29,2026-08-11,,Monitoring,Completed,0,0
4842,RI-968-05,968,Issue,Performance margin may not meet the target — Enterprise Telemetry Platform,Technical,4,1,4,Low,Quality Lead,20260624,20260811,,2026-06-24,2026-08-11,,Mitigated,Completed,0,0
4843,RI-968-06,968,Risk,Environment parity is not yet demonstrated,Technical,2,2,4,Low,Finance Partner,20260707,20260811,,2026-07-07,2026-08-11,,Open,Not Started,0,0
4844,RI-968-07,968,Risk,Pilot readiness depends on unresolved actions — Enterprise Telemetry Platform,Schedule,3,2,6,Medium,Data Lead,20260325,20260811,20260515,2026-03-25,2026-08-11,2026-05-15,Closed,Completed,0,0
4845,RI-969-01,969,Risk,Supplier lead time threatens the next gate — Enterprise Telemetry Optimization,Schedule,3,5,15,High,Release Manager,20260731,20260811,,2026-07-31,2026-08-11,,Monitoring,In Progress,0,0
4846,RI-969-02,969,Risk,Performance margin may not meet the target — Enterprise Telemetry Optimization,Technical,3,5,15,High,Technical Lead,20260425,20260811,,2026-04-25,2026-08-11,,Open,Not Started,0,0
4847,RI-969-03,969,Risk,Competing portfolio priority constrains staffing — Enterprise Telemetry Optimization,Resource,4,3,12,High,Systems Lead,20260721,20260811,,2026-07-21,2026-08-11,,Mitigated,Completed,0,0
4848,RI-969-04,969,Risk,Shared engineer availability may delay delivery,Resource,3,1,3,Low,Security Lead,20260531,20260811,,2026-05-31,2026-08-11,,Mitigated,Completed,0,0
4849,RI-969-05,969,Risk,Late design decision may affect downstream work — Enterprise Telemetry Optimization,Schedule,4,4,16,High,Supplier Manager,20260808,20260811,,2026-08-08,2026-08-11,,Mitigated,Completed,0,0
4850,RI-970-01,970,Issue,Specialist rate mix is above plan — Enterprise Telemetry Integration,Cost,4,3,12,High,Product Owner,20260628,20260804,,2026-06-28,2026-08-04,,Mitigated,Completed,0,0
4851,RI-970-02,970,Issue,Interface behavior remains unproven — Enterprise Telemetry Integration,Technical,3,4,12,High,Quality Lead,20260627,20260811,,2026-06-27,2026-08-11,,Mitigated,Completed,0,0
4852,RI-970-03,970,Risk,Test environment availability may move the baseline — Enterprise Telemetry Integration,Schedule,4,5,20,Critical,Finance Partner,20260806,20260811,,2026-08-06,2026-08-11,,Monitoring,In Progress,1,0
4853,RI-970-04,970,Risk,Material quotation may exceed the estimate — Enterprise Telemetry Integration,Cost,3,4,12,High,Data Lead,20260626,20260811,,2026-06-26,2026-08-11,,Monitoring,In Progress,0,0
4854,RI-970-05,970,Issue,Prototype result may require architecture rework — Enterprise Telemetry Integration,Technical,2,2,4,Low,Project Manager,20260712,20260811,,2026-07-12,2026-08-11,,Monitoring,In Progress,0,0
4855,RI-970-06,970,Risk,Security approval is on the critical path — Enterprise Telemetry Integration,Dependency,2,2,4,Low,Product Owner,20260507,20260811,,2026-05-07,2026-08-11,,Open,Not Started,0,0
4856,RI-971-01,971,Risk,Scope clarification may require a budget change — Enterprise Telemetry Transformation,Cost,2,2,4,Low,Security Lead,20260326,20260724,,2026-03-26,2026-07-24,,Mitigated,Completed,0,0
4857,RI-971-02,971,Risk,Review capacity is concentrated in one role — Enterprise Telemetry Transformation,Resource,3,2,6,Medium,Supplier Manager,20260510,20260626,,2026-05-10,2026-06-26,,Mitigated,Completed,0,0
4858,RI-971-03,971,Risk,Security approval is on the critical path,Dependency,4,4,16,High,Release Manager,20260313,20260530,,2026-03-13,2026-05-30,,Monitoring,Completed,0,1
4859,RI-972-01,972,Issue,Material quotation may exceed the estimate,Cost,1,4,4,Low,Data Lead,20260716,20260811,,2026-07-16,2026-08-11,,Monitoring,In Progress,0,0
4860,RI-972-02,972,Risk,Backfill timing creates a capacity gap — Enterprise Telemetry Enablement,Resource,2,3,6,Medium,Project Manager,20260805,20260811,,2026-08-05,2026-08-11,,Open,In Progress,0,0
4861,RI-972-03,972,Risk,Upstream data contract remains unresolved — Enterprise Telemetry Enablement,Dependency,2,3,6,Medium,Product Owner,20260726,20260811,,2026-07-26,2026-08-11,,Monitoring,In Progress,0,0
4862,RI-972-04,972,Risk,External interface decision is blocking delivery,Dependency,5,4,20,Critical,Quality Lead,20260712,20260811,,2026-07-12,2026-08-11,,Open,Not Started,1,0
4863,RI-972-05,972,Risk,Verification evidence is incomplete — Enterprise Telemetry Enablement,Quality,4,4,16,High,Finance Partner,20260506,20260705,,2026-05-06,2026-07-05,,Open,In Progress,0,1
4864,RI-972-06,972,Risk,Release window has limited recovery float,Schedule,4,3,12,High,Data Lead,20260613,20260811,,2026-06-13,2026-08-11,,Mitigated,Completed,0,0
4865,RI-973-01,973,Risk,Performance margin may not meet the target — Enterprise Telemetry Acceleration,Technical,3,4,12,High,Technical Lead,20260103,20260510,,2026-01-03,2026-05-10,,Mitigated,Completed,0,0
4866,RI-973-02,973,Issue,Prototype result may require architecture rework — Enterprise Telemetry Acceleration,Technical,5,5,25,Critical,Systems Lead,20260321,20260605,20260612,2026-03-21,2026-06-05,2026-06-12,Closed,Completed,0,0
4867,RI-973-03,973,Risk,External interface decision is blocking delivery — Enterprise Telemetry Acceleration,Dependency,1,2,2,Low,Security Lead,20260807,20260811,,2026-08-07,2026-08-11,,Open,Not Started,0,0
4868,RI-973-04,973,Risk,Material quotation may exceed the estimate,Cost,1,2,2,Low,Supplier Manager,20260515,20260720,,2026-05-15,2026-07-20,,Monitoring,In Progress,0,1
4869,RI-974-01,974,Risk,Cloud run cost is trending above the baseline — Enterprise Telemetry Orchestration,Cost,2,5,10,Medium,Quality Lead,20260427,20260623,,2026-04-27,2026-06-23,,Monitoring,In Progress,0,1
4870,RI-974-02,974,Risk,Acceptance criteria remain partially ambiguous — Enterprise Telemetry Orchestration,Quality,3,4,12,High,Finance Partner,20260419,20260606,20260513,2026-04-19,2026-06-06,2026-05-13,Closed,Completed,0,0
4871,RI-974-03,974,Risk,Specialist rate mix is above plan,Cost,3,1,3,Low,Data Lead,20260227,20260507,,2026-02-27,2026-05-07,,Mitigated,Completed,0,0
4872,RI-974-04,974,Issue,Interface behavior remains unproven — Enterprise Telemetry Orchestration,Technical,5,4,20,Critical,Project Manager,20260201,20260330,20260215,2026-02-01,2026-03-30,2026-02-15,Closed,Completed,0,0
4873,RI-975-01,975,Risk,External interface decision is blocking delivery — Enterprise Telemetry Intelligence,Dependency,4,2,8,Medium,Supplier Manager,20260621,20260811,,2026-06-21,2026-08-11,,Monitoring,In Progress,0,0
4874,RI-975-02,975,Issue,Supplier lead time threatens the next gate,Schedule,5,3,15,High,Release Manager,20260527,20260810,,2026-05-27,2026-08-10,,Mitigated,Completed,0,0
4875,RI-975-03,975,Risk,Late design decision may affect downstream work,Schedule,2,1,2,Low,Technical Lead,20260525,20260806,20260711,2026-05-25,2026-08-06,2026-07-11,Closed,Completed,0,0
4876,RI-976-01,976,Risk,Supplier lead time threatens the next gate,Schedule,3,2,6,Medium,Project Manager,20260623,20260811,,2026-06-23,2026-08-11,,Monitoring,In Progress,0,0
4877,RI-976-02,976,Risk,Traceability coverage requires remediation,Quality,2,4,8,Medium,Product Owner,20260619,20260811,,2026-06-19,2026-08-11,,Monitoring,In Progress,0,0
4878,RI-976-03,976,Risk,Test environment availability may move the baseline — Enterprise Workflow Modernization,Schedule,4,4,16,High,Quality Lead,20260720,20260811,20260722,2026-07-20,2026-08-11,2026-07-22,Closed,Completed,0,0
4879,RI-976-04,976,Risk,Integration sequence may compress validation,Schedule,3,3,9,Medium,Finance Partner,20260605,20260811,20260717,2026-06-05,2026-08-11,2026-07-17,Closed,Completed,0,0
4880,RI-977-01,977,Risk,Pilot readiness depends on unresolved actions,Schedule,3,2,6,Medium,Systems Lead,20260702,20260811,,2026-07-02,2026-08-11,,Monitoring,In Progress,0,0
4881,RI-977-02,977,Risk,Material quotation may exceed the estimate — Enterprise Workflow Analytics,Cost,3,2,6,Medium,Security Lead,20260717,20260811,,2026-07-17,2026-08-11,,Open,In Progress,0,0
4882,RI-977-03,977,Issue,Contractor transition may reduce throughput — Enterprise Workflow Analytics,Resource,5,3,15,High,Supplier Manager,20260710,20260811,,2026-07-10,2026-08-11,,Monitoring,In Progress,0,0
4883,RI-978-01,978,Issue,Technical debt may complicate integration,Technical,4,2,8,Medium,Finance Partner,20260118,20260528,20260608,2026-01-18,2026-05-28,2026-06-08,Closed,Completed,0,0
4884,RI-978-02,978,Risk,Material quotation may exceed the estimate,Cost,3,2,6,Medium,Data Lead,20260730,20260811,,2026-07-30,2026-08-11,,Mitigated,Completed,0,0
4885,RI-978-03,978,Risk,Pilot readiness depends on unresolved actions,Schedule,4,3,12,High,Project Manager,20260429,20260706,20260615,2026-04-29,2026-07-06,2026-06-15,Closed,Not Required,0,0
4886,RI-978-04,978,Risk,External interface decision is blocking delivery — Enterprise Workflow Platform,Dependency,3,3,9,Medium,Product Owner,20260213,20260420,,2026-02-13,2026-04-20,,Open,Not Started,0,1
4887,RI-978-05,978,Risk,Regression scope may exceed the test window,Quality,1,5,5,Low,Quality Lead,20260401,20260708,20260806,2026-04-01,2026-07-08,2026-08-06,Closed,Completed,0,0
4888,RI-979-01,979,Risk,Scope clarification may require a budget change — Enterprise Workflow Optimization,Cost,3,4,12,High,Release Manager,20260201,20260424,20260519,2026-02-01,2026-04-24,2026-05-19,Closed,Completed,0,0
4889,RI-979-02,979,Risk,Legacy data quality could require redesign — Enterprise Workflow Optimization,Technical,5,1,5,Low,Technical Lead,20251129,20260305,,2025-11-29,2026-03-05,,Mitigated,Completed,0,0
4890,RI-979-03,979,Risk,Cloud run cost is trending above the baseline — Enterprise Workflow Optimization,Cost,4,2,8,Medium,Systems Lead,20260215,20260410,,2026-02-15,2026-04-10,,Mitigated,Completed,0,0
4891,RI-979-04,979,Issue,Shared engineer availability may delay delivery — Enterprise Workflow Optimization,Resource,5,3,15,High,Security Lead,20251228,20260406,20260228,2025-12-28,2026-04-06,2026-02-28,Closed,Completed,0,0
4892,RI-979-05,979,Risk,Test environment availability may move the baseline — Enterprise Workflow Optimization,Schedule,3,4,12,High,Supplier Manager,20260410,20260627,,2026-04-10,2026-06-27,,Mitigated,Completed,0,0
4893,RI-979-06,979,Issue,Platform release timing may create a mismatch — Enterprise Workflow Optimization,Dependency,2,4,8,Medium,Release Manager,20260224,20260414,,2026-02-24,2026-04-14,,Mitigated,Completed,0,0
4894,RI-980-01,980,Risk,Release window has limited recovery float,Schedule,5,2,10,Medium,Product Owner,20260718,20260811,,2026-07-18,2026-08-11,,Monitoring,In Progress,0,0
4895,RI-980-02,980,Risk,Field issue recurrence needs containment,Quality,4,2,8,Medium,Quality Lead,20260527,20260811,,2026-05-27,2026-08-11,,Monitoring,In Progress,0,0
4896,RI-980-03,980,Risk,Late design decision may affect downstream work — Enterprise Workflow Integration,Schedule,2,3,6,Medium,Finance Partner,20260304,20260508,,2026-03-04,2026-05-08,,Monitoring,In Progress,0,1
4897,RI-981-01,981,Risk,Scope clarification may require a budget change,Cost,2,3,6,Medium,Security Lead,20260506,20260808,20260616,2026-05-06,2026-08-08,2026-06-16,Closed,Completed,0,0
4898,RI-981-02,981,Risk,Rework could consume management reserve — Enterprise Workflow Transformation,Cost,2,5,10,Medium,Supplier Manager,20260731,20260811,,2026-07-31,2026-08-11,,Open,Not Started,0,0
4899,RI-981-03,981,Risk,Legacy data quality could require redesign,Technical,4,2,8,Medium,Release Manager,20260804,20260811,,2026-08-04,2026-08-11,,Monitoring,In Progress,0,0
4900,RI-982-01,982,Risk,Late design decision may affect downstream work,Schedule,1,2,2,Low,Data Lead,20260321,20260620,20260608,2026-03-21,2026-06-20,2026-06-08,Closed,Completed,0,0
4901,RI-982-02,982,Risk,Traceability coverage requires remediation — Enterprise Workflow Enablement,Quality,3,2,6,Medium,Project Manager,20260722,20260811,,2026-07-22,2026-08-11,,Open,Not Started,0,0
4902,RI-982-03,982,Risk,Vendor component readiness is uncertain,Dependency,3,3,9,Medium,Product Owner,20260605,20260811,,2026-06-05,2026-08-11,,Open,In Progress,0,0
4903,RI-982-04,982,Risk,Traceability coverage requires remediation — Enterprise Workflow Enablement,Quality,2,2,4,Low,Quality Lead,20260612,20260811,,2026-06-12,2026-08-11,,Mitigated,Completed,0,0
4904,RI-982-05,982,Risk,Review capacity is concentrated in one role,Resource,5,3,15,High,Finance Partner,20260311,20260527,,2026-03-11,2026-05-27,,Open,In Progress,0,1
4905,RI-982-06,982,Risk,Scope clarification may require a budget change — Enterprise Workflow Enablement,Cost,3,3,9,Medium,Data Lead,20260512,20260727,,2026-05-12,2026-07-27,,Mitigated,Completed,0,0
4906,RI-983-01,983,Risk,Technical debt may complicate integration,Technical,2,1,2,Low,Technical Lead,20260615,20260810,,2026-06-15,2026-08-10,,Open,Not Started,0,1
4907,RI-983-02,983,Risk,Vendor component readiness is uncertain — Enterprise Workflow Acceleration,Dependency,5,1,5,Low,Systems Lead,20260529,20260811,,2026-05-29,2026-08-11,,Open,Not Started,0,0
4908,RI-983-03,983,Issue,Late design decision may affect downstream work,Schedule,3,4,12,High,Security Lead,20260522,20260811,,2026-05-22,2026-08-11,,Open,In Progress,0,0
4909,RI-983-04,983,Risk,Vendor component readiness is uncertain — Enterprise Workflow Acceleration,Dependency,4,3,12,High,Supplier Manager,20260515,20260720,,2026-05-15,2026-07-20,,Monitoring,In Progress,0,1
4910,RI-983-05,983,Issue,Cloud run cost is trending above the baseline,Cost,5,3,15,High,Release Manager,20260708,20260811,,2026-07-08,2026-08-11,,Monitoring,Completed,0,0
4911,RI-983-06,983,Risk,Rework could consume management reserve — Enterprise Workflow Acceleration,Cost,2,2,4,Low,Technical Lead,20260719,20260811,,2026-07-19,2026-08-11,,Monitoring,In Progress,0,0
4912,RI-983-07,983,Issue,Scope clarification may require a budget change,Cost,2,3,6,Medium,Systems Lead,20260512,20260807,20260706,2026-05-12,2026-08-07,2026-07-06,Closed,Completed,0,0
4913,RI-984-01,984,Risk,Rework could consume management reserve,Cost,3,2,6,Medium,Quality Lead,20260709,20260811,,2026-07-09,2026-08-11,,Open,Not Started,0,0
4914,RI-984-02,984,Issue,Release window has limited recovery float,Schedule,5,4,20,Critical,Finance Partner,20260805,20260811,,2026-08-05,2026-08-11,,Monitoring,In Progress,1,0
4915,RI-984-03,984,Risk,Scope clarification may require a budget change,Cost,2,3,6,Medium,Data Lead,20260808,20260811,,2026-08-08,2026-08-11,,Open,Not Started,0,0
4916,RI-984-04,984,Risk,Platform release timing may create a mismatch — Enterprise Workflow Orchestration,Dependency,4,3,12,High,Project Manager,20260703,20260811,,2026-07-03,2026-08-11,,Open,Not Started,0,0
4917,RI-984-05,984,Risk,Cloud run cost is trending above the baseline — Enterprise Workflow Orchestration,Cost,5,3,15,High,Product Owner,20260804,20260811,,2026-08-04,2026-08-11,,Open,In Progress,0,0
4918,RI-985-01,985,Risk,Prototype result may require architecture rework,Technical,3,2,6,Medium,Supplier Manager,20260529,20260715,,2026-05-29,2026-07-15,,Monitoring,In Progress,0,1
4919,RI-985-02,985,Risk,Integration sequence may compress validation — Enterprise Workflow Intelligence,Schedule,1,1,1,Low,Release Manager,20260715,20260811,,2026-07-15,2026-08-11,,Open,Not Started,0,0
4920,RI-985-03,985,Risk,Backfill timing creates a capacity gap — Enterprise Workflow Intelligence,Resource,2,3,6,Medium,Technical Lead,20260414,20260707,,2026-04-14,2026-07-07,,Monitoring,Completed,0,1
4921,RI-985-04,985,Risk,Specialist rate mix is above plan — Enterprise Workflow Intelligence,Cost,2,5,10,Medium,Systems Lead,20260810,20260811,,2026-08-10,2026-08-11,,Open,In Progress,0,0
4922,RI-985-05,985,Risk,Competing portfolio priority constrains staffing — Enterprise Workflow Intelligence,Resource,3,3,9,Medium,Security Lead,20260524,20260811,,2026-05-24,2026-08-11,,Open,Not Started,0,0
4923,RI-985-06,985,Risk,Prototype result may require architecture rework — Enterprise Workflow Intelligence,Technical,4,3,12,High,Supplier Manager,20260707,20260811,,2026-07-07,2026-08-11,,Mitigated,Completed,0,0
4924,RI-985-07,985,Issue,Vendor component readiness is uncertain,Dependency,2,3,6,Medium,Release Manager,20260729,20260811,,2026-07-29,2026-08-11,,Monitoring,In Progress,0,0
4925,RI-986-01,986,Risk,Environment parity is not yet demonstrated — Enterprise Quality Modernization,Technical,2,3,6,Medium,Project Manager,20260416,20260611,,2026-04-16,2026-06-11,,Mitigated,Completed,0,0
4926,RI-986-02,986,Risk,Performance margin may not meet the target,Technical,4,4,16,High,Product Owner,20260809,20260811,,2026-08-09,2026-08-11,,Mitigated,Completed,0,0
4927,RI-986-03,986,Risk,Pilot readiness depends on unresolved actions — Enterprise Quality Modernization,Schedule,3,5,15,High,Quality Lead,20260525,20260725,,2026-05-25,2026-07-25,,Mitigated,Completed,0,0
4928,RI-986-04,986,Risk,Legacy data quality could require redesign — Enterprise Quality Modernization,Technical,5,3,15,High,Finance Partner,20260623,20260811,,2026-06-23,2026-08-11,,Monitoring,In Progress,0,0
4929,RI-986-05,986,Issue,Interface behavior remains unproven,Technical,3,4,12,High,Data Lead,20260622,20260811,,2026-06-22,2026-08-11,,Open,Not Started,0,0
4930,RI-986-06,986,Issue,Committed spend limits recovery options — Enterprise Quality Modernization,Cost,2,4,8,Medium,Project Manager,20260712,20260811,,2026-07-12,2026-08-11,,Open,In Progress,0,0
4931,RI-987-01,987,Issue,Test environment availability may move the baseline,Schedule,4,5,20,Critical,Systems Lead,20260808,20260811,,2026-08-08,2026-08-11,,Mitigated,Completed,0,0
4932,RI-987-02,987,Risk,Cloud run cost is trending above the baseline — Enterprise Quality Analytics,Cost,3,1,3,Low,Security Lead,20260720,20260811,,2026-07-20,2026-08-11,,Monitoring,In Progress,0,0
4933,RI-987-03,987,Issue,Late design decision may affect downstream work — Enterprise Quality Analytics,Schedule,3,4,12,High,Supplier Manager,20260411,20260725,20260722,2026-04-11,2026-07-25,2026-07-22,Closed,Completed,0,0
4934,RI-987-04,987,Risk,Rework could consume management reserve,Cost,2,3,6,Medium,Release Manager,20260712,20260811,,2026-07-12,2026-08-11,,Open,In Progress,0,0
4935,RI-988-01,988,Risk,Review capacity is concentrated in one role,Resource,5,4,20,Critical,Finance Partner,20260518,20260718,,2026-05-18,2026-07-18,,Open,Not Started,1,1
4936,RI-988-02,988,Risk,Interface behavior remains unproven — Enterprise Quality Platform,Technical,1,3,3,Low,Data Lead,20260712,20260811,,2026-07-12,2026-08-11,,Open,Not Started,0,0
4937,RI-988-03,988,Risk,Prototype result may require architecture rework,Technical,4,4,16,High,Project Manager,20260719,20260811,,2026-07-19,2026-08-11,,Monitoring,In Progress,0,0
4938,RI-988-04,988,Risk,Performance margin may not meet the target,Technical,3,4,12,High,Product Owner,20260412,20260727,,2026-04-12,2026-07-27,,Mitigated,Completed,0,0
4939,RI-988-05,988,Risk,Specialist rate mix is above plan — Enterprise Quality Platform,Cost,3,5,15,High,Quality Lead,20260731,20260811,,2026-07-31,2026-08-11,,Open,In Progress,0,0
4940,RI-988-06,988,Risk,Cloud run cost is trending above the baseline,Cost,3,2,6,Medium,Finance Partner,20260719,20260811,,2026-07-19,2026-08-11,,Monitoring,In Progress,0,0
4941,RI-988-07,988,Risk,Acceptance criteria remain partially ambiguous — Enterprise Quality Platform,Quality,5,5,25,Critical,Data Lead,20251209,20260406,20260317,2025-12-09,2026-04-06,2026-03-17,Closed,Completed,0,0
4942,RI-989-01,989,Risk,Technical debt may complicate integration,Technical,2,2,4,Low,Release Manager,20251226,20260305,20260121,2025-12-26,2026-03-05,2026-01-21,Closed,Completed,0,0
4943,RI-989-02,989,Risk,Specialist rate mix is above plan — Enterprise Quality Optimization,Cost,4,3,12,High,Technical Lead,20260303,20260526,,2026-03-03,2026-05-26,,Mitigated,Completed,0,0
4944,RI-989-03,989,Risk,Interface behavior remains unproven,Technical,3,4,12,High,Systems Lead,20260210,20260402,,2026-02-10,2026-04-02,,Monitoring,Completed,0,1
4945,RI-989-04,989,Risk,Integration sequence may compress validation,Schedule,1,4,4,Low,Security Lead,20260109,20260309,,2026-01-09,2026-03-09,,Mitigated,Completed,0,0
4946,RI-989-05,989,Issue,Test environment availability may move the baseline — Enterprise Quality Optimization,Schedule,2,3,6,Medium,Supplier Manager,20260723,20260811,,2026-07-23,2026-08-11,,Open,In Progress,0,0
4947,RI-990-01,990,Risk,Rework could consume management reserve,Cost,1,5,5,Low,Product Owner,20260526,20260811,,2026-05-26,2026-08-11,,Open,In Progress,0,0
4948,RI-990-02,990,Risk,Traceability coverage requires remediation,Quality,5,3,15,High,Quality Lead,20260412,20260622,,2026-04-12,2026-06-22,,Monitoring,In Progress,0,1
4949,RI-990-03,990,Risk,Customer test access is not yet confirmed — Enterprise Quality Integration,Dependency,4,4,16,High,Finance Partner,20260320,20260616,20260623,2026-03-20,2026-06-16,2026-06-23,Closed,Completed,0,0
4950,RI-990-04,990,Risk,Regression scope may exceed the test window,Quality,3,5,15,High,Data Lead,20260508,20260811,,2026-05-08,2026-08-11,,Mitigated,Completed,0,0
4951,RI-991-01,991,Issue,Integration sequence may compress validation — Enterprise Quality Transformation,Schedule,5,4,20,Critical,Security Lead,20260209,20260515,,2026-02-09,2026-05-15,,Monitoring,In Progress,1,1
4952,RI-991-02,991,Risk,Regression scope may exceed the test window,Quality,3,2,6,Medium,Supplier Manager,20260410,20260622,,2026-04-10,2026-06-22,,Mitigated,Completed,0,0
4953,RI-991-03,991,Risk,Environment parity is not yet demonstrated — Enterprise Quality Transformation,Technical,3,1,3,Low,Release Manager,20260331,20260628,20260505,2026-03-31,2026-06-28,2026-05-05,Closed,Completed,0,0
4954,RI-991-04,991,Risk,Regression scope may exceed the test window,Quality,3,2,6,Medium,Technical Lead,20260222,20260718,,2026-02-22,2026-07-18,,Mitigated,Completed,0,0
4955,RI-991-05,991,Risk,Field issue recurrence needs containment — Enterprise Quality Transformation,Quality,4,4,16,High,Systems Lead,20251208,20260126,,2025-12-08,2026-01-26,,Mitigated,Completed,0,0
4956,RI-991-06,991,Risk,Performance margin may not meet the target,Technical,3,3,9,Medium,Security Lead,20260708,20260811,,2026-07-08,2026-08-11,,Open,Not Started,0,0
4957,RI-991-07,991,Issue,Interface behavior remains unproven,Technical,3,4,12,High,Supplier Manager,20260202,20260512,20260517,2026-02-02,2026-05-12,2026-05-17,Closed,Completed,0,0
4958,RI-992-01,992,Risk,Traceability coverage requires remediation,Quality,2,2,4,Low,Data Lead,20260604,20260811,,2026-06-04,2026-08-11,,Monitoring,In Progress,0,0
4959,RI-992-02,992,Risk,Critical skill coverage is below demand,Resource,4,4,16,High,Project Manager,20260429,20260630,,2026-04-29,2026-06-30,,Open,Not Started,0,1
4960,RI-992-03,992,Risk,Review capacity is concentrated in one role,Resource,3,2,6,Medium,Product Owner,20260407,20260602,20260615,2026-04-07,2026-06-02,2026-06-15,Closed,Completed,0,0
4961,RI-992-04,992,Risk,Upstream data contract remains unresolved — Enterprise Quality Enablement,Dependency,3,1,3,Low,Quality Lead,20260519,20260811,,2026-05-19,2026-08-11,,Open,In Progress,0,0
4962,RI-993-01,993,Risk,Supplier lead time threatens the next gate — Enterprise Quality Acceleration,Schedule,3,4,12,High,Technical Lead,20260809,20260811,,2026-08-09,2026-08-11,,Open,In Progress,0,0
4963,RI-993-02,993,Risk,Review capacity is concentrated in one role — Enterprise Quality Acceleration,Resource,2,4,8,Medium,Systems Lead,20260603,20260811,,2026-06-03,2026-08-11,,Open,In Progress,0,0
4964,RI-993-03,993,Risk,Rework could consume management reserve,Cost,1,4,4,Low,Security Lead,20260330,20260612,20260414,2026-03-30,2026-06-12,2026-04-14,Closed,Completed,0,0
4965,RI-993-04,993,Risk,Pilot readiness depends on unresolved actions — Enterprise Quality Acceleration,Schedule,3,4,12,High,Supplier Manager,20260803,20260811,,2026-08-03,2026-08-11,,Monitoring,In Progress,0,0
4966,RI-993-05,993,Risk,Acceptance criteria remain partially ambiguous — Enterprise Quality Acceleration,Quality,3,5,15,High,Release Manager,20260311,20260630,,2026-03-11,2026-06-30,,Mitigated,Completed,0,0
4967,RI-993-06,993,Risk,Legacy data quality could require redesign,Technical,2,2,4,Low,Technical Lead,20260402,20260624,,2026-04-02,2026-06-24,,Mitigated,Completed,0,0
4968,RI-993-07,993,Risk,Committed spend limits recovery options,Cost,2,4,8,Medium,Systems Lead,20260420,20260807,,2026-04-20,2026-08-07,,Monitoring,In Progress,0,1
4969,RI-994-01,994,Risk,Review capacity is concentrated in one role — Enterprise Quality Orchestration,Resource,3,4,12,High,Quality Lead,20260512,20260809,,2026-05-12,2026-08-09,,Mitigated,Completed,0,0
4970,RI-994-02,994,Risk,Competing portfolio priority constrains staffing,Resource,3,3,9,Medium,Finance Partner,20260322,20260513,20260611,2026-03-22,2026-05-13,2026-06-11,Closed,Completed,0,0
4971,RI-994-03,994,Risk,Interface behavior remains unproven — Enterprise Quality Orchestration,Technical,3,4,12,High,Data Lead,20260620,20260811,,2026-06-20,2026-08-11,,Monitoring,In Progress,0,0
4972,RI-995-01,995,Risk,Interface behavior remains unproven,Technical,2,3,6,Medium,Supplier Manager,20260525,20260811,,2026-05-25,2026-08-11,,Monitoring,In Progress,0,0
4973,RI-995-02,995,Risk,Committed spend limits recovery options — Enterprise Quality Intelligence,Cost,5,1,5,Low,Release Manager,20260101,20260404,,2026-01-01,2026-04-04,,Monitoring,In Progress,0,1
4974,RI-995-03,995,Risk,Contractor transition may reduce throughput,Resource,4,2,8,Medium,Technical Lead,20260217,20260410,20260221,2026-02-17,2026-04-10,2026-02-21,Closed,Completed,0,0
4975,RI-996-01,996,Issue,Legacy data quality could require redesign — Enterprise Engineering Modernization,Technical,4,4,16,High,Project Manager,20260723,20260811,,2026-07-23,2026-08-11,,Open,Not Started,0,0
4976,RI-996-02,996,Risk,Technical debt may complicate integration,Technical,2,5,10,Medium,Product Owner,20260608,20260811,,2026-06-08,2026-08-11,,Open,In Progress,0,0
4977,RI-996-03,996,Risk,Release window has limited recovery float,Schedule,3,2,6,Medium,Quality Lead,20260524,20260811,,2026-05-24,2026-08-11,,Monitoring,Completed,0,0
4978,RI-996-04,996,Risk,Integration sequence may compress validation,Schedule,2,3,6,Medium,Finance Partner,20260406,20260511,20260512,2026-04-06,2026-05-11,2026-05-12,Closed,Completed,0,0
4979,RI-997-01,997,Issue,Critical skill coverage is below demand — Enterprise Engineering Analytics,Resource,2,4,8,Medium,Systems Lead,20260707,20260811,,2026-07-07,2026-08-11,,Monitoring,Completed,0,0
4980,RI-997-02,997,Risk,Contractor transition may reduce throughput — Enterprise Engineering Analytics,Resource,3,3,9,Medium,Security Lead,20260329,20260703,,2026-03-29,2026-07-03,,Mitigated,Completed,0,0
4981,RI-997-03,997,Risk,Security approval is on the critical path,Dependency,3,3,9,Medium,Supplier Manager,20260603,20260811,,2026-06-03,2026-08-11,,Open,Not Started,0,0
4982,RI-997-04,997,Risk,Release window has limited recovery float,Schedule,3,2,6,Medium,Release Manager,20260726,20260811,,2026-07-26,2026-08-11,,Monitoring,In Progress,0,0
4983,RI-997-05,997,Issue,Legacy data quality could require redesign — Enterprise Engineering Analytics,Technical,5,3,15,High,Technical Lead,20260414,20260629,,2026-04-14,2026-06-29,,Mitigated,Completed,0,0
4984,RI-997-06,997,Issue,Legacy data quality could require redesign,Technical,5,3,15,High,Systems Lead,20260718,20260811,,2026-07-18,2026-08-11,,Open,Not Started,0,0
4985,RI-998-01,998,Risk,Environment parity is not yet demonstrated,Technical,2,5,10,Medium,Finance Partner,20260217,20260406,,2026-02-17,2026-04-06,,Monitoring,In Progress,0,1
4986,RI-998-02,998,Issue,Review capacity is concentrated in one role,Resource,4,5,20,Critical,Data Lead,20260728,20260811,,2026-07-28,2026-08-11,,Monitoring,In Progress,1,0
4987,RI-998-03,998,Risk,Field issue recurrence needs containment,Quality,4,4,16,High,Project Manager,20260401,20260615,,2026-04-01,2026-06-15,,Open,In Progress,0,1
4988,RI-998-04,998,Risk,Environment parity is not yet demonstrated — Enterprise Engineering Platform,Technical,5,4,20,Critical,Product Owner,20260627,20260811,,2026-06-27,2026-08-11,,Open,Not Started,1,0
4989,RI-998-05,998,Issue,Backfill timing creates a capacity gap,Resource,4,3,12,High,Quality Lead,20260427,20260808,,2026-04-27,2026-08-08,,Open,In Progress,0,1
4990,RI-998-06,998,Risk,Release window has limited recovery float,Schedule,3,4,12,High,Finance Partner,20251222,20260306,,2025-12-22,2026-03-06,,Mitigated,Completed,0,0
4991,RI-998-07,998,Issue,Prototype result may require architecture rework,Technical,2,3,6,Medium,Data Lead,20260322,20260613,20260329,2026-03-22,2026-06-13,2026-03-29,Closed,Completed,0,0
4992,RI-999-01,999,Risk,Field issue recurrence needs containment,Quality,3,3,9,Medium,Release Manager,20251111,20260303,,2025-11-11,2026-03-03,,Mitigated,Completed,0,0
4993,RI-999-02,999,Issue,Verification evidence is incomplete — Enterprise Engineering Optimization,Quality,2,4,8,Medium,Technical Lead,20251208,20260127,,2025-12-08,2026-01-27,,Monitoring,In Progress,0,1
4994,RI-999-03,999,Issue,Backfill timing creates a capacity gap — Enterprise Engineering Optimization,Resource,4,1,4,Low,Systems Lead,20251009,20251213,,2025-10-09,2025-12-13,,Monitoring,Completed,0,1
4995,RI-999-04,999,Issue,Verification evidence is incomplete — Enterprise Engineering Optimization,Quality,3,3,9,Medium,Security Lead,20251202,20260214,20260208,2025-12-02,2026-02-14,2026-02-08,Closed,Completed,0,0
4996,RI-999-05,999,Risk,Verification evidence is incomplete — Enterprise Engineering Optimization,Quality,3,2,6,Medium,Supplier Manager,20260113,20260323,20260421,2026-01-13,2026-03-23,2026-04-21,Closed,Completed,0,0
4997,RI-999-06,999,Issue,Contractor transition may reduce throughput,Resource,2,5,10,Medium,Release Manager,20260309,20260427,20260331,2026-03-09,2026-04-27,2026-03-31,Closed,Completed,0,0
4998,RI-1000-01,1000,Risk,Environment parity is not yet demonstrated,Technical,3,3,9,Medium,Product Owner,20260207,20260530,20260509,2026-02-07,2026-05-30,2026-05-09,Closed,Completed,0,0
4999,RI-1000-02,1000,Issue,Late design decision may affect downstream work,Schedule,3,2,6,Medium,Quality Lead,20260212,20260507,20260320,2026-02-12,2026-05-07,2026-03-20,Closed,Not Required,0,0
5000,RI-1000-03,1000,Issue,Environment parity is not yet demonstrated,Technical,2,3,6,Medium,Finance Partner,20260228,20260516,,2026-02-28,2026-05-16,,Mitigated,Completed,0,0
5001,RI-1000-04,1000,Risk,Defect closure rate may miss the exit criterion,Quality,3,3,9,Medium,Data Lead,20260126,20260412,,2026-01-26,2026-04-12,,Mitigated,Completed,0,0
5002,RI-1000-05,1000,Risk,Legacy data quality could require redesign,Technical,3,3,9,Medium,Project Manager,20251215,20260308,,2025-12-15,2026-03-08,,Mitigated,Completed,0,0
