LaborRecordID,WeekStartDateKey,EmployeeKey,ProjectKey,ScheduledHours,AvailableHours,ProjectHours,NonProjectHours,OvertimeHours,PTOHours,StandardLaborRate,OvertimeRateMultiplier,ActualLaborCost,SubmissionDate,SubmissionStatus,TimeEntrySource
LAB-000001,20250804,1,962,40.0,40.0,34.25,5.75,0.0,0.0,100.39,1.5,3438.36,2025-08-12,On Time,Mobile Time Entry
LAB-000002,20250804,2,962,40.0,40.0,34.5,5.5,0.0,0.0,150.62,1.0,5196.39,2025-08-10,On Time,SAP-Style Time
LAB-000003,20250804,3,962,40.0,32.0,27.75,4.25,0.0,8.0,83.78,1.5,2324.9,2025-08-11,On Time,SAP-Style Time
LAB-000004,20250804,4,962,40.0,32.0,27.75,4.25,0.0,8.0,78.56,1.5,2180.04,2025-08-11,On Time,SAP-Style Time
LAB-000005,20250804,5,962,40.0,40.0,34.25,5.75,0.0,0.0,120.4,1.0,4123.7,2025-08-11,On Time,SAP-Style Time
LAB-000006,20250804,6,962,40.0,40.0,34.25,5.75,0.0,0.0,89.06,1.5,3050.31,2025-08-12,On Time,Mobile Time Entry
LAB-000007,20250804,7,962,40.0,28.0,23.5,4.5,0.0,12.0,76.98,1.5,1809.03,2025-08-13,On Time,SAP-Style Time
LAB-000008,20250804,8,962,40.0,40.0,33.5,6.5,0.0,0.0,101.38,1.5,3396.23,2025-08-11,On Time,SAP-Style Time
LAB-000009,20250804,9,962,40.0,40.0,34.25,5.75,0.0,0.0,81.4,1.5,2787.95,2025-08-11,On Time,Mobile Time Entry
LAB-000010,20250804,10,962,40.0,40.0,34.75,5.25,0.0,0.0,76.52,1.5,2659.07,2025-08-11,On Time,SAP-Style Time
LAB-000011,20250804,11,962,40.0,40.0,34.25,5.75,0.0,0.0,128.94,1.0,4416.2,2025-08-13,On Time,SAP-Style Time
LAB-000012,20250804,12,962,40.0,36.0,30.5,5.5,0.0,4.0,93.13,1.5,2840.46,2025-08-11,On Time,SAP-Style Time
LAB-000013,20250804,13,962,40.0,40.0,33.5,6.5,0.0,0.0,82.59,1.5,2766.77,2025-08-12,On Time,SAP-Style Time
LAB-000014,20250804,14,962,40.0,40.0,37.5,6.75,4.25,0.0,100.38,1.5,3977.56,2025-08-10,On Time,SAP-Style Time
LAB-000015,20250804,15,962,40.0,40.0,33.5,6.5,0.0,0.0,98.87,1.5,3312.15,2025-08-11,On Time,SAP-Style Time
LAB-000016,20250804,16,962,40.0,40.0,34.75,5.25,0.0,0.0,100.34,1.5,3486.82,2025-08-11,On Time,SAP-Style Time
LAB-000017,20250804,17,962,40.0,40.0,34.75,5.25,0.0,0.0,88.53,1.5,3076.42,2025-08-11,On Time,Mobile Time Entry
LAB-000018,20250804,18,962,40.0,40.0,35.0,5.0,0.0,0.0,89.32,1.5,3126.2,2025-08-11,On Time,SAP-Style Time
LAB-000019,20250804,19,962,40.0,40.0,35.0,5.0,0.0,0.0,91.26,1.5,3194.1,2025-08-11,On Time,SAP-Style Time
LAB-000020,20250804,20,962,40.0,40.0,34.25,5.75,0.0,0.0,77.3,1.5,2647.53,2025-08-12,On Time,SAP-Style Time
LAB-000021,20250804,21,962,40.0,40.0,34.25,5.75,0.0,0.0,77.07,1.5,2639.65,2025-08-12,On Time,SAP-Style Time
LAB-000022,20250804,22,962,40.0,40.0,34.75,5.25,0.0,0.0,102.23,1.5,3552.49,2025-08-10,On Time,SAP-Style Time
LAB-000023,20250804,23,962,40.0,40.0,34.25,5.75,0.0,0.0,85.0,1.5,2911.25,2025-08-11,On Time,SAP-Style Time
LAB-000024,20250804,24,962,40.0,40.0,34.75,5.25,0.0,0.0,81.27,1.5,2824.13,2025-08-13,On Time,SAP-Style Time
LAB-000025,20250804,25,962,40.0,40.0,35.5,5.5,1.0,0.0,102.16,1.0,3626.68,2025-08-12,On Time,SAP-Style Time
LAB-000026,20250804,26,962,40.0,40.0,33.5,6.5,0.0,0.0,85.79,1.5,2873.97,2025-08-11,On Time,SAP-Style Time
LAB-000027,20250804,27,962,40.0,40.0,34.5,5.5,0.0,0.0,104.52,1.5,3605.94,2025-08-19,Late,SAP-Style Time
LAB-000028,20250804,28,962,40.0,40.0,41.0,5.0,6.0,0.0,82.53,1.5,3631.32,2025-08-16,Late,SAP-Style Time
LAB-000029,20250804,29,962,40.0,40.0,35.0,5.0,0.0,0.0,79.3,1.5,2775.5,2025-08-16,Late,SAP-Style Time
LAB-000030,20250804,30,962,40.0,40.0,35.0,5.0,0.0,0.0,79.44,1.5,2780.4,2025-08-11,On Time,SAP-Style Time
LAB-000031,20250804,31,962,40.0,40.0,34.25,5.75,0.0,0.0,105.13,1.5,3600.7,2025-08-10,On Time,SAP-Style Time
LAB-000032,20250804,32,962,40.0,40.0,34.0,6.0,0.0,0.0,82.13,1.5,2792.42,2025-08-10,On Time,Mobile Time Entry
LAB-000033,20250804,33,962,40.0,36.0,30.25,5.75,0.0,4.0,89.89,1.5,2719.17,2025-08-11,On Time,SAP-Style Time
LAB-000034,20250804,34,962,40.0,40.0,33.75,6.25,0.0,0.0,98.09,1.5,3310.54,2025-08-12,On Time,SAP-Style Time
LAB-000035,20250804,35,962,40.0,40.0,35.0,5.0,0.0,0.0,91.52,1.5,3203.2,2025-08-11,On Time,SAP-Style Time
LAB-000036,20250804,36,962,40.0,40.0,34.5,5.5,0.0,0.0,82.83,1.5,2857.63,2025-08-11,On Time,SAP-Style Time
LAB-000037,20250804,37,962,40.0,40.0,37.25,6.25,3.5,0.0,92.08,1.5,3591.12,2025-08-11,On Time,SAP-Style Time
LAB-000038,20250804,38,962,40.0,40.0,31.75,8.25,0.0,0.0,105.74,1.5,3357.25,2025-08-11,On Time,SAP-Style Time
LAB-000039,20250804,39,962,40.0,40.0,32.75,7.25,0.0,0.0,107.79,1.5,3530.12,2025-08-12,On Time,SAP-Style Time
LAB-000040,20250804,40,962,40.0,40.0,33.25,6.75,0.0,0.0,103.71,1.5,3448.36,2025-08-11,On Time,SAP-Style Time
LAB-000041,20250804,41,962,40.0,40.0,32.25,7.75,0.0,0.0,108.71,1.5,3505.9,2025-08-10,On Time,SAP-Style Time
LAB-000042,20250804,42,962,40.0,40.0,32.5,7.5,0.0,0.0,149.01,1.0,4842.83,2025-08-12,On Time,SAP-Style Time
LAB-000043,20250804,43,962,40.0,40.0,31.25,8.75,0.0,0.0,106.75,1.5,3335.94,2025-08-10,On Time,SAP-Style Time
LAB-000044,20250804,44,962,40.0,40.0,33.25,6.75,0.0,0.0,144.49,1.0,4804.29,2025-08-10,On Time,SAP-Style Time
LAB-000045,20250804,45,962,40.0,24.0,19.5,4.5,0.0,16.0,86.24,1.5,1681.68,2025-08-10,On Time,SAP-Style Time
LAB-000046,20250804,46,962,40.0,40.0,33.75,6.25,0.0,0.0,143.94,1.0,4857.98,2025-08-12,On Time,SAP-Style Time
LAB-000047,20250804,47,962,40.0,40.0,33.25,6.75,0.0,0.0,106.76,1.5,3549.77,2025-08-11,On Time,SAP-Style Time
LAB-000048,20250804,48,962,40.0,40.0,32.5,7.5,0.0,0.0,87.87,1.5,2855.78,2025-08-11,On Time,SAP-Style Time
LAB-000049,20250804,49,962,40.0,40.0,33.25,6.75,0.0,0.0,83.27,1.5,2768.73,2025-08-10,On Time,SAP-Style Time
LAB-000050,20250804,50,962,40.0,32.0,26.5,5.5,0.0,8.0,101.97,1.5,2702.21,2025-08-12,On Time,SAP-Style Time
LAB-000051,20250804,51,962,40.0,40.0,33.25,6.75,0.0,0.0,86.2,1.5,2866.15,2025-08-13,On Time,SAP-Style Time
LAB-000052,20250804,52,962,40.0,40.0,33.0,7.0,0.0,0.0,97.32,1.5,3211.56,2025-08-11,On Time,SAP-Style Time
LAB-000053,20250804,53,962,40.0,16.0,12.75,3.25,0.0,24.0,94.11,1.5,1199.9,2025-08-12,On Time,SAP-Style Time
LAB-000054,20250804,54,962,40.0,40.0,32.5,7.5,0.0,0.0,107.2,1.5,3484.0,2025-08-11,On Time,SAP-Style Time
LAB-000055,20250804,55,962,40.0,40.0,30.5,9.5,0.0,0.0,95.59,1.5,2915.5,2025-08-11,On Time,SAP-Style Time
LAB-000056,20250804,56,962,40.0,40.0,32.0,8.0,0.0,0.0,73.51,1.5,2352.32,2025-08-11,On Time,SAP-Style Time
LAB-000057,20250804,57,962,40.0,40.0,31.25,8.75,0.0,0.0,87.06,1.5,2720.63,2025-08-12,On Time,SAP-Style Time
LAB-000058,20250804,58,962,40.0,40.0,32.75,7.25,0.0,0.0,119.87,1.0,3925.74,2025-08-12,On Time,SAP-Style Time
LAB-000059,20250804,59,962,40.0,40.0,32.25,7.75,0.0,0.0,83.18,1.5,2682.56,2025-08-16,Late,SAP-Style Time
LAB-000060,20250804,60,962,40.0,40.0,31.75,8.25,0.0,0.0,86.44,1.5,2744.47,2025-08-11,On Time,SAP-Style Time
LAB-000061,20250804,61,962,40.0,40.0,31.0,9.0,0.0,0.0,83.96,1.5,2602.76,2025-08-10,On Time,SAP-Style Time
LAB-000062,20250804,62,962,40.0,40.0,31.0,9.0,0.0,0.0,73.28,1.5,2271.68,2025-08-11,On Time,SAP-Style Time
LAB-000063,20250804,63,962,40.0,40.0,32.5,7.5,0.0,0.0,122.98,1.0,3996.85,2025-08-11,On Time,SAP-Style Time
LAB-000064,20250804,64,962,40.0,40.0,32.75,9.0,1.75,0.0,84.9,1.5,2854.76,2025-08-12,On Time,SAP-Style Time
LAB-000065,20250804,65,962,40.0,40.0,31.25,8.75,0.0,0.0,72.42,1.5,2263.13,2025-08-12,On Time,SAP-Style Time
LAB-000066,20250804,66,962,40.0,40.0,36.0,6.25,2.25,0.0,94.95,1.5,3525.02,2025-08-13,On Time,SAP-Style Time
LAB-000067,20250804,67,962,40.0,40.0,31.0,9.0,0.0,0.0,79.97,1.5,2479.07,2025-08-10,On Time,SAP-Style Time
LAB-000068,20250804,68,962,40.0,40.0,32.0,8.0,0.0,0.0,79.96,1.5,2558.72,2025-08-11,On Time,SAP-Style Time
LAB-000069,20250804,69,962,40.0,40.0,35.75,8.25,4.0,0.0,92.5,1.5,3491.88,2025-08-12,On Time,Mobile Time Entry
LAB-000070,20250804,70,962,40.0,40.0,32.5,7.5,0.0,0.0,79.17,1.5,2573.03,2025-08-11,On Time,SAP-Style Time
LAB-000071,20250804,71,962,40.0,40.0,32.0,8.0,0.0,0.0,84.44,1.5,2702.08,2025-08-10,On Time,SAP-Style Time
LAB-000072,20250804,72,962,40.0,40.0,32.5,7.5,0.0,0.0,107.82,1.0,3504.15,2025-08-12,On Time,SAP-Style Time
LAB-000073,20250804,73,962,40.0,40.0,32.75,7.25,0.0,0.0,85.94,1.5,2814.54,2025-08-10,On Time,SAP-Style Time
LAB-000074,20250804,74,962,40.0,40.0,32.25,7.75,0.0,0.0,74.38,1.5,2398.75,2025-08-12,On Time,Manager Adjustment
LAB-000075,20250804,75,962,40.0,40.0,31.25,8.75,0.0,0.0,89.39,1.5,2793.44,2025-08-12,On Time,SAP-Style Time
LAB-000076,20250804,76,962,40.0,40.0,33.0,7.0,0.0,0.0,90.27,1.5,2978.91,2025-08-12,On Time,SAP-Style Time
LAB-000077,20250804,77,962,40.0,40.0,31.5,8.5,0.0,0.0,89.33,1.5,2813.9,2025-08-12,On Time,SAP-Style Time
LAB-000078,20250804,78,962,40.0,40.0,34.75,5.25,0.0,0.0,83.91,1.5,2915.87,2025-08-11,On Time,SAP-Style Time
LAB-000079,20250804,79,962,40.0,40.0,34.75,5.25,0.0,0.0,70.65,1.5,2455.09,2025-08-11,On Time,SAP-Style Time
LAB-000080,20250804,81,962,40.0,40.0,32.25,7.75,0.0,0.0,87.64,1.5,2826.39,2025-08-11,On Time,SAP-Style Time
LAB-000081,20250804,82,962,40.0,40.0,34.5,5.5,0.0,0.0,68.13,1.5,2350.48,2025-08-12,On Time,SAP-Style Time
LAB-000082,20250804,83,962,40.0,40.0,34.25,5.75,0.0,0.0,73.3,1.5,2510.53,2025-08-11,On Time,SAP-Style Time
LAB-000083,20250804,84,962,40.0,36.0,30.0,6.0,0.0,4.0,71.25,1.5,2137.5,2025-08-11,On Time,SAP-Style Time
LAB-000084,20250804,85,962,40.0,36.0,30.75,5.25,0.0,4.0,65.88,1.5,2025.81,2025-08-10,On Time,Mobile Time Entry
LAB-000085,20250804,86,962,40.0,40.0,34.25,5.75,0.0,0.0,82.25,1.5,2817.06,2025-08-11,On Time,SAP-Style Time
LAB-000086,20250804,87,962,40.0,40.0,33.0,7.0,0.0,0.0,78.64,1.5,2595.12,2025-08-12,On Time,SAP-Style Time
LAB-000087,20250804,88,962,40.0,32.0,26.25,5.75,0.0,8.0,71.87,1.5,1886.59,2025-08-11,On Time,SAP-Style Time
LAB-000088,20250804,89,962,40.0,40.0,34.0,6.0,0.0,0.0,77.91,1.5,2648.94,2025-08-11,On Time,Mobile Time Entry
LAB-000089,20250804,90,962,40.0,40.0,34.0,6.0,0.0,0.0,74.99,1.5,2549.66,2025-08-12,On Time,SAP-Style Time
LAB-000090,20250804,91,962,40.0,40.0,32.75,7.25,0.0,0.0,68.92,1.5,2257.13,2025-08-11,On Time,SAP-Style Time
LAB-000091,20250804,92,962,40.0,40.0,33.75,6.25,0.0,0.0,86.57,1.5,2921.74,2025-08-12,On Time,SAP-Style Time
LAB-000092,20250804,93,962,40.0,40.0,33.25,6.75,0.0,0.0,107.35,1.0,3569.39,2025-08-10,On Time,SAP-Style Time
LAB-000093,20250804,94,962,40.0,40.0,34.0,6.0,0.0,0.0,114.66,1.5,3898.44,2025-08-10,On Time,SAP-Style Time
LAB-000094,20250804,96,962,40.0,40.0,35.25,4.75,0.0,0.0,158.23,1.0,5577.61,2025-08-10,On Time,Mobile Time Entry
LAB-000095,20250804,97,962,40.0,40.0,37.25,5.0,2.25,0.0,96.85,1.5,3716.62,2025-08-11,On Time,SAP-Style Time
LAB-000096,20250804,98,962,40.0,40.0,33.25,6.75,0.0,0.0,98.56,1.5,3277.12,2025-08-11,On Time,SAP-Style Time
LAB-000097,20250804,99,962,40.0,24.0,20.75,3.25,0.0,16.0,101.82,1.5,2112.77,2025-08-11,On Time,SAP-Style Time
LAB-000098,20250804,100,962,40.0,40.0,33.75,6.25,0.0,0.0,92.09,1.5,3108.04,2025-08-10,On Time,Manager Adjustment
LAB-000099,20250804,101,962,40.0,40.0,33.0,7.0,0.0,0.0,114.75,1.5,3786.75,2025-08-10,On Time,SAP-Style Time
LAB-000100,20250804,102,962,40.0,28.0,24.5,3.5,0.0,12.0,91.58,1.5,2243.71,2025-08-11,On Time,SAP-Style Time
LAB-000101,20250804,103,962,40.0,40.0,35.25,4.75,0.0,0.0,109.51,1.5,3860.23,2025-08-11,On Time,SAP-Style Time
LAB-000102,20250804,104,962,40.0,40.0,34.5,5.5,0.0,0.0,116.26,1.0,4010.97,2025-08-11,On Time,SAP-Style Time
LAB-000103,20250804,105,962,40.0,32.0,25.5,6.5,0.0,8.0,104.84,1.5,2673.42,2025-08-12,On Time,SAP-Style Time
LAB-000104,20250804,106,962,40.0,40.0,33.75,6.25,0.0,0.0,100.92,1.5,3406.05,2025-08-11,On Time,SAP-Style Time
LAB-000105,20250804,107,962,40.0,40.0,37.25,5.5,2.75,0.0,127.16,1.0,4736.71,2025-08-10,On Time,SAP-Style Time
LAB-000106,20250804,108,962,40.0,40.0,33.5,6.5,0.0,0.0,104.5,1.5,3500.75,2025-08-10,On Time,SAP-Style Time
LAB-000107,20250804,109,962,40.0,32.0,27.0,5.0,0.0,8.0,122.66,1.0,3311.82,2025-08-12,On Time,SAP-Style Time
LAB-000108,20250804,110,962,40.0,40.0,35.0,5.0,0.0,0.0,144.93,1.0,5072.55,2025-08-11,On Time,SAP-Style Time
LAB-000109,20250804,111,962,40.0,40.0,34.25,5.75,0.0,0.0,106.37,1.5,3643.17,2025-08-11,On Time,SAP-Style Time
LAB-000110,20250804,112,962,40.0,40.0,35.0,5.0,0.0,0.0,93.17,1.5,3260.95,2025-08-11,On Time,SAP-Style Time
LAB-000111,20250804,113,962,40.0,40.0,33.5,6.5,0.0,0.0,97.98,1.5,3282.33,2025-08-10,On Time,SAP-Style Time
LAB-000112,20250804,114,962,40.0,40.0,29.0,11.0,0.0,0.0,97.72,1.5,2833.88,2025-08-11,On Time,SAP-Style Time
LAB-000113,20250804,115,962,40.0,40.0,29.25,10.75,0.0,0.0,89.67,1.5,2622.85,2025-08-11,On Time,SAP-Style Time
LAB-000114,20250804,116,962,40.0,40.0,30.0,10.0,0.0,0.0,131.09,1.0,3932.7,2025-08-10,On Time,SAP-Style Time
LAB-000115,20250804,118,962,40.0,40.0,31.5,8.5,0.0,0.0,123.33,1.0,3884.9,2025-08-10,On Time,SAP-Style Time
LAB-000116,20250804,119,962,40.0,40.0,30.0,10.0,0.0,0.0,98.99,1.5,2969.7,2025-08-11,On Time,SAP-Style Time
LAB-000117,20250804,120,962,40.0,40.0,30.75,9.25,0.0,0.0,79.77,1.5,2452.93,2025-08-12,On Time,Mobile Time Entry
LAB-000118,20250811,1,962,40.0,40.0,33.75,6.25,0.0,0.0,100.39,1.5,3388.16,2025-08-19,On Time,SAP-Style Time
LAB-000119,20250811,2,962,40.0,40.0,34.25,5.75,0.0,0.0,150.62,1.0,5158.74,2025-08-19,On Time,SAP-Style Time
LAB-000120,20250811,3,962,40.0,40.0,33.75,6.25,0.0,0.0,83.78,1.5,2827.58,2025-08-18,On Time,SAP-Style Time
LAB-000121,20250811,4,962,40.0,40.0,34.25,5.75,0.0,0.0,78.56,1.5,2690.68,2025-08-18,On Time,SAP-Style Time
LAB-000122,20250811,5,962,40.0,40.0,34.5,5.5,0.0,0.0,120.4,1.0,4153.8,2025-08-17,On Time,SAP-Style Time
LAB-000123,20250811,6,9,40.0,40.0,35.0,5.0,0.0,0.0,89.06,1.5,3117.1,2025-08-19,On Time,SAP-Style Time
LAB-000124,20250811,7,9,40.0,40.0,33.75,6.25,0.0,0.0,76.98,1.5,2598.08,2025-08-19,On Time,SAP-Style Time
LAB-000125,20250811,8,9,40.0,40.0,34.25,5.75,0.0,0.0,101.38,1.5,3472.27,2025-08-18,On Time,SAP-Style Time
LAB-006396,20250811,9,9,10.0,10.0,8.5,1.5,0.0,0.0,81.4,1.5,691.9,2025-08-18,On Time,SAP-Style Time
LAB-000126,20250811,9,962,30.0,30.0,25.75,4.25,0.0,0.0,81.4,1.5,2096.05,2025-08-18,On Time,SAP-Style Time
LAB-006331,20250811,10,9,14.0,14.0,12.25,1.75,0.0,0.0,76.52,1.5,937.37,2025-08-19,On Time,SAP-Style Time
LAB-000127,20250811,10,962,26.0,26.0,22.5,3.5,0.0,0.0,76.52,1.5,1721.7,2025-08-19,On Time,SAP-Style Time
LAB-000128,20250811,11,962,40.0,40.0,34.25,5.75,0.0,0.0,128.94,1.0,4416.2,2025-08-18,On Time,SAP-Style Time
LAB-000129,20250811,12,9,40.0,40.0,33.75,6.25,0.0,0.0,93.13,1.5,3143.14,2025-08-19,On Time,SAP-Style Time
LAB-000130,20250811,13,962,40.0,40.0,33.5,6.5,0.0,0.0,82.59,1.5,2766.77,2025-08-18,On Time,SAP-Style Time
LAB-000131,20250811,14,962,40.0,40.0,33.25,6.75,0.0,0.0,100.38,1.5,3337.63,2025-08-19,On Time,SAP-Style Time
LAB-000132,20250811,15,9,40.0,40.0,33.5,6.5,0.0,0.0,98.87,1.5,3312.15,2025-08-19,On Time,SAP-Style Time
LAB-000133,20250811,16,9,40.0,40.0,34.5,5.5,0.0,0.0,100.34,1.5,3461.73,2025-08-18,On Time,SAP-Style Time
LAB-000134,20250811,17,962,40.0,24.0,21.25,2.75,0.0,16.0,88.53,1.5,1881.26,2025-08-19,On Time,SAP-Style Time
LAB-000135,20250811,18,962,40.0,40.0,34.75,5.25,0.0,0.0,89.32,1.5,3103.87,2025-08-19,On Time,SAP-Style Time
LAB-000136,20250811,19,962,40.0,40.0,34.75,5.25,0.0,0.0,91.26,1.5,3171.29,2025-08-19,On Time,SAP-Style Time
LAB-006430,20250811,20,9,10.0,10.0,9.75,1.25,1.0,0.0,77.3,1.5,792.33,2025-08-19,On Time,SAP-Style Time
LAB-000137,20250811,20,962,30.0,30.0,29.0,4.5,3.5,0.0,77.3,1.5,2376.98,2025-08-19,On Time,SAP-Style Time
LAB-000138,20250811,21,962,40.0,40.0,34.25,5.75,0.0,0.0,77.07,1.5,2639.65,2025-08-17,On Time,SAP-Style Time
LAB-000139,20250811,22,962,40.0,40.0,34.75,5.25,0.0,0.0,102.23,1.5,3552.49,2025-08-18,On Time,SAP-Style Time
LAB-006361,20250811,23,9,16.0,16.0,13.5,2.5,0.0,0.0,85.0,1.5,1147.5,2025-08-17,On Time,SAP-Style Time
LAB-000140,20250811,23,962,24.0,24.0,20.5,3.5,0.0,0.0,85.0,1.5,1742.5,2025-08-17,On Time,SAP-Style Time
LAB-000141,20250811,24,9,40.0,40.0,34.75,5.25,0.0,0.0,81.27,1.5,2824.13,2025-08-18,On Time,SAP-Style Time
LAB-000142,20250811,25,962,40.0,40.0,34.25,5.75,0.0,0.0,102.16,1.0,3498.98,2025-08-17,On Time,Mobile Time Entry
LAB-000143,20250811,26,9,40.0,40.0,33.25,6.75,0.0,0.0,85.79,1.5,2852.52,2025-08-18,On Time,SAP-Style Time
LAB-000144,20250811,27,9,40.0,32.0,26.75,5.25,0.0,8.0,104.52,1.5,2795.91,2025-08-17,On Time,SAP-Style Time
LAB-000145,20250811,28,9,40.0,40.0,35.0,5.0,0.0,0.0,82.53,1.5,2888.55,2025-08-18,On Time,SAP-Style Time
LAB-000146,20250811,29,962,40.0,40.0,35.0,5.0,0.0,0.0,79.3,1.5,2775.5,2025-08-26,Late,SAP-Style Time
LAB-006496,20250811,29,962,40.0,40.0,35.0,5.0,0.0,0.0,79.3,1.5,2775.5,2025-08-26,Late,SAP-Style Time
LAB-000147,20250811,30,962,40.0,40.0,34.75,5.25,0.0,0.0,79.44,1.5,2760.54,2025-08-19,On Time,SAP-Style Time
LAB-000148,20250811,31,9,40.0,40.0,34.5,5.5,0.0,0.0,105.13,1.5,3626.98,2025-08-18,On Time,SAP-Style Time
LAB-000149,20250811,32,9,40.0,40.0,33.25,6.75,0.0,0.0,82.13,1.5,2730.82,2025-08-19,On Time,SAP-Style Time
LAB-000150,20250811,33,962,40.0,40.0,34.25,5.75,0.0,0.0,89.89,1.5,3078.73,2025-08-19,On Time,SAP-Style Time
LAB-000151,20250811,34,962,40.0,40.0,34.25,5.75,0.0,0.0,98.09,1.5,3359.58,2025-08-19,On Time,SAP-Style Time
LAB-000152,20250811,35,9,40.0,40.0,34.75,5.25,0.0,0.0,91.52,1.5,3180.32,2025-08-19,On Time,SAP-Style Time
LAB-000153,20250811,36,9,40.0,40.0,33.75,6.25,0.0,0.0,82.83,1.5,2795.51,2025-08-17,On Time,SAP-Style Time
LAB-000154,20250811,37,9,40.0,40.0,33.5,6.5,0.0,0.0,92.08,1.5,3084.68,2025-08-18,On Time,Mobile Time Entry
LAB-000155,20250811,38,962,40.0,40.0,32.25,7.75,0.0,0.0,105.74,1.5,3410.12,2025-08-18,On Time,SAP-Style Time
LAB-000156,20250811,39,962,40.0,40.0,33.0,7.0,0.0,0.0,107.79,1.5,3557.07,2025-08-19,On Time,SAP-Style Time
LAB-000157,20250811,40,962,40.0,36.0,30.5,5.5,0.0,4.0,103.71,1.5,3163.15,2025-08-18,On Time,SAP-Style Time
LAB-000158,20250811,41,962,40.0,40.0,32.25,7.75,0.0,0.0,108.71,1.5,3505.9,2025-08-19,On Time,SAP-Style Time
LAB-000159,20250811,42,962,40.0,40.0,32.5,7.5,0.0,0.0,149.01,1.0,4842.83,2025-08-19,On Time,SAP-Style Time
LAB-000160,20250811,43,962,40.0,40.0,33.0,9.5,2.5,0.0,106.75,1.5,3656.19,2025-08-17,On Time,SAP-Style Time
LAB-000161,20250811,44,962,40.0,40.0,33.25,6.75,0.0,0.0,144.49,1.0,4804.29,2025-08-18,On Time,SAP-Style Time
LAB-000162,20250811,45,962,40.0,40.0,32.5,7.5,0.0,0.0,86.24,1.5,2802.8,2025-08-17,On Time,SAP-Style Time
LAB-000163,20250811,46,962,40.0,40.0,33.5,6.5,0.0,0.0,143.94,1.0,4821.99,2025-08-19,On Time,SAP-Style Time
LAB-000164,20250811,47,9,40.0,40.0,32.75,7.25,0.0,0.0,106.76,1.5,3496.39,2025-08-19,On Time,SAP-Style Time
LAB-000165,20250811,48,9,40.0,40.0,35.0,7.5,2.5,0.0,87.87,1.5,3185.29,2025-08-18,On Time,Manager Adjustment
LAB-000166,20250811,49,962,40.0,32.0,26.25,5.75,0.0,8.0,83.27,1.5,2185.84,2025-08-18,On Time,SAP-Style Time
LAB-000167,20250811,50,962,40.0,40.0,33.25,6.75,0.0,0.0,101.97,1.5,3390.5,2025-08-20,On Time,SAP-Style Time
LAB-000168,20250811,51,962,40.0,40.0,33.0,7.0,0.0,0.0,86.2,1.5,2844.6,2025-08-19,On Time,SAP-Style Time
LAB-000169,20250811,52,962,40.0,40.0,32.75,7.25,0.0,0.0,97.32,1.5,3187.23,2025-08-19,On Time,SAP-Style Time
LAB-000170,20250811,53,962,40.0,40.0,32.5,7.5,0.0,0.0,94.11,1.5,3058.58,2025-08-18,On Time,SAP-Style Time
LAB-000171,20250811,54,962,40.0,40.0,32.25,7.75,0.0,0.0,107.2,1.5,3457.2,2025-08-18,On Time,SAP-Style Time
LAB-000172,20250811,55,962,40.0,40.0,30.5,9.5,0.0,0.0,95.59,1.5,2915.5,2025-08-17,On Time,SAP-Style Time
LAB-000173,20250811,56,962,40.0,40.0,31.75,8.25,0.0,0.0,73.51,1.5,2333.94,2025-08-18,On Time,SAP-Style Time
LAB-000174,20250811,57,962,40.0,32.0,24.25,7.75,0.0,8.0,87.06,1.5,2111.21,2025-08-18,On Time,Mobile Time Entry
LAB-000175,20250811,58,962,40.0,32.0,26.25,5.75,0.0,8.0,119.87,1.0,3146.59,2025-08-19,On Time,SAP-Style Time
LAB-000176,20250811,59,962,40.0,32.0,25.75,6.25,0.0,8.0,83.18,1.5,2141.89,2025-08-18,On Time,SAP-Style Time
LAB-000177,20250811,60,962,40.0,40.0,31.0,9.0,0.0,0.0,86.44,1.5,2679.64,2025-08-19,On Time,SAP-Style Time
LAB-000178,20250811,61,962,40.0,40.0,31.25,8.75,0.0,0.0,83.96,1.5,2623.75,2025-08-19,On Time,SAP-Style Time
LAB-000179,20250811,62,962,40.0,40.0,31.5,8.5,0.0,0.0,73.28,1.5,2308.32,2025-08-18,On Time,SAP-Style Time
LAB-000180,20250811,63,9,40.0,40.0,31.5,8.5,0.0,0.0,122.98,1.0,3873.87,2025-08-19,On Time,SAP-Style Time
LAB-000181,20250811,64,962,40.0,40.0,31.75,8.25,0.0,0.0,84.9,1.5,2695.58,2025-08-19,On Time,SAP-Style Time
LAB-000182,20250811,65,962,40.0,40.0,31.5,8.5,0.0,0.0,72.42,1.5,2281.23,2025-08-18,On Time,SAP-Style Time
LAB-000183,20250811,66,9,40.0,40.0,33.0,7.0,0.0,0.0,94.95,1.5,3133.35,2025-08-19,On Time,SAP-Style Time
LAB-000184,20250811,67,962,40.0,40.0,31.0,9.0,0.0,0.0,79.97,1.5,2479.07,2025-08-19,On Time,Mobile Time Entry
LAB-000185,20250811,68,9,40.0,40.0,32.5,7.5,0.0,0.0,79.96,1.5,2598.7,2025-08-17,On Time,SAP-Style Time
LAB-000186,20250811,69,962,40.0,40.0,31.25,8.75,0.0,0.0,92.5,1.5,2890.63,2025-08-18,On Time,SAP-Style Time
LAB-000187,20250811,70,9,40.0,40.0,31.75,8.25,0.0,0.0,79.17,1.5,2513.65,2025-08-17,On Time,SAP-Style Time
LAB-000188,20250811,71,962,40.0,36.0,28.25,7.75,0.0,4.0,84.44,1.5,2385.43,2025-08-19,On Time,SAP-Style Time
LAB-000189,20250811,72,9,40.0,40.0,32.25,7.75,0.0,0.0,107.82,1.0,3477.19,2025-08-18,On Time,SAP-Style Time
LAB-000190,20250811,73,962,40.0,40.0,33.5,7.5,1.0,0.0,85.94,1.5,2921.96,2025-08-19,On Time,SAP-Style Time
LAB-000191,20250811,74,9,40.0,40.0,31.75,8.25,0.0,0.0,74.38,1.5,2361.57,2025-08-18,On Time,Mobile Time Entry
LAB-000192,20250811,75,962,40.0,40.0,31.0,9.0,0.0,0.0,89.39,1.5,2771.09,2025-08-18,On Time,SAP-Style Time
LAB-000193,20250811,76,962,40.0,40.0,32.5,7.5,0.0,0.0,90.27,1.5,2933.78,2025-08-19,On Time,SAP-Style Time
LAB-000194,20250811,77,962,40.0,40.0,31.25,8.75,0.0,0.0,89.33,1.5,2791.56,2025-08-18,On Time,SAP-Style Time
LAB-000195,20250811,78,962,40.0,40.0,35.25,4.75,0.0,0.0,83.91,1.5,2957.83,2025-08-25,Late,SAP-Style Time
LAB-006448,20250811,79,9,12.0,12.0,10.0,2.0,0.0,0.0,70.65,1.5,706.5,2025-08-17,On Time,SAP-Style Time
LAB-000196,20250811,79,962,28.0,28.0,23.5,4.5,0.0,0.0,70.65,1.5,1660.28,2025-08-17,On Time,SAP-Style Time
LAB-000197,20250811,81,962,40.0,40.0,32.0,8.0,0.0,0.0,87.64,1.5,2804.48,2025-08-18,On Time,SAP-Style Time
LAB-000198,20250811,82,9,40.0,40.0,34.5,5.5,0.0,0.0,68.13,1.5,2350.48,2025-08-19,On Time,SAP-Style Time
LAB-000199,20250811,83,962,40.0,40.0,33.5,6.5,0.0,0.0,73.3,1.5,2455.55,2025-08-18,On Time,SAP-Style Time
LAB-000200,20250811,84,962,40.0,40.0,33.5,6.5,0.0,0.0,71.25,1.5,2386.88,2025-08-17,On Time,SAP-Style Time
LAB-000201,20250811,85,962,40.0,40.0,33.75,6.25,0.0,0.0,65.88,1.5,2223.45,2025-08-17,On Time,SAP-Style Time
LAB-000202,20250811,86,962,40.0,40.0,33.75,6.25,0.0,0.0,82.25,1.5,2775.94,2025-08-18,On Time,Mobile Time Entry
LAB-000203,20250811,87,962,40.0,16.0,13.5,2.5,0.0,24.0,78.64,1.5,1061.64,2025-08-19,On Time,SAP-Style Time
LAB-000204,20250811,88,9,40.0,40.0,32.75,7.25,0.0,0.0,71.87,1.5,2353.74,2025-08-20,On Time,SAP-Style Time
LAB-000205,20250811,89,962,40.0,40.0,34.0,6.0,0.0,0.0,77.91,1.5,2648.94,2025-08-18,On Time,SAP-Style Time
LAB-000206,20250811,90,962,40.0,40.0,34.5,5.5,0.0,0.0,74.99,1.5,2587.15,2025-08-17,On Time,SAP-Style Time
LAB-000207,20250811,91,9,40.0,40.0,32.75,7.25,0.0,0.0,68.92,1.5,2257.13,2025-08-18,On Time,SAP-Style Time
LAB-000208,20250811,92,962,40.0,40.0,33.0,7.0,0.0,0.0,86.57,1.5,2856.81,2025-08-17,On Time,SAP-Style Time
LAB-000209,20250811,93,962,40.0,40.0,33.5,6.5,0.0,0.0,107.35,1.0,3596.23,2025-08-18,On Time,Manager Adjustment
LAB-000210,20250811,94,9,40.0,40.0,34.0,6.0,0.0,0.0,114.66,1.5,3898.44,2025-08-17,On Time,SAP-Style Time
LAB-000211,20250811,96,962,40.0,40.0,35.0,5.0,0.0,0.0,158.23,1.0,5538.05,2025-08-20,On Time,SAP-Style Time
LAB-000212,20250811,97,962,40.0,40.0,35.5,4.5,0.0,0.0,96.85,1.5,3438.17,2025-08-20,On Time,SAP-Style Time
LAB-000213,20250811,98,9,40.0,40.0,33.75,6.25,0.0,0.0,98.56,1.5,3326.4,2025-08-18,On Time,Mobile Time Entry
LAB-000214,20250811,99,9,40.0,40.0,35.0,5.0,0.0,0.0,101.82,1.5,3563.7,2025-08-17,On Time,SAP-Style Time
LAB-000215,20250811,100,962,40.0,40.0,34.0,6.0,0.0,0.0,92.09,1.5,3131.06,2025-08-18,On Time,SAP-Style Time
LAB-000216,20250811,101,962,40.0,40.0,33.0,7.0,0.0,0.0,114.75,1.5,3786.75,2025-08-18,On Time,SAP-Style Time
LAB-000217,20250811,102,962,40.0,40.0,35.0,5.0,0.0,0.0,91.58,1.5,3205.3,2025-08-18,On Time,Mobile Time Entry
LAB-000218,20250811,103,962,40.0,40.0,34.5,5.5,0.0,0.0,109.51,1.5,3778.1,2025-08-17,On Time,SAP-Style Time
LAB-000219,20250811,104,962,40.0,32.0,27.5,4.5,0.0,8.0,116.26,1.0,3197.15,2025-08-19,On Time,SAP-Style Time
LAB-000220,20250811,105,962,40.0,40.0,32.5,7.5,0.0,0.0,104.84,1.5,3407.3,2025-08-19,On Time,SAP-Style Time
LAB-000221,20250811,106,962,40.0,32.0,26.5,5.5,0.0,8.0,100.92,1.5,2674.38,2025-08-18,On Time,SAP-Style Time
LAB-000222,20250811,107,962,40.0,28.0,24.0,4.0,0.0,12.0,127.16,1.0,3051.84,2025-08-18,On Time,SAP-Style Time
LAB-000223,20250811,108,962,40.0,40.0,33.75,6.25,0.0,0.0,104.5,1.5,3526.88,2025-08-19,On Time,SAP-Style Time
LAB-000224,20250811,109,962,40.0,40.0,33.75,6.25,0.0,0.0,122.66,1.0,4139.78,2025-08-19,On Time,SAP-Style Time
LAB-000225,20250811,110,9,40.0,40.0,34.75,5.25,0.0,0.0,144.93,1.0,5036.32,2025-08-18,On Time,SAP-Style Time
LAB-000226,20250811,111,962,40.0,32.0,26.75,5.25,0.0,8.0,106.37,1.5,2845.4,2025-08-17,On Time,SAP-Style Time
LAB-000227,20250811,112,962,40.0,40.0,35.5,4.5,0.0,0.0,93.17,1.5,3307.54,2025-08-19,On Time,SAP-Style Time
LAB-000228,20250811,113,962,40.0,40.0,33.5,6.5,0.0,0.0,97.98,1.5,3282.33,2025-08-17,On Time,Mobile Time Entry
LAB-000229,20250811,114,962,40.0,36.0,25.5,10.5,0.0,4.0,97.72,1.5,2491.86,2025-08-20,On Time,SAP-Style Time
LAB-000230,20250811,115,962,40.0,32.0,22.75,9.25,0.0,8.0,89.67,1.5,2039.99,2025-08-19,On Time,SAP-Style Time
LAB-000231,20250811,116,962,40.0,40.0,30.0,10.0,0.0,0.0,131.09,1.0,3932.7,2025-08-18,On Time,SAP-Style Time
LAB-000232,20250811,118,962,40.0,36.0,28.0,8.0,0.0,4.0,123.33,1.0,3453.24,2025-08-26,Late,SAP-Style Time
LAB-000233,20250811,119,962,40.0,24.0,17.5,6.5,0.0,16.0,98.99,1.5,1732.32,2025-08-17,On Time,SAP-Style Time
LAB-000234,20250811,120,962,40.0,40.0,31.0,9.0,0.0,0.0,79.77,1.5,2472.87,2025-08-19,On Time,SAP-Style Time
LAB-000235,20250818,1,436,40.0,40.0,33.5,6.5,0.0,0.0,100.39,1.5,3363.07,2025-08-25,On Time,SAP-Style Time
LAB-000236,20250818,2,732,40.0,40.0,34.0,6.0,0.0,0.0,150.62,1.0,5121.08,2025-08-26,On Time,SAP-Style Time
LAB-000237,20250818,3,436,40.0,40.0,32.75,7.25,0.0,0.0,83.78,1.5,2743.8,2025-08-25,On Time,SAP-Style Time
LAB-000238,20250818,4,297,40.0,40.0,34.25,5.75,0.0,0.0,78.56,1.5,2690.68,2025-08-25,On Time,SAP-Style Time
LAB-000239,20250818,5,552,40.0,40.0,34.75,5.25,0.0,0.0,120.4,1.0,4183.9,2025-09-05,Late,SAP-Style Time
LAB-000240,20250818,6,253,40.0,40.0,35.0,5.0,0.0,0.0,89.06,1.5,3117.1,2025-08-25,On Time,Mobile Time Entry
LAB-000241,20250818,7,297,40.0,32.0,27.75,4.25,0.0,8.0,76.98,1.5,2136.2,2025-08-25,On Time,SAP-Style Time
LAB-000242,20250818,8,297,40.0,28.0,24.5,3.5,0.0,12.0,101.38,1.5,2483.81,2025-08-25,On Time,SAP-Style Time
LAB-000243,20250818,9,552,40.0,40.0,33.75,6.25,0.0,0.0,81.4,1.5,2747.25,2025-08-24,On Time,SAP-Style Time
LAB-000244,20250818,10,436,40.0,40.0,34.5,5.5,0.0,0.0,76.52,1.5,2639.94,2025-08-30,Late,SAP-Style Time
LAB-000245,20250818,11,9,40.0,40.0,35.0,5.0,0.0,0.0,128.94,1.0,4512.9,2025-08-25,On Time,Mobile Time Entry
LAB-000246,20250818,12,1,40.0,40.0,33.5,6.5,0.0,0.0,93.13,1.5,3119.86,2025-08-26,On Time,SAP-Style Time
LAB-000247,20250818,13,436,40.0,40.0,33.75,6.25,0.0,0.0,82.59,1.5,2787.41,2025-08-25,On Time,SAP-Style Time
LAB-000248,20250818,14,436,40.0,40.0,33.0,7.0,0.0,0.0,100.38,1.5,3312.54,2025-08-25,On Time,SAP-Style Time
LAB-000249,20250818,15,297,40.0,40.0,33.25,6.75,0.0,0.0,98.87,1.5,3287.43,2025-08-26,On Time,SAP-Style Time
LAB-000250,20250818,16,436,40.0,40.0,34.0,6.0,0.0,0.0,100.34,1.5,3411.56,2025-08-27,On Time,SAP-Style Time
LAB-000251,20250818,17,436,40.0,40.0,35.75,4.25,0.0,0.0,88.53,1.5,3164.95,2025-08-25,On Time,SAP-Style Time
LAB-000252,20250818,18,1,40.0,36.0,31.25,4.75,0.0,4.0,89.32,1.5,2791.25,2025-08-25,On Time,SAP-Style Time
LAB-000253,20250818,19,297,40.0,40.0,34.5,5.5,0.0,0.0,91.26,1.5,3148.47,2025-08-24,On Time,SAP-Style Time
LAB-000254,20250818,20,552,40.0,40.0,34.0,6.0,0.0,0.0,77.3,1.5,2628.2,2025-08-26,On Time,SAP-Style Time
LAB-000255,20250818,21,552,40.0,40.0,33.75,6.25,0.0,0.0,77.07,1.5,2601.11,2025-08-26,On Time,SAP-Style Time
LAB-000256,20250818,22,552,40.0,40.0,35.0,5.0,0.0,0.0,102.23,1.5,3578.05,2025-08-24,On Time,SAP-Style Time
LAB-000257,20250818,23,175,40.0,40.0,34.75,5.25,0.0,0.0,85.0,1.5,2953.75,2025-08-24,On Time,SAP-Style Time
LAB-000258,20250818,24,9,40.0,40.0,34.0,6.0,0.0,0.0,81.27,1.5,2763.18,2025-08-25,On Time,SAP-Style Time
LAB-000259,20250818,25,552,40.0,40.0,34.25,5.75,0.0,0.0,102.16,1.0,3498.98,2025-08-25,On Time,SAP-Style Time
LAB-000260,20250818,26,9,40.0,40.0,33.5,6.5,0.0,0.0,85.79,1.5,2873.97,2025-08-25,On Time,SAP-Style Time
LAB-000261,20250818,27,9,40.0,40.0,34.0,6.0,0.0,0.0,104.52,1.5,3553.68,2025-08-25,On Time,SAP-Style Time
LAB-000262,20250818,28,9,40.0,40.0,34.75,5.25,0.0,0.0,82.53,1.5,2867.92,2025-08-26,On Time,SAP-Style Time
LAB-000263,20250818,29,297,40.0,40.0,35.0,5.0,0.0,0.0,79.3,1.5,2775.5,2025-08-25,On Time,SAP-Style Time
LAB-000264,20250818,30,552,40.0,40.0,34.25,5.75,0.0,0.0,79.44,1.5,2720.82,2025-08-26,On Time,SAP-Style Time
LAB-000265,20250818,31,9,40.0,40.0,34.25,5.75,0.0,0.0,105.13,1.5,3600.7,2025-08-26,On Time,SAP-Style Time
LAB-000266,20250818,32,9,40.0,40.0,33.5,6.5,0.0,0.0,82.13,1.5,2751.36,2025-08-25,On Time,SAP-Style Time
LAB-000267,20250818,33,962,40.0,40.0,34.25,5.75,0.0,0.0,89.89,1.5,3078.73,2025-08-26,On Time,SAP-Style Time
LAB-000268,20250818,34,436,40.0,40.0,33.25,6.75,0.0,0.0,98.09,1.5,3261.49,2025-08-26,On Time,SAP-Style Time
LAB-000269,20250818,35,9,40.0,40.0,34.25,5.75,0.0,0.0,91.52,1.5,3134.56,2025-08-26,On Time,SAP-Style Time
LAB-000270,20250818,36,552,40.0,40.0,34.0,6.0,0.0,0.0,82.83,1.5,2816.22,2025-08-24,On Time,SAP-Style Time
LAB-000271,20250818,37,9,40.0,40.0,33.25,6.75,0.0,0.0,92.08,1.5,3061.66,2025-08-25,On Time,SAP-Style Time
LAB-000272,20250818,38,962,40.0,40.0,31.25,8.75,0.0,0.0,105.74,1.5,3304.38,2025-08-25,On Time,SAP-Style Time
LAB-000273,20250818,39,962,40.0,40.0,32.0,8.0,0.0,0.0,107.79,1.5,3449.28,2025-08-25,On Time,SAP-Style Time
LAB-000274,20250818,40,253,40.0,40.0,33.0,7.0,0.0,0.0,103.71,1.5,3422.43,2025-08-27,On Time,SAP-Style Time
LAB-000275,20250818,41,962,40.0,40.0,32.75,7.25,0.0,0.0,108.71,1.5,3560.25,2025-08-25,On Time,SAP-Style Time
LAB-000276,20250818,42,962,40.0,40.0,32.25,7.75,0.0,0.0,149.01,1.0,4805.57,2025-08-26,On Time,Mobile Time Entry
LAB-000277,20250818,43,962,40.0,40.0,31.5,8.5,0.0,0.0,106.75,1.5,3362.63,2025-08-24,On Time,SAP-Style Time
LAB-000278,20250818,44,1,40.0,40.0,33.25,6.75,0.0,0.0,144.49,1.0,4804.29,2025-08-24,On Time,SAP-Style Time
LAB-000279,20250818,45,175,40.0,40.0,31.75,8.25,0.0,0.0,86.24,1.5,2738.12,2025-08-27,On Time,SAP-Style Time
LAB-000280,20250818,46,175,40.0,40.0,34.25,5.75,0.0,0.0,143.94,1.0,4929.95,2025-08-25,On Time,SAP-Style Time
LAB-000281,20250818,47,9,40.0,40.0,33.25,6.75,0.0,0.0,106.76,1.5,3549.77,2025-08-25,On Time,SAP-Style Time
LAB-000282,20250818,48,175,40.0,40.0,32.75,7.25,0.0,0.0,87.87,1.5,2877.74,2025-08-26,On Time,SAP-Style Time
LAB-000283,20250818,49,253,26.0,26.0,21.0,5.0,0.0,0.0,83.27,1.5,1748.67,2025-08-26,On Time,SAP-Style Time
LAB-006452,20250818,49,962,14.0,14.0,11.25,2.75,0.0,0.0,83.27,1.5,936.79,2025-08-26,On Time,SAP-Style Time
LAB-000284,20250818,50,9,40.0,40.0,32.25,7.75,0.0,0.0,101.97,1.5,3288.53,2025-08-25,On Time,SAP-Style Time
LAB-000285,20250818,51,962,40.0,40.0,32.5,7.5,0.0,0.0,86.2,1.5,2801.5,2025-08-26,On Time,SAP-Style Time
LAB-000286,20250818,52,1,40.0,40.0,32.75,7.25,0.0,0.0,97.32,1.5,3187.23,2025-08-25,On Time,SAP-Style Time
LAB-000287,20250818,53,253,40.0,40.0,32.0,8.0,0.0,0.0,94.11,1.5,3011.52,2025-08-26,On Time,SAP-Style Time
LAB-000288,20250818,54,1,40.0,40.0,32.5,7.5,0.0,0.0,107.2,1.5,3484.0,2025-08-25,On Time,SAP-Style Time
LAB-000289,20250818,55,9,40.0,16.0,12.0,4.0,0.0,24.0,95.59,1.5,1147.08,2025-08-26,On Time,SAP-Style Time
LAB-000290,20250818,56,732,40.0,40.0,32.0,8.0,0.0,0.0,73.51,1.5,2352.32,2025-08-25,On Time,SAP-Style Time
LAB-000291,20250818,57,297,40.0,24.0,18.25,5.75,0.0,16.0,87.06,1.5,1588.85,2025-08-25,On Time,SAP-Style Time
LAB-000292,20250818,58,732,40.0,40.0,32.5,7.5,0.0,0.0,119.87,1.0,3895.78,2025-08-24,On Time,SAP-Style Time
LAB-000293,20250818,59,732,40.0,40.0,36.0,8.25,4.25,0.0,83.18,1.5,3171.24,2025-08-26,On Time,Mobile Time Entry
LAB-000294,20250818,60,962,40.0,40.0,31.0,9.0,0.0,0.0,86.44,1.5,2679.64,2025-08-25,On Time,SAP-Style Time
LAB-000295,20250818,61,732,40.0,40.0,32.75,9.75,2.5,0.0,83.96,1.5,2854.64,2025-08-26,On Time,SAP-Style Time
LAB-000296,20250818,62,732,40.0,40.0,31.5,8.5,0.0,0.0,73.28,1.5,2308.32,2025-08-25,On Time,SAP-Style Time
LAB-006403,20250818,63,732,12.0,12.0,9.5,2.5,0.0,0.0,122.98,1.0,1168.31,2025-08-26,On Time,SAP-Style Time
LAB-000297,20250818,63,962,28.0,28.0,21.75,6.25,0.0,0.0,122.98,1.0,2674.82,2025-08-26,On Time,SAP-Style Time
LAB-000298,20250818,64,732,40.0,40.0,31.75,8.25,0.0,0.0,84.9,1.5,2695.58,2025-08-25,On Time,Mobile Time Entry
LAB-000299,20250818,65,253,40.0,40.0,31.25,8.75,0.0,0.0,72.42,1.5,2263.13,2025-08-24,On Time,SAP-Style Time
LAB-000300,20250818,66,962,40.0,40.0,32.5,7.5,0.0,0.0,94.95,1.5,3085.88,2025-08-24,On Time,SAP-Style Time
LAB-000301,20250818,67,732,40.0,40.0,31.75,8.25,0.0,0.0,79.97,1.5,2539.05,2025-08-27,On Time,SAP-Style Time
LAB-000302,20250818,68,9,40.0,40.0,31.75,8.25,0.0,0.0,79.96,1.5,2538.73,2025-08-25,On Time,SAP-Style Time
LAB-000303,20250818,69,253,40.0,40.0,30.75,9.25,0.0,0.0,92.5,1.5,2844.38,2025-08-24,On Time,Mobile Time Entry
LAB-000304,20250818,70,9,40.0,40.0,31.25,8.75,0.0,0.0,79.17,1.5,2474.06,2025-08-26,On Time,Mobile Time Entry
LAB-000305,20250818,71,1,40.0,40.0,31.0,9.0,0.0,0.0,84.44,1.5,2617.64,2025-08-27,On Time,SAP-Style Time
LAB-000306,20250818,72,436,40.0,40.0,32.0,8.0,0.0,0.0,107.82,1.0,3450.24,2025-09-03,Late,SAP-Style Time
LAB-000307,20250818,73,962,40.0,40.0,32.5,7.5,0.0,0.0,85.94,1.5,2793.05,2025-08-24,On Time,SAP-Style Time
LAB-000308,20250818,74,732,40.0,32.0,25.25,6.75,0.0,8.0,74.38,1.5,1878.09,2025-08-25,On Time,SAP-Style Time
LAB-000309,20250818,75,732,40.0,28.0,21.5,6.5,0.0,12.0,89.39,1.5,1921.89,2025-08-27,On Time,SAP-Style Time
LAB-006397,20250818,76,552,16.0,16.0,13.0,3.0,0.0,0.0,90.27,1.5,1173.51,2025-08-25,On Time,SAP-Style Time
LAB-000310,20250818,76,732,24.0,24.0,19.25,4.75,0.0,0.0,90.27,1.5,1737.7,2025-08-25,On Time,SAP-Style Time
LAB-000311,20250818,77,732,40.0,40.0,31.5,8.5,0.0,0.0,89.33,1.5,2813.9,2025-08-25,On Time,SAP-Style Time
LAB-000312,20250818,78,732,40.0,40.0,35.25,4.75,0.0,0.0,83.91,1.5,2957.83,2025-08-25,On Time,SAP-Style Time
LAB-000313,20250818,79,552,40.0,40.0,34.0,6.0,0.0,0.0,70.65,1.5,2402.1,2025-08-25,On Time,SAP-Style Time
LAB-000314,20250818,81,732,40.0,40.0,32.0,8.0,0.0,0.0,87.64,1.5,2804.48,2025-08-24,On Time,SAP-Style Time
LAB-000315,20250818,82,732,40.0,40.0,34.0,6.0,0.0,0.0,68.13,1.5,2316.42,2025-08-25,On Time,SAP-Style Time
LAB-000316,20250818,83,732,40.0,40.0,34.5,5.5,0.0,0.0,73.3,1.5,2528.85,2025-08-26,On Time,SAP-Style Time
LAB-000317,20250818,84,253,40.0,16.0,13.75,2.25,0.0,24.0,71.25,1.5,979.69,2025-08-25,On Time,SAP-Style Time
LAB-000318,20250818,85,175,40.0,40.0,33.5,6.5,0.0,0.0,65.88,1.5,2206.98,2025-08-25,On Time,SAP-Style Time
LAB-000319,20250818,86,9,40.0,40.0,33.75,6.25,0.0,0.0,82.25,1.5,2775.94,2025-08-26,On Time,SAP-Style Time
LAB-000320,20250818,87,732,40.0,40.0,33.5,6.5,0.0,0.0,78.64,1.5,2634.44,2025-08-24,On Time,SAP-Style Time
LAB-000321,20250818,88,962,40.0,40.0,32.75,7.25,0.0,0.0,71.87,1.5,2353.74,2025-08-24,On Time,SAP-Style Time
LAB-000322,20250818,89,436,40.0,40.0,34.25,5.75,0.0,0.0,77.91,1.5,2668.42,2025-08-25,On Time,SAP-Style Time
LAB-000323,20250818,90,297,40.0,40.0,33.75,6.25,0.0,0.0,74.99,1.5,2530.91,2025-08-24,On Time,SAP-Style Time
LAB-000324,20250818,91,732,40.0,40.0,32.5,7.5,0.0,0.0,68.92,1.5,2239.9,2025-08-25,On Time,SAP-Style Time
LAB-000325,20250818,92,297,40.0,40.0,32.75,7.25,0.0,0.0,86.57,1.5,2835.17,2025-08-26,On Time,SAP-Style Time
LAB-000326,20250818,93,297,40.0,40.0,33.25,6.75,0.0,0.0,107.35,1.0,3569.39,2025-08-26,On Time,SAP-Style Time
LAB-000327,20250818,94,297,40.0,32.0,27.5,4.5,0.0,8.0,114.66,1.5,3153.15,2025-08-24,On Time,SAP-Style Time
LAB-000328,20250818,96,732,40.0,40.0,35.0,5.0,0.0,0.0,158.23,1.0,5538.05,2025-08-25,On Time,SAP-Style Time
LAB-000329,20250818,97,732,40.0,32.0,27.5,4.5,0.0,8.0,96.85,1.5,2663.38,2025-08-25,On Time,SAP-Style Time
LAB-000330,20250818,98,175,40.0,40.0,33.5,6.5,0.0,0.0,98.56,1.5,3301.76,2025-08-25,On Time,SAP-Style Time
LAB-000331,20250818,99,1,40.0,40.0,35.25,4.75,0.0,0.0,101.82,1.5,3589.15,2025-08-25,On Time,SAP-Style Time
LAB-000332,20250818,100,732,40.0,40.0,34.5,5.5,0.0,0.0,92.09,1.5,3177.11,2025-08-24,On Time,SAP-Style Time
LAB-000333,20250818,101,297,40.0,40.0,33.5,6.5,0.0,0.0,114.75,1.5,3844.13,2025-08-26,On Time,SAP-Style Time
LAB-000334,20250818,102,962,40.0,40.0,35.0,5.0,0.0,0.0,91.58,1.5,3205.3,2025-08-25,On Time,SAP-Style Time
LAB-000335,20250818,103,9,40.0,40.0,35.0,5.0,0.0,0.0,109.51,1.5,3832.85,2025-08-24,On Time,SAP-Style Time
LAB-000336,20250818,104,1,40.0,40.0,35.0,5.0,0.0,0.0,116.26,1.0,4069.1,2025-08-25,On Time,SAP-Style Time
LAB-000337,20250818,105,297,40.0,40.0,33.0,7.0,0.0,0.0,104.84,1.5,3459.72,2025-08-25,On Time,SAP-Style Time
LAB-000338,20250818,106,552,40.0,40.0,33.5,6.5,0.0,0.0,100.92,1.5,3380.82,2025-08-25,On Time,SAP-Style Time
LAB-000339,20250818,107,962,40.0,40.0,35.0,5.0,0.0,0.0,127.16,1.0,4450.6,2025-08-24,On Time,SAP-Style Time
LAB-000340,20250818,108,552,40.0,40.0,33.0,7.0,0.0,0.0,104.5,1.5,3448.5,2025-08-25,On Time,SAP-Style Time
LAB-000341,20250818,109,253,40.0,40.0,33.5,6.5,0.0,0.0,122.66,1.0,4109.11,2025-08-26,On Time,SAP-Style Time
LAB-000342,20250818,110,175,40.0,40.0,39.25,5.0,4.25,0.0,144.93,1.0,5688.5,2025-08-26,On Time,SAP-Style Time
LAB-000343,20250818,111,732,40.0,40.0,33.25,6.75,0.0,0.0,106.37,1.5,3536.8,2025-08-25,On Time,SAP-Style Time
LAB-000344,20250818,112,1,40.0,40.0,34.75,5.25,0.0,0.0,93.17,1.5,3237.66,2025-08-25,On Time,SAP-Style Time
LAB-006394,20250818,113,253,12.0,12.0,9.75,2.25,0.0,0.0,97.98,1.5,955.31,2025-08-26,On Time,SAP-Style Time
LAB-000345,20250818,113,962,28.0,28.0,22.75,5.25,0.0,0.0,97.98,1.5,2229.05,2025-08-26,On Time,SAP-Style Time
LAB-000346,20250818,114,297,40.0,36.0,25.75,10.25,0.0,4.0,97.72,1.5,2516.29,2025-08-25,On Time,SAP-Style Time
LAB-000347,20250818,115,253,40.0,40.0,28.5,11.5,0.0,0.0,89.67,1.5,2555.6,2025-08-24,On Time,SAP-Style Time
LAB-000348,20250818,116,175,40.0,40.0,29.5,10.5,0.0,0.0,131.09,1.0,3867.16,2025-08-25,On Time,SAP-Style Time
LAB-000349,20250818,118,962,40.0,40.0,30.75,9.25,0.0,0.0,123.33,1.0,3792.4,2025-08-27,On Time,SAP-Style Time
LAB-000350,20250818,119,962,40.0,40.0,29.5,10.5,0.0,0.0,98.99,1.5,2920.21,2025-08-25,On Time,SAP-Style Time
LAB-000351,20250818,120,9,40.0,40.0,30.75,9.25,0.0,0.0,79.77,1.5,2452.93,2025-08-25,On Time,Mobile Time Entry
LAB-000352,20250825,1,314,40.0,40.0,33.75,6.25,0.0,0.0,100.39,1.5,3388.16,2025-09-01,On Time,SAP-Style Time
LAB-000353,20250825,2,552,40.0,40.0,33.5,6.5,0.0,0.0,150.62,1.0,5045.77,2025-09-01,On Time,SAP-Style Time
LAB-000354,20250825,3,436,40.0,40.0,33.5,6.5,0.0,0.0,83.78,1.5,2806.63,2025-09-02,On Time,SAP-Style Time
LAB-000355,20250825,4,297,40.0,40.0,34.0,6.0,0.0,0.0,78.56,1.5,2671.04,2025-09-01,On Time,SAP-Style Time
LAB-000356,20250825,5,175,40.0,40.0,34.75,5.25,0.0,0.0,120.4,1.0,4183.9,2025-09-02,On Time,SAP-Style Time
LAB-000357,20250825,6,732,40.0,40.0,34.25,5.75,0.0,0.0,89.06,1.5,3050.31,2025-09-01,On Time,SAP-Style Time
LAB-000358,20250825,7,436,40.0,40.0,34.25,5.75,0.0,0.0,76.98,1.5,2636.57,2025-08-31,On Time,SAP-Style Time
LAB-000359,20250825,8,732,40.0,40.0,34.25,5.75,0.0,0.0,101.38,1.5,3472.27,2025-08-31,On Time,SAP-Style Time
LAB-000360,20250825,9,962,40.0,40.0,33.75,6.25,0.0,0.0,81.4,1.5,2747.25,2025-09-02,On Time,SAP-Style Time
LAB-000361,20250825,10,552,40.0,40.0,34.25,5.75,0.0,0.0,76.52,1.5,2620.81,2025-09-01,On Time,SAP-Style Time
LAB-006335,20250825,11,175,12.0,12.0,10.25,1.75,0.0,0.0,128.94,1.0,1321.64,2025-09-02,On Time,SAP-Style Time
LAB-000362,20250825,11,436,28.0,28.0,23.75,4.25,0.0,0.0,128.94,1.0,3062.33,2025-09-02,On Time,SAP-Style Time
LAB-000363,20250825,12,1,40.0,40.0,34.0,6.0,0.0,0.0,93.13,1.5,3166.42,2025-08-31,On Time,SAP-Style Time
LAB-000364,20250825,13,297,40.0,40.0,33.75,6.25,0.0,0.0,82.59,1.5,2787.41,2025-09-02,On Time,SAP-Style Time
LAB-000365,20250825,14,151,40.0,40.0,32.75,7.25,0.0,0.0,100.38,1.5,3287.44,2025-09-01,On Time,SAP-Style Time
LAB-000366,20250825,15,1,40.0,40.0,34.25,5.75,0.0,0.0,98.87,1.5,3386.3,2025-09-02,On Time,SAP-Style Time
LAB-000367,20250825,16,568,40.0,36.0,30.5,5.5,0.0,4.0,100.34,1.5,3060.37,2025-09-02,On Time,SAP-Style Time
LAB-000368,20250825,17,9,40.0,40.0,36.25,3.75,0.0,0.0,88.53,1.5,3209.21,2025-09-02,On Time,SAP-Style Time
LAB-000369,20250825,18,42,40.0,40.0,35.25,4.75,0.0,0.0,89.32,1.5,3148.53,2025-09-01,On Time,SAP-Style Time
LAB-000370,20250825,19,552,40.0,40.0,34.25,5.75,0.0,0.0,91.26,1.5,3125.66,2025-09-02,On Time,SAP-Style Time
LAB-000371,20250825,20,552,40.0,40.0,34.25,5.75,0.0,0.0,77.3,1.5,2647.53,2025-09-03,On Time,SAP-Style Time
LAB-000372,20250825,21,4,40.0,40.0,34.0,6.0,0.0,0.0,77.07,1.5,2620.38,2025-09-02,On Time,SAP-Style Time
LAB-000373,20250825,22,253,40.0,40.0,35.0,5.0,0.0,0.0,102.23,1.5,3578.05,2025-09-01,On Time,SAP-Style Time
LAB-000374,20250825,23,436,40.0,40.0,34.75,5.25,0.0,0.0,85.0,1.5,2953.75,2025-08-31,On Time,Mobile Time Entry
LAB-000375,20250825,24,552,40.0,28.0,23.75,4.25,0.0,12.0,81.27,1.5,1930.16,2025-09-01,On Time,SAP-Style Time
LAB-000376,20250825,25,4,40.0,40.0,34.25,5.75,0.0,0.0,102.16,1.0,3498.98,2025-09-01,On Time,SAP-Style Time
LAB-000377,20250825,26,9,40.0,40.0,33.75,6.25,0.0,0.0,85.79,1.5,2895.41,2025-08-31,On Time,Mobile Time Entry
LAB-000378,20250825,27,314,40.0,36.0,30.5,5.5,0.0,4.0,104.52,1.5,3187.86,2025-09-01,On Time,SAP-Style Time
LAB-000379,20250825,28,143,40.0,40.0,35.25,4.75,0.0,0.0,82.53,1.5,2909.18,2025-08-31,On Time,SAP-Style Time
LAB-000380,20250825,29,78,40.0,40.0,35.0,5.0,0.0,0.0,79.3,1.5,2775.5,2025-08-31,On Time,SAP-Style Time
LAB-000381,20250825,30,1,40.0,36.0,30.75,5.25,0.0,4.0,79.44,1.5,2442.78,2025-09-02,On Time,SAP-Style Time
LAB-000382,20250825,31,314,40.0,32.0,32.75,4.5,5.25,8.0,105.13,1.5,3718.97,2025-09-02,On Time,SAP-Style Time
LAB-000383,20250825,32,552,40.0,40.0,33.0,7.0,0.0,0.0,82.13,1.5,2710.29,2025-09-01,On Time,SAP-Style Time
LAB-000384,20250825,33,436,30.0,21.0,17.75,3.25,0.0,9.0,89.89,1.5,1595.55,2025-09-01,On Time,SAP-Style Time
LAB-006443,20250825,33,732,10.0,7.0,6.0,1.0,0.0,3.0,89.89,1.5,539.34,2025-09-01,On Time,SAP-Style Time
LAB-006509,20250825,33,732,10.0,7.0,6.0,1.0,0.0,3.0,89.89,1.5,539.34,2025-09-01,On Time,SAP-Style Time
LAB-000385,20250825,34,746,40.0,40.0,34.0,6.0,0.0,0.0,98.09,1.5,3335.06,2025-09-01,On Time,SAP-Style Time
LAB-000386,20250825,35,253,40.0,24.0,20.25,3.75,0.0,16.0,91.52,1.5,1853.28,2025-09-01,On Time,SAP-Style Time
LAB-000387,20250825,36,436,40.0,40.0,34.0,6.0,0.0,0.0,82.83,1.5,2816.22,2025-09-01,On Time,SAP-Style Time
LAB-000388,20250825,37,9,40.0,40.0,32.75,7.25,0.0,0.0,92.08,1.5,3015.62,2025-08-31,On Time,SAP-Style Time
LAB-000389,20250825,38,568,40.0,40.0,31.5,8.5,0.0,0.0,105.74,1.5,3330.81,2025-09-02,On Time,Mobile Time Entry
LAB-000390,20250825,39,436,40.0,40.0,32.75,7.25,0.0,0.0,107.79,1.5,3530.12,2025-09-02,On Time,Mobile Time Entry
LAB-000391,20250825,40,962,40.0,40.0,33.5,6.5,0.0,0.0,103.71,1.5,3474.29,2025-09-02,On Time,SAP-Style Time
LAB-000392,20250825,41,962,40.0,36.0,29.0,7.0,0.0,4.0,108.71,1.5,3152.59,2025-09-01,On Time,SAP-Style Time
LAB-000393,20250825,42,568,40.0,40.0,32.25,7.75,0.0,0.0,149.01,1.0,4805.57,2025-08-31,On Time,SAP-Style Time
LAB-000394,20250825,43,253,40.0,40.0,32.25,7.75,0.0,0.0,106.75,1.5,3442.69,2025-09-01,On Time,SAP-Style Time
LAB-000395,20250825,44,962,40.0,40.0,33.0,7.0,0.0,0.0,144.49,1.0,4768.17,2025-09-02,On Time,SAP-Style Time
LAB-000396,20250825,45,962,40.0,40.0,32.0,8.0,0.0,0.0,86.24,1.5,2759.68,2025-09-09,Late,SAP-Style Time
LAB-000397,20250825,46,746,40.0,40.0,34.0,6.0,0.0,0.0,143.94,1.0,4893.96,2025-09-01,On Time,SAP-Style Time
LAB-000398,20250825,47,568,40.0,40.0,33.0,7.0,0.0,0.0,106.76,1.5,3523.08,2025-09-01,On Time,SAP-Style Time
LAB-000399,20250825,48,143,40.0,40.0,32.75,7.25,0.0,0.0,87.87,1.5,2877.74,2025-09-03,On Time,SAP-Style Time
LAB-000400,20250825,49,78,40.0,40.0,32.5,7.5,0.0,0.0,83.27,1.5,2706.28,2025-09-02,On Time,SAP-Style Time
LAB-000401,20250825,50,143,40.0,40.0,31.75,8.25,0.0,0.0,101.97,1.5,3237.55,2025-09-01,On Time,SAP-Style Time
LAB-000402,20250825,51,568,40.0,40.0,32.25,7.75,0.0,0.0,86.2,1.5,2779.95,2025-09-01,On Time,SAP-Style Time
LAB-000403,20250825,52,143,40.0,40.0,32.75,7.25,0.0,0.0,97.32,1.5,3187.23,2025-09-01,On Time,SAP-Style Time
LAB-000404,20250825,53,1,40.0,32.0,25.5,6.5,0.0,8.0,94.11,1.5,2399.81,2025-09-02,On Time,SAP-Style Time
LAB-000405,20250825,54,1,40.0,32.0,25.75,6.25,0.0,8.0,107.2,1.5,2760.4,2025-09-01,On Time,SAP-Style Time
LAB-000406,20250825,55,1,40.0,32.0,24.75,7.25,0.0,8.0,95.59,1.5,2365.85,2025-09-02,On Time,SAP-Style Time
LAB-000407,20250825,56,297,40.0,40.0,31.5,8.5,0.0,0.0,73.51,1.5,2315.57,2025-09-03,On Time,SAP-Style Time
LAB-000408,20250825,57,732,40.0,40.0,29.5,10.5,0.0,0.0,87.06,1.5,2568.27,2025-09-01,On Time,SAP-Style Time
LAB-000409,20250825,58,732,40.0,40.0,32.25,7.75,0.0,0.0,119.87,1.0,3865.81,2025-08-31,On Time,SAP-Style Time
LAB-000410,20250825,59,746,40.0,40.0,31.5,8.5,0.0,0.0,83.18,1.5,2620.17,2025-09-01,On Time,SAP-Style Time
LAB-000411,20250825,60,962,40.0,40.0,31.5,8.5,0.0,0.0,86.44,1.5,2722.86,2025-09-02,On Time,SAP-Style Time
LAB-000412,20250825,61,732,40.0,40.0,30.75,9.25,0.0,0.0,83.96,1.5,2581.77,2025-09-11,Late,SAP-Style Time
LAB-000413,20250825,62,436,40.0,40.0,31.0,9.0,0.0,0.0,73.28,1.5,2271.68,2025-09-01,On Time,Mobile Time Entry
LAB-000414,20250825,63,151,40.0,40.0,31.0,9.0,0.0,0.0,122.98,1.0,3812.38,2025-08-31,On Time,SAP-Style Time
LAB-000415,20250825,64,151,40.0,40.0,31.5,8.5,0.0,0.0,84.9,1.5,2674.35,2025-09-01,On Time,SAP-Style Time
LAB-000416,20250825,65,151,40.0,40.0,31.25,8.75,0.0,0.0,72.42,1.5,2263.13,2025-09-01,On Time,SAP-Style Time
LAB-000417,20250825,66,732,40.0,40.0,31.75,8.25,0.0,0.0,94.95,1.5,3014.66,2025-08-31,On Time,SAP-Style Time
LAB-000418,20250825,67,1,40.0,40.0,31.0,9.0,0.0,0.0,79.97,1.5,2479.07,2025-09-01,On Time,SAP-Style Time
LAB-000419,20250825,68,151,40.0,40.0,32.5,7.5,0.0,0.0,79.96,1.5,2598.7,2025-09-02,On Time,SAP-Style Time
LAB-000420,20250825,69,552,40.0,40.0,30.25,9.75,0.0,0.0,92.5,1.5,2798.13,2025-09-02,On Time,SAP-Style Time
LAB-000421,20250825,70,42,40.0,40.0,31.0,9.0,0.0,0.0,79.17,1.5,2454.27,2025-09-01,On Time,SAP-Style Time
LAB-000422,20250825,71,151,40.0,40.0,31.5,8.5,0.0,0.0,84.44,1.5,2659.86,2025-08-31,On Time,SAP-Style Time
LAB-000423,20250825,72,151,40.0,40.0,32.75,7.25,0.0,0.0,107.82,1.0,3531.1,2025-08-31,On Time,SAP-Style Time
LAB-000424,20250825,73,253,40.0,40.0,31.25,8.75,0.0,0.0,85.94,1.5,2685.63,2025-09-01,On Time,Mobile Time Entry
LAB-000425,20250825,74,1,40.0,40.0,31.75,8.25,0.0,0.0,74.38,1.5,2361.57,2025-09-02,On Time,SAP-Style Time
LAB-000426,20250825,75,732,40.0,40.0,33.5,9.75,3.25,0.0,89.39,1.5,3139.82,2025-09-02,On Time,SAP-Style Time
LAB-000427,20250825,76,1,40.0,36.0,28.75,7.25,0.0,4.0,90.27,1.5,2595.26,2025-09-02,On Time,SAP-Style Time
LAB-000428,20250825,77,732,40.0,40.0,31.0,9.0,0.0,0.0,89.33,1.5,2769.23,2025-09-02,On Time,SAP-Style Time
LAB-000429,20250825,78,42,40.0,24.0,21.0,3.0,0.0,16.0,83.91,1.5,1762.11,2025-09-01,On Time,Mobile Time Entry
LAB-000430,20250825,79,568,40.0,40.0,33.25,6.75,0.0,0.0,70.65,1.5,2349.11,2025-09-02,On Time,SAP-Style Time
LAB-000431,20250825,81,42,40.0,40.0,32.25,7.75,0.0,0.0,87.64,1.5,2826.39,2025-09-01,On Time,SAP-Style Time
LAB-000432,20250825,82,1,40.0,40.0,33.75,6.25,0.0,0.0,68.13,1.5,2299.39,2025-09-02,On Time,SAP-Style Time
LAB-000433,20250825,83,962,40.0,36.0,30.5,5.5,0.0,4.0,73.3,1.5,2235.65,2025-09-01,On Time,SAP-Style Time
LAB-000434,20250825,84,746,40.0,40.0,34.0,6.0,0.0,0.0,71.25,1.5,2422.5,2025-08-31,On Time,SAP-Style Time
LAB-000435,20250825,85,732,40.0,40.0,32.75,7.25,0.0,0.0,65.88,1.5,2157.57,2025-08-31,On Time,SAP-Style Time
LAB-000436,20250825,86,253,40.0,40.0,33.75,6.25,0.0,0.0,82.25,1.5,2775.94,2025-09-01,On Time,SAP-Style Time
LAB-000437,20250825,87,297,40.0,40.0,33.25,6.75,0.0,0.0,78.64,1.5,2614.78,2025-09-01,On Time,SAP-Style Time
LAB-000438,20250825,88,732,40.0,40.0,32.5,7.5,0.0,0.0,71.87,1.5,2335.78,2025-09-01,On Time,SAP-Style Time
LAB-000439,20250825,89,314,40.0,40.0,33.25,6.75,0.0,0.0,77.91,1.5,2590.51,2025-08-31,On Time,Mobile Time Entry
LAB-000440,20250825,90,42,40.0,36.0,30.0,6.0,0.0,4.0,74.99,1.5,2249.7,2025-09-01,On Time,SAP-Style Time
LAB-000441,20250825,91,42,40.0,40.0,33.0,7.0,0.0,0.0,68.92,1.5,2274.36,2025-08-31,On Time,SAP-Style Time
LAB-000442,20250825,92,78,40.0,40.0,33.5,6.5,0.0,0.0,86.57,1.5,2900.1,2025-09-09,Late,SAP-Style Time
LAB-000443,20250825,93,962,40.0,40.0,33.25,6.75,0.0,0.0,107.35,1.0,3569.39,2025-09-03,On Time,SAP-Style Time
LAB-000444,20250825,94,746,40.0,40.0,34.5,5.5,0.0,0.0,114.66,1.5,3955.77,2025-08-31,On Time,SAP-Style Time
LAB-000445,20250825,96,732,40.0,40.0,34.5,5.5,0.0,0.0,158.23,1.0,5458.93,2025-09-01,On Time,SAP-Style Time
LAB-000446,20250825,97,732,40.0,36.0,30.5,5.5,0.0,4.0,96.85,1.5,2953.92,2025-09-01,On Time,SAP-Style Time
LAB-000447,20250825,98,4,40.0,36.0,30.5,5.5,0.0,4.0,98.56,1.5,3006.08,2025-09-02,On Time,SAP-Style Time
LAB-000448,20250825,99,4,40.0,40.0,38.25,5.0,3.25,0.0,101.82,1.5,4060.07,2025-09-01,On Time,SAP-Style Time
LAB-000449,20250825,100,732,40.0,40.0,35.25,4.75,0.0,0.0,92.09,1.5,3246.17,2025-09-01,On Time,Mobile Time Entry
LAB-000450,20250825,101,732,40.0,40.0,39.75,6.5,6.25,0.0,114.75,1.5,4919.91,2025-09-02,On Time,SAP-Style Time
LAB-000451,20250825,102,314,40.0,40.0,35.0,5.0,0.0,0.0,91.58,1.5,3205.3,2025-09-02,On Time,Mobile Time Entry
LAB-000452,20250825,103,151,40.0,40.0,34.75,5.25,0.0,0.0,109.51,1.5,3805.47,2025-09-02,On Time,Manager Adjustment
LAB-000453,20250825,104,143,40.0,40.0,34.75,5.25,0.0,0.0,116.26,1.0,4040.04,2025-09-01,On Time,SAP-Style Time
LAB-000454,20250825,105,314,40.0,28.0,23.5,4.5,0.0,12.0,104.84,1.5,2463.74,2025-09-01,On Time,SAP-Style Time
LAB-000455,20250825,106,9,40.0,40.0,33.0,7.0,0.0,0.0,100.92,1.5,3330.36,2025-09-01,On Time,Mobile Time Entry
LAB-000456,20250825,107,1,40.0,40.0,35.25,4.75,0.0,0.0,127.16,1.0,4482.39,2025-09-01,On Time,SAP-Style Time
LAB-000457,20250825,108,552,40.0,40.0,33.25,6.75,0.0,0.0,104.5,1.5,3474.63,2025-09-01,On Time,SAP-Style Time
LAB-000458,20250825,109,253,40.0,40.0,33.25,6.75,0.0,0.0,122.66,1.0,4078.44,2025-09-02,On Time,SAP-Style Time
LAB-000459,20250825,110,568,40.0,40.0,34.0,6.0,0.0,0.0,144.93,1.0,4927.62,2025-09-01,On Time,SAP-Style Time
LAB-000460,20250825,111,732,40.0,40.0,33.25,6.75,0.0,0.0,106.37,1.5,3536.8,2025-09-01,On Time,SAP-Style Time
LAB-000461,20250825,112,175,28.0,28.0,23.75,4.25,0.0,0.0,93.17,1.5,2212.79,2025-09-02,On Time,SAP-Style Time
LAB-006329,20250825,112,297,12.0,12.0,10.25,1.75,0.0,0.0,93.17,1.5,954.99,2025-09-02,On Time,SAP-Style Time
LAB-000462,20250825,113,297,40.0,40.0,33.5,6.5,0.0,0.0,97.98,1.5,3282.33,2025-09-01,On Time,Manager Adjustment
LAB-000463,20250825,114,9,40.0,40.0,28.5,11.5,0.0,0.0,97.72,1.5,2785.02,2025-09-02,On Time,SAP-Style Time
LAB-000464,20250825,115,436,40.0,40.0,28.75,11.25,0.0,0.0,89.67,1.5,2578.01,2025-09-01,On Time,SAP-Style Time
LAB-000465,20250825,116,297,40.0,40.0,29.5,10.5,0.0,0.0,131.09,1.0,3867.16,2025-09-02,On Time,SAP-Style Time
LAB-000466,20250825,118,4,40.0,40.0,30.25,9.75,0.0,0.0,123.33,1.0,3730.73,2025-08-31,On Time,SAP-Style Time
LAB-000467,20250825,119,297,40.0,40.0,29.75,10.25,0.0,0.0,98.99,1.5,2944.95,2025-09-01,On Time,SAP-Style Time
LAB-000468,20250825,120,9,40.0,40.0,30.25,9.75,0.0,0.0,79.77,1.5,2413.04,2025-08-31,On Time,SAP-Style Time
LAB-000469,20250901,1,552,40.0,40.0,33.5,6.5,0.0,0.0,100.39,1.5,3363.07,2025-09-08,On Time,SAP-Style Time
LAB-000470,20250901,2,552,40.0,40.0,34.25,5.75,0.0,0.0,150.62,1.0,5158.74,2025-09-07,On Time,SAP-Style Time
LAB-000471,20250901,3,314,40.0,40.0,33.75,6.25,0.0,0.0,83.78,1.5,2827.58,2025-09-08,On Time,SAP-Style Time
LAB-000472,20250901,4,552,40.0,40.0,34.25,5.75,0.0,0.0,78.56,1.5,2690.68,2025-09-08,On Time,SAP-Style Time
LAB-000473,20250901,5,1,40.0,40.0,35.0,5.0,0.0,0.0,120.4,1.0,4214.0,2025-09-08,On Time,SAP-Style Time
LAB-000474,20250901,6,732,40.0,40.0,34.0,6.0,0.0,0.0,89.06,1.5,3028.04,2025-09-09,On Time,SAP-Style Time
LAB-000475,20250901,7,552,40.0,32.0,27.75,4.25,0.0,8.0,76.98,1.5,2136.2,2025-09-09,On Time,SAP-Style Time
LAB-006332,20250901,8,1,10.0,10.0,8.75,1.25,0.0,0.0,101.38,1.5,887.07,2025-09-07,On Time,SAP-Style Time
LAB-000476,20250901,8,176,30.0,30.0,26.25,3.75,0.0,0.0,101.38,1.5,2661.23,2025-09-07,On Time,SAP-Style Time
LAB-000477,20250901,9,9,40.0,40.0,34.0,6.0,0.0,0.0,81.4,1.5,2767.6,2025-09-07,On Time,SAP-Style Time
LAB-000478,20250901,10,827,40.0,40.0,34.5,5.5,0.0,0.0,76.52,1.5,2639.94,2025-09-07,On Time,SAP-Style Time
LAB-006478,20250901,11,42,10.0,9.0,8.0,1.0,0.0,1.0,128.94,1.0,1031.52,2025-09-07,On Time,SAP-Style Time
LAB-000479,20250901,11,436,30.0,27.0,23.5,3.5,0.0,3.0,128.94,1.0,3030.09,2025-09-07,On Time,SAP-Style Time
LAB-000480,20250901,12,297,40.0,40.0,33.5,6.5,0.0,0.0,93.13,1.5,3119.86,2025-09-08,On Time,SAP-Style Time
LAB-000481,20250901,13,780,40.0,32.0,26.5,5.5,0.0,8.0,82.59,1.5,2188.64,2025-09-08,On Time,SAP-Style Time
LAB-000482,20250901,14,253,40.0,40.0,32.5,7.5,0.0,0.0,100.38,1.5,3262.35,2025-09-07,On Time,SAP-Style Time
LAB-000483,20250901,15,1,40.0,40.0,34.25,5.75,0.0,0.0,98.87,1.5,3386.3,2025-09-09,On Time,SAP-Style Time
LAB-000484,20250901,16,780,40.0,40.0,34.0,6.0,0.0,0.0,100.34,1.5,3411.56,2025-09-09,On Time,Mobile Time Entry
LAB-000485,20250901,17,780,40.0,40.0,38.25,4.0,2.25,0.0,88.53,1.5,3485.87,2025-09-14,Late,SAP-Style Time
LAB-000486,20250901,18,336,40.0,40.0,35.5,4.5,0.0,0.0,89.32,1.5,3170.86,2025-09-08,On Time,SAP-Style Time
LAB-000487,20250901,19,552,40.0,40.0,34.5,5.5,0.0,0.0,91.26,1.5,3148.47,2025-09-08,On Time,SAP-Style Time
LAB-000488,20250901,20,599,40.0,40.0,33.75,6.25,0.0,0.0,77.3,1.5,2608.88,2025-09-08,On Time,SAP-Style Time
LAB-000489,20250901,21,962,40.0,40.0,34.0,6.0,0.0,0.0,77.07,1.5,2620.38,2025-09-07,On Time,SAP-Style Time
LAB-000490,20250901,22,436,40.0,40.0,35.25,4.75,0.0,0.0,102.23,1.5,3603.61,2025-09-08,On Time,SAP-Style Time
LAB-000491,20250901,23,436,40.0,40.0,34.25,5.75,0.0,0.0,85.0,1.5,2911.25,2025-09-08,On Time,SAP-Style Time
LAB-000492,20250901,24,552,40.0,40.0,34.5,5.5,0.0,0.0,81.27,1.5,2803.82,2025-09-10,On Time,Mobile Time Entry
LAB-000493,20250901,25,78,40.0,40.0,34.5,5.5,0.0,0.0,102.16,1.0,3524.52,2025-09-10,On Time,Mobile Time Entry
LAB-000494,20250901,26,78,40.0,40.0,34.0,6.0,0.0,0.0,85.79,1.5,2916.86,2025-09-08,On Time,SAP-Style Time
LAB-000495,20250901,27,464,40.0,40.0,34.0,6.0,0.0,0.0,104.52,1.5,3553.68,2025-09-08,On Time,SAP-Style Time
LAB-000496,20250901,28,314,40.0,40.0,34.75,5.25,0.0,0.0,82.53,1.5,2867.92,2025-09-08,On Time,SAP-Style Time
LAB-000497,20250901,29,599,40.0,40.0,37.25,5.5,2.75,0.0,79.3,1.5,3062.96,2025-09-07,On Time,SAP-Style Time
LAB-000498,20250901,30,599,40.0,40.0,34.25,5.75,0.0,0.0,79.44,1.5,2720.82,2025-09-08,On Time,SAP-Style Time
LAB-000499,20250901,31,452,40.0,40.0,34.5,5.5,0.0,0.0,105.13,1.5,3626.98,2025-09-09,On Time,SAP-Style Time
LAB-000500,20250901,32,436,40.0,40.0,33.5,6.5,0.0,0.0,82.13,1.5,2751.36,2025-09-08,On Time,SAP-Style Time
LAB-000501,20250901,33,827,40.0,40.0,33.75,6.25,0.0,0.0,89.89,1.5,3033.79,2025-09-07,On Time,Mobile Time Entry
LAB-000502,20250901,34,78,40.0,40.0,34.25,5.75,0.0,0.0,98.09,1.5,3359.58,2025-09-10,On Time,SAP-Style Time
LAB-000503,20250901,35,297,40.0,40.0,34.0,6.0,0.0,0.0,91.52,1.5,3111.68,2025-09-10,On Time,SAP-Style Time
LAB-000504,20250901,36,336,40.0,40.0,34.25,5.75,0.0,0.0,82.83,1.5,2836.93,2025-09-08,On Time,SAP-Style Time
LAB-000505,20250901,37,151,30.0,30.0,24.5,5.5,0.0,0.0,92.08,1.5,2255.96,2025-09-08,On Time,SAP-Style Time
LAB-006383,20250901,37,176,10.0,10.0,8.25,1.75,0.0,0.0,92.08,1.5,759.66,2025-09-08,On Time,SAP-Style Time
LAB-000506,20250901,38,42,40.0,36.0,29.0,7.0,0.0,4.0,105.74,1.5,3066.46,2025-09-07,On Time,SAP-Style Time
LAB-000507,20250901,39,436,40.0,36.0,30.0,6.0,0.0,4.0,107.79,1.5,3233.7,2025-09-08,On Time,SAP-Style Time
LAB-000508,20250901,40,935,40.0,40.0,32.75,7.25,0.0,0.0,103.71,1.5,3396.5,2025-09-08,On Time,SAP-Style Time
LAB-000509,20250901,41,9,40.0,40.0,32.0,8.0,0.0,0.0,108.71,1.5,3478.72,2025-09-08,On Time,SAP-Style Time
LAB-000510,20250901,42,314,40.0,40.0,32.5,7.5,0.0,0.0,149.01,1.0,4842.83,2025-09-09,On Time,SAP-Style Time
LAB-000511,20250901,43,253,40.0,40.0,33.0,7.0,0.0,0.0,106.75,1.5,3522.75,2025-09-08,On Time,SAP-Style Time
LAB-000512,20250901,44,827,40.0,40.0,33.0,7.0,0.0,0.0,144.49,1.0,4768.17,2025-09-10,On Time,SAP-Style Time
LAB-000513,20250901,45,1,40.0,40.0,32.5,7.5,0.0,0.0,86.24,1.5,2802.8,2025-09-09,On Time,SAP-Style Time
LAB-000514,20250901,46,827,40.0,40.0,34.0,6.0,0.0,0.0,143.94,1.0,4893.96,2025-09-08,On Time,SAP-Style Time
LAB-000515,20250901,47,935,40.0,40.0,33.25,6.75,0.0,0.0,106.76,1.5,3549.77,2025-09-08,On Time,SAP-Style Time
LAB-000516,20250901,48,1,40.0,36.0,29.25,6.75,0.0,4.0,87.87,1.5,2570.2,2025-09-08,On Time,SAP-Style Time
LAB-000517,20250901,49,1,40.0,40.0,32.0,8.0,0.0,0.0,83.27,1.5,2664.64,2025-09-09,On Time,Mobile Time Entry
LAB-000518,20250901,50,374,40.0,40.0,32.5,7.5,0.0,0.0,101.97,1.5,3314.03,2025-09-19,Late,SAP-Style Time
LAB-000519,20250901,51,7,40.0,24.0,19.75,4.25,0.0,16.0,86.2,1.5,1702.45,2025-09-08,On Time,SAP-Style Time
LAB-000520,20250901,52,935,40.0,40.0,32.75,7.25,0.0,0.0,97.32,1.5,3187.23,2025-09-07,On Time,SAP-Style Time
LAB-000521,20250901,53,9,40.0,32.0,26.0,6.0,0.0,8.0,94.11,1.5,2446.86,2025-09-08,On Time,SAP-Style Time
LAB-000522,20250901,54,624,40.0,40.0,33.25,6.75,0.0,0.0,107.2,1.5,3564.4,2025-09-07,On Time,SAP-Style Time
LAB-006362,20250901,55,78,16.0,16.0,12.75,3.25,0.0,0.0,95.59,1.5,1218.77,2025-09-09,On Time,Mobile Time Entry
LAB-000523,20250901,55,827,24.0,24.0,19.25,4.75,0.0,0.0,95.59,1.5,1840.11,2025-09-09,On Time,Mobile Time Entry
LAB-000524,20250901,56,297,40.0,40.0,31.75,8.25,0.0,0.0,73.51,1.5,2333.94,2025-09-08,On Time,SAP-Style Time
LAB-000525,20250901,57,452,40.0,40.0,30.25,9.75,0.0,0.0,87.06,1.5,2633.57,2025-09-08,On Time,Mobile Time Entry
LAB-000526,20250901,58,464,40.0,40.0,32.75,7.25,0.0,0.0,119.87,1.0,3925.74,2025-09-10,On Time,SAP-Style Time
LAB-000527,20250901,59,297,40.0,40.0,31.25,8.75,0.0,0.0,83.18,1.5,2599.38,2025-09-09,On Time,SAP-Style Time
LAB-000528,20250901,60,78,40.0,40.0,30.5,9.5,0.0,0.0,86.44,1.5,2636.42,2025-09-09,On Time,SAP-Style Time
LAB-000529,20250901,61,732,40.0,40.0,31.5,8.5,0.0,0.0,83.96,1.5,2644.74,2025-09-07,On Time,SAP-Style Time
LAB-000530,20250901,62,732,40.0,40.0,30.75,9.25,0.0,0.0,73.28,1.5,2253.36,2025-09-09,On Time,SAP-Style Time
LAB-000531,20250901,63,732,40.0,16.0,12.75,3.25,0.0,24.0,122.98,1.0,1568.0,2025-09-08,On Time,SAP-Style Time
LAB-000532,20250901,64,452,40.0,40.0,32.25,7.75,0.0,0.0,84.9,1.5,2738.03,2025-09-08,On Time,Mobile Time Entry
LAB-000533,20250901,65,151,40.0,40.0,31.25,8.75,0.0,0.0,72.42,1.5,2263.13,2025-09-08,On Time,SAP-Style Time
LAB-006345,20250901,66,176,14.0,14.0,11.25,2.75,0.0,0.0,94.95,1.5,1068.19,2025-09-13,Late,SAP-Style Time
LAB-000534,20250901,66,732,26.0,26.0,21.0,5.0,0.0,0.0,94.95,1.5,1993.95,2025-09-13,Late,SAP-Style Time
LAB-000535,20250901,67,151,40.0,40.0,31.5,8.5,0.0,0.0,79.97,1.5,2519.06,2025-09-09,On Time,SAP-Style Time
LAB-000536,20250901,68,732,40.0,40.0,32.5,7.5,0.0,0.0,79.96,1.5,2598.7,2025-09-09,On Time,SAP-Style Time
LAB-000537,20250901,69,732,40.0,40.0,30.5,9.5,0.0,0.0,92.5,1.5,2821.25,2025-09-09,On Time,SAP-Style Time
LAB-006492,20250901,70,253,12.0,12.0,9.25,2.75,0.0,0.0,79.17,1.5,732.32,2025-09-13,Late,SAP-Style Time
LAB-000538,20250901,70,732,28.0,28.0,21.25,6.75,0.0,0.0,79.17,1.5,1682.36,2025-09-13,Late,SAP-Style Time
LAB-000539,20250901,71,935,40.0,36.0,28.25,7.75,0.0,4.0,84.44,1.5,2385.43,2025-09-10,On Time,SAP-Style Time
LAB-000540,20250901,72,42,40.0,40.0,32.75,7.25,0.0,0.0,107.82,1.0,3531.1,2025-09-08,On Time,SAP-Style Time
LAB-000541,20250901,73,452,40.0,40.0,30.75,9.25,0.0,0.0,85.94,1.5,2642.65,2025-09-08,On Time,SAP-Style Time
LAB-006499,20250901,73,452,40.0,40.0,30.75,9.25,0.0,0.0,85.94,1.5,2642.65,2025-09-08,On Time,SAP-Style Time
LAB-000542,20250901,74,253,40.0,40.0,31.75,8.25,0.0,0.0,74.38,1.5,2361.57,2025-09-08,On Time,Mobile Time Entry
LAB-000543,20250901,75,374,40.0,40.0,31.25,8.75,0.0,0.0,89.39,1.5,2793.44,2025-09-09,On Time,SAP-Style Time
LAB-000544,20250901,76,452,40.0,40.0,33.25,6.75,0.0,0.0,90.27,1.5,3001.48,2025-09-10,On Time,SAP-Style Time
LAB-000545,20250901,77,436,40.0,40.0,31.25,8.75,0.0,0.0,89.33,1.5,2791.56,2025-09-09,On Time,SAP-Style Time
LAB-000546,20250901,78,42,40.0,40.0,34.5,5.5,0.0,0.0,83.91,1.5,2894.9,2025-09-09,On Time,SAP-Style Time
LAB-000547,20250901,79,176,40.0,40.0,,6.0,0.0,0.0,70.65,1.5,,2025-09-14,Late,SAP-Style Time
LAB-000548,20250901,81,4,40.0,40.0,32.75,7.25,0.0,0.0,87.64,1.5,2870.21,2025-09-07,On Time,SAP-Style Time
LAB-000549,20250901,82,7,40.0,40.0,34.25,5.75,0.0,0.0,68.13,1.5,2333.45,2025-09-08,On Time,SAP-Style Time
LAB-000550,20250901,83,151,40.0,40.0,34.0,6.0,0.0,0.0,73.3,1.5,2492.2,2025-09-08,On Time,SAP-Style Time
LAB-000551,20250901,84,464,40.0,40.0,34.25,5.75,0.0,0.0,71.25,1.5,2440.31,2025-09-09,On Time,SAP-Style Time
LAB-000552,20250901,85,297,40.0,28.0,23.5,4.5,0.0,12.0,65.88,1.5,1548.18,2025-09-08,On Time,SAP-Style Time
LAB-000553,20250901,86,374,40.0,40.0,33.5,6.5,0.0,0.0,82.25,1.5,2755.38,2025-09-08,On Time,SAP-Style Time
LAB-000554,20250901,87,746,40.0,40.0,34.0,6.0,0.0,0.0,78.64,1.5,2673.76,2025-09-07,On Time,SAP-Style Time
LAB-000555,20250901,88,314,40.0,40.0,33.25,6.75,0.0,0.0,71.87,1.5,2389.68,2025-09-08,On Time,SAP-Style Time
LAB-000556,20250901,89,151,40.0,40.0,34.25,5.75,0.0,0.0,77.91,1.5,2668.42,2025-09-08,On Time,Mobile Time Entry
LAB-000557,20250901,90,78,40.0,40.0,33.5,6.5,0.0,0.0,74.99,1.5,2512.17,2025-09-07,On Time,SAP-Style Time
LAB-000558,20250901,91,827,40.0,16.0,13.75,2.25,0.0,24.0,68.92,1.5,947.65,2025-09-07,On Time,SAP-Style Time
LAB-000559,20250901,92,599,40.0,40.0,33.25,6.75,0.0,0.0,86.57,1.5,2878.45,2025-09-08,On Time,SAP-Style Time
LAB-000560,20250901,93,935,40.0,40.0,33.25,6.75,0.0,0.0,107.35,1.0,3569.39,2025-09-10,On Time,SAP-Style Time
LAB-000561,20250901,94,253,40.0,40.0,34.75,5.25,0.0,0.0,114.66,1.5,3984.44,2025-09-09,On Time,SAP-Style Time
LAB-000562,20250901,96,314,40.0,32.0,27.75,4.25,0.0,8.0,158.23,1.0,4390.88,2025-09-09,On Time,SAP-Style Time
LAB-000563,20250901,97,78,26.0,26.0,22.0,4.0,0.0,0.0,96.85,1.5,2130.7,2025-09-08,On Time,SAP-Style Time
LAB-006388,20250901,97,314,14.0,14.0,12.0,2.0,0.0,0.0,96.85,1.5,1162.2,2025-09-08,On Time,SAP-Style Time
LAB-000564,20250901,98,568,40.0,40.0,34.0,6.0,0.0,0.0,98.56,1.5,3351.04,2025-09-09,On Time,SAP-Style Time
LAB-000565,20250901,99,827,40.0,40.0,34.75,5.25,0.0,0.0,101.82,1.5,3538.25,2025-09-09,On Time,SAP-Style Time
LAB-000566,20250901,100,732,40.0,40.0,35.75,4.25,0.0,0.0,92.09,1.5,3292.22,2025-09-08,On Time,SAP-Style Time
LAB-000567,20250901,101,624,40.0,40.0,33.75,6.25,0.0,0.0,114.75,1.5,3872.81,2025-09-10,On Time,SAP-Style Time
LAB-000568,20250901,102,599,40.0,40.0,35.5,4.5,0.0,0.0,91.58,1.5,3251.09,2025-09-07,On Time,Mobile Time Entry
LAB-000569,20250901,103,624,40.0,40.0,34.5,5.5,0.0,0.0,109.51,1.5,3778.1,2025-09-08,On Time,Mobile Time Entry
LAB-000570,20250901,104,568,40.0,40.0,34.75,5.25,0.0,0.0,116.26,1.0,4040.04,2025-09-08,On Time,Mobile Time Entry
LAB-000571,20250901,105,9,40.0,40.0,33.25,6.75,0.0,0.0,104.84,1.5,3485.93,2025-09-08,On Time,SAP-Style Time
LAB-000572,20250901,106,732,40.0,40.0,33.25,6.75,0.0,0.0,100.92,1.5,3355.59,2025-09-08,On Time,SAP-Style Time
LAB-000573,20250901,107,7,40.0,40.0,35.0,5.0,0.0,0.0,127.16,1.0,4450.6,2025-09-09,On Time,SAP-Style Time
LAB-000574,20250901,108,599,40.0,40.0,33.25,6.75,0.0,0.0,104.5,1.5,3474.63,2025-09-09,On Time,SAP-Style Time
LAB-000575,20250901,109,336,40.0,40.0,33.5,6.5,0.0,0.0,122.66,1.0,4109.11,2025-09-07,On Time,SAP-Style Time
LAB-000576,20250901,110,962,40.0,28.0,24.0,4.0,0.0,12.0,144.93,1.0,3478.32,2025-09-09,On Time,SAP-Style Time
LAB-000577,20250901,111,552,40.0,40.0,34.0,6.0,0.0,0.0,106.37,1.5,3616.58,2025-09-09,On Time,SAP-Style Time
LAB-000578,20250901,112,935,40.0,40.0,34.0,6.0,0.0,0.0,93.17,1.5,3167.78,2025-09-08,On Time,SAP-Style Time
LAB-000579,20250901,113,297,40.0,40.0,33.75,6.25,0.0,0.0,97.98,1.5,3306.83,2025-09-09,On Time,SAP-Style Time
LAB-000580,20250901,114,599,40.0,40.0,28.5,11.5,0.0,0.0,97.72,1.5,2785.02,2025-09-08,On Time,SAP-Style Time
LAB-000581,20250901,115,599,40.0,40.0,27.75,12.25,0.0,0.0,89.67,1.5,2488.34,2025-09-08,On Time,SAP-Style Time
LAB-000582,20250901,116,1,40.0,40.0,30.5,9.5,0.0,0.0,131.09,1.0,3998.25,2025-09-08,On Time,SAP-Style Time
LAB-006469,20250901,118,1,16.0,16.0,12.0,4.0,0.0,0.0,123.33,1.0,1479.96,2025-09-09,On Time,SAP-Style Time
LAB-000583,20250901,118,780,24.0,24.0,17.75,6.25,0.0,0.0,123.33,1.0,2189.11,2025-09-09,On Time,SAP-Style Time
LAB-000584,20250901,119,4,40.0,40.0,29.5,10.5,0.0,0.0,98.99,1.5,2920.21,2025-09-09,On Time,SAP-Style Time
LAB-000585,20250901,120,314,40.0,40.0,30.25,9.75,0.0,0.0,79.77,1.5,2413.04,2025-09-08,On Time,SAP-Style Time
LAB-000586,20250908,1,78,40.0,40.0,33.75,6.25,0.0,0.0,100.39,1.5,3388.16,2025-09-17,On Time,SAP-Style Time
LAB-000587,20250908,2,151,40.0,40.0,35.0,5.0,0.0,0.0,150.62,1.0,5271.7,2025-09-15,On Time,Mobile Time Entry
LAB-000588,20250908,3,962,40.0,40.0,34.0,6.0,0.0,0.0,83.78,1.5,2848.52,2025-09-15,On Time,Mobile Time Entry
LAB-000589,20250908,4,485,40.0,40.0,35.25,4.75,0.0,0.0,78.56,1.5,2769.24,2025-09-15,On Time,SAP-Style Time
LAB-000590,20250908,5,336,40.0,40.0,35.0,5.0,0.0,0.0,120.4,1.0,4214.0,2025-09-15,On Time,SAP-Style Time
LAB-000591,20250908,6,78,40.0,40.0,34.5,5.5,0.0,0.0,89.06,1.5,3072.57,2025-09-16,On Time,SAP-Style Time
LAB-000592,20250908,7,552,40.0,40.0,36.5,5.75,2.25,0.0,76.98,1.5,2896.37,2025-09-15,On Time,SAP-Style Time
LAB-000593,20250908,8,42,40.0,40.0,34.5,5.5,0.0,0.0,101.38,1.5,3497.61,2025-09-15,On Time,SAP-Style Time
LAB-000594,20250908,9,436,40.0,40.0,34.75,5.25,0.0,0.0,81.4,1.5,2828.65,2025-09-15,On Time,SAP-Style Time
LAB-000595,20250908,10,297,40.0,40.0,34.25,5.75,0.0,0.0,76.52,1.5,2620.81,2025-09-14,On Time,SAP-Style Time
LAB-000596,20250908,11,151,40.0,40.0,34.5,5.5,0.0,0.0,128.94,1.0,4448.43,2025-09-15,On Time,SAP-Style Time
LAB-000597,20250908,12,151,40.0,40.0,34.25,5.75,0.0,0.0,93.13,1.5,3189.7,2025-09-16,On Time,SAP-Style Time
LAB-000598,20250908,13,452,40.0,40.0,32.5,7.5,0.0,0.0,82.59,1.5,2684.18,2025-09-17,On Time,Mobile Time Entry
LAB-000599,20250908,14,552,40.0,40.0,32.5,7.5,0.0,0.0,100.38,1.5,3262.35,2025-09-15,On Time,SAP-Style Time
LAB-000600,20250908,15,552,40.0,40.0,34.75,5.25,0.0,0.0,98.87,1.5,3435.73,2025-09-16,On Time,SAP-Style Time
LAB-000601,20250908,16,297,40.0,40.0,34.75,5.25,0.0,0.0,100.34,1.5,3486.82,2025-09-15,On Time,SAP-Style Time
LAB-000602,20250908,17,572,40.0,40.0,35.75,4.25,0.0,0.0,88.53,1.5,3164.95,2025-09-15,On Time,Mobile Time Entry
LAB-000603,20250908,18,827,40.0,32.0,27.75,4.25,0.0,8.0,89.32,1.5,2478.63,2025-09-15,On Time,SAP-Style Time
LAB-000604,20250908,19,42,40.0,40.0,34.5,5.5,0.0,0.0,91.26,1.5,3148.47,2025-09-15,On Time,SAP-Style Time
LAB-000605,20250908,20,336,40.0,40.0,33.75,6.25,0.0,0.0,77.3,1.5,2608.88,2025-09-15,On Time,SAP-Style Time
LAB-000606,20250908,21,572,40.0,40.0,34.25,5.75,0.0,0.0,77.07,1.5,2639.65,2025-09-15,On Time,SAP-Style Time
LAB-000607,20250908,22,552,40.0,40.0,34.0,6.0,0.0,0.0,102.23,1.5,3475.82,2025-09-15,On Time,SAP-Style Time
LAB-000608,20250908,23,297,40.0,40.0,34.0,6.0,0.0,0.0,85.0,1.5,2890.0,2025-09-15,On Time,SAP-Style Time
LAB-000609,20250908,24,552,40.0,40.0,34.75,5.25,0.0,0.0,81.27,1.5,2824.13,2025-09-16,On Time,SAP-Style Time
LAB-000610,20250908,25,176,40.0,40.0,34.75,5.25,0.0,0.0,102.16,1.0,3550.06,2025-09-15,On Time,SAP-Style Time
LAB-000611,20250908,26,599,40.0,40.0,34.75,5.25,0.0,0.0,85.79,1.5,2981.2,2025-09-15,On Time,SAP-Style Time
LAB-000612,20250908,27,962,40.0,40.0,34.0,6.0,0.0,0.0,104.52,1.5,3553.68,2025-09-16,On Time,Mobile Time Entry
LAB-000613,20250908,28,780,40.0,40.0,35.25,4.75,0.0,0.0,82.53,1.5,2909.18,2025-09-17,On Time,SAP-Style Time
LAB-000614,20250908,29,297,40.0,40.0,34.25,5.75,0.0,0.0,79.3,1.5,2716.03,2025-09-15,On Time,SAP-Style Time
LAB-000615,20250908,30,9,40.0,40.0,34.75,5.25,0.0,0.0,79.44,1.5,2760.54,2025-09-15,On Time,SAP-Style Time
LAB-000616,20250908,31,732,40.0,32.0,27.25,4.75,0.0,8.0,105.13,1.5,2864.79,2025-09-16,On Time,SAP-Style Time
LAB-000617,20250908,32,935,40.0,40.0,34.5,5.5,0.0,0.0,82.13,1.5,2833.48,2025-09-15,On Time,Mobile Time Entry
LAB-000618,20250908,33,314,40.0,40.0,33.5,6.5,0.0,0.0,89.89,1.5,3011.32,2025-09-16,On Time,SAP-Style Time
LAB-000619,20250908,34,42,40.0,28.0,24.25,3.75,0.0,12.0,98.09,1.5,2378.68,2025-09-14,On Time,SAP-Style Time
LAB-000620,20250908,35,175,40.0,36.0,30.75,5.25,0.0,4.0,91.52,1.5,2814.24,2025-09-14,On Time,SAP-Style Time
LAB-000621,20250908,36,452,40.0,40.0,34.75,5.25,0.0,0.0,82.83,1.5,2878.34,2025-09-15,On Time,Mobile Time Entry
LAB-000622,20250908,37,143,40.0,32.0,26.5,5.5,0.0,8.0,92.08,1.5,2440.12,2025-09-16,On Time,SAP-Style Time
LAB-000623,20250908,38,761,40.0,40.0,32.25,7.75,0.0,0.0,105.74,1.5,3410.12,2025-09-15,On Time,SAP-Style Time
LAB-000624,20250908,39,78,40.0,40.0,33.25,6.75,0.0,0.0,107.79,1.5,3584.02,2025-09-14,On Time,SAP-Style Time
LAB-000625,20250908,40,464,40.0,40.0,33.75,6.25,0.0,0.0,103.71,1.5,3500.21,2025-09-14,On Time,SAP-Style Time
LAB-000626,20250908,41,297,40.0,40.0,32.25,7.75,0.0,0.0,108.71,1.5,3505.9,2025-09-16,On Time,Manager Adjustment
LAB-000627,20250908,42,761,40.0,40.0,33.25,6.75,0.0,0.0,149.01,1.0,4954.58,2025-09-15,On Time,SAP-Style Time
LAB-000628,20250908,43,7,40.0,40.0,33.0,7.0,0.0,0.0,106.75,1.5,3522.75,2025-09-14,On Time,SAP-Style Time
LAB-000629,20250908,44,962,40.0,40.0,32.25,7.75,0.0,0.0,144.49,1.0,4659.8,2025-09-15,On Time,SAP-Style Time
LAB-000630,20250908,45,962,40.0,40.0,37.5,7.5,5.0,0.0,86.24,1.5,3449.6,2025-09-15,On Time,Mobile Time Entry
LAB-000631,20250908,46,827,40.0,40.0,33.25,6.75,0.0,0.0,143.94,1.0,4786.01,2025-09-16,On Time,Mobile Time Entry
LAB-000632,20250908,47,253,40.0,40.0,33.5,6.5,0.0,0.0,106.76,1.5,3576.46,2025-09-14,On Time,Mobile Time Entry
LAB-000633,20250908,48,336,40.0,40.0,33.0,7.0,0.0,0.0,87.87,1.5,2899.71,2025-09-15,On Time,SAP-Style Time
LAB-000634,20250908,49,761,40.0,40.0,33.0,7.0,0.0,0.0,83.27,1.5,2747.91,2025-09-16,On Time,Mobile Time Entry
LAB-000635,20250908,50,746,40.0,40.0,33.25,6.75,0.0,0.0,101.97,1.5,3390.5,2025-09-16,On Time,SAP-Style Time
LAB-000636,20250908,51,624,40.0,40.0,32.25,7.75,0.0,0.0,86.2,1.5,2779.95,2025-09-16,On Time,SAP-Style Time
LAB-000637,20250908,52,732,40.0,40.0,33.5,6.5,0.0,0.0,97.32,1.5,3260.22,2025-09-16,On Time,SAP-Style Time
LAB-000638,20250908,53,143,40.0,36.0,29.5,6.5,0.0,4.0,94.11,1.5,2776.25,2025-09-17,On Time,SAP-Style Time
LAB-000639,20250908,54,143,40.0,40.0,33.5,6.5,0.0,0.0,107.2,1.5,3591.2,2025-09-17,On Time,SAP-Style Time
LAB-000640,20250908,55,827,40.0,40.0,32.5,7.5,0.0,0.0,95.59,1.5,3106.68,2025-09-14,On Time,Mobile Time Entry
LAB-000641,20250908,56,143,40.0,40.0,32.0,8.0,0.0,0.0,73.51,1.5,2352.32,2025-09-15,On Time,SAP-Style Time
LAB-000642,20250908,57,962,40.0,40.0,30.75,9.25,0.0,0.0,87.06,1.5,2677.1,2025-09-15,On Time,SAP-Style Time
LAB-000643,20250908,58,746,40.0,40.0,32.75,7.25,0.0,0.0,119.87,1.0,3925.74,2025-09-15,On Time,SAP-Style Time
LAB-000644,20250908,59,151,40.0,40.0,31.75,8.25,0.0,0.0,83.18,1.5,2640.97,2025-09-16,On Time,SAP-Style Time
LAB-000645,20250908,60,485,40.0,40.0,31.0,9.0,0.0,0.0,86.44,1.5,2679.64,2025-09-15,On Time,SAP-Style Time
LAB-000646,20250908,61,572,40.0,40.0,31.75,8.25,0.0,0.0,83.96,1.5,2665.73,2025-09-17,On Time,SAP-Style Time
LAB-000647,20250908,62,827,40.0,40.0,31.75,8.25,0.0,0.0,73.28,1.5,2326.64,2025-09-15,On Time,SAP-Style Time
LAB-000648,20250908,63,7,40.0,40.0,32.0,8.0,0.0,0.0,122.98,1.0,3935.36,2025-09-14,On Time,SAP-Style Time
LAB-000649,20250908,64,761,40.0,40.0,32.25,7.75,0.0,0.0,84.9,1.5,2738.03,2025-09-16,On Time,SAP-Style Time
LAB-000650,20250908,65,435,40.0,28.0,22.0,6.0,0.0,12.0,72.42,1.5,1593.24,2025-09-14,On Time,SAP-Style Time
LAB-000651,20250908,66,78,40.0,40.0,32.75,7.25,0.0,0.0,94.95,1.5,3109.61,2025-09-14,On Time,SAP-Style Time
LAB-000652,20250908,67,452,40.0,40.0,31.0,9.0,0.0,0.0,79.97,1.5,2479.07,2025-09-17,On Time,SAP-Style Time
LAB-000653,20250908,68,552,40.0,40.0,32.75,7.25,0.0,0.0,79.96,1.5,2618.69,2025-09-15,On Time,SAP-Style Time
LAB-000654,20250908,69,42,40.0,40.0,31.25,8.75,0.0,0.0,92.5,1.5,2890.63,2025-09-15,On Time,SAP-Style Time
LAB-000655,20250908,70,374,40.0,40.0,30.75,9.25,0.0,0.0,79.17,1.5,2434.48,2025-09-17,On Time,SAP-Style Time
LAB-000656,20250908,71,436,40.0,40.0,31.75,8.25,0.0,0.0,84.44,1.5,2680.97,2025-09-16,On Time,SAP-Style Time
LAB-000657,20250908,72,624,40.0,40.0,33.5,6.5,0.0,0.0,107.82,1.0,3611.97,2025-09-26,Late,SAP-Style Time
LAB-000658,20250908,73,386,40.0,40.0,31.0,9.0,0.0,0.0,85.94,1.5,2664.14,2025-09-16,On Time,SAP-Style Time
LAB-000659,20250908,74,572,40.0,40.0,32.0,8.0,0.0,0.0,74.38,1.5,2380.16,2025-09-16,On Time,SAP-Style Time
LAB-000660,20250908,75,464,40.0,40.0,31.25,8.75,0.0,0.0,89.39,1.5,2793.44,2025-09-15,On Time,SAP-Style Time
LAB-000661,20250908,76,732,40.0,28.0,23.0,5.0,0.0,12.0,90.27,1.5,2076.21,2025-09-15,On Time,SAP-Style Time
LAB-000662,20250908,77,452,40.0,16.0,12.75,3.25,0.0,24.0,89.33,1.5,1138.96,2025-09-16,On Time,SAP-Style Time
LAB-000663,20250908,78,624,40.0,40.0,34.5,5.5,0.0,0.0,83.91,1.5,2894.9,2025-09-15,On Time,SAP-Style Time
LAB-000664,20250908,79,4,40.0,40.0,33.5,6.5,0.0,0.0,70.65,1.5,2366.78,2025-09-16,On Time,SAP-Style Time
LAB-000665,20250908,81,732,40.0,40.0,33.0,7.0,0.0,0.0,87.64,1.5,2892.12,2025-09-14,On Time,SAP-Style Time
LAB-000666,20250908,82,42,40.0,40.0,34.0,6.0,0.0,0.0,68.13,1.5,2316.42,2025-09-15,On Time,SAP-Style Time
LAB-000667,20250908,83,176,40.0,40.0,34.25,5.75,0.0,0.0,73.3,1.5,2510.53,2025-09-15,On Time,SAP-Style Time
LAB-000668,20250908,84,827,40.0,32.0,27.75,4.25,0.0,8.0,71.25,1.5,1977.19,2025-09-15,On Time,SAP-Style Time
LAB-000669,20250908,85,4,40.0,40.0,33.25,6.75,0.0,0.0,65.88,1.5,2190.51,2025-09-14,On Time,SAP-Style Time
LAB-000670,20250908,86,78,40.0,40.0,34.0,6.0,0.0,0.0,82.25,1.5,2796.5,2025-09-15,On Time,SAP-Style Time
LAB-000671,20250908,87,314,40.0,40.0,34.0,6.0,0.0,0.0,78.64,1.5,2673.76,2025-09-15,On Time,SAP-Style Time
LAB-000672,20250908,88,935,40.0,40.0,32.75,7.25,0.0,0.0,71.87,1.5,2353.74,2025-09-15,On Time,SAP-Style Time
LAB-000673,20250908,89,42,40.0,40.0,35.25,4.75,0.0,0.0,77.91,1.5,2746.33,2025-09-14,On Time,SAP-Style Time
LAB-000674,20250908,90,42,40.0,36.0,30.5,5.5,0.0,4.0,74.99,1.5,2287.19,2025-09-15,On Time,SAP-Style Time
LAB-000675,20250908,91,962,40.0,40.0,34.0,6.0,0.0,0.0,68.92,1.5,2343.28,2025-09-14,On Time,SAP-Style Time
LAB-000676,20250908,92,827,40.0,40.0,33.5,6.5,0.0,0.0,86.57,1.5,2900.1,2025-09-16,On Time,SAP-Style Time
LAB-000677,20250908,93,151,40.0,40.0,33.0,7.0,0.0,0.0,107.35,1.0,3542.55,2025-09-15,On Time,SAP-Style Time
LAB-000678,20250908,94,436,40.0,32.0,28.0,4.0,0.0,8.0,114.66,1.5,3210.48,2025-09-15,On Time,Mobile Time Entry
LAB-000679,20250908,96,314,40.0,40.0,34.75,5.25,0.0,0.0,158.23,1.0,5498.49,2025-09-16,On Time,SAP-Style Time
LAB-000680,20250908,97,935,40.0,40.0,35.25,4.75,0.0,0.0,96.85,1.5,3413.96,2025-09-16,On Time,SAP-Style Time
LAB-000681,20250908,98,314,40.0,40.0,33.5,6.5,0.0,0.0,98.56,1.5,3301.76,2025-09-15,On Time,Mobile Time Entry
LAB-000682,20250908,99,827,40.0,40.0,35.0,5.0,0.0,0.0,101.82,1.5,3563.7,2025-09-15,On Time,SAP-Style Time
LAB-000683,20250908,100,599,40.0,28.0,25.25,2.75,0.0,12.0,92.09,1.5,2325.27,2025-09-15,On Time,SAP-Style Time
LAB-000684,20250908,101,314,40.0,40.0,34.0,6.0,0.0,0.0,114.75,1.5,3901.5,2025-09-17,On Time,SAP-Style Time
LAB-000685,20250908,102,374,40.0,40.0,36.25,3.75,0.0,0.0,91.58,1.5,3319.78,2025-09-15,On Time,Mobile Time Entry
LAB-000686,20250908,103,314,40.0,40.0,35.5,4.5,0.0,0.0,109.51,1.5,3887.61,2025-09-15,On Time,SAP-Style Time
LAB-000687,20250908,104,732,40.0,40.0,34.75,5.25,0.0,0.0,116.26,1.0,4040.04,2025-09-16,On Time,SAP-Style Time
LAB-000688,20250908,105,151,40.0,40.0,33.25,6.75,0.0,0.0,104.84,1.5,3485.93,2025-09-15,On Time,SAP-Style Time
LAB-000689,20250908,106,485,40.0,40.0,33.5,6.5,0.0,0.0,100.92,1.5,3380.82,2025-09-14,On Time,Mobile Time Entry
LAB-000690,20250908,107,435,40.0,40.0,39.25,4.25,3.5,0.0,127.16,1.0,4991.03,2025-09-16,On Time,SAP-Style Time
LAB-000691,20250908,108,314,40.0,40.0,34.25,5.75,0.0,0.0,104.5,1.5,3579.13,2025-09-16,On Time,SAP-Style Time
LAB-000692,20250908,109,386,40.0,40.0,33.25,6.75,0.0,0.0,122.66,1.0,4078.44,2025-09-15,On Time,SAP-Style Time
LAB-000693,20250908,110,386,40.0,40.0,34.25,5.75,0.0,0.0,144.93,1.0,4963.85,2025-09-16,On Time,SAP-Style Time
LAB-000694,20250908,111,7,40.0,40.0,34.75,5.25,0.0,0.0,106.37,1.5,3696.36,2025-09-15,On Time,SAP-Style Time
LAB-000695,20250908,112,7,40.0,40.0,34.25,5.75,0.0,0.0,93.17,1.5,3191.07,2025-09-16,On Time,SAP-Style Time
LAB-000696,20250908,113,374,40.0,40.0,34.75,5.25,0.0,0.0,97.98,1.5,3404.81,2025-09-16,On Time,SAP-Style Time
LAB-000697,20250908,114,485,40.0,40.0,29.0,11.0,0.0,0.0,97.72,1.5,2833.88,2025-09-16,On Time,SAP-Style Time
LAB-000698,20250908,115,572,40.0,40.0,27.75,12.25,0.0,0.0,89.67,1.5,2488.34,2025-09-16,On Time,SAP-Style Time
LAB-000699,20250908,116,568,40.0,40.0,29.75,10.25,0.0,0.0,131.09,1.0,3899.93,2025-09-15,On Time,SAP-Style Time
LAB-000700,20250908,118,7,40.0,40.0,30.25,9.75,0.0,0.0,123.33,1.0,3730.73,2025-09-17,On Time,SAP-Style Time
LAB-000701,20250908,119,4,40.0,40.0,29.5,10.5,0.0,0.0,98.99,1.5,2920.21,2025-09-15,On Time,SAP-Style Time
LAB-000702,20250908,120,4,40.0,40.0,31.0,9.0,0.0,0.0,79.77,1.5,2472.87,2025-09-15,On Time,SAP-Style Time
LAB-000703,20250915,1,1,40.0,36.0,30.5,5.5,0.0,4.0,100.39,1.5,3061.9,2025-09-24,On Time,SAP-Style Time
LAB-000704,20250915,2,175,40.0,32.0,28.5,3.5,0.0,8.0,150.62,1.0,4292.67,2025-09-24,On Time,SAP-Style Time
LAB-000705,20250915,3,9,40.0,40.0,34.5,5.5,0.0,0.0,83.78,1.5,2890.41,2025-09-21,On Time,SAP-Style Time
LAB-000706,20250915,4,435,40.0,40.0,34.5,5.5,0.0,0.0,78.56,1.5,2710.32,2025-09-30,Late,SAP-Style Time
LAB-000707,20250915,5,336,40.0,24.0,21.25,2.75,0.0,16.0,120.4,1.0,2558.5,2025-09-22,On Time,SAP-Style Time
LAB-000708,20250915,6,572,40.0,40.0,34.5,5.5,0.0,0.0,89.06,1.5,3072.57,2025-09-23,On Time,SAP-Style Time
LAB-000709,20250915,7,485,40.0,40.0,35.0,5.0,0.0,0.0,76.98,1.5,2694.3,2025-09-23,On Time,SAP-Style Time
LAB-000710,20250915,8,42,40.0,40.0,36.25,6.0,2.25,0.0,101.38,1.5,3789.08,2025-09-21,On Time,SAP-Style Time
LAB-000711,20250915,9,436,40.0,40.0,34.0,6.0,0.0,0.0,81.4,1.5,2767.6,2025-09-21,On Time,SAP-Style Time
LAB-000712,20250915,10,374,40.0,40.0,34.75,5.25,0.0,0.0,76.52,1.5,2659.07,2025-09-22,On Time,SAP-Style Time
LAB-000713,20250915,11,780,40.0,36.0,31.25,4.75,0.0,4.0,128.94,1.0,4029.38,2025-09-23,On Time,SAP-Style Time
LAB-000714,20250915,12,452,40.0,40.0,34.25,5.75,0.0,0.0,93.13,1.5,3189.7,2025-09-22,On Time,SAP-Style Time
LAB-000715,20250915,13,572,40.0,40.0,33.0,7.0,0.0,0.0,82.59,1.5,2725.47,2025-09-23,On Time,SAP-Style Time
LAB-000716,20250915,14,624,40.0,40.0,39.0,7.0,6.0,0.0,100.38,1.5,4215.96,2025-09-22,On Time,SAP-Style Time
LAB-000717,20250915,15,552,40.0,40.0,35.0,5.0,0.0,0.0,98.87,1.5,3460.45,2025-09-21,On Time,SAP-Style Time
LAB-000718,20250915,16,624,40.0,40.0,35.0,5.0,0.0,0.0,100.34,1.5,3511.9,2025-09-22,On Time,SAP-Style Time
LAB-000719,20250915,17,572,40.0,24.0,21.5,2.5,0.0,16.0,88.53,1.5,1903.4,2025-09-21,On Time,SAP-Style Time
LAB-000720,20250915,18,435,40.0,40.0,34.5,5.5,0.0,0.0,89.32,1.5,3081.54,2025-09-21,On Time,Mobile Time Entry
LAB-000721,20250915,19,297,40.0,40.0,34.0,6.0,0.0,0.0,91.26,1.5,3102.84,2025-09-21,On Time,SAP-Style Time
LAB-000722,20250915,20,452,40.0,40.0,34.25,5.75,0.0,0.0,77.3,1.5,2647.53,2025-09-23,On Time,SAP-Style Time
LAB-000723,20250915,21,175,40.0,40.0,34.25,5.75,0.0,0.0,77.07,1.5,2639.65,2025-09-22,On Time,Mobile Time Entry
LAB-000724,20250915,22,374,40.0,40.0,34.25,5.75,0.0,0.0,102.23,1.5,3501.38,2025-09-21,On Time,Mobile Time Entry
LAB-000725,20250915,23,1,40.0,40.0,34.5,5.5,0.0,0.0,85.0,1.5,2932.5,2025-09-22,On Time,SAP-Style Time
LAB-000726,20250915,24,336,40.0,40.0,34.75,5.25,0.0,0.0,81.27,1.5,2824.13,2025-09-22,On Time,SAP-Style Time
LAB-000727,20250915,25,314,40.0,40.0,34.75,5.25,0.0,0.0,102.16,1.0,3550.06,2025-09-24,On Time,SAP-Style Time
LAB-000728,20250915,26,336,40.0,40.0,34.25,5.75,0.0,0.0,85.79,1.5,2938.31,2025-09-23,On Time,SAP-Style Time
LAB-000729,20250915,27,464,40.0,40.0,34.25,5.75,0.0,0.0,104.52,1.5,3579.81,2025-09-21,On Time,SAP-Style Time
LAB-000730,20250915,28,336,40.0,40.0,35.0,5.0,0.0,0.0,82.53,1.5,2888.55,2025-09-23,On Time,Mobile Time Entry
LAB-000731,20250915,29,386,40.0,40.0,,5.75,0.0,0.0,79.3,1.5,,2025-09-23,On Time,SAP-Style Time
LAB-000732,20250915,30,436,40.0,40.0,35.25,4.75,0.0,0.0,79.44,1.5,2800.26,2025-09-23,On Time,SAP-Style Time
LAB-000733,20250915,31,308,40.0,28.0,24.25,3.75,0.0,12.0,105.13,1.5,2549.4,2025-09-23,On Time,SAP-Style Time
LAB-000734,20250915,32,761,40.0,40.0,34.5,5.5,0.0,0.0,82.13,1.5,2833.48,2025-09-22,On Time,SAP-Style Time
LAB-000735,20250915,33,954,40.0,40.0,34.5,5.5,0.0,0.0,89.89,1.5,3101.21,2025-09-30,Late,SAP-Style Time
LAB-000736,20250915,34,464,40.0,40.0,34.25,5.75,0.0,0.0,98.09,1.5,3359.58,2025-09-22,On Time,SAP-Style Time
LAB-000737,20250915,35,418,40.0,40.0,39.0,5.25,4.25,0.0,91.52,1.5,3763.76,2025-09-22,On Time,SAP-Style Time
LAB-000738,20250915,36,418,40.0,40.0,34.5,5.5,0.0,0.0,82.83,1.5,2857.63,2025-09-22,On Time,SAP-Style Time
LAB-000739,20250915,37,336,40.0,40.0,33.0,7.0,0.0,0.0,92.08,1.5,3038.64,2025-09-22,On Time,SAP-Style Time
LAB-000740,20250915,38,175,40.0,16.0,13.0,3.0,0.0,24.0,105.74,1.5,1374.62,2025-09-23,On Time,SAP-Style Time
LAB-000741,20250915,39,78,40.0,40.0,33.25,6.75,0.0,0.0,107.79,1.5,3584.02,2025-09-22,On Time,SAP-Style Time
LAB-000742,20250915,40,624,40.0,40.0,34.0,6.0,0.0,0.0,103.71,1.5,3526.14,2025-09-22,On Time,SAP-Style Time
LAB-000743,20250915,41,78,40.0,40.0,32.75,7.25,0.0,0.0,108.71,1.5,3560.25,2025-09-21,On Time,SAP-Style Time
LAB-000744,20250915,42,587,40.0,40.0,32.75,7.25,0.0,0.0,149.01,1.0,4880.08,2025-09-22,On Time,SAP-Style Time
LAB-000745,20250915,43,587,40.0,40.0,33.25,6.75,0.0,0.0,106.75,1.5,3549.44,2025-09-23,On Time,SAP-Style Time
LAB-000746,20250915,44,719,40.0,40.0,32.5,7.5,0.0,0.0,144.49,1.0,4695.93,2025-09-23,On Time,SAP-Style Time
LAB-000747,20250915,45,746,40.0,40.0,33.0,7.0,0.0,0.0,86.24,1.5,2845.92,2025-09-22,On Time,SAP-Style Time
LAB-000748,20250915,46,143,40.0,40.0,33.0,7.0,0.0,0.0,143.94,1.0,4750.02,2025-09-22,On Time,SAP-Style Time
LAB-000749,20250915,47,485,40.0,36.0,30.25,5.75,0.0,4.0,106.76,1.5,3229.49,2025-09-22,On Time,SAP-Style Time
LAB-000750,20250915,48,1,40.0,40.0,33.25,6.75,0.0,0.0,87.87,1.5,2921.68,2025-09-23,On Time,SAP-Style Time
LAB-000751,20250915,49,418,40.0,40.0,33.25,6.75,0.0,0.0,83.27,1.5,2768.73,2025-09-21,On Time,SAP-Style Time
LAB-000752,20250915,50,418,40.0,40.0,33.0,7.0,0.0,0.0,101.97,1.5,3365.01,2025-10-02,Late,SAP-Style Time
LAB-000753,20250915,51,336,40.0,40.0,31.5,8.5,0.0,0.0,86.2,1.5,2715.3,2025-09-22,On Time,Mobile Time Entry
LAB-000754,20250915,52,935,40.0,40.0,33.5,6.5,0.0,0.0,97.32,1.5,3260.22,2025-09-21,On Time,Mobile Time Entry
LAB-000755,20250915,53,587,40.0,40.0,32.25,7.75,0.0,0.0,94.11,1.5,3035.05,2025-09-23,On Time,SAP-Style Time
LAB-000756,20250915,54,827,40.0,40.0,32.75,7.25,0.0,0.0,107.2,1.5,3510.8,2025-09-23,On Time,SAP-Style Time
LAB-000757,20250915,55,7,40.0,40.0,32.5,7.5,0.0,0.0,95.59,1.5,3106.68,2025-09-24,On Time,SAP-Style Time
LAB-000758,20250915,56,253,40.0,40.0,32.5,7.5,0.0,0.0,73.51,1.5,2389.08,2025-09-22,On Time,SAP-Style Time
LAB-000759,20250915,57,436,40.0,40.0,30.75,9.25,0.0,0.0,87.06,1.5,2677.1,2025-09-22,On Time,SAP-Style Time
LAB-000760,20250915,58,572,40.0,40.0,32.5,7.5,0.0,0.0,119.87,1.0,3895.78,2025-09-22,On Time,SAP-Style Time
LAB-000761,20250915,59,435,40.0,32.0,25.0,7.0,0.0,8.0,83.18,1.5,2079.5,2025-09-27,Late,SAP-Style Time
LAB-000762,20250915,60,464,40.0,40.0,30.5,9.5,0.0,0.0,86.44,1.5,2636.42,2025-09-21,On Time,SAP-Style Time
LAB-000763,20250915,61,435,40.0,40.0,31.75,8.25,0.0,0.0,83.96,1.5,2665.73,2025-09-21,On Time,SAP-Style Time
LAB-000764,20250915,62,418,40.0,40.0,31.75,8.25,0.0,0.0,73.28,1.5,2326.64,2025-09-22,On Time,SAP-Style Time
LAB-000765,20250915,63,935,40.0,40.0,31.75,8.25,0.0,0.0,122.98,1.0,3904.62,2025-09-21,On Time,SAP-Style Time
LAB-000766,20250915,64,176,40.0,40.0,31.75,8.25,0.0,0.0,84.9,1.5,2695.58,2025-09-22,On Time,SAP-Style Time
LAB-000767,20250915,65,954,40.0,40.0,31.5,8.5,0.0,0.0,72.42,1.5,2281.23,2025-09-22,On Time,SAP-Style Time
LAB-000768,20250915,66,78,40.0,40.0,32.75,7.25,0.0,0.0,94.95,1.5,3109.61,2025-09-29,Late,SAP-Style Time
LAB-000769,20250915,67,572,40.0,40.0,31.0,9.0,0.0,0.0,79.97,1.5,2479.07,2025-09-23,On Time,Mobile Time Entry
LAB-000770,20250915,68,827,40.0,36.0,29.25,6.75,0.0,4.0,79.96,1.5,2338.83,2025-09-22,On Time,SAP-Style Time
LAB-000771,20250915,69,452,40.0,40.0,31.5,8.5,0.0,0.0,92.5,1.5,2913.75,2025-09-22,On Time,SAP-Style Time
LAB-000772,20250915,70,206,40.0,40.0,31.0,9.0,0.0,0.0,79.17,1.5,2454.27,2025-09-23,On Time,SAP-Style Time
LAB-000773,20250915,71,78,40.0,28.0,22.0,6.0,0.0,12.0,84.44,1.5,1857.68,2025-09-24,On Time,SAP-Style Time
LAB-000774,20250915,72,962,40.0,40.0,37.25,7.25,4.5,0.0,107.82,1.0,4016.29,2025-09-22,On Time,SAP-Style Time
LAB-000775,20250915,73,176,40.0,32.0,25.25,6.75,0.0,8.0,85.94,1.5,2169.99,2025-09-23,On Time,Mobile Time Entry
LAB-000776,20250915,74,485,40.0,40.0,31.5,8.5,0.0,0.0,74.38,1.5,2342.97,2025-09-23,On Time,SAP-Style Time
LAB-000777,20250915,75,330,40.0,40.0,31.75,8.25,0.0,0.0,89.39,1.5,2838.13,2025-09-22,On Time,SAP-Style Time
LAB-000778,20250915,76,780,40.0,40.0,32.75,7.25,0.0,0.0,90.27,1.5,2956.34,2025-09-22,On Time,SAP-Style Time
LAB-000779,20250915,77,206,40.0,40.0,31.5,8.5,0.0,0.0,89.33,1.5,2813.9,2025-09-22,On Time,SAP-Style Time
LAB-000780,20250915,78,761,40.0,40.0,34.75,5.25,0.0,0.0,83.91,1.5,2915.87,2025-09-22,On Time,SAP-Style Time
LAB-000781,20250915,79,568,40.0,40.0,33.75,6.25,0.0,0.0,70.65,1.5,2384.44,2025-09-22,On Time,SAP-Style Time
LAB-006441,20250915,81,9,10.0,10.0,8.25,1.75,0.0,0.0,87.64,1.5,723.03,2025-09-24,On Time,SAP-Style Time
LAB-000782,20250915,81,861,30.0,30.0,24.75,5.25,0.0,0.0,87.64,1.5,2169.09,2025-09-24,On Time,SAP-Style Time
LAB-006470,20250915,82,176,12.0,9.5,8.0,1.5,0.0,2.5,68.13,1.5,545.04,2025-09-23,On Time,SAP-Style Time
LAB-000783,20250915,82,206,28.0,22.5,19.0,3.5,0.0,5.5,68.13,1.5,1294.47,2025-09-23,On Time,SAP-Style Time
LAB-000784,20250915,83,552,40.0,40.0,34.0,6.0,0.0,0.0,73.3,1.5,2492.2,2025-09-23,On Time,SAP-Style Time
LAB-000785,20250915,84,746,40.0,40.0,34.75,5.25,0.0,0.0,71.25,1.5,2475.94,2025-09-23,On Time,SAP-Style Time
LAB-000786,20250915,85,719,40.0,40.0,33.5,6.5,0.0,0.0,65.88,1.5,2206.98,2025-09-21,On Time,SAP-Style Time
LAB-000787,20250915,86,4,40.0,36.0,30.75,5.25,0.0,4.0,82.25,1.5,2529.19,2025-09-23,On Time,SAP-Style Time
LAB-000788,20250915,87,436,40.0,36.0,36.5,5.25,5.75,4.0,78.64,1.5,3096.45,2025-09-22,On Time,SAP-Style Time
LAB-000789,20250915,88,176,24.0,24.0,20.0,4.0,0.0,0.0,71.87,1.5,1437.4,2025-09-22,On Time,SAP-Style Time
LAB-006467,20250915,88,253,16.0,16.0,13.25,2.75,0.0,0.0,71.87,1.5,952.28,2025-09-22,On Time,SAP-Style Time
LAB-000790,20250915,89,572,40.0,40.0,34.5,5.5,0.0,0.0,77.91,1.5,2687.9,2025-09-23,On Time,SAP-Style Time
LAB-000791,20250915,90,827,40.0,36.0,30.25,5.75,0.0,4.0,74.99,1.5,2268.45,2025-09-22,On Time,SAP-Style Time
LAB-000792,20250915,91,308,40.0,40.0,33.75,6.25,0.0,0.0,68.92,1.5,2326.05,2025-09-21,On Time,SAP-Style Time
LAB-000793,20250915,92,732,40.0,40.0,33.5,6.5,0.0,0.0,86.57,1.5,2900.1,2025-09-24,On Time,Mobile Time Entry
LAB-000794,20250915,93,861,40.0,40.0,33.25,6.75,0.0,0.0,107.35,1.0,3569.39,2025-09-22,On Time,SAP-Style Time
LAB-000795,20250915,94,314,40.0,40.0,34.75,5.25,0.0,0.0,114.66,1.5,3984.44,2025-09-22,On Time,SAP-Style Time
LAB-000796,20250915,96,78,40.0,40.0,38.75,5.25,4.0,0.0,158.23,1.0,6131.41,2025-09-22,On Time,SAP-Style Time
LAB-000797,20250915,97,4,40.0,40.0,34.5,5.5,0.0,0.0,96.85,1.5,3341.33,2025-09-21,On Time,SAP-Style Time
LAB-000798,20250915,98,314,40.0,40.0,33.5,6.5,0.0,0.0,98.56,1.5,3301.76,2025-09-23,On Time,Mobile Time Entry
LAB-000799,20250915,99,176,40.0,40.0,37.5,4.5,2.0,0.0,101.82,1.5,3920.07,2025-09-21,On Time,Mobile Time Entry
LAB-000800,20250915,100,761,40.0,40.0,35.75,4.25,0.0,0.0,92.09,1.5,3292.22,2025-09-23,On Time,SAP-Style Time
LAB-000801,20250915,101,599,40.0,40.0,34.25,5.75,0.0,0.0,114.75,1.5,3930.19,2025-09-22,On Time,SAP-Style Time
LAB-000802,20250915,102,4,40.0,40.0,36.25,3.75,0.0,0.0,91.58,1.5,3319.78,2025-09-22,On Time,SAP-Style Time
LAB-000803,20250915,103,314,40.0,40.0,35.75,4.25,0.0,0.0,109.51,1.5,3914.98,2025-09-23,On Time,SAP-Style Time
LAB-000804,20250915,104,253,40.0,40.0,35.25,4.75,0.0,0.0,116.26,1.0,4098.17,2025-09-23,On Time,SAP-Style Time
LAB-000805,20250915,105,176,40.0,40.0,33.5,6.5,0.0,0.0,104.84,1.5,3512.14,2025-09-22,On Time,SAP-Style Time
LAB-000806,20250915,106,308,40.0,40.0,34.5,5.5,0.0,0.0,100.92,1.5,3481.74,2025-09-22,On Time,SAP-Style Time
LAB-000807,20250915,107,297,40.0,40.0,35.75,4.25,0.0,0.0,127.16,1.0,4545.97,2025-09-23,On Time,SAP-Style Time
LAB-000808,20250915,108,206,40.0,40.0,34.25,5.75,0.0,0.0,104.5,1.5,3579.13,2025-09-22,On Time,SAP-Style Time
LAB-000809,20250915,109,42,40.0,40.0,33.75,6.25,0.0,0.0,122.66,1.0,4139.78,2025-09-21,On Time,SAP-Style Time
LAB-000810,20250915,110,297,28.0,28.0,23.75,4.25,0.0,0.0,144.93,1.0,3442.09,2025-09-21,On Time,SAP-Style Time
LAB-006339,20250915,110,336,12.0,12.0,10.25,1.75,0.0,0.0,144.93,1.0,1485.53,2025-09-21,On Time,SAP-Style Time
LAB-000811,20250915,111,297,40.0,40.0,34.5,5.5,0.0,0.0,106.37,1.5,3669.77,2025-09-23,On Time,SAP-Style Time
LAB-000812,20250915,112,7,40.0,40.0,35.0,5.0,0.0,0.0,93.17,1.5,3260.95,2025-09-22,On Time,SAP-Style Time
LAB-000813,20250915,113,746,40.0,40.0,34.25,5.75,0.0,0.0,97.98,1.5,3355.82,2025-09-21,On Time,SAP-Style Time
LAB-000814,20250915,114,418,40.0,40.0,,12.5,0.0,0.0,97.72,1.5,,2025-09-22,On Time,SAP-Style Time
LAB-000815,20250915,115,572,40.0,40.0,28.75,11.25,0.0,0.0,89.67,1.5,2578.01,2025-09-23,On Time,SAP-Style Time
LAB-000816,20250915,116,151,40.0,40.0,29.75,10.25,0.0,0.0,131.09,1.0,3899.93,2025-09-23,On Time,SAP-Style Time
LAB-000817,20250915,118,861,40.0,40.0,29.75,10.25,0.0,0.0,123.33,1.0,3669.07,2025-09-23,On Time,SAP-Style Time
LAB-000818,20250915,119,4,40.0,40.0,29.5,10.5,0.0,0.0,98.99,1.5,2920.21,2025-09-22,On Time,SAP-Style Time
LAB-000819,20250915,120,386,40.0,40.0,30.0,10.0,0.0,0.0,79.77,1.5,2393.1,2025-09-22,On Time,SAP-Style Time
LAB-000820,20250922,1,206,40.0,40.0,34.0,6.0,0.0,0.0,100.39,1.5,3413.26,2025-09-28,On Time,SAP-Style Time
LAB-000821,20250922,2,393,40.0,36.0,32.25,3.75,0.0,4.0,150.62,1.0,4857.5,2025-09-30,On Time,SAP-Style Time
LAB-000822,20250922,3,436,40.0,40.0,34.25,5.75,0.0,0.0,83.78,1.5,2869.47,2025-10-10,Late,SAP-Style Time
LAB-000823,20250922,4,297,40.0,40.0,35.5,4.5,0.0,0.0,78.56,1.5,2788.88,2025-09-30,On Time,Mobile Time Entry
LAB-000824,20250922,5,944,40.0,40.0,35.25,4.75,0.0,0.0,120.4,1.0,4244.1,2025-09-30,On Time,SAP-Style Time
LAB-000825,20250922,6,552,40.0,32.0,27.75,4.25,0.0,8.0,89.06,1.5,2471.42,2025-09-29,On Time,SAP-Style Time
LAB-000826,20250922,7,253,40.0,24.0,21.25,2.75,0.0,16.0,76.98,1.5,1635.83,2025-09-30,On Time,Mobile Time Entry
LAB-000827,20250922,8,944,40.0,40.0,34.5,5.5,0.0,0.0,101.38,1.5,3497.61,2025-09-28,On Time,SAP-Style Time
LAB-000828,20250922,9,297,40.0,32.0,27.5,4.5,0.0,8.0,81.4,1.5,2238.5,2025-09-29,On Time,SAP-Style Time
LAB-000829,20250922,10,82,40.0,40.0,34.75,5.25,0.0,0.0,76.52,1.5,2659.07,2025-09-29,On Time,SAP-Style Time
LAB-000830,20250922,11,535,40.0,40.0,34.5,5.5,0.0,0.0,128.94,1.0,4448.43,2025-09-29,On Time,SAP-Style Time
LAB-000831,20250922,12,386,40.0,40.0,33.75,6.25,0.0,0.0,93.13,1.5,3143.14,2025-09-30,On Time,SAP-Style Time
LAB-000832,20250922,13,4,40.0,40.0,34.25,5.75,0.0,0.0,82.59,1.5,2828.71,2025-09-30,On Time,Mobile Time Entry
LAB-000833,20250922,14,297,40.0,40.0,33.25,6.75,0.0,0.0,100.38,1.5,3337.63,2025-09-29,On Time,SAP-Style Time
LAB-000834,20250922,15,552,40.0,40.0,35.75,4.25,0.0,0.0,98.87,1.5,3534.6,2025-09-28,On Time,SAP-Style Time
LAB-000835,20250922,16,393,40.0,40.0,34.75,5.25,0.0,0.0,100.34,1.5,3486.82,2025-10-01,On Time,SAP-Style Time
LAB-000836,20250922,17,587,40.0,40.0,35.25,4.75,0.0,0.0,88.53,1.5,3120.68,2025-09-28,On Time,SAP-Style Time
LAB-000837,20250922,18,572,40.0,28.0,27.5,3.5,3.0,12.0,89.32,1.5,2590.28,2025-09-30,On Time,SAP-Style Time
LAB-000838,20250922,19,535,40.0,40.0,34.0,6.0,0.0,0.0,91.26,1.5,3102.84,2025-09-30,On Time,SAP-Style Time
LAB-000839,20250922,20,552,24.0,24.0,20.5,3.5,0.0,0.0,77.3,1.5,1584.65,2025-09-29,On Time,Mobile Time Entry
LAB-006405,20250922,20,572,16.0,16.0,13.75,2.25,0.0,0.0,77.3,1.5,1062.88,2025-09-29,On Time,Mobile Time Entry
LAB-006497,20250922,20,572,16.0,16.0,13.75,2.25,0.0,0.0,77.3,1.5,1062.88,2025-09-29,On Time,Mobile Time Entry
LAB-000840,20250922,21,780,40.0,40.0,34.5,5.5,0.0,0.0,77.07,1.5,2658.92,2025-09-30,On Time,SAP-Style Time
LAB-000841,20250922,22,297,40.0,40.0,34.5,5.5,0.0,0.0,102.23,1.5,3526.94,2025-09-29,On Time,SAP-Style Time
LAB-000842,20250922,23,780,40.0,40.0,34.5,5.5,0.0,0.0,85.0,1.5,2932.5,2025-10-03,Late,SAP-Style Time
LAB-000843,20250922,24,151,40.0,40.0,34.75,5.25,0.0,0.0,81.27,1.5,2824.13,2025-10-01,On Time,SAP-Style Time
LAB-000844,20250922,25,292,40.0,40.0,34.75,5.25,0.0,0.0,102.16,1.0,3550.06,2025-09-28,On Time,SAP-Style Time
LAB-000845,20250922,26,552,40.0,40.0,34.75,5.25,0.0,0.0,85.79,1.5,2981.2,2025-09-30,On Time,SAP-Style Time
LAB-006377,20250922,27,7,12.0,12.0,10.25,1.75,0.0,0.0,104.52,1.5,1071.33,2025-09-28,On Time,SAP-Style Time
LAB-000846,20250922,27,436,28.0,28.0,24.25,3.75,0.0,0.0,104.52,1.5,2534.61,2025-09-28,On Time,SAP-Style Time
LAB-000847,20250922,28,916,40.0,40.0,34.5,5.5,0.0,0.0,82.53,1.5,2847.29,2025-09-29,On Time,SAP-Style Time
LAB-000848,20250922,29,485,40.0,40.0,34.5,5.5,0.0,0.0,79.3,1.5,2735.85,2025-09-30,On Time,SAP-Style Time
LAB-000849,20250922,30,944,40.0,40.0,34.5,5.5,0.0,0.0,79.44,1.5,2740.68,2025-09-28,On Time,SAP-Style Time
LAB-000850,20250922,31,464,40.0,40.0,33.75,6.25,0.0,0.0,105.13,1.5,3548.14,2025-09-29,On Time,SAP-Style Time
LAB-000851,20250922,32,746,40.0,40.0,38.5,4.5,3.0,0.0,82.13,1.5,3285.2,2025-09-30,On Time,SAP-Style Time
LAB-000852,20250922,33,42,40.0,40.0,35.0,5.0,0.0,0.0,89.89,1.5,3146.15,2025-09-28,On Time,SAP-Style Time
LAB-000853,20250922,34,599,40.0,40.0,33.25,6.75,0.0,0.0,98.09,1.5,3261.49,2025-09-29,On Time,SAP-Style Time
LAB-000854,20250922,35,954,40.0,40.0,34.5,5.5,0.0,0.0,91.52,1.5,3157.44,2025-09-30,On Time,SAP-Style Time
LAB-000855,20250922,36,4,40.0,40.0,34.5,5.5,0.0,0.0,82.83,1.5,2857.63,2025-09-29,On Time,Mobile Time Entry
LAB-000856,20250922,37,535,40.0,40.0,37.75,7.25,5.0,0.0,92.08,1.5,3706.22,2025-09-30,On Time,SAP-Style Time
LAB-000857,20250922,38,746,40.0,40.0,36.75,7.25,4.0,0.0,105.74,1.5,4097.42,2025-09-30,On Time,SAP-Style Time
LAB-000858,20250922,39,599,40.0,40.0,33.25,6.75,0.0,0.0,107.79,1.5,3584.02,2025-09-29,On Time,SAP-Style Time
LAB-000859,20250922,40,1,40.0,40.0,34.0,6.0,0.0,0.0,103.71,1.5,3526.14,2025-09-28,On Time,Manager Adjustment
LAB-000860,20250922,41,719,40.0,40.0,33.5,6.5,0.0,0.0,108.71,1.5,3641.79,2025-09-29,On Time,Mobile Time Entry
LAB-000861,20250922,42,151,40.0,40.0,32.75,7.25,0.0,0.0,149.01,1.0,4880.08,2025-09-30,On Time,SAP-Style Time
LAB-000862,20250922,43,761,40.0,16.0,13.25,2.75,0.0,24.0,106.75,1.5,1414.44,2025-09-29,On Time,SAP-Style Time
LAB-000863,20250922,44,78,40.0,40.0,32.5,7.5,0.0,0.0,144.49,1.0,4695.93,2025-10-01,On Time,SAP-Style Time
LAB-000864,20250922,45,761,40.0,40.0,33.0,7.0,0.0,0.0,86.24,1.5,2845.92,2025-09-29,On Time,SAP-Style Time
LAB-000865,20250922,46,9,40.0,40.0,33.25,6.75,0.0,0.0,143.94,1.0,4786.01,2025-09-28,On Time,SAP-Style Time
LAB-000866,20250922,47,206,40.0,40.0,33.75,6.25,0.0,0.0,106.76,1.5,3603.15,2025-09-28,On Time,SAP-Style Time
LAB-000867,20250922,48,9,40.0,40.0,33.75,6.25,0.0,0.0,87.87,1.5,2965.61,2025-09-29,On Time,SAP-Style Time
LAB-000868,20250922,49,827,40.0,40.0,33.25,6.75,0.0,0.0,83.27,1.5,2768.73,2025-09-29,On Time,Mobile Time Entry
LAB-000869,20250922,50,624,40.0,40.0,33.5,6.5,0.0,0.0,101.97,1.5,3416.0,2025-09-29,On Time,SAP-Style Time
LAB-000870,20250922,51,962,40.0,40.0,31.5,8.5,0.0,0.0,86.2,1.5,2715.3,2025-09-30,On Time,SAP-Style Time
LAB-000871,20250922,52,253,40.0,40.0,34.5,5.5,0.0,0.0,97.32,1.5,3357.54,2025-10-01,On Time,SAP-Style Time
LAB-000872,20250922,53,9,40.0,40.0,32.5,7.5,0.0,0.0,94.11,1.5,3058.58,2025-09-28,On Time,SAP-Style Time
LAB-000873,20250922,54,552,40.0,40.0,33.0,7.0,0.0,0.0,107.2,1.5,3537.6,2025-09-29,On Time,SAP-Style Time
LAB-000874,20250922,55,732,40.0,40.0,32.0,8.0,0.0,0.0,95.59,1.5,3058.88,2025-09-29,On Time,SAP-Style Time
LAB-000875,20250922,56,535,40.0,36.0,29.25,6.75,0.0,4.0,73.51,1.5,2150.17,2025-10-01,On Time,Mobile Time Entry
LAB-000876,20250922,57,452,40.0,40.0,31.5,8.5,0.0,0.0,87.06,1.5,2742.39,2025-09-28,On Time,SAP-Style Time
LAB-000877,20250922,58,452,40.0,40.0,32.25,7.75,0.0,0.0,119.87,1.0,3865.81,2025-09-29,On Time,SAP-Style Time
LAB-000878,20250922,59,374,40.0,40.0,31.25,8.75,0.0,0.0,83.18,1.5,2599.38,2025-09-30,On Time,SAP-Style Time
LAB-000879,20250922,60,175,40.0,40.0,31.0,9.0,0.0,0.0,86.44,1.5,2679.64,2025-09-29,On Time,SAP-Style Time
LAB-000880,20250922,61,292,40.0,40.0,31.25,8.75,0.0,0.0,83.96,1.5,2623.75,2025-09-29,On Time,SAP-Style Time
LAB-000881,20250922,62,761,40.0,40.0,31.75,8.25,0.0,0.0,73.28,1.5,2326.64,2025-09-30,On Time,SAP-Style Time
LAB-000882,20250922,63,954,40.0,40.0,31.25,8.75,0.0,0.0,122.98,1.0,3843.13,2025-09-29,On Time,SAP-Style Time
LAB-000883,20250922,64,206,40.0,40.0,32.0,8.0,0.0,0.0,84.9,1.5,2716.8,2025-09-28,On Time,SAP-Style Time
LAB-000884,20250922,65,9,40.0,40.0,31.0,9.0,0.0,0.0,72.42,1.5,2245.02,2025-09-29,On Time,SAP-Style Time
LAB-000885,20250922,66,780,40.0,40.0,33.25,6.75,0.0,0.0,94.95,1.5,3157.09,2025-09-29,On Time,SAP-Style Time
LAB-000886,20250922,67,436,40.0,40.0,31.5,8.5,0.0,0.0,79.97,1.5,2519.06,2025-09-30,On Time,SAP-Style Time
LAB-000887,20250922,68,297,40.0,40.0,32.75,7.25,0.0,0.0,79.96,1.5,2618.69,2025-09-29,On Time,Mobile Time Entry
LAB-000888,20250922,69,742,40.0,40.0,31.75,8.25,0.0,0.0,92.5,1.5,2936.88,2025-09-29,On Time,SAP-Style Time
LAB-000889,20250922,70,386,40.0,40.0,30.0,10.0,0.0,0.0,79.17,1.5,2375.1,2025-09-29,On Time,SAP-Style Time
LAB-000890,20250922,71,7,40.0,28.0,22.5,5.5,0.0,12.0,84.44,1.5,1899.9,2025-09-29,On Time,SAP-Style Time
LAB-000891,20250922,72,151,40.0,28.0,23.0,5.0,0.0,12.0,107.82,1.0,2479.86,2025-10-01,On Time,Mobile Time Entry
LAB-000892,20250922,73,954,40.0,16.0,12.5,3.5,0.0,24.0,85.94,1.5,1074.25,2025-09-28,On Time,SAP-Style Time
LAB-000893,20250922,74,314,40.0,40.0,35.25,7.75,3.0,0.0,74.38,1.5,2733.46,2025-09-28,On Time,SAP-Style Time
LAB-000894,20250922,75,336,40.0,40.0,31.5,8.5,0.0,0.0,89.39,1.5,2815.79,2025-09-30,On Time,SAP-Style Time
LAB-000895,20250922,76,535,40.0,40.0,33.25,6.75,0.0,0.0,90.27,1.5,3001.48,2025-09-29,On Time,SAP-Style Time
LAB-000896,20250922,77,336,40.0,40.0,31.0,9.0,0.0,0.0,89.33,1.5,2769.23,2025-09-30,On Time,SAP-Style Time
LAB-000897,20250922,78,746,40.0,40.0,35.25,4.75,0.0,0.0,83.91,1.5,2957.83,2025-09-29,On Time,SAP-Style Time
LAB-000898,20250922,79,954,40.0,40.0,34.0,6.0,0.0,0.0,70.65,1.5,2402.1,2025-09-29,On Time,SAP-Style Time
LAB-000899,20250922,81,761,40.0,40.0,33.25,6.75,0.0,0.0,87.64,1.5,2914.03,2025-09-29,On Time,SAP-Style Time
LAB-006461,20250922,82,587,16.0,16.0,13.5,2.5,0.0,0.0,68.13,1.5,919.75,2025-10-06,Late,Mobile Time Entry
LAB-000900,20250922,82,719,24.0,24.0,20.0,4.0,0.0,0.0,68.13,1.5,1362.6,2025-10-06,Late,Mobile Time Entry
LAB-000901,20250922,83,761,40.0,40.0,33.5,6.5,0.0,0.0,73.3,1.5,2455.55,2025-09-29,On Time,SAP-Style Time
LAB-000902,20250922,84,7,40.0,40.0,34.75,5.25,0.0,0.0,71.25,1.5,2475.94,2025-09-30,On Time,SAP-Style Time
LAB-000903,20250922,85,42,40.0,40.0,34.5,5.5,0.0,0.0,65.88,1.5,2272.86,2025-09-29,On Time,SAP-Style Time
LAB-000904,20250922,86,42,40.0,40.0,33.5,6.5,0.0,0.0,82.25,1.5,2755.38,2025-09-29,On Time,SAP-Style Time
LAB-000905,20250922,87,418,40.0,40.0,34.5,5.5,0.0,0.0,78.64,1.5,2713.08,2025-09-30,On Time,SAP-Style Time
LAB-000906,20250922,88,336,40.0,40.0,33.5,6.5,0.0,0.0,71.87,1.5,2407.65,2025-09-28,On Time,SAP-Style Time
LAB-000907,20250922,89,143,40.0,40.0,34.0,6.0,0.0,0.0,77.91,1.5,2648.94,2025-09-30,On Time,SAP-Style Time
LAB-000908,20250922,90,78,40.0,40.0,33.0,7.0,0.0,0.0,74.99,1.5,2474.67,2025-09-28,On Time,SAP-Style Time
LAB-000909,20250922,91,4,40.0,32.0,27.0,5.0,0.0,8.0,68.92,1.5,1860.84,2025-09-29,On Time,Mobile Time Entry
LAB-000910,20250922,92,572,40.0,40.0,33.75,6.25,0.0,0.0,86.57,1.5,2921.74,2025-09-29,On Time,SAP-Style Time
LAB-000911,20250922,93,719,40.0,40.0,32.75,7.25,0.0,0.0,107.35,1.0,3515.71,2025-09-29,On Time,SAP-Style Time
LAB-000912,20250922,94,330,40.0,40.0,34.5,5.5,0.0,0.0,114.66,1.5,3955.77,2025-09-30,On Time,SAP-Style Time
LAB-000913,20250922,96,78,40.0,40.0,35.0,5.0,0.0,0.0,158.23,1.0,5538.05,2025-09-29,On Time,SAP-Style Time
LAB-000914,20250922,97,292,40.0,40.0,39.75,5.5,5.25,0.0,96.85,1.5,4104.02,2025-09-28,On Time,Mobile Time Entry
LAB-000915,20250922,98,435,40.0,40.0,33.5,6.5,0.0,0.0,98.56,1.5,3301.76,2025-09-29,On Time,SAP-Style Time
LAB-000916,20250922,99,176,40.0,40.0,35.75,4.25,0.0,0.0,101.82,1.5,3640.06,2025-10-01,On Time,SAP-Style Time
LAB-000917,20250922,100,393,40.0,40.0,34.75,5.25,0.0,0.0,92.09,1.5,3200.13,2025-09-29,On Time,SAP-Style Time
LAB-000918,20250922,101,1,40.0,40.0,34.25,5.75,0.0,0.0,114.75,1.5,3930.19,2025-09-29,On Time,SAP-Style Time
LAB-000919,20250922,102,935,40.0,40.0,36.0,4.0,0.0,0.0,91.58,1.5,3296.88,2025-10-07,Late,SAP-Style Time
LAB-000920,20250922,103,4,40.0,40.0,36.0,4.0,0.0,0.0,109.51,1.5,3942.36,2025-09-29,On Time,SAP-Style Time
LAB-000921,20250922,104,7,40.0,40.0,35.5,4.5,0.0,0.0,116.26,1.0,4127.23,2025-09-28,On Time,SAP-Style Time
LAB-000922,20250922,105,535,40.0,40.0,34.25,5.75,0.0,0.0,104.84,1.5,3590.77,2025-09-28,On Time,SAP-Style Time
LAB-000923,20250922,106,587,40.0,40.0,34.75,5.25,0.0,0.0,100.92,1.5,3506.97,2025-09-30,On Time,SAP-Style Time
LAB-000924,20250922,107,151,40.0,40.0,35.5,4.5,0.0,0.0,127.16,1.0,4514.18,2025-09-30,On Time,SAP-Style Time
LAB-000925,20250922,108,418,40.0,28.0,23.75,4.25,0.0,12.0,104.5,1.5,2481.88,2025-09-30,On Time,SAP-Style Time
LAB-000926,20250922,109,624,40.0,40.0,34.0,6.0,0.0,0.0,122.66,1.0,4170.44,2025-09-29,On Time,Mobile Time Entry
LAB-000927,20250922,110,587,40.0,40.0,33.75,6.25,0.0,0.0,144.93,1.0,4891.39,2025-09-28,On Time,SAP-Style Time
LAB-000928,20250922,111,175,40.0,40.0,35.75,5.75,1.5,0.0,106.37,1.5,3882.51,2025-09-29,On Time,SAP-Style Time
LAB-000929,20250922,112,599,40.0,40.0,40.75,4.5,5.25,0.0,93.17,1.5,4041.25,2025-09-28,On Time,Mobile Time Entry
LAB-000930,20250922,113,4,40.0,40.0,33.5,6.5,0.0,0.0,97.98,1.5,3282.33,2025-09-29,On Time,SAP-Style Time
LAB-000931,20250922,114,143,40.0,40.0,27.75,12.25,0.0,0.0,97.72,1.5,2711.73,2025-09-29,On Time,SAP-Style Time
LAB-000932,20250922,115,719,40.0,40.0,28.75,11.25,0.0,0.0,89.67,1.5,2578.01,2025-09-30,On Time,SAP-Style Time
LAB-000933,20250922,116,330,40.0,40.0,30.0,10.0,0.0,0.0,131.09,1.0,3932.7,2025-09-29,On Time,SAP-Style Time
LAB-000934,20250922,118,861,40.0,40.0,29.75,10.25,0.0,0.0,123.33,1.0,3669.07,2025-09-28,On Time,SAP-Style Time
LAB-000935,20250922,119,572,40.0,40.0,29.5,10.5,0.0,0.0,98.99,1.5,2920.21,2025-10-01,On Time,SAP-Style Time
LAB-000936,20250922,120,780,40.0,40.0,30.5,9.5,0.0,0.0,79.77,1.5,2432.98,2025-09-28,On Time,SAP-Style Time
LAB-000937,20250929,1,76,40.0,40.0,34.25,5.75,0.0,0.0,100.39,1.5,3438.36,2025-10-06,On Time,Mobile Time Entry
LAB-000938,20250929,2,452,40.0,36.0,31.75,4.25,0.0,4.0,150.62,1.0,4782.19,2025-10-06,On Time,SAP-Style Time
LAB-000939,20250929,3,76,40.0,32.0,27.75,4.25,0.0,8.0,83.78,1.5,2324.9,2025-10-06,On Time,SAP-Style Time
LAB-000940,20250929,4,374,40.0,40.0,35.75,4.25,0.0,0.0,78.56,1.5,2808.52,2025-10-06,On Time,SAP-Style Time
LAB-000941,20250929,5,143,40.0,40.0,35.5,4.5,0.0,0.0,120.4,1.0,4274.2,2025-10-06,On Time,SAP-Style Time
LAB-000942,20250929,6,436,40.0,40.0,34.25,5.75,0.0,0.0,89.06,1.5,3050.31,2025-10-06,On Time,SAP-Style Time
LAB-000943,20250929,7,393,40.0,40.0,34.0,6.0,0.0,0.0,76.98,1.5,2617.32,2025-10-06,On Time,SAP-Style Time
LAB-000944,20250929,8,393,40.0,40.0,40.0,5.25,5.25,0.0,101.38,1.5,4321.32,2025-10-06,On Time,SAP-Style Time
LAB-000945,20250929,9,308,40.0,40.0,34.5,5.5,0.0,0.0,81.4,1.5,2808.3,2025-10-06,On Time,SAP-Style Time
LAB-000946,20250929,10,76,40.0,40.0,35.0,5.0,0.0,0.0,76.52,1.5,2678.2,2025-10-08,On Time,SAP-Style Time
LAB-000947,20250929,11,742,40.0,40.0,34.75,5.25,0.0,0.0,128.94,1.0,4480.67,2025-10-06,On Time,SAP-Style Time
LAB-000948,20250929,12,76,40.0,40.0,37.75,7.0,4.75,0.0,93.13,1.5,3736.84,2025-10-06,On Time,SAP-Style Time
LAB-000949,20250929,13,406,40.0,40.0,34.5,5.5,0.0,0.0,82.59,1.5,2849.36,2025-10-05,On Time,SAP-Style Time
LAB-000950,20250929,14,410,40.0,40.0,32.5,7.5,0.0,0.0,100.38,1.5,3262.35,2025-10-06,On Time,SAP-Style Time
LAB-000951,20250929,15,485,40.0,32.0,28.5,3.5,0.0,8.0,98.87,1.5,2817.8,2025-10-05,On Time,SAP-Style Time
LAB-000952,20250929,16,393,40.0,24.0,21.25,2.75,0.0,16.0,100.34,1.5,2132.23,2025-10-07,On Time,SAP-Style Time
LAB-000953,20250929,17,888,40.0,40.0,35.25,4.75,0.0,0.0,88.53,1.5,3120.68,2025-10-07,On Time,SAP-Style Time
LAB-000954,20250929,18,389,40.0,40.0,40.25,4.75,5.0,0.0,89.32,1.5,3818.43,2025-10-06,On Time,SAP-Style Time
LAB-000955,20250929,19,76,40.0,40.0,33.75,6.25,0.0,0.0,91.26,1.5,3080.03,2025-10-06,On Time,SAP-Style Time
LAB-000956,20250929,20,130,40.0,40.0,37.75,6.0,3.75,0.0,77.3,1.5,3063.01,2025-10-06,On Time,SAP-Style Time
LAB-000957,20250929,21,742,40.0,24.0,20.5,3.5,0.0,16.0,77.07,1.5,1579.94,2025-10-08,On Time,SAP-Style Time
LAB-000958,20250929,22,944,40.0,40.0,34.5,5.5,0.0,0.0,102.23,1.5,3526.94,2025-10-07,On Time,SAP-Style Time
LAB-000959,20250929,23,292,40.0,40.0,34.25,5.75,0.0,0.0,85.0,1.5,2911.25,2025-10-06,On Time,SAP-Style Time
LAB-000960,20250929,24,393,40.0,40.0,35.25,4.75,0.0,0.0,81.27,1.5,2864.77,2025-10-05,On Time,SAP-Style Time
LAB-000961,20250929,25,76,40.0,40.0,34.75,5.25,0.0,0.0,102.16,1.0,3550.06,2025-10-06,On Time,SAP-Style Time
LAB-000962,20250929,26,82,40.0,36.0,31.0,5.0,0.0,4.0,85.79,1.5,2659.49,2025-10-05,On Time,Mobile Time Entry
LAB-000963,20250929,27,169,40.0,40.0,33.25,6.75,0.0,0.0,104.52,1.5,3475.29,2025-10-07,On Time,SAP-Style Time
LAB-000964,20250929,28,916,40.0,36.0,31.25,4.75,0.0,4.0,82.53,1.5,2579.06,2025-10-07,On Time,SAP-Style Time
LAB-000965,20250929,29,82,40.0,24.0,20.75,3.25,0.0,16.0,79.3,1.5,1645.48,2025-10-06,On Time,SAP-Style Time
LAB-000966,20250929,30,877,40.0,40.0,35.0,5.0,0.0,0.0,79.44,1.5,2780.4,2025-10-05,On Time,SAP-Style Time
LAB-000967,20250929,31,935,40.0,40.0,34.75,5.25,0.0,0.0,105.13,1.5,3653.27,2025-10-05,On Time,SAP-Style Time
LAB-000968,20250929,32,599,40.0,36.0,32.0,4.0,0.0,4.0,82.13,1.5,2628.16,2025-10-07,On Time,SAP-Style Time
LAB-000969,20250929,33,42,40.0,36.0,31.75,4.25,0.0,4.0,89.89,1.5,2854.01,2025-10-06,On Time,Mobile Time Entry
LAB-000970,20250929,34,572,40.0,40.0,34.0,6.0,0.0,0.0,98.09,1.5,3335.06,2025-10-07,On Time,Mobile Time Entry
LAB-000971,20250929,35,761,40.0,40.0,34.75,5.25,0.0,0.0,91.52,1.5,3180.32,2025-10-07,On Time,SAP-Style Time
LAB-000972,20250929,36,131,40.0,40.0,39.0,5.5,4.5,0.0,82.83,1.5,3416.74,2025-10-06,On Time,SAP-Style Time
LAB-000973,20250929,37,962,40.0,32.0,26.25,5.75,0.0,8.0,92.08,1.5,2417.1,2025-10-06,On Time,SAP-Style Time
LAB-000974,20250929,38,568,40.0,40.0,33.25,6.75,0.0,0.0,105.74,1.5,3515.86,2025-10-06,On Time,SAP-Style Time
LAB-000975,20250929,39,935,40.0,32.0,26.75,5.25,0.0,8.0,107.79,1.5,2883.38,2025-10-07,On Time,SAP-Style Time
LAB-000976,20250929,40,436,40.0,40.0,34.25,5.75,0.0,0.0,103.71,1.5,3552.07,2025-10-07,On Time,SAP-Style Time
LAB-000977,20250929,41,888,40.0,40.0,33.25,6.75,0.0,0.0,108.71,1.5,3614.61,2025-10-06,On Time,SAP-Style Time
LAB-000978,20250929,42,587,40.0,36.0,29.0,7.0,0.0,4.0,149.01,1.0,4321.29,2025-10-08,On Time,SAP-Style Time
LAB-000979,20250929,43,761,40.0,40.0,33.0,7.0,0.0,0.0,106.75,1.5,3522.75,2025-10-07,On Time,SAP-Style Time
LAB-000980,20250929,44,479,40.0,40.0,32.75,7.25,0.0,0.0,144.49,1.0,4732.05,2025-10-06,On Time,SAP-Style Time
LAB-000981,20250929,45,935,40.0,40.0,33.25,6.75,0.0,0.0,86.24,1.5,2867.48,2025-10-06,On Time,Mobile Time Entry
LAB-000982,20250929,46,746,40.0,40.0,34.0,6.0,0.0,0.0,143.94,1.0,4893.96,2025-10-06,On Time,Mobile Time Entry
LAB-000983,20250929,47,7,40.0,40.0,38.0,7.0,5.0,0.0,106.76,1.5,4323.78,2025-10-05,On Time,SAP-Style Time
LAB-000984,20250929,48,143,40.0,40.0,33.0,7.0,0.0,0.0,87.87,1.5,2899.71,2025-10-06,On Time,SAP-Style Time
LAB-000985,20250929,49,435,40.0,40.0,33.5,6.5,0.0,0.0,83.27,1.5,2789.55,2025-10-06,On Time,SAP-Style Time
LAB-000986,20250929,50,940,40.0,40.0,33.5,6.5,0.0,0.0,101.97,1.5,3416.0,2025-10-05,On Time,SAP-Style Time
LAB-000987,20250929,51,568,40.0,40.0,32.75,7.25,0.0,0.0,86.2,1.5,2823.05,2025-10-08,On Time,SAP-Style Time
LAB-000988,20250929,52,228,40.0,32.0,27.25,4.75,0.0,8.0,97.32,1.5,2651.97,2025-10-07,On Time,SAP-Style Time
LAB-000989,20250929,53,1,40.0,36.0,29.0,7.0,0.0,4.0,94.11,1.5,2729.19,2025-10-14,Late,SAP-Style Time
LAB-000990,20250929,54,761,40.0,40.0,35.75,7.5,3.25,0.0,107.2,1.5,4006.6,2025-10-07,On Time,SAP-Style Time
LAB-000991,20250929,55,935,40.0,40.0,32.0,8.0,0.0,0.0,95.59,1.5,3058.88,2025-10-05,On Time,SAP-Style Time
LAB-000992,20250929,56,535,40.0,40.0,32.75,7.25,0.0,0.0,73.51,1.5,2407.45,2025-10-05,On Time,SAP-Style Time
LAB-000993,20250929,57,169,40.0,40.0,31.25,8.75,0.0,0.0,87.06,1.5,2720.63,2025-10-07,On Time,SAP-Style Time
LAB-000994,20250929,58,535,40.0,40.0,32.25,7.75,0.0,0.0,119.87,1.0,3865.81,2025-10-06,On Time,SAP-Style Time
LAB-000995,20250929,59,367,40.0,36.0,28.25,7.75,0.0,4.0,83.18,1.5,2349.84,2025-10-06,On Time,SAP-Style Time
LAB-000996,20250929,60,151,40.0,28.0,21.75,6.25,0.0,12.0,86.44,1.5,1880.07,2025-10-06,On Time,Mobile Time Entry
LAB-000997,20250929,61,531,40.0,40.0,32.0,8.0,0.0,0.0,83.96,1.5,2686.72,2025-10-06,On Time,SAP-Style Time
LAB-006367,20250929,62,367,14.0,14.0,11.25,2.75,0.0,0.0,73.28,1.5,824.4,2025-10-07,On Time,SAP-Style Time
LAB-000998,20250929,62,452,26.0,26.0,20.75,5.25,0.0,0.0,73.28,1.5,1520.56,2025-10-07,On Time,SAP-Style Time
LAB-000999,20250929,63,535,40.0,40.0,31.75,8.25,0.0,0.0,122.98,1.0,3904.62,2025-10-06,On Time,SAP-Style Time
LAB-001000,20250929,64,732,40.0,40.0,32.75,7.25,0.0,0.0,84.9,1.5,2780.48,2025-10-06,On Time,SAP-Style Time
LAB-001001,20250929,65,552,40.0,40.0,31.75,8.25,0.0,0.0,72.42,1.5,2299.34,2025-10-08,On Time,SAP-Style Time
LAB-001002,20250929,66,206,40.0,40.0,33.25,6.75,0.0,0.0,94.95,1.5,3157.09,2025-10-07,On Time,Mobile Time Entry
LAB-001003,20250929,67,410,40.0,36.0,28.75,7.25,0.0,4.0,79.97,1.5,2299.14,2025-10-06,On Time,SAP-Style Time
LAB-001004,20250929,68,297,40.0,40.0,33.0,7.0,0.0,0.0,79.96,1.5,2638.68,2025-10-06,On Time,SAP-Style Time
LAB-001005,20250929,69,742,40.0,40.0,31.5,8.5,0.0,0.0,92.5,1.5,2913.75,2025-10-06,On Time,SAP-Style Time
LAB-001006,20250929,70,386,40.0,40.0,34.25,10.0,4.25,0.0,79.17,1.5,2879.81,2025-10-06,On Time,SAP-Style Time
LAB-001007,20250929,71,436,40.0,40.0,32.25,7.75,0.0,0.0,84.44,1.5,2723.19,2025-10-05,On Time,SAP-Style Time
LAB-001008,20250929,72,176,40.0,40.0,32.25,7.75,0.0,0.0,107.82,1.0,3477.19,2025-10-07,On Time,SAP-Style Time
LAB-001009,20250929,73,176,40.0,40.0,32.0,8.0,0.0,0.0,85.94,1.5,2750.08,2025-10-08,On Time,SAP-Style Time
LAB-001010,20250929,74,367,40.0,40.0,31.75,8.25,0.0,0.0,74.38,1.5,2361.57,2025-10-07,On Time,SAP-Style Time
LAB-001011,20250929,75,962,40.0,40.0,31.25,8.75,0.0,0.0,89.39,1.5,2793.44,2025-10-06,On Time,SAP-Style Time
LAB-001012,20250929,76,452,40.0,40.0,32.75,7.25,0.0,0.0,90.27,1.5,2956.34,2025-10-06,On Time,SAP-Style Time
LAB-001013,20250929,77,452,40.0,40.0,31.25,8.75,0.0,0.0,89.33,1.5,2791.56,2025-10-07,On Time,SAP-Style Time
LAB-001014,20250929,78,954,40.0,40.0,35.5,4.5,0.0,0.0,83.91,1.5,2978.81,2025-10-07,On Time,Mobile Time Entry
LAB-001015,20250929,79,130,40.0,40.0,33.5,6.5,0.0,0.0,70.65,1.5,2366.78,2025-10-05,On Time,SAP-Style Time
LAB-001016,20250929,81,386,40.0,40.0,33.0,7.0,0.0,0.0,87.64,1.5,2892.12,2025-10-07,On Time,SAP-Style Time
LAB-001017,20250929,82,732,40.0,28.0,23.5,4.5,0.0,12.0,68.13,1.5,1601.05,2025-10-05,On Time,SAP-Style Time
LAB-001018,20250929,83,761,40.0,16.0,13.5,2.5,0.0,24.0,73.3,1.5,989.55,2025-10-06,On Time,SAP-Style Time
LAB-001019,20250929,84,175,40.0,40.0,34.75,5.25,0.0,0.0,71.25,1.5,2475.94,2025-10-06,On Time,SAP-Style Time
LAB-001020,20250929,85,962,40.0,32.0,27.25,4.75,0.0,8.0,65.88,1.5,1795.23,2025-10-08,On Time,SAP-Style Time
LAB-001021,20250929,86,667,40.0,40.0,33.75,6.25,0.0,0.0,82.25,1.5,2775.94,2025-10-06,On Time,SAP-Style Time
LAB-001022,20250929,87,131,40.0,40.0,34.75,5.25,0.0,0.0,78.64,1.5,2732.74,2025-10-06,On Time,SAP-Style Time
LAB-001023,20250929,88,386,40.0,40.0,33.5,6.5,0.0,0.0,71.87,1.5,2407.65,2025-10-07,On Time,SAP-Style Time
LAB-001024,20250929,89,861,40.0,40.0,34.0,6.0,0.0,0.0,77.91,1.5,2648.94,2025-10-07,On Time,SAP-Style Time
LAB-001025,20250929,90,374,40.0,40.0,33.5,6.5,0.0,0.0,74.99,1.5,2512.17,2025-10-07,On Time,Mobile Time Entry
LAB-001026,20250929,91,944,40.0,40.0,33.5,6.5,0.0,0.0,68.92,1.5,2308.82,2025-10-06,On Time,SAP-Style Time
LAB-001027,20250929,92,314,28.0,28.0,24.5,4.5,1.0,0.0,86.57,1.5,2164.25,2025-10-05,On Time,SAP-Style Time
LAB-006408,20250929,92,552,12.0,12.0,10.5,2.0,0.5,0.0,86.57,1.5,930.63,2025-10-05,On Time,SAP-Style Time
LAB-001028,20250929,93,206,40.0,40.0,33.0,7.0,0.0,0.0,107.35,1.0,3542.55,2025-10-06,On Time,SAP-Style Time
LAB-001029,20250929,94,130,40.0,40.0,34.0,6.0,0.0,0.0,114.66,1.5,3898.44,2025-10-06,On Time,SAP-Style Time
LAB-001030,20250929,96,176,40.0,40.0,35.0,5.0,0.0,0.0,158.23,1.0,5538.05,2025-10-05,On Time,SAP-Style Time
LAB-001031,20250929,97,169,40.0,40.0,35.25,4.75,0.0,0.0,96.85,1.5,3413.96,2025-10-07,On Time,SAP-Style Time
LAB-001032,20250929,98,374,40.0,40.0,34.25,5.75,0.0,0.0,98.56,1.5,3375.68,2025-10-06,On Time,SAP-Style Time
LAB-001033,20250929,99,143,40.0,40.0,35.75,4.25,0.0,0.0,101.82,1.5,3640.06,2025-10-07,On Time,SAP-Style Time
LAB-001034,20250929,100,4,40.0,40.0,35.25,4.75,0.0,0.0,92.09,1.5,3246.17,2025-10-07,On Time,SAP-Style Time
LAB-001035,20250929,101,292,40.0,40.0,33.75,6.25,0.0,0.0,114.75,1.5,3872.81,2025-10-06,On Time,SAP-Style Time
LAB-001036,20250929,102,719,28.0,25.25,22.5,2.75,0.0,2.75,91.58,1.5,2060.55,2025-10-06,On Time,Mobile Time Entry
LAB-006484,20250929,102,935,12.0,10.75,9.5,1.25,0.0,1.25,91.58,1.5,870.01,2025-10-06,On Time,Mobile Time Entry
LAB-001037,20250929,103,732,40.0,40.0,35.75,4.25,0.0,0.0,109.51,1.5,3914.98,2025-10-06,On Time,SAP-Style Time
LAB-001038,20250929,104,130,40.0,40.0,35.5,4.5,0.0,0.0,116.26,1.0,4127.23,2025-10-05,On Time,SAP-Style Time
LAB-001039,20250929,105,410,40.0,40.0,34.25,5.75,0.0,0.0,104.84,1.5,3590.77,2025-10-07,On Time,SAP-Style Time
LAB-001040,20250929,106,9,40.0,40.0,34.75,5.25,0.0,0.0,100.92,1.5,3506.97,2025-10-07,On Time,SAP-Style Time
LAB-001041,20250929,107,624,40.0,40.0,34.75,5.25,0.0,0.0,127.16,1.0,4418.81,2025-10-07,On Time,SAP-Style Time
LAB-001042,20250929,108,292,40.0,40.0,33.5,6.5,0.0,0.0,104.5,1.5,3500.75,2025-10-05,On Time,SAP-Style Time
LAB-001043,20250929,109,624,40.0,40.0,34.75,5.25,0.0,0.0,122.66,1.0,4262.43,2025-10-06,On Time,Mobile Time Entry
LAB-001044,20250929,110,367,30.0,30.0,25.0,5.0,0.0,0.0,144.93,1.0,3623.25,2025-10-06,On Time,Mobile Time Entry
LAB-006466,20250929,110,435,10.0,10.0,8.5,1.5,0.0,0.0,144.93,1.0,1231.91,2025-10-06,On Time,Mobile Time Entry
LAB-001045,20250929,111,742,40.0,40.0,34.75,5.25,0.0,0.0,106.37,1.5,3696.36,2025-10-06,On Time,SAP-Style Time
LAB-001046,20250929,112,944,40.0,40.0,35.25,4.75,0.0,0.0,93.17,1.5,3284.24,2025-10-06,On Time,SAP-Style Time
LAB-001047,20250929,113,568,40.0,40.0,33.5,6.5,0.0,0.0,97.98,1.5,3282.33,2025-10-06,On Time,SAP-Style Time
LAB-001048,20250929,114,374,40.0,40.0,28.25,11.75,0.0,0.0,97.72,1.5,2760.59,2025-10-05,On Time,Mobile Time Entry
LAB-001049,20250929,115,552,40.0,40.0,29.25,10.75,0.0,0.0,89.67,1.5,2622.85,2025-10-06,On Time,SAP-Style Time
LAB-001050,20250929,116,485,40.0,40.0,30.0,10.0,0.0,0.0,131.09,1.0,3932.7,2025-10-06,On Time,Mobile Time Entry
LAB-001051,20250929,118,944,40.0,40.0,30.25,9.75,0.0,0.0,123.33,1.0,3730.73,2025-10-06,On Time,SAP-Style Time
LAB-001052,20250929,119,877,40.0,40.0,29.5,10.5,0.0,0.0,98.99,1.5,2920.21,2025-10-06,On Time,SAP-Style Time
LAB-001053,20250929,120,732,40.0,40.0,30.0,10.0,0.0,0.0,79.77,1.5,2393.1,2025-10-05,On Time,SAP-Style Time
LAB-001054,20251006,1,436,40.0,40.0,34.0,6.0,0.0,0.0,100.39,1.5,3413.26,2025-10-13,On Time,Mobile Time Entry
LAB-001055,20251006,2,552,40.0,40.0,36.0,4.0,0.0,0.0,150.62,1.0,5422.32,2025-10-14,On Time,SAP-Style Time
LAB-001056,20251006,3,76,40.0,36.0,32.0,4.0,0.0,4.0,83.78,1.5,2680.96,2025-10-14,On Time,SAP-Style Time
LAB-001057,20251006,4,130,40.0,28.0,25.0,3.0,0.0,12.0,78.56,1.5,1964.0,2025-10-13,On Time,SAP-Style Time
LAB-001058,20251006,5,292,40.0,40.0,36.0,4.0,0.0,0.0,120.4,1.0,4334.4,2025-10-13,On Time,Mobile Time Entry
LAB-001059,20251006,6,143,40.0,24.0,20.75,3.25,0.0,16.0,89.06,1.5,1848.0,2025-10-14,On Time,SAP-Style Time
LAB-001060,20251006,7,393,40.0,40.0,34.75,5.25,0.0,0.0,76.98,1.5,2675.06,2025-10-13,On Time,SAP-Style Time
LAB-001061,20251006,8,393,40.0,40.0,34.5,5.5,0.0,0.0,101.38,1.5,3497.61,2025-10-13,On Time,SAP-Style Time
LAB-001062,20251006,9,76,40.0,40.0,34.5,5.5,0.0,0.0,81.4,1.5,2808.3,2025-10-13,On Time,SAP-Style Time
LAB-001063,20251006,10,330,40.0,40.0,35.25,4.75,0.0,0.0,76.52,1.5,2697.33,2025-10-14,On Time,SAP-Style Time
LAB-001064,20251006,11,552,40.0,32.0,30.75,4.0,2.75,8.0,128.94,1.0,3964.9,2025-10-12,On Time,SAP-Style Time
LAB-001065,20251006,12,76,40.0,40.0,34.25,5.75,0.0,0.0,93.13,1.5,3189.7,2025-10-13,On Time,SAP-Style Time
LAB-001066,20251006,13,297,40.0,40.0,34.75,5.25,0.0,0.0,82.59,1.5,2870.0,2025-10-12,On Time,SAP-Style Time
LAB-001067,20251006,14,572,40.0,40.0,33.0,7.0,0.0,0.0,100.38,1.5,3312.54,2025-10-13,On Time,SAP-Style Time
LAB-001068,20251006,15,485,40.0,40.0,35.5,4.5,0.0,0.0,98.87,1.5,3509.89,2025-10-14,On Time,SAP-Style Time
LAB-001069,20251006,16,393,40.0,40.0,35.75,4.25,0.0,0.0,100.34,1.5,3587.16,2025-10-13,On Time,SAP-Style Time
LAB-001070,20251006,17,572,40.0,40.0,35.5,4.5,0.0,0.0,88.53,1.5,3142.82,2025-10-13,On Time,SAP-Style Time
LAB-001071,20251006,18,624,40.0,40.0,34.5,5.5,0.0,0.0,89.32,1.5,3081.54,2025-10-14,On Time,SAP-Style Time
LAB-001072,20251006,19,78,40.0,40.0,34.25,5.75,0.0,0.0,91.26,1.5,3125.66,2025-10-13,On Time,SAP-Style Time
LAB-001073,20251006,20,895,40.0,32.0,27.75,4.25,0.0,8.0,77.3,1.5,2145.08,2025-10-13,On Time,SAP-Style Time
LAB-001074,20251006,21,78,40.0,40.0,33.0,7.0,0.0,0.0,77.07,1.5,2543.31,2025-10-13,On Time,SAP-Style Time
LAB-001075,20251006,22,732,40.0,40.0,34.75,5.25,0.0,0.0,102.23,1.5,3552.49,2025-10-13,On Time,Mobile Time Entry
LAB-001076,20251006,23,228,40.0,40.0,34.75,5.25,0.0,0.0,85.0,1.5,2953.75,2025-10-13,On Time,SAP-Style Time
LAB-001077,20251006,24,130,40.0,40.0,35.25,4.75,0.0,0.0,81.27,1.5,2864.77,2025-10-12,On Time,SAP-Style Time
LAB-001078,20251006,25,746,40.0,40.0,34.25,5.75,0.0,0.0,102.16,1.0,3498.98,2025-10-14,On Time,SAP-Style Time
LAB-001079,20251006,26,246,40.0,40.0,34.5,5.5,0.0,0.0,85.79,1.5,2959.76,2025-10-13,On Time,SAP-Style Time
LAB-001080,20251006,27,367,40.0,40.0,33.5,6.5,0.0,0.0,104.52,1.5,3501.42,2025-10-14,On Time,SAP-Style Time
LAB-001081,20251006,28,82,40.0,40.0,34.5,5.5,0.0,0.0,82.53,1.5,2847.29,2025-10-15,On Time,SAP-Style Time
LAB-001082,20251006,29,742,40.0,40.0,35.0,5.0,0.0,0.0,79.3,1.5,2775.5,2025-10-14,On Time,SAP-Style Time
LAB-001083,20251006,30,435,40.0,40.0,35.0,5.0,0.0,0.0,79.44,1.5,2780.4,2025-10-13,On Time,SAP-Style Time
LAB-001084,20251006,31,667,40.0,40.0,35.75,5.5,1.25,0.0,105.13,1.5,3824.1,2025-10-13,On Time,SAP-Style Time
LAB-001085,20251006,32,367,40.0,40.0,34.75,5.25,0.0,0.0,82.13,1.5,2854.02,2025-10-13,On Time,SAP-Style Time
LAB-001086,20251006,33,131,40.0,40.0,34.75,5.25,0.0,0.0,89.89,1.5,3123.68,2025-10-14,On Time,SAP-Style Time
LAB-001087,20251006,34,436,40.0,40.0,34.25,5.75,0.0,0.0,98.09,1.5,3359.58,2025-10-12,On Time,SAP-Style Time
LAB-001088,20251006,35,367,40.0,40.0,34.75,5.25,0.0,0.0,91.52,1.5,3180.32,2025-10-14,On Time,SAP-Style Time
LAB-001089,20251006,36,531,40.0,40.0,34.5,5.5,0.0,0.0,82.83,1.5,2857.63,2025-10-12,On Time,SAP-Style Time
LAB-001090,20251006,37,479,40.0,40.0,32.5,7.5,0.0,0.0,92.08,1.5,2992.6,2025-10-13,On Time,SAP-Style Time
LAB-001091,20251006,38,568,40.0,40.0,32.75,7.25,0.0,0.0,105.74,1.5,3462.98,2025-10-13,On Time,SAP-Style Time
LAB-001092,20251006,39,206,40.0,40.0,34.5,5.5,0.0,0.0,107.79,1.5,3718.76,2025-10-13,On Time,SAP-Style Time
LAB-001093,20251006,40,624,40.0,40.0,38.5,5.25,3.75,0.0,103.71,1.5,4187.29,2025-10-13,On Time,SAP-Style Time
LAB-001094,20251006,41,176,40.0,40.0,39.75,6.25,6.0,0.0,108.71,1.5,4647.35,2025-10-15,On Time,SAP-Style Time
LAB-001095,20251006,42,746,40.0,40.0,32.75,7.25,0.0,0.0,149.01,1.0,4880.08,2025-10-14,On Time,SAP-Style Time
LAB-001096,20251006,43,253,40.0,40.0,,6.75,0.0,0.0,106.75,1.5,,2025-10-13,On Time,SAP-Style Time
LAB-001097,20251006,44,151,40.0,40.0,33.25,6.75,0.0,0.0,144.49,1.0,4804.29,2025-10-12,On Time,SAP-Style Time
LAB-001098,20251006,45,719,40.0,36.0,29.75,6.25,0.0,4.0,86.24,1.5,2565.64,2025-10-22,Late,SAP-Style Time
LAB-001099,20251006,46,861,40.0,40.0,34.25,5.75,0.0,0.0,143.94,1.0,4929.95,2025-10-19,Late,Mobile Time Entry
LAB-001100,20251006,47,929,40.0,40.0,33.0,7.0,0.0,0.0,106.76,1.5,3523.08,2025-10-12,On Time,SAP-Style Time
LAB-001101,20251006,48,761,40.0,40.0,32.5,7.5,0.0,0.0,87.87,1.5,2855.78,2025-10-13,On Time,SAP-Style Time
LAB-001102,20251006,49,228,40.0,40.0,33.5,6.5,0.0,0.0,83.27,1.5,2789.55,2025-10-13,On Time,SAP-Style Time
LAB-001103,20251006,50,587,40.0,40.0,37.5,6.0,3.5,0.0,101.97,1.5,4002.32,2025-10-12,On Time,SAP-Style Time
LAB-001104,20251006,51,568,40.0,40.0,33.25,6.75,0.0,0.0,86.2,1.5,2866.15,2025-10-14,On Time,SAP-Style Time
LAB-001105,20251006,52,827,40.0,40.0,34.5,5.5,0.0,0.0,97.32,1.5,3357.54,2025-10-13,On Time,SAP-Style Time
LAB-001106,20251006,53,206,40.0,40.0,32.25,7.75,0.0,0.0,94.11,1.5,3035.05,2025-10-15,On Time,SAP-Style Time
LAB-001107,20251006,54,535,40.0,32.0,26.75,5.25,0.0,8.0,107.2,1.5,2867.6,2025-10-14,On Time,SAP-Style Time
LAB-001108,20251006,55,999,40.0,40.0,31.0,9.0,0.0,0.0,95.59,1.5,2963.29,2025-10-13,On Time,Mobile Time Entry
LAB-001109,20251006,56,599,40.0,40.0,32.5,7.5,0.0,0.0,73.51,1.5,2389.08,2025-10-12,On Time,Mobile Time Entry
LAB-001110,20251006,57,719,40.0,40.0,31.5,8.5,0.0,0.0,87.06,1.5,2742.39,2025-10-15,On Time,SAP-Style Time
LAB-001111,20251006,58,535,40.0,40.0,31.5,8.5,0.0,0.0,119.87,1.0,3775.91,2025-10-14,On Time,SAP-Style Time
LAB-001112,20251006,59,888,40.0,40.0,32.25,7.75,0.0,0.0,83.18,1.5,2682.56,2025-10-13,On Time,SAP-Style Time
LAB-001113,20251006,60,436,40.0,40.0,31.25,8.75,0.0,0.0,86.44,1.5,2701.25,2025-10-12,On Time,SAP-Style Time
LAB-001114,20251006,61,535,40.0,36.0,28.75,7.25,0.0,4.0,83.96,1.5,2413.85,2025-10-14,On Time,SAP-Style Time
LAB-001115,20251006,62,535,40.0,40.0,31.5,8.5,0.0,0.0,73.28,1.5,2308.32,2025-10-13,On Time,SAP-Style Time
LAB-001116,20251006,63,944,40.0,40.0,32.5,7.5,0.0,0.0,122.98,1.0,3996.85,2025-10-14,On Time,SAP-Style Time
LAB-001117,20251006,64,920,40.0,40.0,32.0,8.0,0.0,0.0,84.9,1.5,2716.8,2025-10-13,On Time,SAP-Style Time
LAB-001118,20251006,65,76,40.0,40.0,31.75,8.25,0.0,0.0,72.42,1.5,2299.34,2025-10-15,On Time,SAP-Style Time
LAB-001119,20251006,66,780,40.0,16.0,13.25,2.75,0.0,24.0,94.95,1.5,1258.09,2025-10-13,On Time,SAP-Style Time
LAB-001120,20251006,67,746,40.0,40.0,31.25,8.75,0.0,0.0,79.97,1.5,2499.06,2025-10-13,On Time,SAP-Style Time
LAB-001121,20251006,68,389,40.0,40.0,33.0,7.0,0.0,0.0,79.96,1.5,2638.68,2025-10-13,On Time,SAP-Style Time
LAB-001122,20251006,69,944,40.0,40.0,30.75,9.25,0.0,0.0,92.5,1.5,2844.38,2025-10-14,On Time,Mobile Time Entry
LAB-001123,20251006,70,761,40.0,40.0,30.5,9.5,0.0,0.0,79.17,1.5,2414.69,2025-10-12,On Time,SAP-Style Time
LAB-001124,20251006,71,929,40.0,40.0,32.25,7.75,0.0,0.0,84.44,1.5,2723.19,2025-10-13,On Time,SAP-Style Time
LAB-001125,20251006,72,228,40.0,40.0,33.0,7.0,0.0,0.0,107.82,1.0,3558.06,2025-10-13,On Time,SAP-Style Time
LAB-001126,20251006,73,435,40.0,36.0,28.75,7.25,0.0,4.0,85.94,1.5,2470.78,2025-10-13,On Time,SAP-Style Time
LAB-001127,20251006,74,374,40.0,40.0,31.75,8.25,0.0,0.0,74.38,1.5,2361.57,2025-10-13,On Time,SAP-Style Time
LAB-006454,20251006,75,1,14.0,14.0,11.0,3.0,0.0,0.0,89.39,1.5,983.29,2025-10-15,On Time,SAP-Style Time
LAB-001128,20251006,75,962,26.0,26.0,20.5,5.5,0.0,0.0,89.39,1.5,1832.5,2025-10-15,On Time,SAP-Style Time
LAB-001129,20251006,76,206,40.0,40.0,32.75,7.25,0.0,0.0,90.27,1.5,2956.34,2025-10-13,On Time,SAP-Style Time
LAB-001130,20251006,77,42,40.0,40.0,31.0,9.0,0.0,0.0,89.33,1.5,2769.23,2025-10-15,On Time,Mobile Time Entry
LAB-001131,20251006,78,935,40.0,40.0,35.5,4.5,0.0,0.0,83.91,1.5,2978.81,2025-10-15,On Time,SAP-Style Time
LAB-001132,20251006,79,929,40.0,40.0,33.5,6.5,0.0,0.0,70.65,1.5,2366.78,2025-10-14,On Time,SAP-Style Time
LAB-001133,20251006,81,572,40.0,32.0,27.0,5.0,0.0,8.0,87.64,1.5,2366.28,2025-10-14,On Time,SAP-Style Time
LAB-001134,20251006,82,929,40.0,40.0,33.5,6.5,0.0,0.0,68.13,1.5,2282.36,2025-10-13,On Time,SAP-Style Time
LAB-001135,20251006,83,131,40.0,40.0,34.25,5.75,0.0,0.0,73.3,1.5,2510.53,2025-10-13,On Time,SAP-Style Time
LAB-001136,20251006,84,418,40.0,40.0,34.75,5.25,0.0,0.0,71.25,1.5,2475.94,2025-10-13,On Time,SAP-Style Time
LAB-001137,20251006,85,929,40.0,40.0,33.5,6.5,0.0,0.0,65.88,1.5,2206.98,2025-10-15,On Time,SAP-Style Time
LAB-001138,20251006,86,780,40.0,40.0,34.0,6.0,0.0,0.0,82.25,1.5,2796.5,2025-10-14,On Time,SAP-Style Time
LAB-001139,20251006,87,389,40.0,40.0,34.5,5.5,0.0,0.0,78.64,1.5,2713.08,2025-10-13,On Time,SAP-Style Time
LAB-001140,20251006,88,861,40.0,40.0,33.75,6.25,0.0,0.0,71.87,1.5,2425.61,2025-10-13,On Time,SAP-Style Time
LAB-001141,20251006,89,929,40.0,40.0,34.25,5.75,0.0,0.0,77.91,1.5,2668.42,2025-10-12,On Time,Mobile Time Entry
LAB-001142,20251006,90,42,40.0,40.0,34.75,5.25,0.0,0.0,74.99,1.5,2605.9,2025-10-13,On Time,SAP-Style Time
LAB-001143,20251006,91,587,40.0,40.0,33.75,6.25,0.0,0.0,68.92,1.5,2326.05,2025-10-13,On Time,SAP-Style Time
LAB-001144,20251006,92,42,40.0,40.0,33.75,6.25,0.0,0.0,86.57,1.5,2921.74,2025-10-15,On Time,Mobile Time Entry
LAB-001145,20251006,93,7,40.0,36.0,30.0,6.0,0.0,4.0,107.35,1.0,3220.5,2025-10-13,On Time,Mobile Time Entry
LAB-001146,20251006,94,587,40.0,40.0,38.25,5.75,4.0,0.0,114.66,1.5,4615.07,2025-10-14,On Time,SAP-Style Time
LAB-001147,20251006,96,479,40.0,40.0,36.0,4.0,0.0,0.0,158.23,1.0,5696.28,2025-10-14,On Time,SAP-Style Time
LAB-001148,20251006,97,719,40.0,40.0,34.5,5.5,0.0,0.0,96.85,1.5,3341.33,2025-10-12,On Time,SAP-Style Time
LAB-001149,20251006,98,587,40.0,40.0,33.5,6.5,0.0,0.0,98.56,1.5,3301.76,2025-10-13,On Time,SAP-Style Time
LAB-001150,20251006,99,746,40.0,40.0,36.25,3.75,0.0,0.0,101.82,1.5,3690.98,2025-10-12,On Time,SAP-Style Time
LAB-001151,20251006,100,916,40.0,40.0,35.75,4.25,0.0,0.0,92.09,1.5,3292.22,2025-10-13,On Time,SAP-Style Time
LAB-001152,20251006,101,719,40.0,36.0,30.75,5.25,0.0,4.0,114.75,1.5,3528.56,2025-10-12,On Time,SAP-Style Time
LAB-001153,20251006,102,719,40.0,40.0,35.75,4.25,0.0,0.0,91.58,1.5,3273.99,2025-10-13,On Time,SAP-Style Time
LAB-001154,20251006,103,176,40.0,40.0,41.5,4.25,5.75,0.0,109.51,1.5,4859.51,2025-10-15,On Time,SAP-Style Time
LAB-001155,20251006,104,292,40.0,40.0,36.0,4.0,0.0,0.0,116.26,1.0,4185.36,2025-10-14,On Time,SAP-Style Time
LAB-001156,20251006,105,176,40.0,40.0,34.25,5.75,0.0,0.0,104.84,1.5,3590.77,2025-10-14,On Time,SAP-Style Time
LAB-001157,20251006,106,761,40.0,40.0,34.25,5.75,0.0,0.0,100.92,1.5,3456.51,2025-10-12,On Time,SAP-Style Time
LAB-001158,20251006,107,7,40.0,40.0,34.5,5.5,0.0,0.0,127.16,1.0,4387.02,2025-10-14,On Time,SAP-Style Time
LAB-001159,20251006,108,292,40.0,40.0,33.5,6.5,0.0,0.0,104.5,1.5,3500.75,2025-10-13,On Time,SAP-Style Time
LAB-006481,20251006,109,393,14.0,11.25,9.5,1.75,0.0,2.75,122.66,1.0,1165.27,2025-10-14,On Time,SAP-Style Time
LAB-001160,20251006,109,435,26.0,20.75,18.0,2.75,0.0,5.25,122.66,1.0,2207.88,2025-10-14,On Time,SAP-Style Time
LAB-001161,20251006,110,962,40.0,16.0,13.5,2.5,0.0,24.0,144.93,1.0,1956.56,2025-10-13,On Time,SAP-Style Time
LAB-001162,20251006,111,418,40.0,40.0,35.0,5.0,0.0,0.0,106.37,1.5,3722.95,2025-10-13,On Time,SAP-Style Time
LAB-001163,20251006,112,999,40.0,40.0,34.75,5.25,0.0,0.0,93.17,1.5,3237.66,2025-10-13,On Time,SAP-Style Time
LAB-001164,20251006,113,176,40.0,40.0,34.5,5.5,0.0,0.0,97.98,1.5,3380.31,2025-10-12,On Time,SAP-Style Time
LAB-001165,20251006,114,719,40.0,40.0,28.0,12.0,0.0,0.0,97.72,1.5,2736.16,2025-10-12,On Time,SAP-Style Time
LAB-001166,20251006,115,719,40.0,40.0,29.5,10.5,0.0,0.0,89.67,1.5,2645.27,2025-10-13,On Time,SAP-Style Time
LAB-001167,20251006,116,962,40.0,40.0,30.0,10.0,0.0,0.0,131.09,1.0,3932.7,2025-10-14,On Time,SAP-Style Time
LAB-001168,20251006,118,861,40.0,40.0,,9.75,0.0,0.0,123.33,1.0,,2025-10-13,On Time,SAP-Style Time
LAB-001169,20251006,119,916,40.0,36.0,26.25,9.75,0.0,4.0,98.99,1.5,2598.49,2025-10-13,On Time,SAP-Style Time
LAB-001170,20251006,120,177,40.0,40.0,30.0,10.0,0.0,0.0,79.77,1.5,2393.1,2025-10-14,On Time,SAP-Style Time
LAB-001171,20251013,1,389,40.0,40.0,34.0,6.0,0.0,0.0,100.39,1.5,3413.26,2025-10-20,On Time,SAP-Style Time
LAB-001172,20251013,2,389,40.0,40.0,36.25,3.75,0.0,0.0,150.62,1.0,5459.98,2025-10-21,On Time,SAP-Style Time
LAB-001173,20251013,3,406,40.0,40.0,35.25,4.75,0.0,0.0,83.78,1.5,2953.25,2025-10-21,On Time,SAP-Style Time
LAB-001174,20251013,4,393,40.0,36.0,31.5,4.5,0.0,4.0,78.56,1.5,2474.64,2025-10-20,On Time,SAP-Style Time
LAB-001175,20251013,5,7,40.0,40.0,36.5,3.5,0.0,0.0,120.4,1.0,4394.6,2025-10-20,On Time,SAP-Style Time
LAB-001176,20251013,6,183,40.0,40.0,35.75,4.25,0.0,0.0,89.06,1.5,3183.9,2025-10-19,On Time,SAP-Style Time
LAB-001177,20251013,7,590,40.0,40.0,34.75,5.25,0.0,0.0,76.98,1.5,2675.06,2025-10-20,On Time,SAP-Style Time
LAB-001178,20251013,8,130,40.0,32.0,30.0,4.5,2.5,8.0,101.38,1.5,3168.13,2025-10-19,On Time,SAP-Style Time
LAB-001179,20251013,9,374,40.0,40.0,34.5,5.5,0.0,0.0,81.4,1.5,2808.3,2025-10-21,On Time,SAP-Style Time
LAB-001180,20251013,10,854,40.0,40.0,35.25,4.75,0.0,0.0,76.52,1.5,2697.33,2025-10-20,On Time,SAP-Style Time
LAB-001181,20251013,11,746,40.0,40.0,35.0,5.0,0.0,0.0,128.94,1.0,4512.9,2025-10-20,On Time,Mobile Time Entry
LAB-001182,20251013,12,406,40.0,40.0,34.25,5.75,0.0,0.0,93.13,1.5,3189.7,2025-10-20,On Time,SAP-Style Time
LAB-001183,20251013,13,485,40.0,40.0,40.75,5.5,6.25,0.0,82.59,1.5,3623.64,2025-10-20,On Time,SAP-Style Time
LAB-001184,20251013,14,854,40.0,40.0,33.75,6.25,0.0,0.0,100.38,1.5,3387.83,2025-10-20,On Time,SAP-Style Time
LAB-001185,20251013,15,719,40.0,40.0,35.25,4.75,0.0,0.0,98.87,1.5,3485.17,2025-10-20,On Time,SAP-Style Time
LAB-001186,20251013,16,590,40.0,40.0,34.75,5.25,0.0,0.0,100.34,1.5,3486.82,2025-10-20,On Time,SAP-Style Time
LAB-001187,20251013,17,9,40.0,40.0,36.25,3.75,0.0,0.0,88.53,1.5,3209.21,2025-10-20,On Time,SAP-Style Time
LAB-001188,20251013,18,131,40.0,28.0,25.0,3.0,0.0,12.0,89.32,1.5,2233.0,2025-10-19,On Time,Mobile Time Entry
LAB-001189,20251013,19,479,40.0,40.0,34.25,5.75,0.0,0.0,91.26,1.5,3125.66,2025-10-20,On Time,SAP-Style Time
LAB-001190,20251013,20,76,40.0,40.0,35.0,5.0,0.0,0.0,77.3,1.5,2705.5,2025-10-22,On Time,SAP-Style Time
LAB-001191,20251013,21,292,40.0,40.0,33.75,6.25,0.0,0.0,77.07,1.5,2601.11,2025-10-19,On Time,SAP-Style Time
LAB-001192,20251013,22,944,40.0,40.0,38.75,4.25,3.0,0.0,102.23,1.5,4114.76,2025-10-21,On Time,SAP-Style Time
LAB-001193,20251013,23,531,40.0,40.0,34.5,5.5,0.0,0.0,85.0,1.5,2932.5,2025-10-21,On Time,Mobile Time Entry
LAB-001194,20251013,24,410,40.0,40.0,34.75,5.25,0.0,0.0,81.27,1.5,2824.13,2025-10-22,On Time,SAP-Style Time
LAB-001195,20251013,25,386,40.0,40.0,35.0,5.0,0.0,0.0,102.16,1.0,3575.6,2025-10-21,On Time,SAP-Style Time
LAB-001196,20251013,26,531,40.0,24.0,21.0,3.0,0.0,16.0,85.79,1.5,1801.59,2025-10-21,On Time,SAP-Style Time
LAB-001197,20251013,27,336,40.0,40.0,33.5,6.5,0.0,0.0,104.52,1.5,3501.42,2025-10-21,On Time,SAP-Style Time
LAB-001198,20251013,28,531,40.0,40.0,34.0,6.0,0.0,0.0,82.53,1.5,2806.02,2025-10-19,On Time,SAP-Style Time
LAB-001199,20251013,29,742,40.0,40.0,34.75,5.25,0.0,0.0,79.3,1.5,2755.67,2025-10-20,On Time,SAP-Style Time
LAB-001200,20251013,30,246,40.0,40.0,35.0,5.0,0.0,0.0,79.44,1.5,2780.4,2025-10-21,On Time,SAP-Style Time
LAB-001201,20251013,31,929,40.0,40.0,35.75,5.75,1.5,0.0,105.13,1.5,3837.25,2025-10-20,On Time,SAP-Style Time
LAB-001202,20251013,32,916,40.0,40.0,35.0,5.0,0.0,0.0,82.13,1.5,2874.55,2025-10-20,On Time,Manager Adjustment
LAB-001203,20251013,33,464,40.0,32.0,27.75,4.25,0.0,8.0,89.89,1.5,2494.45,2025-10-19,On Time,SAP-Style Time
LAB-001204,20251013,34,999,40.0,40.0,33.25,6.75,0.0,0.0,98.09,1.5,3261.49,2025-10-21,On Time,SAP-Style Time
LAB-001205,20251013,35,9,40.0,36.0,31.25,4.75,0.0,4.0,91.52,1.5,2860.0,2025-10-22,On Time,Mobile Time Entry
LAB-001206,20251013,36,916,40.0,40.0,34.5,5.5,0.0,0.0,82.83,1.5,2857.63,2025-10-21,On Time,SAP-Style Time
LAB-001207,20251013,37,4,40.0,40.0,32.25,7.75,0.0,0.0,92.08,1.5,2969.58,2025-10-21,On Time,Mobile Time Entry
LAB-006483,20251013,38,253,12.0,10.75,8.75,2.0,0.0,1.25,105.74,1.5,925.22,2025-10-20,On Time,Mobile Time Entry
LAB-001208,20251013,38,292,28.0,25.25,20.75,4.5,0.0,2.75,105.74,1.5,2194.11,2025-10-20,On Time,Mobile Time Entry
LAB-001209,20251013,39,568,40.0,40.0,34.0,6.0,0.0,0.0,107.79,1.5,3664.86,2025-10-21,On Time,SAP-Style Time
LAB-001210,20251013,40,624,40.0,40.0,34.25,5.75,0.0,0.0,103.71,1.5,3552.07,2025-10-19,On Time,SAP-Style Time
LAB-001211,20251013,41,935,40.0,40.0,33.25,6.75,0.0,0.0,108.71,1.5,3614.61,2025-10-21,On Time,SAP-Style Time
LAB-001212,20251013,42,746,40.0,40.0,32.5,7.5,0.0,0.0,149.01,1.0,4842.83,2025-10-20,On Time,SAP-Style Time
LAB-001213,20251013,43,742,40.0,40.0,33.0,7.0,0.0,0.0,106.75,1.5,3522.75,2025-10-20,On Time,Mobile Time Entry
LAB-001214,20251013,44,587,40.0,40.0,33.25,6.75,0.0,0.0,144.49,1.0,4804.29,2025-10-20,On Time,SAP-Style Time
LAB-001215,20251013,45,590,40.0,40.0,32.5,7.5,0.0,0.0,86.24,1.5,2802.8,2025-10-20,On Time,SAP-Style Time
LAB-001216,20251013,46,761,40.0,40.0,34.25,5.75,0.0,0.0,143.94,1.0,4929.95,2025-10-21,On Time,SAP-Style Time
LAB-001217,20251013,47,68,40.0,40.0,33.25,6.75,0.0,0.0,106.76,1.5,3549.77,2025-10-20,On Time,Mobile Time Entry
LAB-001218,20251013,48,176,40.0,36.0,29.5,6.5,0.0,4.0,87.87,1.5,2592.17,2025-10-19,On Time,SAP-Style Time
LAB-001219,20251013,49,742,40.0,40.0,33.25,6.75,0.0,0.0,83.27,1.5,2768.73,2025-10-20,On Time,SAP-Style Time
LAB-001220,20251013,50,175,26.0,26.0,22.0,4.0,0.0,0.0,101.97,1.5,2243.34,2025-10-29,Late,SAP-Style Time
LAB-006440,20251013,50,246,14.0,14.0,11.75,2.25,0.0,0.0,101.97,1.5,1198.15,2025-10-29,Late,SAP-Style Time
LAB-001221,20251013,51,746,40.0,40.0,32.75,7.25,0.0,0.0,86.2,1.5,2823.05,2025-10-20,On Time,SAP-Style Time
LAB-001222,20251013,52,827,40.0,40.0,34.25,5.75,0.0,0.0,97.32,1.5,3333.21,2025-10-22,On Time,SAP-Style Time
LAB-001223,20251013,53,954,40.0,40.0,32.0,8.0,0.0,0.0,94.11,1.5,3011.52,2025-10-21,On Time,SAP-Style Time
LAB-001224,20251013,54,183,40.0,40.0,33.5,6.5,0.0,0.0,107.2,1.5,3591.2,2025-10-20,On Time,SAP-Style Time
LAB-001225,20251013,55,746,40.0,40.0,31.5,8.5,0.0,0.0,95.59,1.5,3011.09,2025-10-20,On Time,SAP-Style Time
LAB-001226,20251013,56,464,40.0,40.0,32.5,7.5,0.0,0.0,73.51,1.5,2389.08,2025-10-19,On Time,SAP-Style Time
LAB-001227,20251013,57,435,40.0,40.0,31.75,8.25,0.0,0.0,87.06,1.5,2764.16,2025-10-20,On Time,SAP-Style Time
LAB-001228,20251013,58,151,40.0,40.0,32.0,8.0,0.0,0.0,119.87,1.0,3835.84,2025-10-20,On Time,SAP-Style Time
LAB-001229,20251013,59,552,40.0,40.0,32.25,7.75,0.0,0.0,83.18,1.5,2682.56,2025-10-20,On Time,SAP-Style Time
LAB-001230,20251013,60,436,40.0,40.0,30.25,9.75,0.0,0.0,86.44,1.5,2614.81,2025-10-19,On Time,SAP-Style Time
LAB-001231,20251013,61,330,40.0,32.0,26.0,6.0,0.0,8.0,83.96,1.5,2182.96,2025-10-20,On Time,SAP-Style Time
LAB-001232,20251013,62,143,40.0,40.0,31.25,8.75,0.0,0.0,73.28,1.5,2290.0,2025-10-21,On Time,SAP-Style Time
LAB-001233,20251013,63,761,40.0,40.0,33.25,6.75,0.0,0.0,122.98,1.0,4089.09,2025-10-20,On Time,SAP-Style Time
LAB-001234,20251013,64,531,40.0,40.0,32.25,7.75,0.0,0.0,84.9,1.5,2738.03,2025-10-20,On Time,SAP-Style Time
LAB-001235,20251013,65,314,40.0,40.0,32.0,8.0,0.0,0.0,72.42,1.5,2317.44,2025-10-20,On Time,SAP-Style Time
LAB-001236,20251013,66,151,40.0,40.0,33.25,6.75,0.0,0.0,94.95,1.5,3157.09,2025-10-20,On Time,SAP-Style Time
LAB-001237,20251013,67,590,40.0,40.0,31.25,8.75,0.0,0.0,79.97,1.5,2499.06,2025-10-21,On Time,SAP-Style Time
LAB-001238,20251013,68,531,40.0,40.0,33.0,7.0,0.0,0.0,79.96,1.5,2638.68,2025-10-20,On Time,SAP-Style Time
LAB-001239,20251013,69,732,40.0,40.0,30.75,9.25,0.0,0.0,92.5,1.5,2844.38,2025-10-19,On Time,SAP-Style Time
LAB-001240,20251013,70,374,40.0,40.0,32.0,8.0,0.0,0.0,79.17,1.5,2533.44,2025-10-19,On Time,SAP-Style Time
LAB-001241,20251013,71,552,26.0,26.0,20.75,5.25,0.0,0.0,84.44,1.5,1752.13,2025-10-21,On Time,Mobile Time Entry
LAB-006421,20251013,71,956,14.0,14.0,11.25,2.75,0.0,0.0,84.44,1.5,949.95,2025-10-21,On Time,Mobile Time Entry
LAB-001242,20251013,72,452,40.0,40.0,33.0,7.0,0.0,0.0,107.82,1.0,3558.06,2025-10-20,On Time,SAP-Style Time
LAB-001243,20251013,73,719,40.0,40.0,32.25,7.75,0.0,0.0,85.94,1.5,2771.57,2025-10-22,On Time,SAP-Style Time
LAB-001244,20251013,74,920,40.0,40.0,32.75,7.25,0.0,0.0,74.38,1.5,2435.94,2025-10-20,On Time,SAP-Style Time
LAB-001245,20251013,75,137,30.0,30.0,23.75,6.25,0.0,0.0,89.39,1.5,2123.01,2025-10-20,On Time,SAP-Style Time
LAB-006330,20251013,75,535,10.0,10.0,8.0,2.0,0.0,0.0,89.39,1.5,715.12,2025-10-20,On Time,SAP-Style Time
LAB-001246,20251013,76,956,40.0,40.0,33.0,7.0,0.0,0.0,90.27,1.5,2978.91,2025-10-19,On Time,Mobile Time Entry
LAB-001247,20251013,77,916,40.0,40.0,31.25,8.75,0.0,0.0,89.33,1.5,2791.56,2025-10-22,On Time,Mobile Time Entry
LAB-001248,20251013,78,895,40.0,40.0,35.25,4.75,0.0,0.0,83.91,1.5,2957.83,2025-10-21,On Time,SAP-Style Time
LAB-001249,20251013,79,929,28.0,28.0,23.75,4.25,0.0,0.0,70.65,1.5,1677.94,2025-10-20,On Time,SAP-Style Time
LAB-006366,20251013,79,944,12.0,12.0,10.0,2.0,0.0,0.0,70.65,1.5,706.5,2025-10-20,On Time,SAP-Style Time
LAB-001250,20251013,81,314,40.0,40.0,33.5,6.5,0.0,0.0,87.64,1.5,2935.94,2025-10-20,On Time,SAP-Style Time
LAB-001251,20251013,82,1,40.0,40.0,33.5,6.5,0.0,0.0,68.13,1.5,2282.36,2025-10-19,On Time,SAP-Style Time
LAB-001252,20251013,83,228,28.0,28.0,24.25,3.75,0.0,0.0,73.3,1.5,1777.52,2025-10-20,On Time,SAP-Style Time
LAB-006326,20251013,83,940,12.0,12.0,10.5,1.5,0.0,0.0,73.3,1.5,769.65,2025-10-20,On Time,SAP-Style Time
LAB-001253,20251013,84,956,40.0,40.0,35.0,5.0,0.0,0.0,71.25,1.5,2493.75,2025-10-19,On Time,SAP-Style Time
LAB-006419,20251013,85,60,10.0,10.0,8.5,1.5,0.0,0.0,65.88,1.5,559.98,2025-10-21,On Time,SAP-Style Time
LAB-001254,20251013,85,78,30.0,30.0,25.0,5.0,0.0,0.0,65.88,1.5,1647.0,2025-10-21,On Time,SAP-Style Time
LAB-001255,20251013,86,956,40.0,40.0,34.25,5.75,0.0,0.0,82.25,1.5,2817.06,2025-10-20,On Time,Mobile Time Entry
LAB-001256,20251013,87,452,40.0,40.0,35.0,5.0,0.0,0.0,78.64,1.5,2752.4,2025-10-20,On Time,SAP-Style Time
LAB-001257,20251013,88,877,40.0,40.0,34.0,6.0,0.0,0.0,71.87,1.5,2443.58,2025-10-21,On Time,SAP-Style Time
LAB-001258,20251013,89,742,40.0,32.0,27.25,4.75,0.0,8.0,77.91,1.5,2123.05,2025-10-20,On Time,SAP-Style Time
LAB-001259,20251013,90,746,40.0,40.0,35.25,4.75,0.0,0.0,74.99,1.5,2643.4,2025-10-21,On Time,SAP-Style Time
LAB-001260,20251013,91,314,40.0,40.0,33.25,6.75,0.0,0.0,68.92,1.5,2291.59,2025-10-20,On Time,SAP-Style Time
LAB-001261,20251013,92,929,40.0,40.0,34.25,5.75,0.0,0.0,86.57,1.5,2965.02,2025-10-21,On Time,SAP-Style Time
LAB-001262,20251013,93,956,40.0,40.0,33.75,6.25,0.0,0.0,107.35,1.0,3623.06,2025-10-19,On Time,SAP-Style Time
LAB-001263,20251013,94,572,40.0,40.0,34.0,6.0,0.0,0.0,114.66,1.5,3898.44,2025-10-19,On Time,SAP-Style Time
LAB-001264,20251013,96,572,40.0,40.0,35.75,4.25,0.0,0.0,158.23,1.0,5656.72,2025-10-21,On Time,SAP-Style Time
LAB-001265,20251013,97,377,40.0,40.0,35.5,4.5,0.0,0.0,96.85,1.5,3438.17,2025-10-22,On Time,SAP-Style Time
LAB-001266,20251013,98,7,40.0,40.0,33.75,6.25,0.0,0.0,98.56,1.5,3326.4,2025-10-21,On Time,SAP-Style Time
LAB-001267,20251013,99,176,40.0,32.0,28.5,3.5,0.0,8.0,101.82,1.5,2901.87,2025-10-22,On Time,SAP-Style Time
LAB-001268,20251013,100,745,40.0,24.0,22.5,2.75,1.25,16.0,92.09,1.5,2129.58,2025-10-20,On Time,SAP-Style Time
LAB-001269,20251013,101,436,40.0,36.0,32.25,5.25,1.5,4.0,114.75,1.5,3786.75,2025-10-20,On Time,SAP-Style Time
LAB-001270,20251013,102,60,40.0,40.0,35.75,4.25,0.0,0.0,91.58,1.5,3273.99,2025-10-20,On Time,SAP-Style Time
LAB-001271,20251013,103,590,40.0,24.0,23.5,2.25,1.75,16.0,109.51,1.5,2669.31,2025-10-21,On Time,SAP-Style Time
LAB-001272,20251013,104,177,40.0,40.0,35.5,4.5,0.0,0.0,116.26,1.0,4127.23,2025-10-19,On Time,Mobile Time Entry
LAB-001273,20251013,105,137,40.0,40.0,34.25,5.75,0.0,0.0,104.84,1.5,3590.77,2025-10-28,Late,SAP-Style Time
LAB-001274,20251013,106,435,40.0,40.0,34.5,5.5,0.0,0.0,100.92,1.5,3481.74,2025-10-20,On Time,SAP-Style Time
LAB-001275,20251013,107,9,40.0,40.0,35.75,4.25,0.0,0.0,127.16,1.0,4545.97,2025-10-20,On Time,SAP-Style Time
LAB-006424,20251013,108,1,12.0,12.0,10.25,1.75,0.0,0.0,104.5,1.5,1071.13,2025-10-20,On Time,SAP-Style Time
LAB-001276,20251013,108,944,28.0,28.0,23.75,4.25,0.0,0.0,104.5,1.5,2481.88,2025-10-20,On Time,SAP-Style Time
LAB-001277,20251013,109,962,40.0,40.0,34.25,5.75,0.0,0.0,122.66,1.0,4201.11,2025-10-22,On Time,SAP-Style Time
LAB-001278,20251013,110,531,40.0,40.0,34.25,5.75,0.0,0.0,144.93,1.0,4963.85,2025-10-20,On Time,SAP-Style Time
LAB-001279,20251013,111,719,40.0,40.0,35.0,5.0,0.0,0.0,106.37,1.5,3722.95,2025-10-20,On Time,SAP-Style Time
LAB-001280,20251013,112,7,40.0,40.0,37.0,4.5,1.5,0.0,93.17,1.5,3517.17,2025-10-19,On Time,SAP-Style Time
LAB-001281,20251013,113,386,40.0,40.0,34.0,6.0,0.0,0.0,97.98,1.5,3331.32,2025-10-22,On Time,Mobile Time Entry
LAB-001282,20251013,114,861,40.0,40.0,28.0,12.0,0.0,0.0,97.72,1.5,2736.16,2025-10-21,On Time,SAP-Style Time
LAB-001283,20251013,115,673,40.0,40.0,29.25,10.75,0.0,0.0,89.67,1.5,2622.85,2025-10-19,On Time,SAP-Style Time
LAB-001284,20251013,116,82,40.0,24.0,18.0,6.0,0.0,16.0,131.09,1.0,2359.62,2025-10-20,On Time,SAP-Style Time
LAB-001285,20251013,118,42,40.0,32.0,24.0,8.0,0.0,8.0,123.33,1.0,2959.92,2025-10-21,On Time,SAP-Style Time
LAB-001286,20251013,119,137,40.0,40.0,28.75,11.25,0.0,0.0,98.99,1.5,2845.96,2025-10-20,On Time,SAP-Style Time
LAB-001287,20251013,120,314,40.0,40.0,30.5,9.5,0.0,0.0,79.77,1.5,2432.98,2025-10-19,On Time,SAP-Style Time
LAB-001288,20251020,1,389,40.0,28.0,23.75,4.25,0.0,12.0,100.39,1.5,2384.26,2025-10-27,On Time,SAP-Style Time
LAB-001289,20251020,2,292,24.0,21.5,19.25,2.25,0.0,2.5,150.62,1.0,2899.44,2025-10-28,On Time,SAP-Style Time
LAB-006347,20251020,2,746,16.0,14.5,13.0,1.5,0.0,1.5,150.62,1.0,1958.06,2025-10-28,On Time,SAP-Style Time
LAB-001290,20251020,3,389,26.0,26.0,22.75,3.25,0.0,0.0,83.78,1.5,1906.0,2025-10-27,On Time,SAP-Style Time
LAB-006491,20251020,3,393,14.0,14.0,12.25,1.75,0.0,0.0,83.78,1.5,1026.31,2025-10-27,On Time,SAP-Style Time
LAB-001291,20251020,4,151,26.0,26.0,22.5,3.5,0.0,0.0,78.56,1.5,1767.6,2025-10-28,On Time,SAP-Style Time
LAB-006342,20251020,4,307,14.0,14.0,12.25,1.75,0.0,0.0,78.56,1.5,962.36,2025-10-28,On Time,SAP-Style Time
LAB-001292,20251020,5,541,40.0,40.0,36.5,3.5,0.0,0.0,120.4,1.0,4394.6,2025-10-28,On Time,SAP-Style Time
LAB-001293,20251020,6,177,40.0,40.0,38.0,5.0,3.0,0.0,89.06,1.5,3517.87,2025-10-27,On Time,SAP-Style Time
LAB-001294,20251020,7,178,40.0,40.0,34.75,5.25,0.0,0.0,76.98,1.5,2675.06,2025-10-27,On Time,SAP-Style Time
LAB-001295,20251020,8,604,40.0,40.0,34.25,5.75,0.0,0.0,101.38,1.5,3472.27,2025-10-26,On Time,Mobile Time Entry
LAB-001296,20251020,9,377,40.0,40.0,39.75,6.0,5.75,0.0,81.4,1.5,3469.68,2025-10-26,On Time,SAP-Style Time
LAB-001297,20251020,10,367,40.0,40.0,35.25,4.75,0.0,0.0,76.52,1.5,2697.33,2025-10-26,On Time,SAP-Style Time
LAB-001298,20251020,11,580,40.0,40.0,36.0,4.0,0.0,0.0,128.94,1.0,4641.84,2025-10-29,On Time,SAP-Style Time
LAB-001299,20251020,12,841,40.0,28.0,24.0,4.0,0.0,12.0,93.13,1.5,2235.12,2025-10-27,On Time,SAP-Style Time
LAB-001300,20251020,13,895,40.0,40.0,34.0,6.0,0.0,0.0,82.59,1.5,2808.06,2025-10-27,On Time,SAP-Style Time
LAB-001301,20251020,14,559,40.0,40.0,36.75,5.25,2.0,0.0,100.38,1.5,3789.35,2025-10-27,On Time,SAP-Style Time
LAB-001302,20251020,15,531,40.0,40.0,35.5,4.5,0.0,0.0,98.87,1.5,3509.89,2025-10-27,On Time,SAP-Style Time
LAB-001303,20251020,16,895,40.0,40.0,34.75,5.25,0.0,0.0,100.34,1.5,3486.82,2025-10-26,On Time,SAP-Style Time
LAB-001304,20251020,17,719,40.0,40.0,36.25,3.75,0.0,0.0,88.53,1.5,3209.21,2025-10-28,On Time,SAP-Style Time
LAB-001305,20251020,18,37,40.0,40.0,36.25,3.75,0.0,0.0,89.32,1.5,3237.85,2025-10-27,On Time,SAP-Style Time
LAB-001306,20251020,19,464,40.0,40.0,34.75,5.25,0.0,0.0,91.26,1.5,3171.29,2025-10-27,On Time,SAP-Style Time
LAB-001307,20251020,20,535,40.0,32.0,28.25,3.75,0.0,8.0,77.3,1.5,2183.73,2025-10-27,On Time,SAP-Style Time
LAB-001308,20251020,21,410,40.0,40.0,34.5,5.5,0.0,0.0,77.07,1.5,2658.92,2025-10-28,On Time,SAP-Style Time
LAB-001309,20251020,22,176,40.0,40.0,35.25,4.75,0.0,0.0,102.23,1.5,3603.61,2025-10-27,On Time,SAP-Style Time
LAB-001310,20251020,23,660,40.0,28.0,24.75,3.25,0.0,12.0,85.0,1.5,2103.75,2025-10-27,On Time,SAP-Style Time
LAB-001311,20251020,24,406,40.0,40.0,35.0,5.0,0.0,0.0,81.27,1.5,2844.45,2025-10-28,On Time,Mobile Time Entry
LAB-001312,20251020,25,15,40.0,40.0,35.0,5.0,0.0,0.0,102.16,1.0,3575.6,2025-10-28,On Time,SAP-Style Time
LAB-001313,20251020,26,929,40.0,40.0,35.25,4.75,0.0,0.0,85.79,1.5,3024.1,2025-11-03,Late,SAP-Style Time
LAB-001314,20251020,27,392,40.0,40.0,33.75,6.25,0.0,0.0,104.52,1.5,3527.55,2025-10-27,On Time,SAP-Style Time
LAB-001315,20251020,28,143,40.0,40.0,34.25,5.75,0.0,0.0,82.53,1.5,2826.65,2025-10-27,On Time,SAP-Style Time
LAB-001316,20251020,29,742,40.0,40.0,34.5,5.5,0.0,0.0,79.3,1.5,2735.85,2025-10-27,On Time,SAP-Style Time
LAB-001317,20251020,30,308,40.0,40.0,35.25,4.75,0.0,0.0,79.44,1.5,2800.26,2025-10-26,On Time,SAP-Style Time
LAB-001318,20251020,31,954,40.0,40.0,35.25,4.75,0.0,0.0,105.13,1.5,3705.83,2025-10-27,On Time,SAP-Style Time
LAB-001319,20251020,32,954,40.0,40.0,37.25,5.5,2.75,0.0,82.13,1.5,3172.27,2025-10-27,On Time,SAP-Style Time
LAB-006418,20251020,33,37,16.0,16.0,14.0,2.0,0.0,0.0,89.89,1.5,1258.46,2025-10-26,On Time,SAP-Style Time
LAB-001320,20251020,33,920,24.0,24.0,20.75,3.25,0.0,0.0,89.89,1.5,1865.22,2025-10-26,On Time,SAP-Style Time
LAB-001321,20251020,34,336,40.0,40.0,33.75,6.25,0.0,0.0,98.09,1.5,3310.54,2025-10-26,On Time,SAP-Style Time
LAB-001322,20251020,35,742,40.0,40.0,34.25,5.75,0.0,0.0,91.52,1.5,3134.56,2025-10-26,On Time,SAP-Style Time
LAB-001323,20251020,36,916,40.0,40.0,34.75,5.25,0.0,0.0,82.83,1.5,2878.34,2025-10-26,On Time,SAP-Style Time
LAB-001324,20251020,37,940,40.0,40.0,32.75,7.25,0.0,0.0,92.08,1.5,3015.62,2025-10-27,On Time,SAP-Style Time
LAB-001325,20251020,38,999,40.0,40.0,32.25,7.75,0.0,0.0,105.74,1.5,3410.12,2025-10-27,On Time,SAP-Style Time
LAB-001326,20251020,39,436,40.0,40.0,33.75,6.25,0.0,0.0,107.79,1.5,3637.91,2025-10-26,On Time,Mobile Time Entry
LAB-001327,20251020,40,746,40.0,40.0,34.5,5.5,0.0,0.0,103.71,1.5,3578.0,2025-10-27,On Time,SAP-Style Time
LAB-001328,20251020,41,37,40.0,40.0,34.25,5.75,0.0,0.0,108.71,1.5,3723.32,2025-11-02,Late,SAP-Style Time
LAB-001329,20251020,42,418,40.0,40.0,32.5,7.5,0.0,0.0,149.01,1.0,4842.83,2025-10-26,On Time,SAP-Style Time
LAB-001330,20251020,43,673,40.0,32.0,26.5,5.5,0.0,8.0,106.75,1.5,2828.88,2025-10-27,On Time,SAP-Style Time
LAB-001331,20251020,44,587,40.0,40.0,33.75,6.25,0.0,0.0,144.49,1.0,4876.54,2025-10-27,On Time,SAP-Style Time
LAB-001332,20251020,45,999,40.0,40.0,32.25,7.75,0.0,0.0,86.24,1.5,2781.24,2025-10-27,On Time,SAP-Style Time
LAB-001333,20251020,46,386,40.0,40.0,35.0,5.0,0.0,0.0,143.94,1.0,5037.9,2025-10-28,On Time,SAP-Style Time
LAB-001334,20251020,47,228,40.0,40.0,39.25,6.75,6.0,0.0,106.76,1.5,4510.61,2025-10-27,On Time,SAP-Style Time
LAB-001335,20251020,48,587,40.0,40.0,38.5,7.75,6.25,0.0,87.87,1.5,3657.59,2025-10-27,On Time,SAP-Style Time
LAB-001336,20251020,49,7,40.0,40.0,33.25,6.75,0.0,0.0,83.27,1.5,2768.73,2025-10-26,On Time,SAP-Style Time
LAB-001337,20251020,50,143,40.0,32.0,33.0,5.25,6.25,8.0,101.97,1.5,3683.67,2025-10-27,On Time,SAP-Style Time
LAB-006356,20251020,51,169,16.0,16.0,13.25,2.75,0.0,0.0,86.2,1.5,1142.15,2025-10-28,On Time,SAP-Style Time
LAB-001338,20251020,51,386,24.0,24.0,19.75,4.25,0.0,0.0,86.2,1.5,1702.45,2025-10-28,On Time,SAP-Style Time
LAB-001339,20251020,52,37,40.0,40.0,34.25,5.75,0.0,0.0,97.32,1.5,3333.21,2025-10-28,On Time,SAP-Style Time
LAB-001340,20251020,53,888,40.0,40.0,32.5,7.5,0.0,0.0,94.11,1.5,3058.58,2025-10-26,On Time,SAP-Style Time
LAB-001341,20251020,54,206,40.0,40.0,33.75,6.25,0.0,0.0,107.2,1.5,3618.0,2025-10-28,On Time,Mobile Time Entry
LAB-001342,20251020,55,827,40.0,40.0,31.5,8.5,0.0,0.0,95.59,1.5,3011.09,2025-10-28,On Time,SAP-Style Time
LAB-001343,20251020,56,297,40.0,40.0,33.25,6.75,0.0,0.0,73.51,1.5,2444.21,2025-10-27,On Time,SAP-Style Time
LAB-001344,20251020,57,464,40.0,40.0,32.5,7.5,0.0,0.0,87.06,1.5,2829.45,2025-10-27,On Time,SAP-Style Time
LAB-001345,20251020,58,330,40.0,40.0,32.25,7.75,0.0,0.0,119.87,1.0,3865.81,2025-10-27,On Time,SAP-Style Time
LAB-001346,20251020,59,667,40.0,40.0,32.25,7.75,0.0,0.0,83.18,1.5,2682.56,2025-10-28,On Time,SAP-Style Time
LAB-001347,20251020,60,410,40.0,40.0,31.0,9.0,0.0,0.0,86.44,1.5,2679.64,2025-10-28,On Time,SAP-Style Time
LAB-001348,20251020,61,895,40.0,40.0,32.5,7.5,0.0,0.0,83.96,1.5,2728.7,2025-10-28,On Time,SAP-Style Time
LAB-001349,20251020,62,221,40.0,40.0,31.0,9.0,0.0,0.0,73.28,1.5,2271.68,2025-10-26,On Time,SAP-Style Time
LAB-001350,20251020,63,535,40.0,40.0,33.0,7.0,0.0,0.0,122.98,1.0,4058.34,2025-10-28,On Time,SAP-Style Time
LAB-001351,20251020,64,435,40.0,40.0,,8.25,0.0,0.0,84.9,1.5,,2025-10-27,On Time,Mobile Time Entry
LAB-001352,20251020,65,877,40.0,40.0,32.25,7.75,0.0,0.0,72.42,1.5,2335.55,2025-10-27,On Time,SAP-Style Time
LAB-001353,20251020,66,944,40.0,36.0,29.5,6.5,0.0,4.0,94.95,1.5,2801.03,2025-10-26,On Time,SAP-Style Time
LAB-001354,20251020,67,273,40.0,40.0,31.25,8.75,0.0,0.0,79.97,1.5,2499.06,2025-10-27,On Time,SAP-Style Time
LAB-001355,20251020,68,877,40.0,40.0,32.25,7.75,0.0,0.0,79.96,1.5,2578.71,2025-10-27,On Time,SAP-Style Time
LAB-001356,20251020,69,221,40.0,40.0,31.0,9.0,0.0,0.0,92.5,1.5,2867.5,2025-10-26,On Time,SAP-Style Time
LAB-001357,20251020,70,389,40.0,40.0,31.75,8.25,0.0,0.0,79.17,1.5,2513.65,2025-10-27,On Time,SAP-Style Time
LAB-001358,20251020,71,920,40.0,40.0,32.25,7.75,0.0,0.0,84.44,1.5,2723.19,2025-10-27,On Time,SAP-Style Time
LAB-001359,20251020,72,436,40.0,40.0,33.75,6.25,0.0,0.0,107.82,1.0,3638.92,2025-10-26,On Time,SAP-Style Time
LAB-001360,20251020,73,1,40.0,40.0,32.0,8.0,0.0,0.0,85.94,1.5,2750.08,2025-10-26,On Time,SAP-Style Time
LAB-001361,20251020,74,743,40.0,40.0,32.5,7.5,0.0,0.0,74.38,1.5,2417.35,2025-10-27,On Time,SAP-Style Time
LAB-001362,20251020,75,221,26.0,26.0,20.75,5.25,0.0,0.0,89.39,1.5,1854.84,2025-10-27,On Time,SAP-Style Time
LAB-006352,20251020,75,535,14.0,14.0,11.25,2.75,0.0,0.0,89.39,1.5,1005.64,2025-10-27,On Time,SAP-Style Time
LAB-001363,20251020,76,60,40.0,40.0,32.75,7.25,0.0,0.0,90.27,1.5,2956.34,2025-10-28,On Time,SAP-Style Time
LAB-001364,20251020,77,732,40.0,40.0,31.5,8.5,0.0,0.0,89.33,1.5,2813.9,2025-10-27,On Time,SAP-Style Time
LAB-001365,20251020,78,920,40.0,40.0,34.75,5.25,0.0,0.0,83.91,1.5,2915.87,2025-10-28,On Time,SAP-Style Time
LAB-001366,20251020,79,37,40.0,40.0,33.0,7.0,0.0,0.0,70.65,1.5,2331.45,2025-10-27,On Time,SAP-Style Time
LAB-001367,20251020,81,221,40.0,40.0,33.5,6.5,0.0,0.0,87.64,1.5,2935.94,2025-10-26,On Time,Mobile Time Entry
LAB-001368,20251020,82,292,40.0,40.0,34.0,6.0,0.0,0.0,68.13,1.5,2316.42,2025-10-27,On Time,Mobile Time Entry
LAB-001369,20251020,83,927,40.0,40.0,34.0,6.0,0.0,0.0,73.3,1.5,2492.2,2025-10-29,On Time,SAP-Style Time
LAB-001370,20251020,84,541,40.0,40.0,35.0,5.0,0.0,0.0,71.25,1.5,2493.75,2025-10-27,On Time,SAP-Style Time
LAB-001371,20251020,85,861,40.0,40.0,36.0,5.25,1.25,0.0,65.88,1.5,2412.86,2025-10-28,On Time,SAP-Style Time
LAB-001372,20251020,86,956,40.0,40.0,34.5,5.5,0.0,0.0,82.25,1.5,2837.63,2025-10-28,On Time,SAP-Style Time
LAB-001373,20251020,87,624,40.0,40.0,35.25,4.75,0.0,0.0,78.64,1.5,2772.06,2025-10-27,On Time,SAP-Style Time
LAB-001374,20251020,88,920,40.0,40.0,34.25,5.75,0.0,0.0,71.87,1.5,2461.55,2025-10-27,On Time,SAP-Style Time
LAB-001375,20251020,89,297,40.0,40.0,34.5,5.5,0.0,0.0,77.91,1.5,2687.9,2025-10-26,On Time,SAP-Style Time
LAB-001376,20251020,90,15,40.0,40.0,34.75,5.25,0.0,0.0,74.99,1.5,2605.9,2025-10-27,On Time,SAP-Style Time
LAB-001377,20251020,91,956,40.0,40.0,33.5,6.5,0.0,0.0,68.92,1.5,2308.82,2025-10-26,On Time,SAP-Style Time
LAB-001378,20251020,92,130,30.0,30.0,25.25,4.75,0.0,0.0,86.57,1.5,2185.89,2025-10-28,On Time,SAP-Style Time
LAB-006446,20251020,92,479,10.0,10.0,8.5,1.5,0.0,0.0,86.57,1.5,735.84,2025-10-28,On Time,SAP-Style Time
LAB-001379,20251020,93,841,40.0,40.0,34.0,6.0,0.0,0.0,107.35,1.0,3649.9,2025-10-28,On Time,SAP-Style Time
LAB-001380,20251020,94,920,40.0,40.0,34.25,5.75,0.0,0.0,114.66,1.5,3927.11,2025-10-27,On Time,SAP-Style Time
LAB-001381,20251020,96,410,40.0,40.0,36.0,4.0,0.0,0.0,158.23,1.0,5696.28,2025-10-27,On Time,SAP-Style Time
LAB-001382,20251020,97,42,40.0,40.0,35.0,5.0,0.0,0.0,96.85,1.5,3389.75,2025-10-26,On Time,Mobile Time Entry
LAB-001383,20251020,98,452,40.0,40.0,34.0,6.0,0.0,0.0,98.56,1.5,3351.04,2025-10-27,On Time,SAP-Style Time
LAB-001384,20251020,99,848,40.0,28.0,25.25,2.75,0.0,12.0,101.82,1.5,2570.96,2025-10-27,On Time,Mobile Time Entry
LAB-001385,20251020,100,956,40.0,40.0,35.5,4.5,0.0,0.0,92.09,1.5,3269.2,2025-10-28,On Time,SAP-Style Time
LAB-001386,20251020,101,330,40.0,40.0,34.5,5.5,0.0,0.0,114.75,1.5,3958.88,2025-10-28,On Time,SAP-Style Time
LAB-001387,20251020,102,93,40.0,40.0,35.75,4.25,0.0,0.0,91.58,1.5,3273.99,2025-10-27,On Time,SAP-Style Time
LAB-001388,20251020,103,130,40.0,28.0,31.25,3.25,6.5,12.0,109.51,1.5,3778.1,2025-10-26,On Time,SAP-Style Time
LAB-001389,20251020,104,761,40.0,40.0,35.0,5.0,0.0,0.0,116.26,1.0,4069.1,2025-10-27,On Time,SAP-Style Time
LAB-001390,20251020,105,827,40.0,36.0,30.25,5.75,0.0,4.0,104.84,1.5,3171.41,2025-10-27,On Time,Mobile Time Entry
LAB-001391,20251020,106,7,40.0,24.0,20.75,3.25,0.0,16.0,100.92,1.5,2094.09,2025-10-26,On Time,SAP-Style Time
LAB-001392,20251020,107,780,40.0,16.0,14.0,2.0,0.0,24.0,127.16,1.0,1780.24,2025-10-28,On Time,Mobile Time Entry
LAB-001393,20251020,108,137,40.0,40.0,34.0,6.0,0.0,0.0,104.5,1.5,3553.0,2025-10-27,On Time,SAP-Style Time
LAB-001394,20251020,109,292,40.0,40.0,34.5,5.5,0.0,0.0,122.66,1.0,4231.77,2025-10-28,On Time,SAP-Style Time
LAB-001395,20251020,110,131,40.0,40.0,34.0,6.0,0.0,0.0,144.93,1.0,4927.62,2025-10-27,On Time,Manager Adjustment
LAB-001396,20251020,111,273,40.0,40.0,35.0,5.0,0.0,0.0,106.37,1.5,3722.95,2025-10-27,On Time,SAP-Style Time
LAB-001397,20251020,112,42,40.0,40.0,35.25,4.75,0.0,0.0,93.17,1.5,3284.24,2025-10-27,On Time,SAP-Style Time
LAB-001398,20251020,113,308,40.0,40.0,33.75,6.25,0.0,0.0,97.98,1.5,3306.83,2025-10-27,On Time,SAP-Style Time
LAB-001399,20251020,114,176,40.0,28.0,19.75,8.25,0.0,12.0,97.72,1.5,1929.97,2025-10-28,On Time,Mobile Time Entry
LAB-001400,20251020,115,848,40.0,36.0,26.5,9.5,0.0,4.0,89.67,1.5,2376.26,2025-10-27,On Time,SAP-Style Time
LAB-001401,20251020,116,895,40.0,40.0,30.25,9.75,0.0,0.0,131.09,1.0,3965.47,2025-10-27,On Time,SAP-Style Time
LAB-006472,20251020,118,297,12.0,12.0,9.25,2.75,0.0,0.0,123.33,1.0,1140.8,2025-11-01,Late,SAP-Style Time
LAB-001402,20251020,118,743,28.0,28.0,21.5,6.5,0.0,0.0,123.33,1.0,2651.6,2025-11-01,Late,SAP-Style Time
LAB-001403,20251020,119,929,40.0,40.0,29.0,11.0,0.0,0.0,98.99,1.5,2870.71,2025-10-28,On Time,SAP-Style Time
LAB-001404,20251020,120,178,40.0,40.0,30.25,9.75,0.0,0.0,79.77,1.5,2413.04,2025-10-26,On Time,SAP-Style Time
LAB-001405,20251027,1,201,40.0,40.0,34.25,5.75,0.0,0.0,100.39,1.5,3438.36,2025-11-03,On Time,SAP-Style Time
LAB-001406,20251027,2,60,40.0,40.0,41.5,4.25,5.75,0.0,150.62,1.0,6250.73,2025-11-04,On Time,SAP-Style Time
LAB-001407,20251027,3,580,40.0,40.0,34.25,5.75,0.0,0.0,83.78,1.5,2869.47,2025-11-02,On Time,SAP-Style Time
LAB-001408,20251027,4,587,40.0,40.0,34.75,5.25,0.0,0.0,78.56,1.5,2729.96,2025-11-03,On Time,SAP-Style Time
LAB-001409,20251027,5,479,40.0,24.0,21.25,2.75,0.0,16.0,120.4,1.0,2558.5,2025-11-02,On Time,Mobile Time Entry
LAB-001410,20251027,6,535,40.0,32.0,28.25,3.75,0.0,8.0,89.06,1.5,2515.95,2025-11-03,On Time,SAP-Style Time
LAB-001411,20251027,7,436,40.0,28.0,24.25,3.75,0.0,12.0,76.98,1.5,1866.77,2025-11-02,On Time,SAP-Style Time
LAB-001412,20251027,8,42,40.0,40.0,34.5,5.5,0.0,0.0,101.38,1.5,3497.61,2025-11-03,On Time,SAP-Style Time
LAB-001413,20251027,9,109,40.0,40.0,34.0,6.0,0.0,0.0,81.4,1.5,2767.6,2025-11-02,On Time,Mobile Time Entry
LAB-001414,20251027,10,147,40.0,40.0,35.25,4.75,0.0,0.0,76.52,1.5,2697.33,2025-11-03,On Time,SAP-Style Time
LAB-001415,20251027,11,228,40.0,40.0,36.75,3.25,0.0,0.0,128.94,1.0,4738.55,2025-11-04,On Time,Mobile Time Entry
LAB-001416,20251027,12,147,40.0,40.0,34.5,5.5,0.0,0.0,93.13,1.5,3212.98,2025-11-03,On Time,SAP-Style Time
LAB-001417,20251027,13,178,40.0,40.0,34.0,6.0,0.0,0.0,82.59,1.5,2808.06,2025-11-02,On Time,SAP-Style Time
LAB-001418,20251027,14,799,40.0,40.0,34.25,5.75,0.0,0.0,100.38,1.5,3438.02,2025-11-02,On Time,SAP-Style Time
LAB-001419,20251027,15,418,40.0,40.0,35.0,5.0,0.0,0.0,98.87,1.5,3460.45,2025-11-04,On Time,SAP-Style Time
LAB-006422,20251027,16,109,16.0,16.0,13.75,2.25,0.0,0.0,100.34,1.5,1379.68,2025-11-04,On Time,SAP-Style Time
LAB-001420,20251027,16,731,24.0,24.0,20.75,3.25,0.0,0.0,100.34,1.5,2082.06,2025-11-04,On Time,SAP-Style Time
LAB-001421,20251027,17,436,40.0,40.0,36.25,3.75,0.0,0.0,88.53,1.5,3209.21,2025-11-04,On Time,SAP-Style Time
LAB-001422,20251027,18,15,40.0,40.0,35.75,4.25,0.0,0.0,89.32,1.5,3193.19,2025-11-03,On Time,Mobile Time Entry
LAB-001423,20251027,19,292,40.0,40.0,35.0,5.0,0.0,0.0,91.26,1.5,3194.1,2025-11-05,On Time,SAP-Style Time
LAB-001424,20251027,20,999,40.0,32.0,28.25,3.75,0.0,8.0,77.3,1.5,2183.73,2025-11-04,On Time,SAP-Style Time
LAB-001425,20251027,21,572,40.0,40.0,34.75,5.25,0.0,0.0,77.07,1.5,2678.18,2025-11-04,On Time,SAP-Style Time
LAB-001426,20251027,22,927,40.0,40.0,35.5,4.5,0.0,0.0,102.23,1.5,3629.17,2025-11-05,On Time,SAP-Style Time
LAB-001427,20251027,23,590,40.0,40.0,35.25,4.75,0.0,0.0,85.0,1.5,2996.25,2025-11-04,On Time,SAP-Style Time
LAB-001428,20251027,24,452,40.0,40.0,34.75,5.25,0.0,0.0,81.27,1.5,2824.13,2025-11-03,On Time,SAP-Style Time
LAB-001429,20251027,25,719,40.0,40.0,35.5,4.5,0.0,0.0,102.16,1.0,3626.68,2025-11-03,On Time,SAP-Style Time
LAB-001430,20251027,26,944,40.0,40.0,35.25,4.75,0.0,0.0,85.79,1.5,3024.1,2025-11-02,On Time,SAP-Style Time
LAB-001431,20251027,27,761,40.0,28.0,23.5,4.5,0.0,12.0,104.52,1.5,2456.22,2025-11-03,On Time,SAP-Style Time
LAB-001432,20251027,28,105,40.0,40.0,34.0,6.0,0.0,0.0,82.53,1.5,2806.02,2025-11-05,On Time,SAP-Style Time
LAB-001433,20251027,29,916,40.0,40.0,34.75,5.25,0.0,0.0,79.3,1.5,2755.67,2025-11-02,On Time,SAP-Style Time
LAB-001434,20251027,30,392,40.0,32.0,28.0,4.0,0.0,8.0,79.44,1.5,2224.32,2025-11-02,On Time,SAP-Style Time
LAB-001435,20251027,31,552,40.0,40.0,35.0,5.0,0.0,0.0,105.13,1.5,3679.55,2025-11-05,On Time,SAP-Style Time
LAB-001436,20251027,32,367,40.0,16.0,13.5,2.5,0.0,24.0,82.13,1.5,1108.75,2025-11-03,On Time,SAP-Style Time
LAB-001437,20251027,33,432,40.0,40.0,35.25,4.75,0.0,0.0,89.89,1.5,3168.62,2025-11-05,On Time,Mobile Time Entry
LAB-001438,20251027,34,107,40.0,40.0,33.75,6.25,0.0,0.0,98.09,1.5,3310.54,2025-11-04,On Time,SAP-Style Time
LAB-001439,20251027,35,418,40.0,40.0,34.25,5.75,0.0,0.0,91.52,1.5,3134.56,2025-11-04,On Time,SAP-Style Time
LAB-001440,20251027,36,559,40.0,40.0,34.5,5.5,0.0,0.0,82.83,1.5,2857.63,2025-11-03,On Time,SAP-Style Time
LAB-001441,20251027,37,217,40.0,40.0,33.0,7.0,0.0,0.0,92.08,1.5,3038.64,2025-11-03,On Time,SAP-Style Time
LAB-001442,20251027,38,176,40.0,40.0,33.0,7.0,0.0,0.0,105.74,1.5,3489.42,2025-11-02,On Time,SAP-Style Time
LAB-001443,20251027,39,234,40.0,40.0,34.0,6.0,0.0,0.0,107.79,1.5,3664.86,2025-11-04,On Time,SAP-Style Time
LAB-001444,20251027,40,746,40.0,40.0,34.25,5.75,0.0,0.0,103.71,1.5,3552.07,2025-11-04,On Time,SAP-Style Time
LAB-001445,20251027,41,145,40.0,40.0,34.25,5.75,0.0,0.0,108.71,1.5,3723.32,2025-11-05,On Time,SAP-Style Time
LAB-001446,20251027,42,418,40.0,40.0,33.5,6.5,0.0,0.0,149.01,1.0,4991.84,2025-11-03,On Time,SAP-Style Time
LAB-001447,20251027,43,68,40.0,40.0,33.5,6.5,0.0,0.0,106.75,1.5,3576.13,2025-11-03,On Time,SAP-Style Time
LAB-001448,20251027,44,1,40.0,40.0,33.0,7.0,0.0,0.0,144.49,1.0,4768.17,2025-11-03,On Time,SAP-Style Time
LAB-001449,20251027,45,386,40.0,32.0,26.0,6.0,0.0,8.0,86.24,1.5,2242.24,2025-11-04,On Time,SAP-Style Time
LAB-001450,20251027,46,60,40.0,40.0,34.75,5.25,0.0,0.0,143.94,1.0,5001.92,2025-11-03,On Time,Mobile Time Entry
LAB-001451,20251027,47,954,40.0,40.0,33.0,7.0,0.0,0.0,106.76,1.5,3523.08,2025-11-03,On Time,SAP-Style Time
LAB-001452,20251027,48,1,40.0,40.0,33.0,7.0,0.0,0.0,87.87,1.5,2899.71,2025-11-02,On Time,SAP-Style Time
LAB-001453,20251027,49,719,40.0,40.0,33.0,7.0,0.0,0.0,83.27,1.5,2747.91,2025-11-04,On Time,SAP-Style Time
LAB-001454,20251027,50,799,40.0,32.0,27.25,4.75,0.0,8.0,101.97,1.5,2778.68,2025-11-04,On Time,SAP-Style Time
LAB-001455,20251027,51,386,40.0,36.0,30.25,5.75,0.0,4.0,86.2,1.5,2607.55,2025-11-03,On Time,SAP-Style Time
LAB-001456,20251027,52,479,40.0,40.0,33.75,6.25,0.0,0.0,97.32,1.5,3284.55,2025-11-03,On Time,SAP-Style Time
LAB-001457,20251027,53,660,40.0,40.0,32.5,7.5,0.0,0.0,94.11,1.5,3058.58,2025-11-04,On Time,Mobile Time Entry
LAB-001458,20251027,54,228,40.0,40.0,34.0,6.0,0.0,0.0,107.2,1.5,3644.8,2025-11-03,On Time,SAP-Style Time
LAB-001459,20251027,55,962,40.0,40.0,32.0,8.0,0.0,0.0,95.59,1.5,3058.88,2025-11-03,On Time,SAP-Style Time
LAB-001460,20251027,56,590,40.0,40.0,32.75,7.25,0.0,0.0,73.51,1.5,2407.45,2025-11-04,On Time,SAP-Style Time
LAB-001461,20251027,57,246,40.0,40.0,32.25,7.75,0.0,0.0,87.06,1.5,2807.69,2025-11-03,On Time,Manager Adjustment
LAB-001462,20251027,58,217,40.0,40.0,32.0,8.0,0.0,0.0,119.87,1.0,3835.84,2025-11-03,On Time,SAP-Style Time
LAB-001463,20251027,59,916,40.0,40.0,32.75,7.25,0.0,0.0,83.18,1.5,2724.15,2025-11-07,Late,SAP-Style Time
LAB-001464,20251027,60,144,40.0,40.0,31.25,8.75,0.0,0.0,86.44,1.5,2701.25,2025-11-04,On Time,SAP-Style Time
LAB-001465,20251027,61,573,40.0,40.0,32.25,7.75,0.0,0.0,83.96,1.5,2707.71,2025-11-03,On Time,SAP-Style Time
LAB-001466,20251027,62,240,40.0,40.0,31.0,9.0,0.0,0.0,73.28,1.5,2271.68,2025-11-03,On Time,SAP-Style Time
LAB-001467,20251027,63,944,40.0,40.0,32.5,7.5,0.0,0.0,122.98,1.0,3996.85,2025-11-02,On Time,SAP-Style Time
LAB-001468,20251027,64,799,40.0,40.0,31.5,8.5,0.0,0.0,84.9,1.5,2674.35,2025-11-04,On Time,SAP-Style Time
LAB-001469,20251027,65,201,40.0,40.0,32.5,7.5,0.0,0.0,72.42,1.5,2353.65,2025-11-04,On Time,SAP-Style Time
LAB-001470,20251027,66,144,40.0,40.0,33.5,6.5,0.0,0.0,94.95,1.5,3180.83,2025-11-04,On Time,SAP-Style Time
LAB-001471,20251027,67,956,40.0,40.0,31.25,8.75,0.0,0.0,79.97,1.5,2499.06,2025-11-04,On Time,SAP-Style Time
LAB-001472,20251027,68,7,40.0,40.0,32.0,8.0,0.0,0.0,79.96,1.5,2558.72,2025-11-04,On Time,SAP-Style Time
LAB-001473,20251027,69,861,40.0,28.0,27.75,6.5,6.25,12.0,92.5,1.5,2855.94,2025-11-02,On Time,Mobile Time Entry
LAB-001474,20251027,70,418,40.0,40.0,31.75,8.25,0.0,0.0,79.17,1.5,2513.65,2025-11-03,On Time,SAP-Style Time
LAB-001475,20251027,71,464,40.0,36.0,33.25,7.75,5.0,4.0,84.44,1.5,3018.73,2025-11-03,On Time,SAP-Style Time
LAB-001476,20251027,72,573,40.0,32.0,27.0,5.0,0.0,8.0,107.82,1.0,2911.14,2025-11-04,On Time,SAP-Style Time
LAB-001477,20251027,73,377,40.0,40.0,31.75,8.25,0.0,0.0,85.94,1.5,2728.6,2025-11-04,On Time,SAP-Style Time
LAB-001478,20251027,74,956,40.0,40.0,32.0,8.0,0.0,0.0,74.38,1.5,2380.16,2025-11-05,On Time,SAP-Style Time
LAB-001479,20251027,75,221,40.0,40.0,32.25,7.75,0.0,0.0,89.39,1.5,2882.83,2025-11-08,Late,SAP-Style Time
LAB-001480,20251027,76,732,40.0,40.0,32.5,7.5,0.0,0.0,90.27,1.5,2933.78,2025-11-10,Late,SAP-Style Time
LAB-001481,20251027,77,935,40.0,40.0,31.25,8.75,0.0,0.0,89.33,1.5,2791.56,2025-11-03,On Time,SAP-Style Time
LAB-001482,20251027,78,944,40.0,40.0,35.0,5.0,0.0,0.0,83.91,1.5,2936.85,2025-11-03,On Time,SAP-Style Time
LAB-001483,20251027,79,178,40.0,40.0,34.0,6.0,0.0,0.0,70.65,1.5,2402.1,2025-11-04,On Time,SAP-Style Time
LAB-001484,20251027,81,143,40.0,36.0,30.5,5.5,0.0,4.0,87.64,1.5,2673.02,2025-11-05,On Time,SAP-Style Time
LAB-001485,20251027,82,313,40.0,40.0,34.0,6.0,0.0,0.0,68.13,1.5,2316.42,2025-11-03,On Time,SAP-Style Time
LAB-001486,20251027,83,76,40.0,40.0,33.75,6.25,0.0,0.0,73.3,1.5,2473.88,2025-11-03,On Time,SAP-Style Time
LAB-001487,20251027,84,541,40.0,40.0,35.0,5.0,0.0,0.0,71.25,1.5,2493.75,2025-11-04,On Time,SAP-Style Time
LAB-001488,20251027,85,841,40.0,40.0,34.75,5.25,0.0,0.0,65.88,1.5,2289.33,2025-11-03,On Time,SAP-Style Time
LAB-001489,20251027,86,292,40.0,36.0,31.0,5.0,0.0,4.0,82.25,1.5,2549.75,2025-11-02,On Time,SAP-Style Time
LAB-001490,20251027,87,9,40.0,40.0,34.75,5.25,0.0,0.0,78.64,1.5,2732.74,2025-11-03,On Time,SAP-Style Time
LAB-001491,20251027,88,559,40.0,40.0,36.75,5.75,2.5,0.0,71.87,1.5,2731.06,2025-11-03,On Time,SAP-Style Time
LAB-001492,20251027,89,673,40.0,40.0,34.75,5.25,0.0,0.0,77.91,1.5,2707.37,2025-11-03,On Time,SAP-Style Time
LAB-001493,20251027,90,176,40.0,40.0,34.0,6.0,0.0,0.0,74.99,1.5,2549.66,2025-11-02,On Time,SAP-Style Time
LAB-001494,20251027,91,93,30.0,30.0,25.25,4.75,0.0,0.0,68.92,1.5,1740.23,2025-11-02,On Time,Mobile Time Entry
LAB-006460,20251027,91,920,10.0,10.0,8.5,1.5,0.0,0.0,68.92,1.5,585.82,2025-11-02,On Time,Mobile Time Entry
LAB-001495,20251027,92,799,40.0,40.0,33.75,6.25,0.0,0.0,86.57,1.5,2921.74,2025-11-03,On Time,SAP-Style Time
LAB-001496,20251027,93,183,40.0,40.0,33.5,6.5,0.0,0.0,107.35,1.0,3596.23,2025-11-04,On Time,SAP-Style Time
LAB-001497,20251027,94,673,40.0,40.0,34.75,5.25,0.0,0.0,114.66,1.5,3984.44,2025-11-03,On Time,SAP-Style Time
LAB-001498,20251027,96,169,40.0,40.0,36.75,3.25,0.0,0.0,158.23,1.0,5814.95,2025-11-04,On Time,SAP-Style Time
LAB-001499,20251027,97,667,40.0,28.0,24.25,3.75,0.0,12.0,96.85,1.5,2348.61,2025-11-03,On Time,Mobile Time Entry
LAB-001500,20251027,98,264,40.0,40.0,34.0,6.0,0.0,0.0,98.56,1.5,3351.04,2025-11-03,On Time,SAP-Style Time
LAB-001501,20251027,99,93,40.0,40.0,35.0,5.0,0.0,0.0,101.82,1.5,3563.7,2025-11-05,On Time,SAP-Style Time
LAB-001502,20251027,100,107,40.0,40.0,35.5,4.5,0.0,0.0,92.09,1.5,3269.2,2025-11-03,On Time,SAP-Style Time
LAB-001503,20251027,101,178,40.0,40.0,36.75,5.25,2.0,0.0,114.75,1.5,4331.81,2025-11-05,On Time,Mobile Time Entry
LAB-001504,20251027,102,854,40.0,40.0,37.5,4.5,2.0,0.0,91.58,1.5,3525.83,2025-11-04,On Time,SAP-Style Time
LAB-001505,20251027,103,392,40.0,40.0,39.0,4.75,3.75,0.0,109.51,1.5,4476.22,2025-11-03,On Time,Mobile Time Entry
LAB-001506,20251027,104,4,40.0,40.0,36.0,4.0,0.0,0.0,116.26,1.0,4185.36,2025-11-05,On Time,SAP-Style Time
LAB-001507,20251027,105,386,40.0,36.0,30.0,6.0,0.0,4.0,104.84,1.5,3145.2,2025-11-04,On Time,Mobile Time Entry
LAB-001508,20251027,106,389,40.0,40.0,34.75,5.25,0.0,0.0,100.92,1.5,3506.97,2025-11-04,On Time,SAP-Style Time
LAB-001509,20251027,107,624,40.0,40.0,34.75,5.25,0.0,0.0,127.16,1.0,4418.81,2025-11-03,On Time,Mobile Time Entry
LAB-001510,20251027,108,935,40.0,40.0,34.25,5.75,0.0,0.0,104.5,1.5,3579.13,2025-11-04,On Time,SAP-Style Time
LAB-001511,20251027,109,7,40.0,40.0,35.0,5.0,0.0,0.0,122.66,1.0,4293.1,2025-11-03,On Time,SAP-Style Time
LAB-001512,20251027,110,432,40.0,40.0,34.5,5.5,0.0,0.0,144.93,1.0,5000.09,2025-11-03,On Time,SAP-Style Time
LAB-001513,20251027,111,335,40.0,40.0,35.0,5.0,0.0,0.0,106.37,1.5,3722.95,2025-11-03,On Time,SAP-Style Time
LAB-001514,20251027,112,151,40.0,36.0,32.0,4.0,0.0,4.0,93.17,1.5,2981.44,2025-11-03,On Time,SAP-Style Time
LAB-001515,20251027,113,7,40.0,40.0,33.25,6.75,0.0,0.0,97.98,1.5,3257.84,2025-11-03,On Time,SAP-Style Time
LAB-001516,20251027,114,105,28.0,22.5,16.0,6.5,0.0,5.5,97.72,1.5,1563.52,2025-11-04,On Time,SAP-Style Time
LAB-006414,20251027,114,307,12.0,9.5,6.75,2.75,0.0,2.5,97.72,1.5,659.61,2025-11-04,On Time,SAP-Style Time
LAB-001517,20251027,115,178,40.0,40.0,29.5,10.5,0.0,0.0,89.67,1.5,2645.27,2025-11-03,On Time,SAP-Style Time
LAB-001518,20251027,116,485,40.0,40.0,29.5,10.5,0.0,0.0,131.09,1.0,3867.16,2025-11-04,On Time,SAP-Style Time
LAB-001519,20251027,118,253,40.0,40.0,30.25,9.75,0.0,0.0,123.33,1.0,3730.73,2025-11-04,On Time,SAP-Style Time
LAB-001520,20251027,119,535,40.0,40.0,29.25,10.75,0.0,0.0,98.99,1.5,2895.46,2025-11-03,On Time,SAP-Style Time
LAB-001521,20251027,120,559,40.0,40.0,30.5,9.5,0.0,0.0,79.77,1.5,2432.98,2025-11-03,On Time,SAP-Style Time
LAB-001522,20251103,1,552,40.0,40.0,34.25,5.75,0.0,0.0,100.39,1.5,3438.36,2025-11-09,On Time,SAP-Style Time
LAB-001523,20251103,2,954,40.0,40.0,35.0,5.0,0.0,0.0,150.62,1.0,5271.7,2025-11-09,On Time,SAP-Style Time
LAB-006502,20251103,2,954,40.0,40.0,35.0,5.0,0.0,0.0,150.62,1.0,5271.7,2025-11-09,On Time,SAP-Style Time
LAB-001524,20251103,3,177,40.0,40.0,34.5,5.5,0.0,0.0,83.78,1.5,2890.41,2025-11-10,On Time,SAP-Style Time
LAB-001525,20251103,4,176,40.0,28.0,24.25,3.75,0.0,12.0,78.56,1.5,1905.08,2025-11-09,On Time,SAP-Style Time
LAB-001526,20251103,5,76,40.0,40.0,36.0,4.0,0.0,0.0,120.4,1.0,4334.4,2025-11-11,On Time,SAP-Style Time
LAB-001527,20251103,6,624,40.0,40.0,35.0,5.0,0.0,0.0,89.06,1.5,3117.1,2025-11-10,On Time,SAP-Style Time
LAB-001528,20251103,7,201,40.0,40.0,34.25,5.75,0.0,0.0,76.98,1.5,2636.57,2025-11-10,On Time,SAP-Style Time
LAB-001529,20251103,8,389,40.0,40.0,34.25,5.75,0.0,0.0,101.38,1.5,3472.27,2025-11-09,On Time,Mobile Time Entry
LAB-001530,20251103,9,109,40.0,28.0,23.25,4.75,0.0,12.0,81.4,1.5,1892.55,2025-11-10,On Time,SAP-Style Time
LAB-001531,20251103,10,130,40.0,40.0,35.5,4.5,0.0,0.0,76.52,1.5,2716.46,2025-11-10,On Time,SAP-Style Time
LAB-001532,20251103,11,389,40.0,40.0,36.0,4.0,0.0,0.0,128.94,1.0,4641.84,2025-11-10,On Time,SAP-Style Time
LAB-001533,20251103,12,590,40.0,40.0,34.0,6.0,0.0,0.0,93.13,1.5,3166.42,2025-11-10,On Time,SAP-Style Time
LAB-001534,20251103,13,335,40.0,40.0,38.25,5.75,4.0,0.0,82.59,1.5,3324.25,2025-11-11,On Time,SAP-Style Time
LAB-001535,20251103,14,392,40.0,28.0,29.5,4.5,6.0,12.0,100.38,1.5,3262.35,2025-11-10,On Time,SAP-Style Time
LAB-001536,20251103,15,105,40.0,40.0,35.25,4.75,0.0,0.0,98.87,1.5,3485.17,2025-11-10,On Time,SAP-Style Time
LAB-001537,20251103,16,552,40.0,40.0,34.75,5.25,0.0,0.0,100.34,1.5,3486.82,2025-11-09,On Time,SAP-Style Time
LAB-001538,20251103,17,105,40.0,40.0,35.75,4.25,0.0,0.0,88.53,1.5,3164.95,2025-11-10,On Time,SAP-Style Time
LAB-001539,20251103,18,435,40.0,40.0,35.5,4.5,0.0,0.0,89.32,1.5,3170.86,2025-11-11,On Time,SAP-Style Time
LAB-001540,20251103,19,587,40.0,40.0,35.5,4.5,0.0,0.0,91.26,1.5,3239.73,2025-11-09,On Time,SAP-Style Time
LAB-001541,20251103,20,728,40.0,28.0,24.25,3.75,0.0,12.0,77.3,1.5,1874.52,2025-11-12,On Time,SAP-Style Time
LAB-001542,20251103,21,389,40.0,40.0,34.5,5.5,0.0,0.0,77.07,1.5,2658.92,2025-11-09,On Time,SAP-Style Time
LAB-001543,20251103,22,916,40.0,28.0,24.75,3.25,0.0,12.0,102.23,1.5,2530.19,2025-11-11,On Time,SAP-Style Time
LAB-001544,20251103,23,264,24.0,24.0,20.75,3.25,0.0,0.0,85.0,1.5,1763.75,2025-11-11,On Time,SAP-Style Time
LAB-006389,20251103,23,999,16.0,16.0,13.75,2.25,0.0,0.0,85.0,1.5,1168.75,2025-11-11,On Time,SAP-Style Time
LAB-001545,20251103,24,531,40.0,40.0,34.75,5.25,0.0,0.0,81.27,1.5,2824.13,2025-11-10,On Time,SAP-Style Time
LAB-001546,20251103,25,510,40.0,40.0,34.75,5.25,0.0,0.0,102.16,1.0,3550.06,2025-11-11,On Time,SAP-Style Time
LAB-001547,20251103,26,246,40.0,40.0,35.25,4.75,0.0,0.0,85.79,1.5,3024.1,2025-11-11,On Time,Mobile Time Entry
LAB-001548,20251103,27,107,40.0,40.0,34.0,6.0,0.0,0.0,104.52,1.5,3553.68,2025-11-11,On Time,SAP-Style Time
LAB-001549,20251103,28,246,40.0,40.0,34.0,6.0,0.0,0.0,82.53,1.5,2806.02,2025-11-11,On Time,SAP-Style Time
LAB-001550,20251103,29,4,40.0,40.0,34.75,5.25,0.0,0.0,79.3,1.5,2755.67,2025-11-09,On Time,SAP-Style Time
LAB-001551,20251103,30,217,40.0,40.0,35.5,4.5,0.0,0.0,79.44,1.5,2820.12,2025-11-12,On Time,SAP-Style Time
LAB-001552,20251103,31,29,40.0,40.0,34.75,5.25,0.0,0.0,105.13,1.5,3653.27,2025-11-09,On Time,SAP-Style Time
LAB-001553,20251103,32,292,40.0,40.0,34.25,5.75,0.0,0.0,82.13,1.5,2812.95,2025-11-11,On Time,Mobile Time Entry
LAB-001554,20251103,33,538,40.0,40.0,34.5,5.5,0.0,0.0,89.89,1.5,3101.21,2025-11-10,On Time,SAP-Style Time
LAB-001555,20251103,34,464,40.0,40.0,34.25,5.75,0.0,0.0,98.09,1.5,3359.58,2025-11-10,On Time,SAP-Style Time
LAB-001556,20251103,35,116,40.0,40.0,34.75,5.25,0.0,0.0,91.52,1.5,3180.32,2025-11-10,On Time,SAP-Style Time
LAB-001557,20251103,36,728,40.0,40.0,35.0,5.0,0.0,0.0,82.83,1.5,2899.05,2025-11-11,On Time,SAP-Style Time
LAB-001558,20251103,37,418,40.0,16.0,13.5,2.5,0.0,24.0,92.08,1.5,1243.08,2025-11-11,On Time,SAP-Style Time
LAB-001559,20251103,38,624,40.0,40.0,33.0,7.0,0.0,0.0,105.74,1.5,3489.42,2025-11-11,On Time,SAP-Style Time
LAB-001560,20251103,39,552,40.0,40.0,34.0,6.0,0.0,0.0,107.79,1.5,3664.86,2025-11-11,On Time,SAP-Style Time
LAB-001561,20251103,40,432,40.0,40.0,35.75,5.75,1.5,0.0,103.71,1.5,3785.41,2025-11-10,On Time,SAP-Style Time
LAB-001562,20251103,41,189,40.0,40.0,34.25,5.75,0.0,0.0,108.71,1.5,3723.32,2025-11-11,On Time,SAP-Style Time
LAB-001563,20251103,42,42,40.0,40.0,33.5,6.5,0.0,0.0,149.01,1.0,4991.84,2025-11-10,On Time,SAP-Style Time
LAB-001564,20251103,43,848,40.0,40.0,33.0,7.0,0.0,0.0,106.75,1.5,3522.75,2025-11-09,On Time,SAP-Style Time
LAB-001565,20251103,44,510,40.0,40.0,33.0,7.0,0.0,0.0,144.49,1.0,4768.17,2025-11-11,On Time,SAP-Style Time
LAB-001566,20251103,45,37,40.0,40.0,31.75,8.25,0.0,0.0,86.24,1.5,2738.12,2025-11-10,On Time,SAP-Style Time
LAB-001567,20251103,46,624,40.0,40.0,35.0,5.0,0.0,0.0,143.94,1.0,5037.9,2025-11-10,On Time,SAP-Style Time
LAB-001568,20251103,47,7,40.0,40.0,33.25,6.75,0.0,0.0,106.76,1.5,3549.77,2025-11-10,On Time,Mobile Time Entry
LAB-001569,20251103,48,240,40.0,28.0,22.75,5.25,0.0,12.0,87.87,1.5,1999.04,2025-11-11,On Time,SAP-Style Time
LAB-001570,20251103,49,453,40.0,40.0,33.5,6.5,0.0,0.0,83.27,1.5,2789.55,2025-11-11,On Time,SAP-Style Time
LAB-001571,20251103,50,731,40.0,40.0,33.0,7.0,0.0,0.0,101.97,1.5,3365.01,2025-11-09,On Time,SAP-Style Time
LAB-001572,20251103,51,177,40.0,40.0,33.75,6.25,0.0,0.0,86.2,1.5,2909.25,2025-11-11,On Time,SAP-Style Time
LAB-001573,20251103,52,68,40.0,40.0,34.0,6.0,0.0,0.0,97.32,1.5,3308.88,2025-11-11,On Time,SAP-Style Time
LAB-001574,20251103,53,335,40.0,40.0,32.25,7.75,0.0,0.0,94.11,1.5,3035.05,2025-11-09,On Time,SAP-Style Time
LAB-001575,20251103,54,888,40.0,40.0,33.5,6.5,0.0,0.0,107.2,1.5,3591.2,2025-11-10,On Time,SAP-Style Time
LAB-001576,20251103,55,386,40.0,36.0,28.5,7.5,0.0,4.0,95.59,1.5,2724.32,2025-11-11,On Time,SAP-Style Time
LAB-001577,20251103,56,178,40.0,40.0,32.25,7.75,0.0,0.0,73.51,1.5,2370.7,2025-11-10,On Time,SAP-Style Time
LAB-001578,20251103,57,397,40.0,32.0,25.75,6.25,0.0,8.0,87.06,1.5,2241.8,2025-11-09,On Time,SAP-Style Time
LAB-001579,20251103,58,745,40.0,40.0,31.0,9.0,0.0,0.0,119.87,1.0,3715.97,2025-11-12,On Time,Mobile Time Entry
LAB-006488,20251103,59,253,16.0,16.0,13.0,3.0,0.0,0.0,83.18,1.5,1081.34,2025-11-11,On Time,Mobile Time Entry
LAB-001580,20251103,59,601,24.0,24.0,19.5,4.5,0.0,0.0,83.18,1.5,1622.01,2025-11-11,On Time,Mobile Time Entry
LAB-001581,20251103,60,178,40.0,40.0,31.5,8.5,0.0,0.0,86.44,1.5,2722.86,2025-11-09,On Time,SAP-Style Time
LAB-001582,20251103,61,144,40.0,40.0,32.0,8.0,0.0,0.0,83.96,1.5,2686.72,2025-11-10,On Time,SAP-Style Time
LAB-001583,20251103,62,292,40.0,40.0,31.25,8.75,0.0,0.0,73.28,1.5,2290.0,2025-11-12,On Time,SAP-Style Time
LAB-001584,20251103,63,435,40.0,32.0,26.0,6.0,0.0,8.0,122.98,1.0,3197.48,2025-11-10,On Time,SAP-Style Time
LAB-001585,20251103,64,780,40.0,40.0,32.25,7.75,0.0,0.0,84.9,1.5,2738.03,2025-11-10,On Time,SAP-Style Time
LAB-001586,20251103,65,201,40.0,40.0,33.0,7.0,0.0,0.0,72.42,1.5,2389.86,2025-11-11,On Time,SAP-Style Time
LAB-001587,20251103,66,535,40.0,40.0,33.5,6.5,0.0,0.0,94.95,1.5,3180.83,2025-11-11,On Time,SAP-Style Time
LAB-001588,20251103,67,221,24.0,24.0,18.75,5.25,0.0,0.0,79.97,1.5,1499.44,2025-11-10,On Time,SAP-Style Time
LAB-006436,20251103,67,552,16.0,16.0,12.5,3.5,0.0,0.0,79.97,1.5,999.63,2025-11-10,On Time,SAP-Style Time
LAB-001589,20251103,68,791,40.0,40.0,32.0,8.0,0.0,0.0,79.96,1.5,2558.72,2025-11-10,On Time,SAP-Style Time
LAB-001590,20251103,69,221,40.0,40.0,31.0,9.0,0.0,0.0,92.5,1.5,2867.5,2025-11-11,On Time,SAP-Style Time
LAB-001591,20251103,70,130,40.0,40.0,35.0,8.0,3.0,0.0,79.17,1.5,2889.71,2025-11-11,On Time,SAP-Style Time
LAB-001592,20251103,71,742,40.0,16.0,12.75,3.25,0.0,24.0,84.44,1.5,1076.61,2025-11-10,On Time,SAP-Style Time
LAB-001593,20251103,72,743,40.0,40.0,35.0,6.75,1.75,0.0,107.82,1.0,3773.7,2025-11-10,On Time,SAP-Style Time
LAB-001594,20251103,73,178,40.0,40.0,32.25,7.75,0.0,0.0,85.94,1.5,2771.57,2025-11-10,On Time,SAP-Style Time
LAB-001595,20251103,74,206,40.0,40.0,32.25,7.75,0.0,0.0,74.38,1.5,2398.75,2025-11-10,On Time,SAP-Style Time
LAB-001596,20251103,75,761,40.0,40.0,32.5,7.5,0.0,0.0,89.39,1.5,2905.18,2025-11-10,On Time,SAP-Style Time
LAB-001597,20251103,76,410,40.0,40.0,33.0,7.0,0.0,0.0,90.27,1.5,2978.91,2025-11-10,On Time,SAP-Style Time
LAB-001598,20251103,77,221,40.0,40.0,31.5,8.5,0.0,0.0,89.33,1.5,2813.9,2025-11-10,On Time,SAP-Style Time
LAB-001599,20251103,78,799,40.0,40.0,34.75,5.25,0.0,0.0,83.91,1.5,2915.87,2025-11-10,On Time,SAP-Style Time
LAB-001600,20251103,79,673,40.0,40.0,34.75,5.25,0.0,0.0,70.65,1.5,2455.09,2025-11-09,On Time,SAP-Style Time
LAB-001601,20251103,81,273,40.0,40.0,33.5,6.5,0.0,0.0,87.64,1.5,2935.94,2025-11-10,On Time,Mobile Time Entry
LAB-001602,20251103,82,587,40.0,40.0,34.5,5.5,0.0,0.0,68.13,1.5,2350.48,2025-11-12,On Time,SAP-Style Time
LAB-001603,20251103,83,206,40.0,40.0,33.25,6.75,0.0,0.0,73.3,1.5,2437.23,2025-11-10,On Time,SAP-Style Time
LAB-001604,20251103,84,731,40.0,40.0,35.0,5.0,0.0,0.0,71.25,1.5,2493.75,2025-11-10,On Time,SAP-Style Time
LAB-001605,20251103,85,151,40.0,40.0,34.5,5.5,0.0,0.0,65.88,1.5,2272.86,2025-11-10,On Time,SAP-Style Time
LAB-001606,20251103,86,746,40.0,40.0,33.5,6.5,0.0,0.0,82.25,1.5,2755.38,2025-11-10,On Time,SAP-Style Time
LAB-001607,20251103,87,728,40.0,40.0,35.25,4.75,0.0,0.0,78.64,1.5,2772.06,2025-11-18,Late,SAP-Style Time
LAB-001608,20251103,88,485,40.0,32.0,27.5,4.5,0.0,8.0,71.87,1.5,1976.43,2025-11-10,On Time,SAP-Style Time
LAB-001609,20251103,89,673,40.0,32.0,29.0,4.5,1.5,8.0,77.91,1.5,2317.82,2025-11-10,On Time,SAP-Style Time
LAB-001610,20251103,90,60,40.0,40.0,34.5,5.5,0.0,0.0,74.99,1.5,2587.15,2025-11-11,On Time,SAP-Style Time
LAB-001611,20251103,91,37,40.0,40.0,33.75,6.25,0.0,0.0,68.92,1.5,2326.05,2025-11-18,Late,SAP-Style Time
LAB-001612,20251103,92,60,40.0,40.0,33.75,6.25,0.0,0.0,86.57,1.5,2921.74,2025-11-09,On Time,Mobile Time Entry
LAB-001613,20251103,93,679,40.0,40.0,33.0,7.0,0.0,0.0,107.35,1.0,3542.55,2025-11-09,On Time,SAP-Style Time
LAB-001614,20251103,94,590,40.0,40.0,34.75,5.25,0.0,0.0,114.66,1.5,3984.44,2025-11-12,On Time,SAP-Style Time
LAB-001615,20251103,96,82,40.0,40.0,36.25,3.75,0.0,0.0,158.23,1.0,5735.84,2025-11-09,On Time,SAP-Style Time
LAB-001616,20251103,97,217,40.0,40.0,34.75,5.25,0.0,0.0,96.85,1.5,3365.54,2025-11-11,On Time,SAP-Style Time
LAB-001617,20251103,98,176,40.0,40.0,34.0,6.0,0.0,0.0,98.56,1.5,3351.04,2025-11-10,On Time,SAP-Style Time
LAB-001618,20251103,99,264,40.0,40.0,35.25,4.75,0.0,0.0,101.82,1.5,3589.15,2025-11-11,On Time,SAP-Style Time
LAB-001619,20251103,100,743,40.0,40.0,35.75,4.25,0.0,0.0,92.09,1.5,3292.22,2025-11-12,On Time,SAP-Style Time
LAB-001620,20251103,101,952,40.0,40.0,34.5,5.5,0.0,0.0,114.75,1.5,3958.88,2025-11-10,On Time,Mobile Time Entry
LAB-001621,20251103,102,374,40.0,40.0,35.0,5.0,0.0,0.0,91.58,1.5,3205.3,2025-11-10,On Time,SAP-Style Time
LAB-001622,20251103,103,954,40.0,36.0,31.75,4.25,0.0,4.0,109.51,1.5,3476.94,2025-11-09,On Time,SAP-Style Time
LAB-001623,20251103,104,386,40.0,40.0,35.75,4.25,0.0,0.0,116.26,1.0,4156.3,2025-11-11,On Time,Mobile Time Entry
LAB-001624,20251103,105,799,40.0,40.0,33.75,6.25,0.0,0.0,104.84,1.5,3538.35,2025-11-11,On Time,SAP-Style Time
LAB-006382,20251103,106,68,12.0,10.75,9.25,1.5,0.0,1.25,100.92,1.5,933.51,2025-11-10,On Time,SAP-Style Time
LAB-001625,20251103,106,330,28.0,25.25,21.75,3.5,0.0,2.75,100.92,1.5,2195.01,2025-11-10,On Time,SAP-Style Time
LAB-001626,20251103,107,940,40.0,40.0,34.75,5.25,0.0,0.0,127.16,1.0,4418.81,2025-11-09,On Time,SAP-Style Time
LAB-001627,20251103,108,599,40.0,40.0,33.5,6.5,0.0,0.0,104.5,1.5,3500.75,2025-11-11,On Time,SAP-Style Time
LAB-001628,20251103,109,7,40.0,40.0,35.0,5.0,0.0,0.0,122.66,1.0,4293.1,2025-11-10,On Time,Mobile Time Entry
LAB-001629,20251103,110,116,40.0,40.0,34.5,5.5,0.0,0.0,144.93,1.0,5000.09,2025-11-10,On Time,SAP-Style Time
LAB-001630,20251103,111,854,40.0,40.0,34.5,5.5,0.0,0.0,106.37,1.5,3669.77,2025-11-12,On Time,SAP-Style Time
LAB-001631,20251103,112,436,40.0,40.0,35.0,5.0,0.0,0.0,93.17,1.5,3260.95,2025-11-10,On Time,SAP-Style Time
LAB-001632,20251103,113,183,26.0,26.0,21.5,4.5,0.0,0.0,97.98,1.5,2106.57,2025-11-09,On Time,SAP-Style Time
LAB-006320,20251103,113,374,14.0,14.0,11.5,2.5,0.0,0.0,97.98,1.5,1126.77,2025-11-09,On Time,SAP-Style Time
LAB-001633,20251103,114,644,40.0,40.0,28.25,11.75,0.0,0.0,97.72,1.5,2760.59,2025-11-10,On Time,SAP-Style Time
LAB-001634,20251103,115,541,40.0,32.0,23.25,8.75,0.0,8.0,89.67,1.5,2084.83,2025-11-11,On Time,SAP-Style Time
LAB-001635,20251103,116,920,40.0,32.0,24.25,7.75,0.0,8.0,131.09,1.0,3178.93,2025-11-10,On Time,Mobile Time Entry
LAB-001636,20251103,118,490,40.0,40.0,30.0,10.0,0.0,0.0,123.33,1.0,3699.9,2025-11-10,On Time,SAP-Style Time
LAB-001637,20251103,119,217,40.0,40.0,29.5,10.5,0.0,0.0,98.99,1.5,2920.21,2025-11-11,On Time,SAP-Style Time
LAB-001638,20251103,120,999,40.0,40.0,31.0,9.0,0.0,0.0,79.77,1.5,2472.87,2025-11-11,On Time,SAP-Style Time
LAB-001639,20251110,1,541,40.0,40.0,33.5,6.5,0.0,0.0,100.39,1.5,3363.07,2025-11-17,On Time,SAP-Style Time
LAB-001640,20251110,2,137,40.0,40.0,34.75,5.25,0.0,0.0,150.62,1.0,5234.05,2025-11-17,On Time,SAP-Style Time
LAB-001641,20251110,3,895,40.0,28.0,29.0,3.25,4.25,12.0,83.78,1.5,2607.65,2025-11-18,On Time,SAP-Style Time
LAB-001642,20251110,4,848,40.0,40.0,34.75,5.25,0.0,0.0,78.56,1.5,2729.96,2025-11-17,On Time,SAP-Style Time
LAB-001643,20251110,5,581,40.0,32.0,28.75,3.25,0.0,8.0,120.4,1.0,3461.5,2025-11-18,On Time,SAP-Style Time
LAB-006473,20251110,6,131,12.0,12.0,10.5,1.5,0.0,0.0,89.06,1.5,935.13,2025-11-19,On Time,SAP-Style Time
LAB-001644,20251110,6,841,28.0,28.0,24.5,3.5,0.0,0.0,89.06,1.5,2181.97,2025-11-19,On Time,SAP-Style Time
LAB-001645,20251110,7,831,40.0,40.0,34.5,5.5,0.0,0.0,76.98,1.5,2655.81,2025-11-17,On Time,SAP-Style Time
LAB-001646,20251110,8,356,40.0,40.0,34.5,5.5,0.0,0.0,101.38,1.5,3497.61,2025-11-17,On Time,SAP-Style Time
LAB-001647,20251110,9,848,40.0,40.0,33.5,6.5,0.0,0.0,81.4,1.5,2726.9,2025-11-19,On Time,SAP-Style Time
LAB-001648,20251110,10,42,40.0,40.0,35.5,4.5,0.0,0.0,76.52,1.5,2716.46,2025-11-18,On Time,SAP-Style Time
LAB-001649,20251110,11,743,40.0,40.0,36.0,4.0,0.0,0.0,128.94,1.0,4641.84,2025-11-25,Late,SAP-Style Time
LAB-001650,20251110,12,222,40.0,40.0,34.0,6.0,0.0,0.0,93.13,1.5,3166.42,2025-11-18,On Time,SAP-Style Time
LAB-001651,20251110,13,743,40.0,40.0,34.25,5.75,0.0,0.0,82.59,1.5,2828.71,2025-11-18,On Time,SAP-Style Time
LAB-001652,20251110,14,53,40.0,40.0,33.75,6.25,0.0,0.0,100.38,1.5,3387.83,2025-11-16,On Time,SAP-Style Time
LAB-001653,20251110,15,999,40.0,40.0,35.25,4.75,0.0,0.0,98.87,1.5,3485.17,2025-11-16,On Time,SAP-Style Time
LAB-001654,20251110,16,217,40.0,40.0,35.25,4.75,0.0,0.0,100.34,1.5,3536.99,2025-11-17,On Time,SAP-Style Time
LAB-001655,20251110,17,177,40.0,40.0,35.75,4.25,0.0,0.0,88.53,1.5,3164.95,2025-11-17,On Time,SAP-Style Time
LAB-001656,20251110,18,601,40.0,36.0,33.5,4.25,1.75,4.0,89.32,1.5,3070.38,2025-11-17,On Time,SAP-Style Time
LAB-001657,20251110,19,393,40.0,36.0,32.25,3.75,0.0,4.0,91.26,1.5,2943.14,2025-11-18,On Time,SAP-Style Time
LAB-001658,20251110,20,137,40.0,40.0,34.75,5.25,0.0,0.0,77.3,1.5,2686.17,2025-11-17,On Time,Mobile Time Entry
LAB-001659,20251110,21,313,40.0,28.0,23.75,4.25,0.0,12.0,77.07,1.5,1830.41,2025-11-18,On Time,SAP-Style Time
LAB-001660,20251110,22,105,40.0,16.0,14.0,2.0,0.0,24.0,102.23,1.5,1431.22,2025-11-17,On Time,SAP-Style Time
LAB-001661,20251110,23,831,40.0,40.0,34.5,5.5,0.0,0.0,85.0,1.5,2932.5,2025-11-18,On Time,Mobile Time Entry
LAB-001662,20251110,24,572,40.0,40.0,38.0,5.5,3.5,0.0,81.27,1.5,3230.48,2025-11-17,On Time,SAP-Style Time
LAB-001663,20251110,25,751,40.0,40.0,35.0,5.0,0.0,0.0,102.16,1.0,3575.6,2025-11-17,On Time,SAP-Style Time
LAB-001664,20251110,26,246,40.0,40.0,34.5,5.5,0.0,0.0,85.79,1.5,2959.76,2025-11-17,On Time,SAP-Style Time
LAB-001665,20251110,27,418,40.0,40.0,33.75,6.25,0.0,0.0,104.52,1.5,3527.55,2025-11-17,On Time,SAP-Style Time
LAB-001666,20251110,28,599,40.0,40.0,37.0,5.5,2.5,0.0,82.53,1.5,3156.77,2025-11-17,On Time,SAP-Style Time
LAB-001667,20251110,29,107,40.0,40.0,34.75,5.25,0.0,0.0,79.3,1.5,2755.67,2025-11-17,On Time,SAP-Style Time
LAB-001668,20251110,30,82,40.0,40.0,39.75,5.0,4.75,0.0,79.44,1.5,3346.41,2025-11-18,On Time,SAP-Style Time
LAB-001669,20251110,31,410,40.0,40.0,35.25,4.75,0.0,0.0,105.13,1.5,3705.83,2025-11-18,On Time,SAP-Style Time
LAB-001670,20251110,32,827,40.0,40.0,34.75,5.25,0.0,0.0,82.13,1.5,2854.02,2025-11-17,On Time,SAP-Style Time
LAB-001671,20251110,33,313,40.0,40.0,34.75,5.25,0.0,0.0,89.89,1.5,3123.68,2025-11-17,On Time,SAP-Style Time
LAB-001672,20251110,34,418,40.0,40.0,,5.75,0.0,0.0,98.09,1.5,,2025-11-16,On Time,SAP-Style Time
LAB-001673,20251110,35,404,40.0,40.0,34.5,5.5,0.0,0.0,91.52,1.5,3157.44,2025-11-18,On Time,SAP-Style Time
LAB-001674,20251110,36,719,40.0,40.0,35.0,5.0,0.0,0.0,82.83,1.5,2899.05,2025-11-18,On Time,SAP-Style Time
LAB-001675,20251110,37,13,40.0,40.0,33.75,6.25,0.0,0.0,92.08,1.5,3107.7,2025-11-18,On Time,SAP-Style Time
LAB-001676,20251110,38,404,40.0,40.0,32.75,7.25,0.0,0.0,105.74,1.5,3462.98,2025-11-17,On Time,SAP-Style Time
LAB-001677,20251110,39,307,40.0,24.0,20.25,3.75,0.0,16.0,107.79,1.5,2182.75,2025-11-18,On Time,SAP-Style Time
LAB-001678,20251110,40,418,28.0,28.0,24.0,4.0,0.0,0.0,103.71,1.5,2489.04,2025-11-17,On Time,SAP-Style Time
LAB-006348,20251110,40,865,12.0,12.0,10.25,1.75,0.0,0.0,103.71,1.5,1063.03,2025-11-17,On Time,SAP-Style Time
LAB-001679,20251110,41,281,40.0,40.0,33.75,6.25,0.0,0.0,108.71,1.5,3668.96,2025-11-16,On Time,SAP-Style Time
LAB-001680,20251110,42,147,40.0,32.0,26.75,5.25,0.0,8.0,149.01,1.0,3986.02,2025-11-16,On Time,SAP-Style Time
LAB-001681,20251110,43,660,40.0,16.0,13.25,2.75,0.0,24.0,106.75,1.5,1414.44,2025-11-17,On Time,SAP-Style Time
LAB-001682,20251110,44,559,40.0,40.0,33.5,6.5,0.0,0.0,144.49,1.0,4840.42,2025-11-18,On Time,Mobile Time Entry
LAB-001683,20251110,45,84,40.0,40.0,32.5,7.5,0.0,0.0,86.24,1.5,2802.8,2025-11-17,On Time,SAP-Style Time
LAB-001684,20251110,46,201,40.0,40.0,34.75,5.25,0.0,0.0,143.94,1.0,5001.92,2025-11-18,On Time,SAP-Style Time
LAB-001685,20251110,47,728,40.0,32.0,26.5,5.5,0.0,8.0,106.76,1.5,2829.14,2025-11-19,On Time,SAP-Style Time
LAB-001686,20251110,48,281,40.0,40.0,33.0,7.0,0.0,0.0,87.87,1.5,2899.71,2025-11-16,On Time,SAP-Style Time
LAB-001687,20251110,49,827,40.0,40.0,33.0,7.0,0.0,0.0,83.27,1.5,2747.91,2025-11-17,On Time,SAP-Style Time
LAB-001688,20251110,50,228,40.0,40.0,33.0,7.0,0.0,0.0,101.97,1.5,3365.01,2025-11-18,On Time,SAP-Style Time
LAB-001689,20251110,51,116,26.0,23.5,19.75,3.75,0.0,2.5,86.2,1.5,1702.45,2025-11-18,On Time,SAP-Style Time
LAB-006325,20251110,51,644,14.0,12.5,10.75,1.75,0.0,1.5,86.2,1.5,926.65,2025-11-18,On Time,SAP-Style Time
LAB-001690,20251110,52,253,40.0,36.0,30.0,6.0,0.0,4.0,97.32,1.5,2919.6,2025-11-17,On Time,SAP-Style Time
LAB-001691,20251110,53,751,40.0,40.0,32.75,7.25,0.0,0.0,94.11,1.5,3082.1,2025-11-19,On Time,SAP-Style Time
LAB-001692,20251110,54,888,40.0,40.0,33.25,6.75,0.0,0.0,107.2,1.5,3564.4,2025-11-17,On Time,SAP-Style Time
LAB-001693,20251110,55,281,26.0,26.0,20.25,5.75,0.0,0.0,95.59,1.5,1935.7,2025-11-18,On Time,SAP-Style Time
LAB-006358,20251110,55,425,14.0,14.0,10.75,3.25,0.0,0.0,95.59,1.5,1027.59,2025-11-18,On Time,SAP-Style Time
LAB-001694,20251110,56,1,40.0,40.0,32.25,7.75,0.0,0.0,73.51,1.5,2370.7,2025-11-18,On Time,SAP-Style Time
LAB-001695,20251110,57,732,40.0,40.0,32.25,7.75,0.0,0.0,87.06,1.5,2807.69,2025-11-17,On Time,SAP-Style Time
LAB-001696,20251110,58,604,40.0,40.0,31.0,9.0,0.0,0.0,119.87,1.0,3715.97,2025-11-17,On Time,SAP-Style Time
LAB-001697,20251110,59,742,40.0,24.0,22.5,4.75,3.25,16.0,83.18,1.5,2006.72,2025-11-17,On Time,SAP-Style Time
LAB-001698,20251110,60,515,40.0,40.0,30.75,9.25,0.0,0.0,86.44,1.5,2658.03,2025-11-18,On Time,Mobile Time Entry
LAB-001699,20251110,61,490,40.0,40.0,32.5,7.5,0.0,0.0,83.96,1.5,2728.7,2025-11-16,On Time,Mobile Time Entry
LAB-001700,20251110,62,253,40.0,32.0,25.25,6.75,0.0,8.0,73.28,1.5,1850.32,2025-11-17,On Time,SAP-Style Time
LAB-001701,20251110,63,674,40.0,40.0,32.25,7.75,0.0,0.0,122.98,1.0,3966.11,2025-11-17,On Time,SAP-Style Time
LAB-001702,20251110,64,452,40.0,40.0,31.75,8.25,0.0,0.0,84.9,1.5,2695.58,2025-11-22,Late,Mobile Time Entry
LAB-001703,20251110,65,221,40.0,40.0,32.5,7.5,0.0,0.0,72.42,1.5,2353.65,2025-11-17,On Time,SAP-Style Time
LAB-001704,20251110,66,490,40.0,40.0,33.25,6.75,0.0,0.0,94.95,1.5,3157.09,2025-11-16,On Time,Mobile Time Entry
LAB-001705,20251110,67,206,40.0,40.0,31.25,8.75,0.0,0.0,79.97,1.5,2499.06,2025-11-17,On Time,SAP-Style Time
LAB-001706,20251110,68,221,40.0,40.0,32.25,7.75,0.0,0.0,79.96,1.5,2578.71,2025-11-16,On Time,SAP-Style Time
LAB-001707,20251110,69,151,40.0,32.0,27.75,7.5,3.25,8.0,92.5,1.5,2717.19,2025-11-18,On Time,SAP-Style Time
LAB-001708,20251110,70,297,40.0,40.0,31.75,8.25,0.0,0.0,79.17,1.5,2513.65,2025-11-19,On Time,SAP-Style Time
LAB-001709,20251110,71,240,40.0,40.0,31.75,8.25,0.0,0.0,84.44,1.5,2680.97,2025-11-17,On Time,SAP-Style Time
LAB-001710,20251110,72,397,40.0,40.0,33.0,7.0,0.0,0.0,107.82,1.0,3558.06,2025-11-17,On Time,SAP-Style Time
LAB-001711,20251110,73,183,40.0,40.0,32.25,7.75,0.0,0.0,85.94,1.5,2771.57,2025-11-16,On Time,Manager Adjustment
LAB-001712,20251110,74,7,40.0,40.0,32.75,7.25,0.0,0.0,74.38,1.5,2435.94,2025-11-17,On Time,SAP-Style Time
LAB-001713,20251110,75,76,40.0,40.0,32.25,7.75,0.0,0.0,89.39,1.5,2882.83,2025-11-17,On Time,SAP-Style Time
LAB-001714,20251110,76,240,40.0,40.0,33.25,6.75,0.0,0.0,90.27,1.5,3001.48,2025-11-19,On Time,SAP-Style Time
LAB-001715,20251110,77,145,40.0,40.0,31.75,8.25,0.0,0.0,89.33,1.5,2836.23,2025-11-19,On Time,Mobile Time Entry
LAB-001716,20251110,78,743,40.0,40.0,35.0,5.0,0.0,0.0,83.91,1.5,2936.85,2025-11-25,Late,SAP-Style Time
LAB-001717,20251110,79,397,40.0,40.0,34.25,5.75,0.0,0.0,70.65,1.5,2419.76,2025-11-17,On Time,SAP-Style Time
LAB-001718,20251110,81,175,40.0,40.0,33.5,6.5,0.0,0.0,87.64,1.5,2935.94,2025-11-17,On Time,SAP-Style Time
LAB-001719,20251110,82,644,40.0,40.0,34.0,6.0,0.0,0.0,68.13,1.5,2316.42,2025-11-17,On Time,SAP-Style Time
LAB-001720,20251110,83,234,40.0,40.0,33.5,6.5,0.0,0.0,73.3,1.5,2455.55,2025-11-17,On Time,SAP-Style Time
LAB-001721,20251110,84,674,40.0,40.0,34.75,5.25,0.0,0.0,71.25,1.5,2475.94,2025-11-17,On Time,SAP-Style Time
LAB-001722,20251110,85,929,40.0,40.0,34.5,5.5,0.0,0.0,65.88,1.5,2272.86,2025-11-18,On Time,Mobile Time Entry
LAB-001723,20251110,86,151,40.0,40.0,33.5,6.5,0.0,0.0,82.25,1.5,2755.38,2025-11-17,On Time,SAP-Style Time
LAB-001724,20251110,87,212,40.0,40.0,34.5,5.5,0.0,0.0,78.64,1.5,2713.08,2025-11-16,On Time,SAP-Style Time
LAB-001725,20251110,88,42,40.0,40.0,34.25,5.75,0.0,0.0,71.87,1.5,2461.55,2025-11-16,On Time,SAP-Style Time
LAB-001726,20251110,89,105,40.0,40.0,34.5,5.5,0.0,0.0,77.91,1.5,2687.9,2025-11-18,On Time,SAP-Style Time
LAB-001727,20251110,90,330,40.0,40.0,34.75,5.25,0.0,0.0,74.99,1.5,2605.9,2025-11-18,On Time,SAP-Style Time
LAB-001728,20251110,91,151,40.0,40.0,33.5,6.5,0.0,0.0,68.92,1.5,2308.82,2025-11-17,On Time,SAP-Style Time
LAB-001729,20251110,92,679,40.0,40.0,33.25,6.75,0.0,0.0,86.57,1.5,2878.45,2025-11-19,On Time,SAP-Style Time
LAB-001730,20251110,93,861,40.0,40.0,35.25,6.75,2.0,0.0,107.35,1.0,3784.09,2025-11-17,On Time,SAP-Style Time
LAB-001731,20251110,94,389,40.0,40.0,35.0,5.0,0.0,0.0,114.66,1.5,4013.1,2025-11-18,On Time,SAP-Style Time
LAB-001732,20251110,96,301,40.0,40.0,36.25,3.75,0.0,0.0,158.23,1.0,5735.84,2025-11-16,On Time,SAP-Style Time
LAB-001733,20251110,97,145,40.0,40.0,34.75,5.25,0.0,0.0,96.85,1.5,3365.54,2025-11-16,On Time,SAP-Style Time
LAB-001734,20251110,98,485,40.0,40.0,34.0,6.0,0.0,0.0,98.56,1.5,3351.04,2025-11-16,On Time,SAP-Style Time
LAB-001735,20251110,99,572,40.0,40.0,35.25,4.75,0.0,0.0,101.82,1.5,3589.15,2025-11-18,On Time,SAP-Style Time
LAB-001736,20251110,100,743,40.0,40.0,35.5,4.5,0.0,0.0,92.09,1.5,3269.2,2025-11-17,On Time,SAP-Style Time
LAB-001737,20251110,101,535,40.0,40.0,33.75,6.25,0.0,0.0,114.75,1.5,3872.81,2025-11-17,On Time,SAP-Style Time
LAB-001738,20251110,102,9,40.0,28.0,24.0,4.0,0.0,12.0,91.58,1.5,2197.92,2025-11-17,On Time,SAP-Style Time
LAB-001739,20251110,103,178,30.0,30.0,26.5,3.5,0.0,0.0,109.51,1.5,2902.02,2025-11-17,On Time,Mobile Time Entry
LAB-006364,20251110,103,222,10.0,10.0,8.75,1.25,0.0,0.0,109.51,1.5,958.21,2025-11-17,On Time,Mobile Time Entry
LAB-001740,20251110,104,234,40.0,40.0,35.25,4.75,0.0,0.0,116.26,1.0,4098.17,2025-11-18,On Time,Manager Adjustment
LAB-001741,20251110,105,404,40.0,40.0,34.0,6.0,0.0,0.0,104.84,1.5,3564.56,2025-11-18,On Time,SAP-Style Time
LAB-001742,20251110,106,865,40.0,40.0,34.0,6.0,0.0,0.0,100.92,1.5,3431.28,2025-11-17,On Time,SAP-Style Time
LAB-001743,20251110,107,392,40.0,40.0,40.75,5.0,5.75,0.0,127.16,1.0,5181.77,2025-11-25,Late,SAP-Style Time
LAB-001744,20251110,108,954,40.0,40.0,33.75,6.25,0.0,0.0,104.5,1.5,3526.88,2025-11-17,On Time,SAP-Style Time
LAB-001745,20251110,109,222,40.0,40.0,37.75,5.5,3.25,0.0,122.66,1.0,4630.41,2025-11-20,Late,SAP-Style Time
LAB-001746,20251110,110,956,40.0,32.0,27.5,4.5,0.0,8.0,144.93,1.0,3985.58,2025-11-18,On Time,SAP-Style Time
LAB-001747,20251110,111,335,40.0,40.0,34.0,6.0,0.0,0.0,106.37,1.5,3616.58,2025-11-18,On Time,SAP-Style Time
LAB-001748,20251110,112,367,40.0,40.0,34.75,5.25,0.0,0.0,93.17,1.5,3237.66,2025-11-17,On Time,SAP-Style Time
LAB-001749,20251110,113,213,40.0,40.0,33.0,7.0,0.0,0.0,97.98,1.5,3233.34,2025-11-17,On Time,SAP-Style Time
LAB-001750,20251110,114,400,40.0,40.0,28.0,12.0,0.0,0.0,97.72,1.5,2736.16,2025-11-17,On Time,SAP-Style Time
LAB-001751,20251110,115,7,40.0,40.0,29.0,11.0,0.0,0.0,89.67,1.5,2600.43,2025-11-17,On Time,SAP-Style Time
LAB-001752,20251110,116,189,40.0,40.0,29.5,10.5,0.0,0.0,131.09,1.0,3867.16,2025-11-16,On Time,SAP-Style Time
LAB-001753,20251110,118,330,40.0,40.0,30.25,9.75,0.0,0.0,123.33,1.0,3730.73,2025-11-17,On Time,SAP-Style Time
LAB-001754,20251110,119,513,40.0,40.0,30.25,9.75,0.0,0.0,98.99,1.5,2994.45,2025-11-17,On Time,SAP-Style Time
LAB-001755,20251110,120,277,40.0,40.0,30.75,9.25,0.0,0.0,79.77,1.5,2452.93,2025-11-16,On Time,Mobile Time Entry
LAB-001756,20251117,1,706,40.0,40.0,38.75,6.5,5.25,0.0,100.39,1.5,4153.64,2025-11-23,On Time,SAP-Style Time
LAB-001757,20251117,2,581,40.0,40.0,35.0,5.0,0.0,0.0,150.62,1.0,5271.7,2025-12-04,Late,SAP-Style Time
LAB-001758,20251117,3,393,40.0,40.0,34.75,5.25,0.0,0.0,83.78,1.5,2911.36,2025-11-24,On Time,SAP-Style Time
LAB-001759,20251117,4,199,40.0,40.0,35.0,5.0,0.0,0.0,78.56,1.5,2749.6,2025-11-25,On Time,SAP-Style Time
LAB-001760,20251117,5,590,40.0,40.0,35.75,4.25,0.0,0.0,120.4,1.0,4304.3,2025-11-25,On Time,SAP-Style Time
LAB-001761,20251117,6,436,40.0,40.0,35.25,4.75,0.0,0.0,89.06,1.5,3139.37,2025-11-24,On Time,SAP-Style Time
LAB-001762,20251117,7,131,40.0,40.0,34.0,6.0,0.0,0.0,76.98,1.5,2617.32,2025-11-23,On Time,Mobile Time Entry
LAB-001763,20251117,8,535,40.0,40.0,34.75,5.25,0.0,0.0,101.38,1.5,3522.96,2025-11-24,On Time,Mobile Time Entry
LAB-001764,20251117,9,82,40.0,40.0,33.75,6.25,0.0,0.0,81.4,1.5,2747.25,2025-11-24,On Time,SAP-Style Time
LAB-001765,20251117,10,105,40.0,40.0,35.25,4.75,0.0,0.0,76.52,1.5,2697.33,2025-11-24,On Time,Mobile Time Entry
LAB-001766,20251117,11,406,40.0,40.0,35.0,5.0,0.0,0.0,128.94,1.0,4512.9,2025-11-24,On Time,SAP-Style Time
LAB-001767,20251117,12,183,40.0,40.0,34.5,5.5,0.0,0.0,93.13,1.5,3212.98,2025-11-30,Late,SAP-Style Time
LAB-001768,20251117,13,410,40.0,40.0,33.5,6.5,0.0,0.0,82.59,1.5,2766.77,2025-11-24,On Time,SAP-Style Time
LAB-001769,20251117,14,519,40.0,40.0,33.5,6.5,0.0,0.0,100.38,1.5,3362.73,2025-11-25,On Time,SAP-Style Time
LAB-006398,20251117,15,761,10.0,10.0,8.75,1.25,0.0,0.0,98.87,1.5,865.11,2025-11-24,On Time,SAP-Style Time
LAB-001770,20251117,15,831,30.0,30.0,26.5,3.5,0.0,0.0,98.87,1.5,2620.06,2025-11-24,On Time,SAP-Style Time
LAB-001771,20251117,16,485,40.0,40.0,35.25,4.75,0.0,0.0,100.34,1.5,3536.99,2025-11-25,On Time,SAP-Style Time
LAB-001772,20251117,17,356,40.0,40.0,36.5,3.5,0.0,0.0,88.53,1.5,3231.35,2025-11-24,On Time,SAP-Style Time
LAB-001773,20251117,18,224,40.0,40.0,35.75,4.25,0.0,0.0,89.32,1.5,3193.19,2025-11-24,On Time,SAP-Style Time
LAB-001774,20251117,19,393,40.0,40.0,35.25,4.75,0.0,0.0,91.26,1.5,3216.92,2025-11-23,On Time,SAP-Style Time
LAB-001775,20251117,20,334,40.0,40.0,35.25,4.75,0.0,0.0,77.3,1.5,2724.83,2025-11-23,On Time,Mobile Time Entry
LAB-001776,20251117,21,590,40.0,40.0,34.0,6.0,0.0,0.0,77.07,1.5,2620.38,2025-11-23,On Time,SAP-Style Time
LAB-001777,20251117,22,559,40.0,40.0,34.75,5.25,0.0,0.0,102.23,1.5,3552.49,2025-11-25,On Time,SAP-Style Time
LAB-001778,20251117,23,53,40.0,40.0,34.5,5.5,0.0,0.0,85.0,1.5,2932.5,2025-11-24,On Time,SAP-Style Time
LAB-001779,20251117,24,147,40.0,32.0,27.75,4.25,0.0,8.0,81.27,1.5,2255.24,2025-11-25,On Time,SAP-Style Time
LAB-001780,20251117,25,721,40.0,40.0,34.5,5.5,0.0,0.0,102.16,1.0,3524.52,2025-11-25,On Time,Mobile Time Entry
LAB-001781,20251117,26,800,40.0,40.0,34.5,5.5,0.0,0.0,85.79,1.5,2959.76,2025-11-24,On Time,SAP-Style Time
LAB-001782,20251117,27,377,40.0,40.0,34.0,6.0,0.0,0.0,104.52,1.5,3553.68,2025-11-25,On Time,SAP-Style Time
LAB-001783,20251117,28,706,40.0,40.0,34.5,5.5,0.0,0.0,82.53,1.5,2847.29,2025-11-24,On Time,SAP-Style Time
LAB-001784,20251117,29,12,40.0,40.0,38.5,5.75,4.25,0.0,79.3,1.5,3221.56,2025-11-24,On Time,SAP-Style Time
LAB-001785,20251117,30,479,40.0,40.0,35.25,4.75,0.0,0.0,79.44,1.5,2800.26,2025-11-23,On Time,SAP-Style Time
LAB-001786,20251117,31,9,40.0,40.0,34.75,5.25,0.0,0.0,105.13,1.5,3653.27,2025-11-24,On Time,Mobile Time Entry
LAB-001787,20251117,32,944,40.0,36.0,32.0,4.0,0.0,4.0,82.13,1.5,2628.16,2025-11-25,On Time,SAP-Style Time
LAB-001788,20251117,33,587,40.0,40.0,34.5,5.5,0.0,0.0,89.89,1.5,3101.21,2025-11-24,On Time,SAP-Style Time
LAB-001789,20251117,34,848,40.0,40.0,35.0,5.0,0.0,0.0,98.09,1.5,3433.15,2025-11-25,On Time,Mobile Time Entry
LAB-001790,20251117,35,756,40.0,40.0,34.25,5.75,0.0,0.0,91.52,1.5,3134.56,2025-11-24,On Time,SAP-Style Time
LAB-001791,20251117,36,100,40.0,40.0,34.75,5.25,0.0,0.0,82.83,1.5,2878.34,2025-11-23,On Time,SAP-Style Time
LAB-001792,20251117,37,145,40.0,40.0,34.0,6.0,0.0,0.0,92.08,1.5,3130.72,2025-11-23,On Time,SAP-Style Time
LAB-001793,20251117,38,432,40.0,40.0,33.25,6.75,0.0,0.0,105.74,1.5,3515.86,2025-11-25,On Time,SAP-Style Time
LAB-001794,20251117,39,297,40.0,28.0,23.75,4.25,0.0,12.0,107.79,1.5,2560.01,2025-11-23,On Time,SAP-Style Time
LAB-001795,20251117,40,189,40.0,40.0,34.0,6.0,0.0,0.0,103.71,1.5,3526.14,2025-11-29,Late,SAP-Style Time
LAB-001796,20251117,41,420,40.0,40.0,33.0,7.0,0.0,0.0,108.71,1.5,3587.43,2025-11-24,On Time,SAP-Style Time
LAB-001797,20251117,42,888,40.0,40.0,33.75,6.25,0.0,0.0,149.01,1.0,5029.09,2025-12-05,Late,SAP-Style Time
LAB-001798,20251117,43,768,40.0,40.0,33.0,7.0,0.0,0.0,106.75,1.5,3522.75,2025-11-26,On Time,SAP-Style Time
LAB-001799,20251117,44,918,40.0,36.0,30.5,5.5,0.0,4.0,144.49,1.0,4406.95,2025-11-24,On Time,SAP-Style Time
LAB-001800,20251117,45,841,40.0,40.0,31.75,8.25,0.0,0.0,86.24,1.5,2738.12,2025-11-24,On Time,SAP-Style Time
LAB-001801,20251117,46,548,40.0,40.0,34.5,5.5,0.0,0.0,143.94,1.0,4965.93,2025-11-24,On Time,SAP-Style Time
LAB-001802,20251117,47,137,40.0,16.0,13.25,2.75,0.0,24.0,106.76,1.5,1414.57,2025-11-24,On Time,Mobile Time Entry
LAB-001803,20251117,48,642,40.0,40.0,32.75,7.25,0.0,0.0,87.87,1.5,2877.74,2025-11-23,On Time,SAP-Style Time
LAB-001804,20251117,49,667,40.0,40.0,33.0,7.0,0.0,0.0,83.27,1.5,2747.91,2025-11-26,On Time,SAP-Style Time
LAB-001805,20251117,50,84,40.0,40.0,32.75,7.25,0.0,0.0,101.97,1.5,3339.52,2025-12-02,Late,SAP-Style Time
LAB-001806,20251117,51,435,40.0,40.0,34.0,6.0,0.0,0.0,86.2,1.5,2930.8,2025-11-25,On Time,SAP-Style Time
LAB-001807,20251117,52,37,40.0,40.0,33.5,6.5,0.0,0.0,97.32,1.5,3260.22,2025-11-24,On Time,Mobile Time Entry
LAB-001808,20251117,53,791,40.0,40.0,33.25,6.75,0.0,0.0,94.11,1.5,3129.16,2025-11-25,On Time,SAP-Style Time
LAB-006375,20251117,54,432,16.0,16.0,13.25,2.75,0.0,0.0,107.2,1.5,1420.4,2025-11-23,On Time,SAP-Style Time
LAB-001809,20251117,54,848,24.0,24.0,19.75,4.25,0.0,0.0,107.2,1.5,2117.2,2025-11-23,On Time,SAP-Style Time
LAB-001810,20251117,55,963,40.0,40.0,31.75,8.25,0.0,0.0,95.59,1.5,3034.98,2025-11-24,On Time,SAP-Style Time
LAB-001811,20251117,56,7,40.0,40.0,31.75,8.25,0.0,0.0,73.51,1.5,2333.94,2025-11-25,On Time,SAP-Style Time
LAB-001812,20251117,57,37,40.0,40.0,31.75,8.25,0.0,0.0,87.06,1.5,2764.16,2025-11-24,On Time,SAP-Style Time
LAB-001813,20251117,58,426,40.0,16.0,12.75,3.25,0.0,24.0,119.87,1.0,1528.34,2025-11-24,On Time,SAP-Style Time
LAB-001814,20251117,59,742,40.0,40.0,32.25,7.75,0.0,0.0,83.18,1.5,2682.56,2025-11-24,On Time,SAP-Style Time
LAB-001815,20251117,60,564,40.0,40.0,31.25,8.75,0.0,0.0,86.44,1.5,2701.25,2025-11-24,On Time,SAP-Style Time
LAB-001816,20251117,61,535,40.0,40.0,32.0,8.0,0.0,0.0,83.96,1.5,2686.72,2025-11-24,On Time,SAP-Style Time
LAB-001817,20251117,62,201,40.0,40.0,31.75,8.25,0.0,0.0,73.28,1.5,2326.64,2025-11-25,On Time,SAP-Style Time
LAB-001818,20251117,63,342,40.0,40.0,32.75,7.25,0.0,0.0,122.98,1.0,4027.6,2025-11-23,On Time,SAP-Style Time
LAB-001819,20251117,64,29,40.0,40.0,32.25,7.75,0.0,0.0,84.9,1.5,2738.03,2025-11-23,On Time,SAP-Style Time
LAB-001820,20251117,65,240,40.0,40.0,32.75,7.25,0.0,0.0,72.42,1.5,2371.76,2025-11-25,On Time,Mobile Time Entry
LAB-001821,20251117,66,307,40.0,40.0,33.0,7.0,0.0,0.0,94.95,1.5,3133.35,2025-11-25,On Time,SAP-Style Time
LAB-001822,20251117,67,175,40.0,40.0,31.5,8.5,0.0,0.0,79.97,1.5,2519.06,2025-11-24,On Time,SAP-Style Time
LAB-001823,20251117,68,336,40.0,40.0,32.75,7.25,0.0,0.0,79.96,1.5,2618.69,2025-11-24,On Time,SAP-Style Time
LAB-001824,20251117,69,956,40.0,40.0,31.0,9.0,0.0,0.0,92.5,1.5,2867.5,2025-11-26,On Time,SAP-Style Time
LAB-001825,20251117,70,501,40.0,40.0,31.5,8.5,0.0,0.0,79.17,1.5,2493.86,2025-11-26,On Time,SAP-Style Time
LAB-001826,20251117,71,273,40.0,40.0,31.5,8.5,0.0,0.0,84.44,1.5,2659.86,2025-11-24,On Time,SAP-Style Time
LAB-001827,20251117,72,935,40.0,36.0,29.5,6.5,0.0,4.0,107.82,1.0,3180.69,2025-11-25,On Time,SAP-Style Time
LAB-001828,20251117,73,240,40.0,40.0,32.0,8.0,0.0,0.0,85.94,1.5,2750.08,2025-11-23,On Time,Mobile Time Entry
LAB-001829,20251117,74,107,40.0,40.0,32.0,8.0,0.0,0.0,74.38,1.5,2380.16,2025-11-25,On Time,SAP-Style Time
LAB-001830,20251117,75,848,40.0,40.0,32.75,7.25,0.0,0.0,89.39,1.5,2927.52,2025-11-24,On Time,SAP-Style Time
LAB-001831,20251117,76,426,40.0,40.0,33.0,7.0,0.0,0.0,90.27,1.5,2978.91,2025-11-24,On Time,SAP-Style Time
LAB-001832,20251117,77,756,40.0,40.0,31.25,8.75,0.0,0.0,89.33,1.5,2791.56,2025-11-23,On Time,Mobile Time Entry
LAB-001833,20251117,78,307,40.0,40.0,35.25,4.75,0.0,0.0,83.91,1.5,2957.83,2025-11-24,On Time,SAP-Style Time
LAB-001834,20251117,79,406,40.0,40.0,35.0,5.0,0.0,0.0,70.65,1.5,2472.75,2025-11-23,On Time,SAP-Style Time
LAB-001835,20251117,81,920,40.0,40.0,34.0,6.0,0.0,0.0,87.64,1.5,2979.76,2025-11-25,On Time,SAP-Style Time
LAB-001836,20251117,82,213,40.0,40.0,34.0,6.0,0.0,0.0,68.13,1.5,2316.42,2025-11-24,On Time,SAP-Style Time
LAB-001837,20251117,83,732,40.0,40.0,33.0,7.0,0.0,0.0,73.3,1.5,2418.9,2025-11-26,On Time,SAP-Style Time
LAB-001838,20251117,84,577,40.0,40.0,34.0,6.0,0.0,0.0,71.25,1.5,2422.5,2025-11-25,On Time,SAP-Style Time
LAB-001839,20251117,85,213,24.0,24.0,20.5,3.5,0.0,0.0,65.88,1.5,1350.54,2025-11-25,On Time,Mobile Time Entry
LAB-006353,20251117,85,624,16.0,16.0,13.5,2.5,0.0,0.0,65.88,1.5,889.38,2025-11-25,On Time,Mobile Time Entry
LAB-001840,20251117,86,131,40.0,40.0,36.5,5.75,2.25,0.0,82.25,1.5,3094.66,2025-11-24,On Time,SAP-Style Time
LAB-001841,20251117,87,222,40.0,40.0,38.5,5.25,3.75,0.0,78.64,1.5,3175.09,2025-11-24,On Time,SAP-Style Time
LAB-006391,20251117,88,464,14.0,14.0,12.0,2.0,0.0,0.0,71.87,1.5,862.44,2025-11-25,On Time,SAP-Style Time
LAB-001842,20251117,88,988,26.0,26.0,22.0,4.0,0.0,0.0,71.87,1.5,1581.14,2025-11-25,On Time,SAP-Style Time
LAB-001843,20251117,89,644,40.0,40.0,34.25,5.75,0.0,0.0,77.91,1.5,2668.42,2025-11-24,On Time,Mobile Time Entry
LAB-001844,20251117,90,587,40.0,40.0,34.5,5.5,0.0,0.0,74.99,1.5,2587.15,2025-11-25,On Time,SAP-Style Time
LAB-001845,20251117,91,780,40.0,32.0,27.0,5.0,0.0,8.0,68.92,1.5,1860.84,2025-11-24,On Time,SAP-Style Time
LAB-001846,20251117,92,800,28.0,28.0,23.0,5.0,0.0,0.0,86.57,1.5,1991.11,2025-11-23,On Time,SAP-Style Time
LAB-006387,20251117,92,861,12.0,12.0,9.75,2.25,0.0,0.0,86.57,1.5,844.06,2025-11-23,On Time,SAP-Style Time
LAB-001847,20251117,93,273,40.0,28.0,23.5,4.5,0.0,12.0,107.35,1.0,2522.73,2025-11-25,On Time,Mobile Time Entry
LAB-001848,20251117,94,865,40.0,40.0,34.25,5.75,0.0,0.0,114.66,1.5,3927.11,2025-11-23,On Time,SAP-Style Time
LAB-001849,20251117,96,624,40.0,40.0,39.0,4.0,3.0,0.0,158.23,1.0,6170.97,2025-11-24,On Time,SAP-Style Time
LAB-001850,20251117,97,217,40.0,28.0,24.5,3.5,0.0,12.0,96.85,1.5,2372.83,2025-11-24,On Time,Mobile Time Entry
LAB-001851,20251117,98,780,40.0,40.0,40.25,5.75,6.0,0.0,98.56,1.5,4262.72,2025-11-24,On Time,Manager Adjustment
LAB-001852,20251117,99,533,40.0,40.0,34.75,5.25,0.0,0.0,101.82,1.5,3538.25,2025-11-25,On Time,SAP-Style Time
LAB-001853,20251117,100,189,40.0,40.0,35.0,5.0,0.0,0.0,92.09,1.5,3223.15,2025-11-25,On Time,SAP-Style Time
LAB-001854,20251117,101,799,40.0,40.0,33.75,6.25,0.0,0.0,114.75,1.5,3872.81,2025-11-25,On Time,SAP-Style Time
LAB-001855,20251117,102,800,40.0,32.0,27.25,4.75,0.0,8.0,91.58,1.5,2495.56,2025-11-25,On Time,SAP-Style Time
LAB-001856,20251117,103,799,40.0,40.0,35.0,5.0,0.0,0.0,109.51,1.5,3832.85,2025-11-25,On Time,Mobile Time Entry
LAB-001857,20251117,104,873,40.0,40.0,36.0,4.0,0.0,0.0,116.26,1.0,4185.36,2025-11-24,On Time,SAP-Style Time
LAB-001858,20251117,105,531,40.0,40.0,35.25,4.75,0.0,0.0,104.84,1.5,3695.61,2025-11-24,On Time,Manager Adjustment
LAB-001859,20251117,106,176,40.0,40.0,33.5,6.5,0.0,0.0,100.92,1.5,3380.82,2025-11-24,On Time,SAP-Style Time
LAB-001860,20251117,107,601,40.0,40.0,34.5,5.5,0.0,0.0,127.16,1.0,4387.02,2025-11-25,On Time,SAP-Style Time
LAB-001861,20251117,108,246,40.0,40.0,,6.5,0.0,0.0,104.5,1.5,,2025-11-25,On Time,SAP-Style Time
LAB-001862,20251117,109,865,40.0,40.0,33.5,6.5,0.0,0.0,122.66,1.0,4109.11,2025-11-23,On Time,SAP-Style Time
LAB-001863,20251117,110,780,40.0,40.0,34.75,5.25,0.0,0.0,144.93,1.0,5036.32,2025-11-25,On Time,SAP-Style Time
LAB-001864,20251117,111,242,40.0,40.0,33.0,7.0,0.0,0.0,106.37,1.5,3510.21,2025-11-24,On Time,SAP-Style Time
LAB-001865,20251117,112,573,40.0,40.0,34.75,5.25,0.0,0.0,93.17,1.5,3237.66,2025-11-25,On Time,SAP-Style Time
LAB-001866,20251117,113,260,40.0,32.0,26.5,5.5,0.0,8.0,97.98,1.5,2596.47,2025-11-24,On Time,SAP-Style Time
LAB-001867,20251117,114,485,40.0,40.0,28.75,11.25,0.0,0.0,97.72,1.5,2809.45,2025-11-25,On Time,SAP-Style Time
LAB-001868,20251117,115,580,40.0,40.0,29.0,11.0,0.0,0.0,89.67,1.5,2600.43,2025-11-25,On Time,SAP-Style Time
LAB-001869,20251117,116,386,40.0,40.0,30.0,10.0,0.0,0.0,131.09,1.0,3932.7,2025-11-25,On Time,SAP-Style Time
LAB-001870,20251117,118,555,40.0,40.0,30.5,9.5,0.0,0.0,123.33,1.0,3761.57,2025-11-23,On Time,SAP-Style Time
LAB-001871,20251117,119,510,40.0,40.0,30.25,9.75,0.0,0.0,98.99,1.5,2994.45,2025-11-23,On Time,SAP-Style Time
LAB-001872,20251117,120,756,40.0,40.0,30.0,10.0,0.0,0.0,79.77,1.5,2393.1,2025-11-24,On Time,SAP-Style Time
LAB-001873,20251124,1,389,32.0,32.0,27.75,4.25,0.0,0.0,100.39,1.5,2785.82,2025-12-02,On Time,SAP-Style Time
LAB-001874,20251124,2,742,32.0,32.0,27.75,4.25,0.0,0.0,150.62,1.0,4179.71,2025-12-02,On Time,SAP-Style Time
LAB-001875,20251124,3,831,32.0,32.0,27.25,4.75,0.0,0.0,83.78,1.5,2283.01,2025-12-01,On Time,SAP-Style Time
LAB-006360,20251124,4,377,9.5,9.5,8.25,1.25,0.0,0.0,78.56,1.5,648.12,2025-12-01,On Time,SAP-Style Time
LAB-001876,20251124,4,800,22.5,22.5,19.5,3.0,0.0,0.0,78.56,1.5,1531.92,2025-12-01,On Time,SAP-Style Time
LAB-001877,20251124,5,517,32.0,32.0,28.5,3.5,0.0,0.0,120.4,1.0,3431.4,2025-11-30,On Time,SAP-Style Time
LAB-001878,20251124,6,472,32.0,32.0,28.25,3.75,0.0,0.0,89.06,1.5,2515.95,2025-12-11,Late,SAP-Style Time
LAB-001879,20251124,7,147,32.0,32.0,27.0,5.0,0.0,0.0,76.98,1.5,2078.46,2025-11-30,On Time,SAP-Style Time
LAB-001880,20251124,8,531,32.0,32.0,27.5,4.5,0.0,0.0,101.38,1.5,2787.95,2025-11-30,On Time,SAP-Style Time
LAB-001881,20251124,9,551,32.0,32.0,26.75,5.25,0.0,0.0,81.4,1.5,2177.45,2025-12-02,On Time,SAP-Style Time
LAB-001882,20251124,10,580,32.0,32.0,28.5,3.5,0.0,0.0,76.52,1.5,2180.82,2025-12-02,On Time,SAP-Style Time
LAB-001883,20251124,11,829,32.0,32.0,28.25,3.75,0.0,0.0,128.94,1.0,3642.56,2025-12-03,On Time,SAP-Style Time
LAB-001884,20251124,12,367,32.0,32.0,28.5,3.5,0.0,0.0,93.13,1.5,2654.21,2025-12-01,On Time,SAP-Style Time
LAB-001885,20251124,13,780,32.0,32.0,27.25,4.75,0.0,0.0,82.59,1.5,2250.58,2025-11-30,On Time,SAP-Style Time
LAB-001886,20251124,14,580,32.0,32.0,27.0,5.0,0.0,0.0,100.38,1.5,2710.26,2025-12-02,On Time,Mobile Time Entry
LAB-001887,20251124,15,572,32.0,32.0,27.75,4.25,0.0,0.0,98.87,1.5,2743.64,2025-11-30,On Time,SAP-Style Time
LAB-001888,20251124,16,988,32.0,32.0,28.0,4.0,0.0,0.0,100.34,1.5,2809.52,2025-12-02,On Time,Mobile Time Entry
LAB-001889,20251124,17,9,32.0,32.0,29.5,2.5,0.0,0.0,88.53,1.5,2611.64,2025-12-01,On Time,SAP-Style Time
LAB-001890,20251124,18,406,32.0,32.0,28.0,4.0,0.0,0.0,89.32,1.5,2500.96,2025-12-01,On Time,Mobile Time Entry
LAB-001891,20251124,19,517,32.0,32.0,32.25,4.0,4.25,0.0,91.26,1.5,3137.06,2025-12-01,On Time,SAP-Style Time
LAB-001892,20251124,20,313,32.0,32.0,28.0,4.0,0.0,0.0,77.3,1.5,2164.4,2025-12-01,On Time,SAP-Style Time
LAB-001893,20251124,21,93,32.0,32.0,27.5,4.5,0.0,0.0,77.07,1.5,2119.42,2025-12-01,On Time,SAP-Style Time
LAB-001894,20251124,22,576,32.0,32.0,28.0,4.0,0.0,0.0,102.23,1.5,2862.44,2025-12-02,On Time,SAP-Style Time
LAB-001895,20251124,23,590,32.0,32.0,27.75,4.25,0.0,0.0,85.0,1.5,2358.75,2025-12-01,On Time,SAP-Style Time
LAB-001896,20251124,24,501,32.0,24.0,21.5,2.5,0.0,8.0,81.27,1.5,1747.3,2025-12-01,On Time,SAP-Style Time
LAB-001897,20251124,25,389,32.0,32.0,27.5,4.5,0.0,0.0,102.16,1.0,2809.4,2025-11-30,On Time,SAP-Style Time
LAB-001898,20251124,26,342,32.0,32.0,27.75,4.25,0.0,0.0,85.79,1.5,2380.67,2025-11-30,On Time,SAP-Style Time
LAB-001899,20251124,27,314,32.0,32.0,26.75,5.25,0.0,0.0,104.52,1.5,2795.91,2025-12-01,On Time,SAP-Style Time
LAB-001900,20251124,28,952,32.0,32.0,28.0,4.0,0.0,0.0,82.53,1.5,2310.84,2025-12-01,On Time,SAP-Style Time
LAB-001901,20251124,29,400,32.0,32.0,27.75,4.25,0.0,0.0,79.3,1.5,2200.58,2025-12-01,On Time,SAP-Style Time
LAB-001902,20251124,30,116,32.0,32.0,29.0,3.0,0.0,0.0,79.44,1.5,2303.76,2025-12-02,On Time,SAP-Style Time
LAB-001903,20251124,31,954,32.0,28.0,24.0,4.0,0.0,4.0,105.13,1.5,2523.12,2025-12-13,Late,SAP-Style Time
LAB-001904,20251124,32,555,32.0,32.0,28.5,3.5,0.0,0.0,82.13,1.5,2340.71,2025-11-30,On Time,SAP-Style Time
LAB-001905,20251124,33,438,32.0,32.0,28.0,4.0,0.0,0.0,89.89,1.5,2516.92,2025-12-01,On Time,SAP-Style Time
LAB-001906,20251124,34,308,32.0,32.0,27.25,4.75,0.0,0.0,98.09,1.5,2672.95,2025-12-01,On Time,Mobile Time Entry
LAB-001907,20251124,35,228,32.0,32.0,27.25,4.75,0.0,0.0,91.52,1.5,2493.92,2025-12-01,On Time,SAP-Style Time
LAB-001908,20251124,36,850,32.0,24.0,20.5,3.5,0.0,8.0,82.83,1.5,1698.01,2025-12-03,On Time,Mobile Time Entry
LAB-001909,20251124,37,116,32.0,32.0,27.0,5.0,0.0,0.0,92.08,1.5,2486.16,2025-12-02,On Time,SAP-Style Time
LAB-001910,20251124,38,143,32.0,32.0,26.5,5.5,0.0,0.0,105.74,1.5,2802.11,2025-12-02,On Time,Mobile Time Entry
LAB-001911,20251124,39,827,32.0,32.0,27.0,5.0,0.0,0.0,107.79,1.5,2910.33,2025-12-02,On Time,SAP-Style Time
LAB-001912,20251124,40,731,32.0,32.0,27.25,4.75,0.0,0.0,103.71,1.5,2826.1,2025-12-01,On Time,SAP-Style Time
LAB-001913,20251124,41,264,32.0,32.0,26.0,6.0,0.0,0.0,108.71,1.5,2826.46,2025-12-01,On Time,SAP-Style Time
LAB-001914,20251124,42,829,32.0,32.0,27.0,5.0,0.0,0.0,149.01,1.0,4023.27,2025-12-01,On Time,SAP-Style Time
LAB-001915,20251124,43,29,32.0,32.0,26.75,5.25,0.0,0.0,106.75,1.5,2855.56,2025-12-02,On Time,SAP-Style Time
LAB-001916,20251124,44,1,32.0,32.0,26.5,5.5,0.0,0.0,144.49,1.0,3828.99,2025-12-02,On Time,SAP-Style Time
LAB-001917,20251124,45,572,32.0,32.0,26.0,6.0,0.0,0.0,86.24,1.5,2242.24,2025-11-30,On Time,SAP-Style Time
LAB-001918,20251124,46,918,32.0,32.0,27.25,4.75,0.0,0.0,143.94,1.0,3922.37,2025-12-02,On Time,SAP-Style Time
LAB-001919,20251124,47,827,32.0,32.0,26.5,5.5,0.0,0.0,106.76,1.5,2829.14,2025-12-02,On Time,SAP-Style Time
LAB-001920,20251124,48,68,32.0,32.0,26.0,6.0,0.0,0.0,87.87,1.5,2284.62,2025-12-01,On Time,Manager Adjustment
LAB-001921,20251124,49,688,32.0,24.0,19.75,4.25,0.0,8.0,83.27,1.5,1644.58,2025-12-02,On Time,SAP-Style Time
LAB-001922,20251124,50,78,32.0,32.0,26.75,5.25,0.0,0.0,101.97,1.5,2727.7,2025-12-01,On Time,SAP-Style Time
LAB-001923,20251124,51,988,32.0,24.0,20.25,3.75,0.0,8.0,86.2,1.5,1745.55,2025-12-02,On Time,SAP-Style Time
LAB-001924,20251124,52,177,32.0,32.0,28.0,5.25,1.25,0.0,97.32,1.5,2785.79,2025-12-02,On Time,Mobile Time Entry
LAB-001925,20251124,53,920,32.0,32.0,26.0,6.0,0.0,0.0,94.11,1.5,2446.86,2025-12-01,On Time,SAP-Style Time
LAB-001926,20251124,54,688,32.0,32.0,26.75,5.25,0.0,0.0,107.2,1.5,2867.6,2025-12-01,On Time,SAP-Style Time
LAB-001927,20251124,55,189,32.0,32.0,25.5,6.5,0.0,0.0,95.59,1.5,2437.55,2025-11-30,On Time,SAP-Style Time
LAB-001928,20251124,56,803,32.0,32.0,25.5,6.5,0.0,0.0,73.51,1.5,1874.51,2025-12-01,On Time,SAP-Style Time
LAB-006494,20251124,57,341,11.25,11.25,8.75,2.5,0.0,0.0,87.06,1.5,761.78,2025-12-01,On Time,SAP-Style Time
LAB-001929,20251124,57,674,20.75,20.75,16.25,4.5,0.0,0.0,87.06,1.5,1414.73,2025-12-01,On Time,SAP-Style Time
LAB-001930,20251124,58,885,32.0,32.0,25.25,6.75,0.0,0.0,119.87,1.0,3026.72,2025-12-02,On Time,SAP-Style Time
LAB-001931,20251124,59,963,32.0,32.0,25.75,6.25,0.0,0.0,83.18,1.5,2141.89,2025-12-01,On Time,Mobile Time Entry
LAB-001932,20251124,60,674,32.0,32.0,25.0,7.0,0.0,0.0,86.44,1.5,2161.0,2025-11-30,On Time,SAP-Style Time
LAB-001933,20251124,61,7,32.0,32.0,25.25,6.75,0.0,0.0,83.96,1.5,2119.99,2025-12-01,On Time,SAP-Style Time
LAB-001934,20251124,62,963,32.0,32.0,25.0,7.0,0.0,0.0,73.28,1.5,1832.0,2025-12-01,On Time,Manager Adjustment
LAB-001935,20251124,63,377,32.0,32.0,26.75,5.25,0.0,0.0,122.98,1.0,3289.72,2025-12-02,On Time,SAP-Style Time
LAB-001936,20251124,64,568,32.0,32.0,25.5,6.5,0.0,0.0,84.9,1.5,2164.95,2025-11-30,On Time,SAP-Style Time
LAB-001937,20251124,65,501,32.0,32.0,26.0,6.0,0.0,0.0,72.42,1.5,1882.92,2025-12-01,On Time,SAP-Style Time
LAB-001938,20251124,66,334,32.0,32.0,26.75,5.25,0.0,0.0,94.95,1.5,2539.91,2025-12-02,On Time,SAP-Style Time
LAB-001939,20251124,67,93,32.0,32.0,25.25,6.75,0.0,0.0,79.97,1.5,2019.24,2025-12-01,On Time,SAP-Style Time
LAB-001940,20251124,68,285,32.0,32.0,26.0,6.0,0.0,0.0,79.96,1.5,2078.96,2025-12-02,On Time,SAP-Style Time
LAB-001941,20251124,69,756,32.0,32.0,25.0,7.0,0.0,0.0,92.5,1.5,2312.5,2025-12-01,On Time,SAP-Style Time
LAB-001942,20251124,70,199,32.0,24.0,18.75,5.25,0.0,8.0,79.17,1.5,1484.44,2025-12-02,On Time,SAP-Style Time
LAB-001943,20251124,71,13,32.0,24.0,19.25,4.75,0.0,8.0,84.44,1.5,1625.47,2025-12-01,On Time,SAP-Style Time
LAB-006426,20251124,72,342,11.25,11.25,9.25,2.0,0.0,0.0,107.82,1.0,997.33,2025-12-01,On Time,SAP-Style Time
LAB-001944,20251124,72,542,20.75,20.75,17.5,3.25,0.0,0.0,107.82,1.0,1886.85,2025-12-01,On Time,SAP-Style Time
LAB-001945,20251124,73,222,32.0,32.0,24.75,7.25,0.0,0.0,85.94,1.5,2127.02,2025-12-01,On Time,SAP-Style Time
LAB-001946,20251124,74,674,32.0,32.0,25.25,6.75,0.0,0.0,74.38,1.5,1878.09,2025-11-30,On Time,SAP-Style Time
LAB-001947,20251124,75,435,32.0,32.0,26.0,6.0,0.0,0.0,89.39,1.5,2324.14,2025-11-30,On Time,Mobile Time Entry
LAB-001948,20251124,76,221,32.0,24.0,19.75,4.25,0.0,8.0,90.27,1.5,1782.83,2025-12-02,On Time,SAP-Style Time
LAB-001949,20251124,77,410,32.0,24.0,18.75,5.25,0.0,8.0,89.33,1.5,1674.94,2025-12-01,On Time,SAP-Style Time
LAB-001950,20251124,78,954,32.0,32.0,28.0,4.0,0.0,0.0,83.91,1.5,2349.48,2025-12-01,On Time,SAP-Style Time
LAB-001951,20251124,79,273,32.0,32.0,28.75,5.0,1.75,0.0,70.65,1.5,2093.01,2025-12-01,On Time,SAP-Style Time
LAB-001952,20251124,81,827,32.0,32.0,27.25,4.75,0.0,0.0,87.64,1.5,2388.19,2025-12-02,On Time,SAP-Style Time
LAB-001953,20251124,82,510,32.0,32.0,27.25,4.75,0.0,0.0,68.13,1.5,1856.54,2025-12-01,On Time,SAP-Style Time
LAB-001954,20251124,83,316,32.0,32.0,26.5,5.5,0.0,0.0,73.3,1.5,1942.45,2025-12-02,On Time,SAP-Style Time
LAB-006429,20251124,84,397,11.25,11.25,9.75,1.5,0.0,0.0,71.25,1.5,694.69,2025-11-30,On Time,SAP-Style Time
LAB-001955,20251124,84,425,20.75,20.75,18.0,2.75,0.0,0.0,71.25,1.5,1282.5,2025-11-30,On Time,SAP-Style Time
LAB-001956,20251124,85,773,32.0,32.0,26.75,5.25,0.0,0.0,65.88,1.5,1762.29,2025-12-01,On Time,SAP-Style Time
LAB-001957,20251124,86,105,32.0,32.0,31.5,4.0,3.5,0.0,82.25,1.5,2734.81,2025-12-02,On Time,Mobile Time Entry
LAB-001958,20251124,87,222,32.0,32.0,27.25,4.75,0.0,0.0,78.64,1.5,2142.94,2025-12-01,On Time,SAP-Style Time
LAB-001959,20251124,88,877,32.0,24.0,20.25,3.75,0.0,8.0,71.87,1.5,1455.37,2025-12-06,Late,Mobile Time Entry
LAB-001960,20251124,89,829,32.0,32.0,27.25,4.75,0.0,0.0,77.91,1.5,2123.05,2025-11-30,On Time,Mobile Time Entry
LAB-001961,20251124,90,9,32.0,32.0,27.25,4.75,0.0,0.0,74.99,1.5,2043.48,2025-12-08,Late,Mobile Time Entry
LAB-001962,20251124,91,590,32.0,32.0,33.25,4.5,5.75,0.0,68.92,1.5,2489.74,2025-12-02,On Time,SAP-Style Time
LAB-001963,20251124,92,799,32.0,32.0,27.0,5.0,0.0,0.0,86.57,1.5,2337.39,2025-12-10,Late,SAP-Style Time
LAB-001964,20251124,93,213,32.0,32.0,26.75,5.25,0.0,0.0,107.35,1.0,2871.61,2025-12-01,On Time,Mobile Time Entry
LAB-001965,20251124,94,563,32.0,32.0,27.25,4.75,0.0,0.0,114.66,1.5,3124.49,2025-12-01,On Time,SAP-Style Time
LAB-001966,20251124,96,963,32.0,32.0,28.75,3.25,0.0,0.0,158.23,1.0,4549.11,2025-12-01,On Time,SAP-Style Time
LAB-001967,20251124,97,374,32.0,32.0,28.5,3.5,0.0,0.0,96.85,1.5,2760.23,2025-11-30,On Time,SAP-Style Time
LAB-001968,20251124,98,7,32.0,28.0,24.0,4.0,0.0,4.0,98.56,1.5,2365.44,2025-12-01,On Time,Mobile Time Entry
LAB-001969,20251124,99,873,32.0,32.0,28.75,3.25,0.0,0.0,101.82,1.5,2927.33,2025-12-02,On Time,SAP-Style Time
LAB-001970,20251124,100,425,32.0,32.0,28.0,4.0,0.0,0.0,92.09,1.5,2578.52,2025-12-01,On Time,SAP-Style Time
LAB-001971,20251124,101,234,32.0,32.0,27.5,4.5,0.0,0.0,114.75,1.5,3155.63,2025-12-01,On Time,SAP-Style Time
LAB-001972,20251124,102,690,32.0,32.0,26.5,5.5,0.0,0.0,91.58,1.5,2426.87,2025-12-01,On Time,SAP-Style Time
LAB-001973,20251124,103,731,32.0,16.0,14.25,1.75,0.0,16.0,109.51,1.5,1560.52,2025-11-30,On Time,SAP-Style Time
LAB-001974,20251124,104,246,32.0,28.0,25.0,3.0,0.0,4.0,116.26,1.0,2906.5,2025-12-01,On Time,SAP-Style Time
LAB-001975,20251124,105,442,32.0,28.0,24.5,3.5,0.0,4.0,104.84,1.5,2568.58,2025-12-02,On Time,SAP-Style Time
LAB-001976,20251124,106,963,32.0,28.0,23.5,4.5,0.0,4.0,100.92,1.5,2371.62,2025-12-01,On Time,SAP-Style Time
LAB-001977,20251124,107,389,32.0,32.0,27.5,4.5,0.0,0.0,127.16,1.0,3496.9,2025-12-01,On Time,SAP-Style Time
LAB-001978,20251124,108,517,32.0,32.0,27.0,5.0,0.0,0.0,104.5,1.5,2821.5,2025-12-02,On Time,SAP-Style Time
LAB-001979,20251124,109,712,32.0,32.0,27.5,4.5,0.0,0.0,122.66,1.0,3373.15,2025-12-01,On Time,SAP-Style Time
LAB-001980,20251124,110,116,32.0,24.0,21.0,3.0,0.0,8.0,144.93,1.0,3043.53,2025-12-02,On Time,SAP-Style Time
LAB-001981,20251124,111,335,32.0,32.0,27.0,5.0,0.0,0.0,106.37,1.5,2871.99,2025-12-02,On Time,SAP-Style Time
LAB-006372,20251124,112,137,11.25,11.25,10.0,1.25,0.0,0.0,93.17,1.5,931.7,2025-12-01,On Time,SAP-Style Time
LAB-001982,20251124,112,335,20.75,20.75,18.25,2.5,0.0,0.0,93.17,1.5,1700.35,2025-12-01,On Time,SAP-Style Time
LAB-001983,20251124,113,442,32.0,32.0,27.0,5.0,0.0,0.0,97.98,1.5,2645.46,2025-12-01,On Time,SAP-Style Time
LAB-001984,20251124,114,576,32.0,32.0,22.5,9.5,0.0,0.0,97.72,1.5,2198.7,2025-12-01,On Time,SAP-Style Time
LAB-001985,20251124,115,181,32.0,32.0,23.0,9.0,0.0,0.0,89.67,1.5,2062.41,2025-12-01,On Time,SAP-Style Time
LAB-001986,20251124,116,179,32.0,32.0,23.75,8.25,0.0,0.0,131.09,1.0,3113.39,2025-11-30,On Time,SAP-Style Time
LAB-001987,20251124,118,865,32.0,24.0,18.0,6.0,0.0,8.0,123.33,1.0,2219.94,2025-11-30,On Time,SAP-Style Time
LAB-001988,20251124,119,485,32.0,32.0,23.5,8.5,0.0,0.0,98.99,1.5,2326.27,2025-11-30,On Time,SAP-Style Time
LAB-001989,20251124,120,556,32.0,32.0,24.25,7.75,0.0,0.0,79.77,1.5,1934.42,2025-12-01,On Time,SAP-Style Time
LAB-001990,20251201,1,82,40.0,40.0,38.25,5.75,4.0,0.0,100.39,1.5,4040.7,2025-12-09,On Time,SAP-Style Time
LAB-001991,20251201,2,752,40.0,40.0,35.0,5.0,0.0,0.0,150.62,1.0,5271.7,2025-12-17,Late,SAP-Style Time
LAB-001992,20251201,3,277,40.0,28.0,24.25,3.75,0.0,12.0,83.78,1.5,2031.67,2025-12-08,On Time,SAP-Style Time
LAB-001993,20251201,4,277,40.0,40.0,34.75,5.25,0.0,0.0,78.56,1.5,2729.96,2025-12-07,On Time,SAP-Style Time
LAB-001994,20251201,5,831,40.0,40.0,34.5,5.5,0.0,0.0,120.4,1.0,4153.8,2025-12-07,On Time,SAP-Style Time
LAB-001995,20251201,6,9,40.0,40.0,40.25,5.5,5.75,0.0,89.06,1.5,3840.71,2025-12-09,On Time,SAP-Style Time
LAB-001996,20251201,7,696,40.0,40.0,33.5,6.5,0.0,0.0,76.98,1.5,2578.83,2025-12-14,Late,SAP-Style Time
LAB-001997,20251201,8,748,40.0,40.0,34.25,5.75,0.0,0.0,101.38,1.5,3472.27,2025-12-08,On Time,SAP-Style Time
LAB-001998,20251201,9,76,40.0,40.0,33.75,6.25,0.0,0.0,81.4,1.5,2747.25,2025-12-08,On Time,SAP-Style Time
LAB-001999,20251201,10,731,40.0,40.0,33.75,6.25,0.0,0.0,76.52,1.5,2582.55,2025-12-08,On Time,SAP-Style Time
LAB-002000,20251201,11,111,40.0,40.0,40.25,4.75,5.0,0.0,128.94,1.0,5189.84,2025-12-09,On Time,SAP-Style Time
LAB-002001,20251201,12,865,40.0,40.0,36.25,5.25,1.5,0.0,93.13,1.5,3445.81,2025-12-07,On Time,SAP-Style Time
LAB-002002,20251201,13,812,40.0,40.0,33.0,7.0,0.0,0.0,82.59,1.5,2725.47,2025-12-08,On Time,SAP-Style Time
LAB-002003,20251201,14,389,40.0,40.0,33.75,6.25,0.0,0.0,100.38,1.5,3387.83,2025-12-09,On Time,SAP-Style Time
LAB-006445,20251201,15,9,14.0,14.0,12.0,2.0,0.0,0.0,98.87,1.5,1186.44,2025-12-10,On Time,SAP-Style Time
LAB-002004,20251201,15,671,26.0,26.0,22.5,3.5,0.0,0.0,98.87,1.5,2224.58,2025-12-10,On Time,SAP-Style Time
LAB-002005,20251201,16,406,40.0,40.0,34.25,5.75,0.0,0.0,100.34,1.5,3436.65,2025-12-10,On Time,SAP-Style Time
LAB-002006,20251201,17,469,40.0,40.0,38.5,4.0,2.5,0.0,88.53,1.5,3519.07,2025-12-09,On Time,SAP-Style Time
LAB-002007,20251201,18,554,40.0,40.0,35.25,4.75,0.0,0.0,89.32,1.5,3148.53,2025-12-08,On Time,SAP-Style Time
LAB-002008,20251201,19,234,40.0,40.0,35.25,4.75,0.0,0.0,91.26,1.5,3216.92,2025-12-09,On Time,SAP-Style Time
LAB-002009,20251201,20,541,40.0,36.0,31.5,4.5,0.0,4.0,77.3,1.5,2434.95,2025-12-08,On Time,SAP-Style Time
LAB-002010,20251201,21,367,40.0,40.0,33.5,6.5,0.0,0.0,77.07,1.5,2581.85,2025-12-08,On Time,SAP-Style Time
LAB-002011,20251201,22,330,40.0,40.0,34.5,5.5,0.0,0.0,102.23,1.5,3526.94,2025-12-08,On Time,SAP-Style Time
LAB-002012,20251201,23,552,40.0,32.0,31.0,4.25,3.25,8.0,85.0,1.5,2773.13,2025-12-09,On Time,SAP-Style Time
LAB-002013,20251201,24,490,40.0,32.0,28.25,3.75,0.0,8.0,81.27,1.5,2295.88,2025-12-18,Late,SAP-Style Time
LAB-002014,20251201,25,576,40.0,40.0,34.75,5.25,0.0,0.0,102.16,1.0,3550.06,2025-12-08,On Time,SAP-Style Time
LAB-002015,20251201,26,285,40.0,40.0,33.5,6.5,0.0,0.0,85.79,1.5,2873.97,2025-12-08,On Time,Mobile Time Entry
LAB-002016,20251201,27,9,40.0,40.0,33.0,7.0,0.0,0.0,104.52,1.5,3449.16,2025-12-09,On Time,SAP-Style Time
LAB-002017,20251201,28,861,40.0,40.0,34.75,5.25,0.0,0.0,82.53,1.5,2867.92,2025-12-08,On Time,SAP-Style Time
LAB-002018,20251201,29,285,40.0,40.0,34.5,5.5,0.0,0.0,79.3,1.5,2735.85,2025-12-08,On Time,SAP-Style Time
LAB-002019,20251201,30,393,40.0,40.0,35.75,4.25,0.0,0.0,79.44,1.5,2839.98,2025-12-09,On Time,SAP-Style Time
LAB-002020,20251201,31,400,40.0,40.0,34.0,6.0,0.0,0.0,105.13,1.5,3574.42,2025-12-09,On Time,SAP-Style Time
LAB-002021,20251201,32,15,40.0,40.0,34.75,5.25,0.0,0.0,82.13,1.5,2854.02,2025-12-09,On Time,SAP-Style Time
LAB-002022,20251201,33,246,40.0,40.0,34.75,5.25,0.0,0.0,89.89,1.5,3123.68,2025-12-08,On Time,SAP-Style Time
LAB-002023,20251201,34,752,40.0,40.0,34.0,6.0,0.0,0.0,98.09,1.5,3335.06,2025-12-09,On Time,Mobile Time Entry
LAB-002024,20251201,35,464,40.0,40.0,34.0,6.0,0.0,0.0,91.52,1.5,3111.68,2025-12-08,On Time,SAP-Style Time
LAB-002025,20251201,36,211,40.0,40.0,34.25,5.75,0.0,0.0,82.83,1.5,2836.93,2025-12-08,On Time,SAP-Style Time
LAB-002026,20251201,37,74,40.0,40.0,33.5,6.5,0.0,0.0,92.08,1.5,3084.68,2025-12-09,On Time,SAP-Style Time
LAB-002027,20251201,38,420,40.0,40.0,33.0,7.0,0.0,0.0,105.74,1.5,3489.42,2025-12-09,On Time,Mobile Time Entry
LAB-002028,20251201,39,397,40.0,40.0,33.5,6.5,0.0,0.0,107.79,1.5,3610.97,2025-12-08,On Time,SAP-Style Time
LAB-002029,20251201,40,533,40.0,40.0,33.5,6.5,0.0,0.0,103.71,1.5,3474.29,2025-12-08,On Time,SAP-Style Time
LAB-002030,20251201,41,829,40.0,40.0,32.5,7.5,0.0,0.0,108.71,1.5,3533.08,2025-12-07,On Time,SAP-Style Time
LAB-002031,20251201,42,742,40.0,40.0,33.25,6.75,0.0,0.0,149.01,1.0,4954.58,2025-12-07,On Time,SAP-Style Time
LAB-002032,20251201,43,194,24.0,24.0,20.0,4.0,0.0,0.0,106.75,1.5,2135.0,2025-12-09,On Time,SAP-Style Time
LAB-006359,20251201,43,800,16.0,16.0,13.5,2.5,0.0,0.0,106.75,1.5,1441.13,2025-12-09,On Time,SAP-Style Time
LAB-002033,20251201,44,285,40.0,36.0,29.0,7.0,0.0,4.0,144.49,1.0,4190.21,2025-12-08,On Time,SAP-Style Time
LAB-002034,20251201,45,538,40.0,40.0,34.25,8.5,2.75,0.0,86.24,1.5,3072.3,2025-12-08,On Time,SAP-Style Time
LAB-002035,20251201,46,261,28.0,28.0,24.0,4.0,0.0,0.0,143.94,1.0,3454.56,2025-12-09,On Time,SAP-Style Time
LAB-006346,20251201,46,943,12.0,12.0,10.25,1.75,0.0,0.0,143.94,1.0,1475.39,2025-12-09,On Time,SAP-Style Time
LAB-002036,20251201,47,712,40.0,40.0,33.25,6.75,0.0,0.0,106.76,1.5,3549.77,2025-12-09,On Time,SAP-Style Time
LAB-002037,20251201,48,800,40.0,40.0,32.0,8.0,0.0,0.0,87.87,1.5,2811.84,2025-12-08,On Time,SAP-Style Time
LAB-002038,20251201,49,927,40.0,40.0,33.0,7.0,0.0,0.0,83.27,1.5,2747.91,2025-12-08,On Time,SAP-Style Time
LAB-002039,20251201,50,559,40.0,40.0,33.5,6.5,0.0,0.0,101.97,1.5,3416.0,2025-12-08,On Time,SAP-Style Time
LAB-002040,20251201,51,70,40.0,40.0,32.25,7.75,0.0,0.0,86.2,1.5,2779.95,2025-12-08,On Time,SAP-Style Time
LAB-002041,20251201,52,848,40.0,40.0,33.25,6.75,0.0,0.0,97.32,1.5,3235.89,2025-12-10,On Time,SAP-Style Time
LAB-002042,20251201,53,209,40.0,40.0,37.75,7.75,5.5,0.0,94.11,1.5,3811.46,2025-12-08,On Time,SAP-Style Time
LAB-002043,20251201,54,501,40.0,40.0,33.25,6.75,0.0,0.0,107.2,1.5,3564.4,2025-12-09,On Time,SAP-Style Time
LAB-002044,20251201,55,385,40.0,40.0,31.75,8.25,0.0,0.0,95.59,1.5,3034.98,2025-12-08,On Time,Mobile Time Entry
LAB-002045,20251201,56,201,40.0,28.0,22.5,5.5,0.0,12.0,73.51,1.5,1653.98,2025-12-10,On Time,SAP-Style Time
LAB-002046,20251201,57,532,40.0,40.0,31.5,8.5,0.0,0.0,87.06,1.5,2742.39,2025-12-08,On Time,SAP-Style Time
LAB-002047,20251201,58,848,40.0,40.0,31.5,8.5,0.0,0.0,119.87,1.0,3775.91,2025-12-08,On Time,SAP-Style Time
LAB-002048,20251201,59,234,40.0,36.0,29.0,7.0,0.0,4.0,83.18,1.5,2412.22,2025-12-08,On Time,SAP-Style Time
LAB-002049,20251201,60,679,40.0,40.0,31.25,8.75,0.0,0.0,86.44,1.5,2701.25,2025-12-07,On Time,SAP-Style Time
LAB-002050,20251201,61,460,40.0,40.0,31.25,8.75,0.0,0.0,83.96,1.5,2623.75,2025-12-07,On Time,SAP-Style Time
LAB-002051,20251201,62,944,40.0,40.0,31.25,8.75,0.0,0.0,73.28,1.5,2290.0,2025-12-10,On Time,SAP-Style Time
LAB-002052,20251201,63,296,40.0,40.0,33.0,7.0,0.0,0.0,122.98,1.0,4058.34,2025-12-09,On Time,SAP-Style Time
LAB-002053,20251201,64,800,40.0,40.0,32.25,7.75,0.0,0.0,84.9,1.5,2738.03,2025-12-07,On Time,SAP-Style Time
LAB-002054,20251201,65,151,40.0,36.0,29.25,6.75,0.0,4.0,72.42,1.5,2118.29,2025-12-09,On Time,SAP-Style Time
LAB-002055,20251201,66,246,40.0,40.0,33.75,6.25,0.0,0.0,94.95,1.5,3204.56,2025-12-08,On Time,SAP-Style Time
LAB-002056,20251201,67,60,40.0,40.0,31.25,8.75,0.0,0.0,79.97,1.5,2499.06,2025-12-10,On Time,SAP-Style Time
LAB-002057,20251201,68,151,40.0,40.0,32.5,7.5,0.0,0.0,79.96,1.5,2598.7,2025-12-10,On Time,SAP-Style Time
LAB-002058,20251201,69,624,40.0,40.0,31.5,8.5,0.0,0.0,92.5,1.5,2913.75,2025-12-09,On Time,SAP-Style Time
LAB-002059,20251201,70,956,40.0,40.0,31.5,8.5,0.0,0.0,79.17,1.5,2493.86,2025-12-08,On Time,SAP-Style Time
LAB-002060,20251201,71,316,40.0,40.0,31.5,8.5,0.0,0.0,84.44,1.5,2659.86,2025-12-10,On Time,Mobile Time Entry
LAB-006505,20251201,71,316,40.0,40.0,31.5,8.5,0.0,0.0,84.44,1.5,2659.86,2025-12-10,On Time,Mobile Time Entry
LAB-002061,20251201,72,555,40.0,40.0,32.75,7.25,0.0,0.0,107.82,1.0,3531.1,2025-12-09,On Time,SAP-Style Time
LAB-002062,20251201,73,183,40.0,40.0,30.5,9.5,0.0,0.0,85.94,1.5,2621.17,2025-12-08,On Time,SAP-Style Time
LAB-002063,20251201,74,307,40.0,40.0,32.25,7.75,0.0,0.0,74.38,1.5,2398.75,2025-12-08,On Time,Mobile Time Entry
LAB-002064,20251201,75,452,40.0,36.0,29.25,6.75,0.0,4.0,89.39,1.5,2614.66,2025-12-08,On Time,SAP-Style Time
LAB-002065,20251201,76,510,40.0,40.0,33.25,6.75,0.0,0.0,90.27,1.5,3001.48,2025-12-08,On Time,SAP-Style Time
LAB-002066,20251201,77,573,40.0,40.0,30.0,10.0,0.0,0.0,89.33,1.5,2679.9,2025-12-07,On Time,SAP-Style Time
LAB-002067,20251201,78,690,40.0,40.0,39.25,5.25,4.5,0.0,83.91,1.5,3482.27,2025-12-10,On Time,SAP-Style Time
LAB-002068,20251201,79,501,40.0,40.0,33.5,6.5,0.0,0.0,70.65,1.5,2366.78,2025-12-08,On Time,SAP-Style Time
LAB-002069,20251201,81,721,40.0,28.0,23.5,4.5,0.0,12.0,87.64,1.5,2059.54,2025-12-09,On Time,SAP-Style Time
LAB-002070,20251201,82,954,40.0,40.0,33.5,6.5,0.0,0.0,68.13,1.5,2282.36,2025-12-08,On Time,SAP-Style Time
LAB-002071,20251201,83,688,40.0,40.0,33.5,6.5,0.0,0.0,73.3,1.5,2455.55,2025-12-08,On Time,SAP-Style Time
LAB-002072,20251201,84,105,40.0,40.0,36.75,5.75,2.5,0.0,71.25,1.5,2707.5,2025-12-08,On Time,SAP-Style Time
LAB-002073,20251201,85,242,40.0,40.0,33.0,7.0,0.0,0.0,65.88,1.5,2174.04,2025-12-10,On Time,Mobile Time Entry
LAB-002074,20251201,86,577,40.0,40.0,35.0,5.0,0.0,0.0,82.25,1.5,2878.75,2025-12-08,On Time,SAP-Style Time
LAB-002075,20251201,87,453,40.0,40.0,34.0,6.0,0.0,0.0,78.64,1.5,2673.76,2025-12-09,On Time,SAP-Style Time
LAB-002076,20251201,88,827,40.0,32.0,27.25,4.75,0.0,8.0,71.87,1.5,1958.46,2025-12-09,On Time,SAP-Style Time
LAB-002077,20251201,89,336,40.0,40.0,34.25,5.75,0.0,0.0,77.91,1.5,2668.42,2025-12-09,On Time,SAP-Style Time
LAB-002078,20251201,90,721,40.0,40.0,34.75,5.25,0.0,0.0,74.99,1.5,2605.9,2025-12-08,On Time,SAP-Style Time
LAB-002079,20251201,91,296,40.0,36.0,30.0,6.0,0.0,4.0,68.92,1.5,2067.6,2025-12-08,On Time,SAP-Style Time
LAB-002080,20251201,92,144,40.0,40.0,34.0,6.0,0.0,0.0,86.57,1.5,2943.38,2025-12-09,On Time,SAP-Style Time
LAB-002081,20251201,93,222,40.0,40.0,33.5,6.5,0.0,0.0,107.35,1.0,3596.23,2025-12-08,On Time,SAP-Style Time
LAB-002082,20251201,94,374,40.0,40.0,34.0,6.0,0.0,0.0,114.66,1.5,3898.44,2025-12-09,On Time,SAP-Style Time
LAB-002083,20251201,96,679,40.0,40.0,35.0,5.0,0.0,0.0,158.23,1.0,5538.05,2025-12-07,On Time,SAP-Style Time
LAB-002084,20251201,97,617,40.0,40.0,34.75,5.25,0.0,0.0,96.85,1.5,3365.54,2025-12-09,On Time,SAP-Style Time
LAB-002085,20251201,98,563,40.0,32.0,26.75,5.25,0.0,8.0,98.56,1.5,2636.48,2025-12-09,On Time,SAP-Style Time
LAB-002086,20251201,99,316,40.0,32.0,28.5,3.5,0.0,8.0,101.82,1.5,2901.87,2025-12-07,On Time,SAP-Style Time
LAB-002087,20251201,100,93,40.0,40.0,38.5,4.5,3.0,0.0,92.09,1.5,3683.6,2025-12-08,On Time,SAP-Style Time
LAB-002088,20251201,101,754,40.0,40.0,34.0,6.0,0.0,0.0,114.75,1.5,3901.5,2025-12-09,On Time,SAP-Style Time
LAB-002089,20251201,102,113,40.0,40.0,34.0,6.0,0.0,0.0,91.58,1.5,3113.72,2025-12-08,On Time,SAP-Style Time
LAB-002090,20251201,103,877,40.0,40.0,35.0,5.0,0.0,0.0,109.51,1.5,3832.85,2025-12-08,On Time,SAP-Style Time
LAB-002091,20251201,104,113,40.0,40.0,37.5,5.5,3.0,0.0,116.26,1.0,4359.75,2025-12-10,On Time,SAP-Style Time
LAB-002092,20251201,105,954,40.0,40.0,34.0,6.0,0.0,0.0,104.84,1.5,3564.56,2025-12-10,On Time,SAP-Style Time
LAB-002093,20251201,106,84,40.0,40.0,33.25,6.75,0.0,0.0,100.92,1.5,3355.59,2025-12-08,On Time,SAP-Style Time
LAB-002094,20251201,107,100,40.0,40.0,34.0,6.0,0.0,0.0,127.16,1.0,4323.44,2025-12-09,On Time,SAP-Style Time
LAB-002095,20251201,108,116,40.0,36.0,30.25,5.75,0.0,4.0,104.5,1.5,3161.13,2025-12-08,On Time,SAP-Style Time
LAB-002096,20251201,109,554,40.0,40.0,34.25,5.75,0.0,0.0,122.66,1.0,4201.11,2025-12-08,On Time,SAP-Style Time
LAB-002097,20251201,110,952,40.0,40.0,34.0,6.0,0.0,0.0,144.93,1.0,4927.62,2025-12-08,On Time,SAP-Style Time
LAB-002098,20251201,111,131,40.0,40.0,33.0,7.0,0.0,0.0,106.37,1.5,3510.21,2025-12-09,On Time,SAP-Style Time
LAB-002099,20251201,112,211,40.0,40.0,35.0,5.0,0.0,0.0,93.17,1.5,3260.95,2025-12-08,On Time,SAP-Style Time
LAB-002100,20251201,113,400,40.0,40.0,34.0,6.0,0.0,0.0,97.98,1.5,3331.32,2025-12-08,On Time,Mobile Time Entry
LAB-002101,20251201,114,850,40.0,40.0,27.5,12.5,0.0,0.0,97.72,1.5,2687.3,2025-12-08,On Time,SAP-Style Time
LAB-002102,20251201,115,580,40.0,40.0,28.25,11.75,0.0,0.0,89.67,1.5,2533.18,2025-12-08,On Time,SAP-Style Time
LAB-002103,20251201,116,76,40.0,40.0,29.5,10.5,0.0,0.0,131.09,1.0,3867.16,2025-12-09,On Time,SAP-Style Time
LAB-002104,20251201,118,213,40.0,36.0,27.25,8.75,0.0,4.0,123.33,1.0,3360.74,2025-12-09,On Time,SAP-Style Time
LAB-002105,20251201,119,116,40.0,40.0,29.5,10.5,0.0,0.0,98.99,1.5,2920.21,2025-12-07,On Time,SAP-Style Time
LAB-002106,20251201,120,107,40.0,40.0,30.5,9.5,0.0,0.0,79.77,1.5,2432.98,2025-12-08,On Time,SAP-Style Time
LAB-002107,20251208,1,137,40.0,40.0,34.0,6.0,0.0,0.0,100.39,1.5,3413.26,2025-12-16,On Time,SAP-Style Time
LAB-002108,20251208,2,297,40.0,40.0,35.25,4.75,0.0,0.0,150.62,1.0,5309.36,2025-12-15,On Time,SAP-Style Time
LAB-002109,20251208,3,218,40.0,40.0,34.25,5.75,0.0,0.0,83.78,1.5,2869.47,2025-12-15,On Time,SAP-Style Time
LAB-002110,20251208,4,7,40.0,40.0,34.5,5.5,0.0,0.0,78.56,1.5,2710.32,2025-12-14,On Time,SAP-Style Time
LAB-002111,20251208,5,82,40.0,40.0,33.75,6.25,0.0,0.0,120.4,1.0,4063.5,2025-12-16,On Time,SAP-Style Time
LAB-002112,20251208,6,76,40.0,40.0,34.25,5.75,0.0,0.0,89.06,1.5,3050.31,2025-12-15,On Time,SAP-Style Time
LAB-002113,20251208,7,701,40.0,40.0,32.5,7.5,0.0,0.0,76.98,1.5,2501.85,2025-12-16,On Time,SAP-Style Time
LAB-002114,20251208,8,233,40.0,40.0,33.25,6.75,0.0,0.0,101.38,1.5,3370.88,2025-12-14,On Time,SAP-Style Time
LAB-002115,20251208,9,725,40.0,40.0,33.25,6.75,0.0,0.0,81.4,1.5,2706.55,2025-12-15,On Time,SAP-Style Time
LAB-002116,20251208,10,749,40.0,36.0,30.5,5.5,0.0,4.0,76.52,1.5,2333.86,2025-12-17,On Time,SAP-Style Time
LAB-002117,20251208,11,111,40.0,40.0,35.0,5.0,0.0,0.0,128.94,1.0,4512.9,2025-12-15,On Time,SAP-Style Time
LAB-002118,20251208,12,1,40.0,40.0,34.75,5.25,0.0,0.0,93.13,1.5,3236.27,2025-12-24,Late,SAP-Style Time
LAB-002119,20251208,13,416,40.0,32.0,26.5,5.5,0.0,8.0,82.59,1.5,2188.64,2025-12-16,On Time,Mobile Time Entry
LAB-002120,20251208,14,568,40.0,40.0,34.0,6.0,0.0,0.0,100.38,1.5,3412.92,2025-12-15,On Time,SAP-Style Time
LAB-002121,20251208,15,174,40.0,40.0,35.0,5.0,0.0,0.0,98.87,1.5,3460.45,2025-12-15,On Time,SAP-Style Time
LAB-002122,20251208,16,522,40.0,40.0,35.0,5.0,0.0,0.0,100.34,1.5,3511.9,2025-12-15,On Time,SAP-Style Time
LAB-002123,20251208,17,393,26.0,26.0,23.5,2.5,0.0,0.0,88.53,1.5,2080.46,2025-12-15,On Time,SAP-Style Time
LAB-006431,20251208,17,763,14.0,14.0,12.5,1.5,0.0,0.0,88.53,1.5,1106.63,2025-12-15,On Time,SAP-Style Time
LAB-002124,20251208,18,123,40.0,40.0,35.0,5.0,0.0,0.0,89.32,1.5,3126.2,2025-12-16,On Time,SAP-Style Time
LAB-002125,20251208,19,935,40.0,40.0,35.25,4.75,0.0,0.0,91.26,1.5,3216.92,2025-12-15,On Time,SAP-Style Time
LAB-002126,20251208,20,264,40.0,40.0,35.0,5.0,0.0,0.0,77.3,1.5,2705.5,2025-12-14,On Time,SAP-Style Time
LAB-002127,20251208,21,491,40.0,40.0,33.5,6.5,0.0,0.0,77.07,1.5,2581.85,2025-12-14,On Time,Mobile Time Entry
LAB-002128,20251208,22,572,40.0,40.0,34.25,5.75,0.0,0.0,102.23,1.5,3501.38,2025-12-16,On Time,SAP-Style Time
LAB-002129,20251208,23,671,40.0,40.0,34.5,5.5,0.0,0.0,85.0,1.5,2932.5,2025-12-15,On Time,SAP-Style Time
LAB-002130,20251208,24,169,40.0,40.0,35.5,4.5,0.0,0.0,81.27,1.5,2885.09,2025-12-15,On Time,SAP-Style Time
LAB-002131,20251208,25,861,40.0,40.0,39.0,5.0,4.0,0.0,102.16,1.0,3984.24,2025-12-14,On Time,SAP-Style Time
LAB-002132,20251208,26,246,40.0,40.0,34.0,6.0,0.0,0.0,85.79,1.5,2916.86,2025-12-15,On Time,SAP-Style Time
LAB-002133,20251208,27,572,40.0,40.0,32.75,7.25,0.0,0.0,104.52,1.5,3423.03,2025-12-15,On Time,SAP-Style Time
LAB-002134,20251208,28,620,40.0,40.0,35.5,4.5,0.0,0.0,82.53,1.5,2929.82,2025-12-14,On Time,Mobile Time Entry
LAB-002135,20251208,29,269,40.0,40.0,34.5,5.5,0.0,0.0,79.3,1.5,2735.85,2025-12-14,On Time,SAP-Style Time
LAB-002136,20251208,30,416,40.0,40.0,35.5,4.5,0.0,0.0,79.44,1.5,2820.12,2025-12-15,On Time,SAP-Style Time
LAB-002137,20251208,31,313,40.0,40.0,33.5,6.5,0.0,0.0,105.13,1.5,3521.86,2025-12-16,On Time,Mobile Time Entry
LAB-002138,20251208,32,416,40.0,40.0,34.5,5.5,0.0,0.0,82.13,1.5,2833.48,2025-12-16,On Time,SAP-Style Time
LAB-002139,20251208,33,812,40.0,32.0,27.25,4.75,0.0,8.0,89.89,1.5,2449.5,2025-12-16,On Time,SAP-Style Time
LAB-002140,20251208,34,322,40.0,40.0,33.5,6.5,0.0,0.0,98.09,1.5,3286.02,2025-12-14,On Time,SAP-Style Time
LAB-002141,20251208,35,545,40.0,40.0,34.25,5.75,0.0,0.0,91.52,1.5,3134.56,2025-12-16,On Time,SAP-Style Time
LAB-002142,20251208,36,116,40.0,40.0,33.75,6.25,0.0,0.0,82.83,1.5,2795.51,2025-12-14,On Time,SAP-Style Time
LAB-002143,20251208,37,556,40.0,32.0,26.25,5.75,0.0,8.0,92.08,1.5,2417.1,2025-12-16,On Time,SAP-Style Time
LAB-002144,20251208,38,68,40.0,40.0,33.0,7.0,0.0,0.0,105.74,1.5,3489.42,2025-12-16,On Time,SAP-Style Time
LAB-002145,20251208,39,100,40.0,40.0,33.25,6.75,0.0,0.0,107.79,1.5,3584.02,2025-12-15,On Time,SAP-Style Time
LAB-002146,20251208,40,568,40.0,40.0,32.5,7.5,0.0,0.0,103.71,1.5,3370.58,2025-12-15,On Time,SAP-Style Time
LAB-002147,20251208,41,542,40.0,16.0,13.0,3.0,0.0,24.0,108.71,1.5,1413.23,2025-12-15,On Time,SAP-Style Time
LAB-002148,20251208,42,538,40.0,40.0,32.25,7.75,0.0,0.0,149.01,1.0,4805.57,2025-12-15,On Time,SAP-Style Time
LAB-002149,20251208,43,438,40.0,40.0,33.5,6.5,0.0,0.0,106.75,1.5,3576.13,2025-12-17,On Time,Mobile Time Entry
LAB-002150,20251208,44,974,40.0,40.0,36.0,7.5,3.5,0.0,144.49,1.0,5201.64,2025-12-16,On Time,Mobile Time Entry
LAB-002151,20251208,45,564,40.0,40.0,31.0,9.0,0.0,0.0,86.24,1.5,2673.44,2025-12-14,On Time,SAP-Style Time
LAB-002152,20251208,46,242,40.0,36.0,30.75,5.25,0.0,4.0,143.94,1.0,4426.16,2025-12-15,On Time,SAP-Style Time
LAB-002153,20251208,47,658,40.0,40.0,33.25,6.75,0.0,0.0,106.76,1.5,3549.77,2025-12-15,On Time,SAP-Style Time
LAB-002154,20251208,48,404,40.0,40.0,31.75,8.25,0.0,0.0,87.87,1.5,2789.87,2025-12-15,On Time,Mobile Time Entry
LAB-002155,20251208,49,501,40.0,40.0,33.0,7.0,0.0,0.0,83.27,1.5,2747.91,2025-12-15,On Time,SAP-Style Time
LAB-002156,20251208,50,426,40.0,40.0,33.5,6.5,0.0,0.0,101.97,1.5,3416.0,2025-12-15,On Time,SAP-Style Time
LAB-002157,20251208,51,240,40.0,40.0,32.0,8.0,0.0,0.0,86.2,1.5,2758.4,2025-12-14,On Time,SAP-Style Time
LAB-002158,20251208,52,68,40.0,40.0,32.75,7.25,0.0,0.0,97.32,1.5,3187.23,2025-12-16,On Time,SAP-Style Time
LAB-002159,20251208,53,938,40.0,40.0,32.25,7.75,0.0,0.0,94.11,1.5,3035.05,2025-12-16,On Time,SAP-Style Time
LAB-002160,20251208,54,20,40.0,40.0,32.25,7.75,0.0,0.0,107.2,1.5,3457.2,2025-12-15,On Time,SAP-Style Time
LAB-002161,20251208,55,659,40.0,40.0,30.75,9.25,0.0,0.0,95.59,1.5,2939.39,2025-12-15,On Time,SAP-Style Time
LAB-002162,20251208,56,201,40.0,40.0,32.0,8.0,0.0,0.0,73.51,1.5,2352.32,2025-12-17,On Time,SAP-Style Time
LAB-002163,20251208,57,110,40.0,40.0,31.5,8.5,0.0,0.0,87.06,1.5,2742.39,2025-12-17,On Time,Mobile Time Entry
LAB-002164,20251208,58,367,40.0,40.0,32.25,7.75,0.0,0.0,119.87,1.0,3865.81,2025-12-16,On Time,SAP-Style Time
LAB-002165,20251208,59,963,40.0,40.0,32.0,8.0,0.0,0.0,83.18,1.5,2661.76,2025-12-15,On Time,SAP-Style Time
LAB-002166,20251208,60,553,40.0,40.0,30.5,9.5,0.0,0.0,86.44,1.5,2636.42,2025-12-16,On Time,SAP-Style Time
LAB-002167,20251208,61,248,40.0,28.0,21.75,6.25,0.0,12.0,83.96,1.5,1826.13,2025-12-16,On Time,SAP-Style Time
LAB-002168,20251208,62,324,40.0,40.0,31.25,8.75,0.0,0.0,73.28,1.5,2290.0,2025-12-15,On Time,SAP-Style Time
LAB-002169,20251208,63,731,40.0,40.0,32.0,8.0,0.0,0.0,122.98,1.0,3935.36,2025-12-16,On Time,SAP-Style Time
LAB-002170,20251208,64,240,30.0,30.0,24.5,5.5,0.0,0.0,84.9,1.5,2080.05,2025-12-14,On Time,SAP-Style Time
LAB-006475,20251208,64,331,10.0,10.0,8.0,2.0,0.0,0.0,84.9,1.5,679.2,2025-12-14,On Time,SAP-Style Time
LAB-002171,20251208,65,178,40.0,40.0,32.5,7.5,0.0,0.0,72.42,1.5,2353.65,2025-12-15,On Time,SAP-Style Time
LAB-002172,20251208,66,435,40.0,40.0,33.0,7.0,0.0,0.0,94.95,1.5,3133.35,2025-12-15,On Time,Mobile Time Entry
LAB-002173,20251208,67,410,40.0,40.0,30.5,9.5,0.0,0.0,79.97,1.5,2439.09,2025-12-14,On Time,SAP-Style Time
LAB-002174,20251208,68,175,40.0,40.0,32.25,7.75,0.0,0.0,79.96,1.5,2578.71,2025-12-15,On Time,SAP-Style Time
LAB-002175,20251208,69,13,40.0,40.0,31.5,8.5,0.0,0.0,92.5,1.5,2913.75,2025-12-15,On Time,SAP-Style Time
LAB-002176,20251208,70,144,40.0,40.0,30.75,9.25,0.0,0.0,79.17,1.5,2434.48,2025-12-14,On Time,SAP-Style Time
LAB-002177,20251208,71,638,40.0,40.0,31.25,8.75,0.0,0.0,84.44,1.5,2638.75,2025-12-14,On Time,SAP-Style Time
LAB-002178,20251208,72,493,40.0,40.0,32.25,7.75,0.0,0.0,107.82,1.0,3477.19,2025-12-24,Late,SAP-Style Time
LAB-002179,20251208,73,9,40.0,40.0,31.25,8.75,0.0,0.0,85.94,1.5,2685.63,2025-12-15,On Time,SAP-Style Time
LAB-002180,20251208,74,841,40.0,40.0,32.5,7.5,0.0,0.0,74.38,1.5,2417.35,2025-12-15,On Time,Mobile Time Entry
LAB-002181,20251208,75,745,40.0,32.0,25.0,7.0,0.0,8.0,89.39,1.5,2234.75,2025-12-15,On Time,SAP-Style Time
LAB-002182,20251208,76,224,40.0,40.0,32.5,7.5,0.0,0.0,90.27,1.5,2933.78,2025-12-17,On Time,SAP-Style Time
LAB-002183,20251208,77,35,40.0,32.0,24.75,7.25,0.0,8.0,89.33,1.5,2210.92,2025-12-15,On Time,SAP-Style Time
LAB-002184,20251208,78,587,40.0,40.0,34.75,5.25,0.0,0.0,83.91,1.5,2915.87,2025-12-14,On Time,SAP-Style Time
LAB-002185,20251208,79,988,40.0,16.0,13.25,2.75,0.0,24.0,70.65,1.5,936.11,2025-12-14,On Time,SAP-Style Time
LAB-002186,20251208,81,865,40.0,40.0,33.25,6.75,0.0,0.0,87.64,1.5,2914.03,2025-12-14,On Time,SAP-Style Time
LAB-002187,20251208,82,377,40.0,40.0,33.5,6.5,0.0,0.0,68.13,1.5,2282.36,2025-12-16,On Time,SAP-Style Time
LAB-002188,20251208,83,369,40.0,40.0,32.75,7.25,0.0,0.0,73.3,1.5,2400.58,2025-12-15,On Time,SAP-Style Time
LAB-002189,20251208,84,28,40.0,40.0,33.75,6.25,0.0,0.0,71.25,1.5,2404.69,2025-12-17,On Time,SAP-Style Time
LAB-006503,20251208,84,28,40.0,40.0,33.75,6.25,0.0,0.0,71.25,1.5,2404.69,2025-12-17,On Time,SAP-Style Time
LAB-002190,20251208,85,564,40.0,40.0,33.5,6.5,0.0,0.0,65.88,1.5,2206.98,2025-12-16,On Time,SAP-Style Time
LAB-002191,20251208,86,314,40.0,40.0,35.0,5.0,0.0,0.0,82.25,1.5,2878.75,2025-12-17,On Time,SAP-Style Time
LAB-002192,20251208,87,548,40.0,40.0,33.75,6.25,0.0,0.0,78.64,1.5,2654.1,2025-12-16,On Time,SAP-Style Time
LAB-002193,20251208,88,769,40.0,40.0,32.5,7.5,0.0,0.0,71.87,1.5,2335.78,2025-12-15,On Time,SAP-Style Time
LAB-002194,20251208,89,620,40.0,40.0,34.25,5.75,0.0,0.0,77.91,1.5,2668.42,2025-12-14,On Time,Mobile Time Entry
LAB-002195,20251208,90,70,40.0,40.0,34.0,6.0,0.0,0.0,74.99,1.5,2549.66,2025-12-15,On Time,SAP-Style Time
LAB-002196,20251208,91,222,40.0,28.0,22.75,5.25,0.0,12.0,68.92,1.5,1567.93,2025-12-16,On Time,SAP-Style Time
LAB-002197,20251208,92,255,40.0,40.0,33.75,6.25,0.0,0.0,86.57,1.5,2921.74,2025-12-15,On Time,SAP-Style Time
LAB-002198,20251208,93,640,40.0,40.0,33.0,7.0,0.0,0.0,107.35,1.0,3542.55,2025-12-14,On Time,SAP-Style Time
LAB-002199,20251208,94,234,40.0,40.0,34.0,6.0,0.0,0.0,114.66,1.5,3898.44,2025-12-19,Late,SAP-Style Time
LAB-002200,20251208,96,554,40.0,40.0,35.0,5.0,0.0,0.0,158.23,1.0,5538.05,2025-12-16,On Time,SAP-Style Time
LAB-002201,20251208,97,780,40.0,28.0,24.5,3.5,0.0,12.0,96.85,1.5,2372.83,2025-12-15,On Time,SAP-Style Time
LAB-002202,20251208,98,307,40.0,40.0,33.5,6.5,0.0,0.0,98.56,1.5,3301.76,2025-12-16,On Time,SAP-Style Time
LAB-002203,20251208,99,491,40.0,40.0,35.5,4.5,0.0,0.0,101.82,1.5,3614.61,2025-12-17,On Time,SAP-Style Time
LAB-002204,20251208,100,279,40.0,40.0,34.5,5.5,0.0,0.0,92.09,1.5,3177.11,2025-12-16,On Time,SAP-Style Time
LAB-002205,20251208,101,228,40.0,40.0,34.25,5.75,0.0,0.0,114.75,1.5,3930.19,2025-12-16,On Time,SAP-Style Time
LAB-002206,20251208,102,285,40.0,40.0,33.75,6.25,0.0,0.0,91.58,1.5,3090.83,2025-12-16,On Time,SAP-Style Time
LAB-002207,20251208,103,93,40.0,40.0,34.25,5.75,0.0,0.0,109.51,1.5,3750.72,2025-12-17,On Time,Mobile Time Entry
LAB-006401,20251208,104,564,12.0,12.0,10.25,1.75,0.0,0.0,116.26,1.0,1191.67,2025-12-15,On Time,SAP-Style Time
LAB-002208,20251208,104,602,28.0,28.0,24.25,3.75,0.0,0.0,116.26,1.0,2819.31,2025-12-15,On Time,SAP-Style Time
LAB-002209,20251208,105,988,40.0,40.0,33.25,6.75,0.0,0.0,104.84,1.5,3485.93,2025-12-16,On Time,Mobile Time Entry
LAB-002210,20251208,106,367,28.0,28.0,23.25,4.75,0.0,0.0,100.92,1.5,2346.39,2025-12-14,On Time,SAP-Style Time
LAB-006368,20251208,106,485,12.0,12.0,10.0,2.0,0.0,0.0,100.92,1.5,1009.2,2025-12-14,On Time,SAP-Style Time
LAB-002211,20251208,107,169,40.0,40.0,34.25,5.75,0.0,0.0,127.16,1.0,4355.23,2025-12-16,On Time,SAP-Style Time
LAB-002212,20251208,108,501,40.0,40.0,33.75,6.25,0.0,0.0,104.5,1.5,3526.88,2025-12-15,On Time,Manager Adjustment
LAB-002213,20251208,109,531,40.0,40.0,33.75,6.25,0.0,0.0,122.66,1.0,4139.78,2025-12-15,On Time,SAP-Style Time
LAB-002214,20251208,110,7,40.0,40.0,34.25,5.75,0.0,0.0,144.93,1.0,4963.85,2025-12-15,On Time,Mobile Time Entry
LAB-002215,20251208,111,109,40.0,40.0,33.0,7.0,0.0,0.0,106.37,1.5,3510.21,2025-12-17,On Time,SAP-Style Time
LAB-002216,20251208,112,761,40.0,16.0,13.75,2.25,0.0,24.0,93.17,1.5,1281.09,2025-12-17,On Time,Mobile Time Entry
LAB-002217,20251208,113,646,40.0,40.0,33.5,6.5,0.0,0.0,97.98,1.5,3282.33,2025-12-15,On Time,SAP-Style Time
LAB-002218,20251208,114,178,40.0,40.0,27.5,12.5,0.0,0.0,97.72,1.5,2687.3,2025-12-15,On Time,SAP-Style Time
LAB-002219,20251208,115,519,40.0,40.0,28.75,11.25,0.0,0.0,89.67,1.5,2578.01,2025-12-16,On Time,SAP-Style Time
LAB-002220,20251208,116,577,40.0,40.0,29.75,10.25,0.0,0.0,131.09,1.0,3899.93,2025-12-15,On Time,SAP-Style Time
LAB-002221,20251208,118,296,40.0,40.0,29.5,10.5,0.0,0.0,123.33,1.0,3638.24,2025-12-15,On Time,SAP-Style Time
LAB-002222,20251208,119,416,40.0,24.0,18.0,6.0,0.0,16.0,98.99,1.5,1781.82,2025-12-15,On Time,SAP-Style Time
LAB-002223,20251208,120,885,40.0,40.0,30.5,9.5,0.0,0.0,79.77,1.5,2432.98,2025-12-15,On Time,SAP-Style Time
LAB-002224,20251215,1,111,40.0,40.0,34.5,5.5,0.0,0.0,100.39,1.5,3463.46,2025-12-21,On Time,SAP-Style Time
LAB-002225,20251215,2,573,40.0,40.0,34.5,5.5,0.0,0.0,150.62,1.0,5196.39,2025-12-22,On Time,SAP-Style Time
LAB-002226,20251215,3,137,40.0,40.0,34.25,5.75,0.0,0.0,83.78,1.5,2869.47,2025-12-22,On Time,Mobile Time Entry
LAB-002227,20251215,4,491,40.0,40.0,34.0,6.0,0.0,0.0,78.56,1.5,2671.04,2025-12-24,On Time,SAP-Style Time
LAB-002228,20251215,5,277,40.0,40.0,34.5,5.5,0.0,0.0,120.4,1.0,4153.8,2025-12-21,On Time,SAP-Style Time
LAB-002229,20251215,6,938,40.0,40.0,34.0,6.0,0.0,0.0,89.06,1.5,3028.04,2025-12-23,On Time,SAP-Style Time
LAB-002230,20251215,7,452,40.0,40.0,33.5,6.5,0.0,0.0,76.98,1.5,2578.83,2025-12-23,On Time,Mobile Time Entry
LAB-002231,20251215,8,174,40.0,40.0,33.75,6.25,0.0,0.0,101.38,1.5,3421.58,2025-12-21,On Time,SAP-Style Time
LAB-002232,20251215,9,541,40.0,40.0,33.5,6.5,0.0,0.0,81.4,1.5,2726.9,2025-12-23,On Time,SAP-Style Time
LAB-002233,20251215,10,151,40.0,32.0,27.0,5.0,0.0,8.0,76.52,1.5,2066.04,2025-12-22,On Time,SAP-Style Time
LAB-002234,20251215,11,551,40.0,40.0,34.75,5.25,0.0,0.0,128.94,1.0,4480.67,2025-12-23,On Time,SAP-Style Time
LAB-002235,20251215,12,200,40.0,40.0,36.25,6.5,2.75,0.0,93.13,1.5,3504.02,2025-12-22,On Time,SAP-Style Time
LAB-002236,20251215,13,380,40.0,40.0,33.5,6.5,0.0,0.0,82.59,1.5,2766.77,2025-12-22,On Time,SAP-Style Time
LAB-002237,20251215,14,212,40.0,32.0,26.75,5.25,0.0,8.0,100.38,1.5,2685.17,2025-12-23,On Time,SAP-Style Time
LAB-002238,20251215,15,1000,40.0,40.0,34.75,5.25,0.0,0.0,98.87,1.5,3435.73,2025-12-21,On Time,SAP-Style Time
LAB-002239,20251215,16,576,40.0,40.0,34.25,5.75,0.0,0.0,100.34,1.5,3436.65,2025-12-22,On Time,SAP-Style Time
LAB-002240,20251215,17,194,40.0,28.0,25.25,2.75,0.0,12.0,88.53,1.5,2235.38,2025-12-23,On Time,SAP-Style Time
LAB-002241,20251215,18,768,40.0,40.0,34.75,5.25,0.0,0.0,89.32,1.5,3103.87,2025-12-27,Late,Mobile Time Entry
LAB-002242,20251215,19,37,40.0,40.0,34.5,5.5,0.0,0.0,91.26,1.5,3148.47,2025-12-24,On Time,SAP-Style Time
LAB-002243,20251215,20,269,40.0,32.0,27.5,4.5,0.0,8.0,77.3,1.5,2125.75,2025-12-22,On Time,SAP-Style Time
LAB-002244,20251215,21,147,40.0,40.0,33.75,6.25,0.0,0.0,77.07,1.5,2601.11,2025-12-22,On Time,SAP-Style Time
LAB-002245,20251215,22,476,40.0,40.0,34.25,5.75,0.0,0.0,102.23,1.5,3501.38,2025-12-22,On Time,SAP-Style Time
LAB-002246,20251215,23,123,30.0,30.0,26.25,3.75,0.0,0.0,85.0,1.5,2231.25,2025-12-22,On Time,SAP-Style Time
LAB-006416,20251215,23,660,10.0,10.0,8.75,1.25,0.0,0.0,85.0,1.5,743.75,2025-12-22,On Time,SAP-Style Time
LAB-002247,20251215,24,356,40.0,40.0,34.75,5.25,0.0,0.0,81.27,1.5,2824.13,2025-12-23,On Time,SAP-Style Time
LAB-002248,20251215,25,279,40.0,40.0,34.75,5.25,0.0,0.0,102.16,1.0,3550.06,2025-12-22,On Time,SAP-Style Time
LAB-002249,20251215,26,798,40.0,40.0,37.0,5.75,2.75,0.0,85.79,1.5,3292.19,2025-12-24,On Time,SAP-Style Time
LAB-002250,20251215,27,963,40.0,40.0,33.25,6.75,0.0,0.0,104.52,1.5,3475.29,2025-12-21,On Time,SAP-Style Time
LAB-002251,20251215,28,82,40.0,40.0,34.75,5.25,0.0,0.0,82.53,1.5,2867.92,2025-12-21,On Time,SAP-Style Time
LAB-006434,20251215,29,74,14.0,11.25,9.5,1.75,0.0,2.75,79.3,1.5,753.35,2025-12-21,On Time,SAP-Style Time
LAB-002252,20251215,29,791,26.0,20.75,18.0,2.75,0.0,5.25,79.3,1.5,1427.4,2025-12-21,On Time,SAP-Style Time
LAB-002253,20251215,30,658,40.0,40.0,34.25,5.75,0.0,0.0,79.44,1.5,2720.82,2025-12-24,On Time,SAP-Style Time
LAB-002254,20251215,31,795,40.0,16.0,13.5,2.5,0.0,24.0,105.13,1.5,1419.25,2025-12-21,On Time,SAP-Style Time
LAB-002255,20251215,32,795,40.0,40.0,34.0,6.0,0.0,0.0,82.13,1.5,2792.42,2026-01-02,Late,SAP-Style Time
LAB-002256,20251215,33,9,40.0,40.0,33.75,6.25,0.0,0.0,89.89,1.5,3033.79,2025-12-22,On Time,SAP-Style Time
LAB-002257,20251215,34,861,40.0,32.0,26.75,5.25,0.0,8.0,98.09,1.5,2623.91,2025-12-22,On Time,SAP-Style Time
LAB-002258,20251215,35,563,40.0,40.0,34.25,5.75,0.0,0.0,91.52,1.5,3134.56,2025-12-22,On Time,SAP-Style Time
LAB-002259,20251215,36,944,40.0,40.0,33.75,6.25,0.0,0.0,82.83,1.5,2795.51,2025-12-22,On Time,SAP-Style Time
LAB-002260,20251215,37,563,40.0,40.0,32.5,7.5,0.0,0.0,92.08,1.5,2992.6,2025-12-21,On Time,SAP-Style Time
LAB-002261,20251215,38,279,40.0,32.0,26.0,6.0,0.0,8.0,105.74,1.5,2749.24,2025-12-21,On Time,SAP-Style Time
LAB-002262,20251215,39,270,40.0,36.0,29.75,6.25,0.0,4.0,107.79,1.5,3206.75,2025-12-21,On Time,SAP-Style Time
LAB-002263,20251215,40,997,40.0,40.0,32.25,7.75,0.0,0.0,103.71,1.5,3344.65,2025-12-22,On Time,SAP-Style Time
LAB-002264,20251215,41,420,40.0,40.0,32.5,7.5,0.0,0.0,108.71,1.5,3533.08,2025-12-22,On Time,SAP-Style Time
LAB-002265,20251215,42,548,40.0,40.0,32.25,7.75,0.0,0.0,149.01,1.0,4805.57,2025-12-21,On Time,SAP-Style Time
LAB-002266,20251215,43,773,40.0,40.0,32.75,7.25,0.0,0.0,106.75,1.5,3496.06,2025-12-23,On Time,SAP-Style Time
LAB-002267,20251215,44,84,40.0,40.0,32.25,7.75,0.0,0.0,144.49,1.0,4659.8,2025-12-22,On Time,SAP-Style Time
LAB-002268,20251215,45,264,40.0,40.0,31.5,8.5,0.0,0.0,86.24,1.5,2716.56,2025-12-23,On Time,SAP-Style Time
LAB-002269,20251215,46,269,40.0,40.0,33.5,6.5,0.0,0.0,143.94,1.0,4821.99,2025-12-23,On Time,SAP-Style Time
LAB-002270,20251215,47,827,40.0,28.0,23.0,5.0,0.0,12.0,106.76,1.5,2455.48,2025-12-23,On Time,SAP-Style Time
LAB-002271,20251215,48,404,40.0,40.0,31.75,8.25,0.0,0.0,87.87,1.5,2789.87,2025-12-22,On Time,SAP-Style Time
LAB-002272,20251215,49,143,40.0,40.0,33.0,7.0,0.0,0.0,83.27,1.5,2747.91,2025-12-23,On Time,SAP-Style Time
LAB-002273,20251215,50,962,40.0,40.0,33.25,6.75,0.0,0.0,101.97,1.5,3390.5,2025-12-22,On Time,SAP-Style Time
LAB-002274,20251215,51,253,40.0,40.0,31.5,8.5,0.0,0.0,86.2,1.5,2715.3,2025-12-21,On Time,SAP-Style Time
LAB-002275,20251215,52,420,40.0,40.0,33.0,7.0,0.0,0.0,97.32,1.5,3211.56,2025-12-23,On Time,SAP-Style Time
LAB-002276,20251215,53,68,40.0,40.0,32.75,7.25,0.0,0.0,94.11,1.5,3082.1,2025-12-22,On Time,Mobile Time Entry
LAB-002277,20251215,54,927,40.0,40.0,32.75,7.25,0.0,0.0,107.2,1.5,3510.8,2025-12-23,On Time,SAP-Style Time
LAB-002278,20251215,55,34,40.0,40.0,30.75,9.25,0.0,0.0,95.59,1.5,2939.39,2025-12-23,On Time,SAP-Style Time
LAB-002279,20251215,56,213,40.0,40.0,31.5,8.5,0.0,0.0,73.51,1.5,2315.57,2025-12-24,On Time,SAP-Style Time
LAB-006500,20251215,56,213,40.0,40.0,31.5,8.5,0.0,0.0,73.51,1.5,2315.57,2025-12-24,On Time,SAP-Style Time
LAB-002280,20251215,57,723,40.0,40.0,31.5,8.5,0.0,0.0,87.06,1.5,2742.39,2025-12-23,On Time,Mobile Time Entry
LAB-002281,20251215,58,234,40.0,40.0,32.0,8.0,0.0,0.0,119.87,1.0,3835.84,2025-12-22,On Time,SAP-Style Time
LAB-006442,20251215,59,212,12.0,12.0,9.5,2.5,0.0,0.0,83.18,1.5,790.21,2025-12-22,On Time,Mobile Time Entry
LAB-002282,20251215,59,248,28.0,28.0,21.75,6.25,0.0,0.0,83.18,1.5,1809.17,2025-12-22,On Time,Mobile Time Entry
LAB-002283,20251215,60,144,40.0,32.0,24.75,7.25,0.0,8.0,86.44,1.5,2139.39,2025-12-22,On Time,SAP-Style Time
LAB-002284,20251215,61,963,40.0,40.0,30.5,9.5,0.0,0.0,83.96,1.5,2560.78,2025-12-22,On Time,SAP-Style Time
LAB-002285,20251215,62,12,40.0,28.0,21.75,6.25,0.0,12.0,73.28,1.5,1593.84,2025-12-21,On Time,SAP-Style Time
LAB-002286,20251215,63,206,40.0,40.0,32.0,8.0,0.0,0.0,122.98,1.0,3935.36,2025-12-21,On Time,SAP-Style Time
LAB-002287,20251215,64,279,40.0,40.0,31.75,8.25,0.0,0.0,84.9,1.5,2695.58,2025-12-22,On Time,SAP-Style Time
LAB-002288,20251215,65,950,40.0,36.0,29.0,7.0,0.0,4.0,72.42,1.5,2100.18,2025-12-24,On Time,SAP-Style Time
LAB-002289,20251215,66,873,40.0,40.0,33.0,7.0,0.0,0.0,94.95,1.5,3133.35,2025-12-26,Late,SAP-Style Time
LAB-002290,20251215,67,78,40.0,40.0,30.0,10.0,0.0,0.0,79.97,1.5,2399.1,2025-12-30,Late,SAP-Style Time
LAB-002291,20251215,68,331,40.0,40.0,33.0,7.0,0.0,0.0,79.96,1.5,2638.68,2025-12-28,Late,SAP-Style Time
LAB-006435,20251215,69,211,10.0,10.0,7.75,2.25,0.0,0.0,92.5,1.5,716.88,2025-12-22,On Time,SAP-Style Time
LAB-002292,20251215,69,725,30.0,30.0,23.25,6.75,0.0,0.0,92.5,1.5,2150.63,2025-12-22,On Time,SAP-Style Time
LAB-002293,20251215,70,110,40.0,32.0,24.5,7.5,0.0,8.0,79.17,1.5,1939.67,2025-12-24,On Time,SAP-Style Time
LAB-002294,20251215,71,712,40.0,40.0,31.0,9.0,0.0,0.0,84.44,1.5,2617.64,2025-12-22,On Time,SAP-Style Time
LAB-002295,20251215,72,144,40.0,40.0,32.0,8.0,0.0,0.0,107.82,1.0,3450.24,2025-12-23,On Time,SAP-Style Time
LAB-002296,20251215,73,110,40.0,40.0,31.25,8.75,0.0,0.0,85.94,1.5,2685.63,2026-01-04,Late,SAP-Style Time
LAB-002297,20251215,74,309,40.0,40.0,32.0,8.0,0.0,0.0,74.38,1.5,2380.16,2025-12-22,On Time,Mobile Time Entry
LAB-002298,20251215,75,573,26.0,26.0,20.25,5.75,0.0,0.0,89.39,1.5,1810.15,2025-12-22,On Time,Mobile Time Entry
LAB-006476,20251215,75,1000,14.0,14.0,10.75,3.25,0.0,0.0,89.39,1.5,960.94,2025-12-22,On Time,Mobile Time Entry
LAB-002299,20251215,76,237,40.0,40.0,32.5,7.5,0.0,0.0,90.27,1.5,2933.78,2025-12-21,On Time,SAP-Style Time
LAB-002300,20251215,77,869,40.0,40.0,30.25,9.75,0.0,0.0,89.33,1.5,2702.23,2025-12-23,On Time,SAP-Style Time
LAB-002301,20251215,78,601,40.0,40.0,34.75,5.25,0.0,0.0,83.91,1.5,2915.87,2025-12-23,On Time,SAP-Style Time
LAB-002302,20251215,79,392,40.0,40.0,33.25,6.75,0.0,0.0,70.65,1.5,2349.11,2025-12-22,On Time,Mobile Time Entry
LAB-002303,20251215,81,929,40.0,40.0,33.0,7.0,0.0,0.0,87.64,1.5,2892.12,2025-12-23,On Time,SAP-Style Time
LAB-002304,20251215,82,673,40.0,40.0,34.0,6.0,0.0,0.0,68.13,1.5,2316.42,2025-12-22,On Time,SAP-Style Time
LAB-002305,20251215,83,620,40.0,40.0,33.0,7.0,0.0,0.0,73.3,1.5,2418.9,2025-12-22,On Time,SAP-Style Time
LAB-002306,20251215,84,12,40.0,40.0,34.25,5.75,0.0,0.0,71.25,1.5,2440.31,2025-12-22,On Time,SAP-Style Time
LAB-002307,20251215,85,273,40.0,40.0,35.75,6.75,2.5,0.0,65.88,1.5,2437.56,2025-12-21,On Time,SAP-Style Time
LAB-002308,20251215,86,611,40.0,40.0,34.0,6.0,0.0,0.0,82.25,1.5,2796.5,2025-12-22,On Time,Manager Adjustment
LAB-002309,20251215,87,920,40.0,40.0,34.25,5.75,0.0,0.0,78.64,1.5,2693.42,2025-12-22,On Time,SAP-Style Time
LAB-002310,20251215,88,522,40.0,40.0,31.5,8.5,0.0,0.0,71.87,1.5,2263.91,2025-12-22,On Time,SAP-Style Time
LAB-002311,20251215,89,237,40.0,40.0,34.0,6.0,0.0,0.0,77.91,1.5,2648.94,2025-12-21,On Time,SAP-Style Time
LAB-002312,20251215,90,42,40.0,40.0,33.75,6.25,0.0,0.0,74.99,1.5,2530.91,2025-12-22,On Time,SAP-Style Time
LAB-002313,20251215,91,854,40.0,32.0,25.75,6.25,0.0,8.0,68.92,1.5,1774.69,2025-12-22,On Time,Mobile Time Entry
LAB-002314,20251215,92,213,40.0,36.0,29.5,6.5,0.0,4.0,86.57,1.5,2553.81,2025-12-26,Late,SAP-Style Time
LAB-002315,20251215,93,279,40.0,36.0,29.25,6.75,0.0,4.0,107.35,1.0,3139.99,2025-12-21,On Time,SAP-Style Time
LAB-002316,20251215,94,759,40.0,40.0,34.0,6.0,0.0,0.0,114.66,1.5,3898.44,2025-12-22,On Time,SAP-Style Time
LAB-002317,20251215,96,742,40.0,40.0,35.0,5.0,0.0,0.0,158.23,1.0,5538.05,2025-12-23,On Time,Mobile Time Entry
LAB-002318,20251215,97,7,40.0,32.0,27.75,4.25,0.0,8.0,96.85,1.5,2687.59,2025-12-22,On Time,SAP-Style Time
LAB-002319,20251215,98,15,40.0,40.0,33.75,6.25,0.0,0.0,98.56,1.5,3326.4,2025-12-22,On Time,SAP-Style Time
LAB-002320,20251215,99,151,40.0,40.0,34.75,5.25,0.0,0.0,101.82,1.5,3538.25,2025-12-21,On Time,SAP-Style Time
LAB-002321,20251215,100,233,40.0,40.0,34.5,5.5,0.0,0.0,92.09,1.5,3177.11,2025-12-21,On Time,SAP-Style Time
LAB-002322,20251215,101,269,40.0,40.0,34.0,6.0,0.0,0.0,114.75,1.5,3901.5,2025-12-23,On Time,SAP-Style Time
LAB-002323,20251215,102,234,40.0,40.0,34.25,5.75,0.0,0.0,91.58,1.5,3136.62,2025-12-23,On Time,SAP-Style Time
LAB-002324,20251215,103,660,40.0,40.0,33.75,6.25,0.0,0.0,109.51,1.5,3695.96,2025-12-22,On Time,SAP-Style Time
LAB-002325,20251215,104,178,40.0,40.0,34.0,6.0,0.0,0.0,116.26,1.0,3952.84,2025-12-22,On Time,SAP-Style Time
LAB-002326,20251215,105,533,40.0,40.0,32.0,8.0,0.0,0.0,104.84,1.5,3354.88,2025-12-22,On Time,Mobile Time Entry
LAB-002327,20251215,106,13,40.0,40.0,32.75,7.25,0.0,0.0,100.92,1.5,3305.13,2025-12-22,On Time,Mobile Time Entry
LAB-002328,20251215,107,522,40.0,40.0,35.0,6.25,1.25,0.0,127.16,1.0,4450.6,2025-12-22,On Time,SAP-Style Time
LAB-002329,20251215,108,855,40.0,40.0,34.0,6.0,0.0,0.0,104.5,1.5,3553.0,2025-12-22,On Time,SAP-Style Time
LAB-002330,20251215,109,65,40.0,40.0,33.0,7.0,0.0,0.0,122.66,1.0,4047.78,2025-12-21,On Time,SAP-Style Time
LAB-002331,20251215,110,742,40.0,40.0,34.5,5.5,0.0,0.0,144.93,1.0,5000.09,2025-12-24,On Time,SAP-Style Time
LAB-002332,20251215,111,316,40.0,40.0,33.0,7.0,0.0,0.0,106.37,1.5,3510.21,2025-12-22,On Time,SAP-Style Time
LAB-002333,20251215,112,538,40.0,40.0,34.0,6.0,0.0,0.0,93.17,1.5,3167.78,2025-12-22,On Time,SAP-Style Time
LAB-002334,20251215,113,522,40.0,40.0,33.75,6.25,0.0,0.0,97.98,1.5,3306.83,2025-12-22,On Time,SAP-Style Time
LAB-002335,20251215,114,397,40.0,40.0,28.5,11.5,0.0,0.0,97.72,1.5,2785.02,2025-12-23,On Time,SAP-Style Time
LAB-002336,20251215,115,116,40.0,32.0,22.75,9.25,0.0,8.0,89.67,1.5,2039.99,2025-12-21,On Time,SAP-Style Time
LAB-006465,20251215,116,35,14.0,14.0,10.5,3.5,0.0,0.0,131.09,1.0,1376.45,2025-12-21,On Time,SAP-Style Time
LAB-002337,20251215,116,367,26.0,26.0,19.25,6.75,0.0,0.0,131.09,1.0,2523.48,2025-12-21,On Time,SAP-Style Time
LAB-002338,20251215,118,76,40.0,40.0,29.75,10.25,0.0,0.0,123.33,1.0,3669.07,2025-12-23,On Time,SAP-Style Time
LAB-002339,20251215,119,436,40.0,32.0,23.5,8.5,0.0,8.0,98.99,1.5,2326.27,2025-12-23,On Time,SAP-Style Time
LAB-002340,20251215,120,261,40.0,40.0,30.5,9.5,0.0,0.0,79.77,1.5,2432.98,2025-12-22,On Time,SAP-Style Time
LAB-002341,20251222,1,412,32.0,32.0,27.5,4.5,0.0,0.0,100.39,1.5,2760.73,2025-12-29,On Time,SAP-Style Time
LAB-002342,20251222,2,706,32.0,32.0,27.5,4.5,0.0,0.0,150.62,1.0,4142.05,2025-12-29,On Time,SAP-Style Time
LAB-002343,20251222,3,644,32.0,32.0,27.25,4.75,0.0,0.0,83.78,1.5,2283.01,2025-12-31,On Time,SAP-Style Time
LAB-006490,20251222,4,200,11.25,11.25,9.5,1.75,0.0,0.0,78.56,1.5,746.32,2025-12-29,On Time,SAP-Style Time
LAB-002344,20251222,4,552,20.75,20.75,18.0,2.75,0.0,0.0,78.56,1.5,1414.08,2025-12-29,On Time,SAP-Style Time
LAB-002345,20251222,5,628,32.0,32.0,27.5,4.5,0.0,0.0,120.4,1.0,3311.0,2025-12-29,On Time,SAP-Style Time
LAB-002346,20251222,6,728,32.0,32.0,27.0,5.0,0.0,0.0,89.06,1.5,2404.62,2025-12-29,On Time,SAP-Style Time
LAB-002347,20251222,7,107,32.0,32.0,27.25,4.75,0.0,0.0,76.98,1.5,2097.71,2025-12-28,On Time,SAP-Style Time
LAB-002348,20251222,8,416,32.0,32.0,27.25,4.75,0.0,0.0,101.38,1.5,2762.61,2025-12-29,On Time,SAP-Style Time
LAB-002349,20251222,9,237,32.0,32.0,27.0,5.0,0.0,0.0,81.4,1.5,2197.8,2025-12-30,On Time,SAP-Style Time
LAB-002350,20251222,10,798,32.0,32.0,26.75,5.25,0.0,0.0,76.52,1.5,2046.91,2025-12-28,On Time,SAP-Style Time
LAB-002351,20251222,11,310,32.0,20.0,17.25,2.75,0.0,12.0,128.94,1.0,2224.22,2025-12-28,On Time,Manager Adjustment
LAB-002352,20251222,12,745,32.0,32.0,27.25,4.75,0.0,0.0,93.13,1.5,2537.79,2025-12-28,On Time,SAP-Style Time
LAB-002353,20251222,13,436,32.0,32.0,29.25,5.5,2.75,0.0,82.59,1.5,2529.32,2025-12-30,On Time,SAP-Style Time
LAB-002354,20251222,14,176,32.0,32.0,27.0,5.0,0.0,0.0,100.38,1.5,2710.26,2025-12-29,On Time,SAP-Style Time
LAB-002355,20251222,15,551,32.0,32.0,28.0,4.0,0.0,0.0,98.87,1.5,2768.36,2025-12-31,On Time,SAP-Style Time
LAB-002356,20251222,16,943,32.0,32.0,27.75,4.25,0.0,0.0,100.34,1.5,2784.44,2025-12-29,On Time,SAP-Style Time
LAB-006493,20251222,17,209,8.0,8.0,7.0,1.0,0.0,0.0,88.53,1.5,619.71,2025-12-28,On Time,Mobile Time Entry
LAB-002357,20251222,17,217,24.0,24.0,21.5,2.5,0.0,0.0,88.53,1.5,1903.4,2025-12-28,On Time,Mobile Time Entry
LAB-002358,20251222,18,147,32.0,32.0,28.5,3.5,0.0,0.0,89.32,1.5,2545.62,2025-12-29,On Time,SAP-Style Time
LAB-002359,20251222,19,738,32.0,32.0,27.5,4.5,0.0,0.0,91.26,1.5,2509.65,2025-12-29,On Time,SAP-Style Time
LAB-002360,20251222,20,462,32.0,32.0,27.75,4.25,0.0,0.0,77.3,1.5,2145.08,2025-12-29,On Time,Mobile Time Entry
LAB-002361,20251222,21,297,32.0,32.0,26.5,5.5,0.0,0.0,77.07,1.5,2042.35,2025-12-29,On Time,Mobile Time Entry
LAB-002362,20251222,22,321,32.0,32.0,27.75,4.25,0.0,0.0,102.23,1.5,2836.88,2025-12-28,On Time,SAP-Style Time
LAB-002363,20251222,23,738,32.0,32.0,27.75,4.25,0.0,0.0,85.0,1.5,2358.75,2025-12-30,On Time,SAP-Style Time
LAB-002364,20251222,24,563,32.0,28.0,24.25,3.75,0.0,4.0,81.27,1.5,1970.8,2025-12-28,On Time,SAP-Style Time
LAB-002365,20251222,25,233,32.0,24.0,21.0,3.0,0.0,8.0,102.16,1.0,2145.36,2025-12-30,On Time,SAP-Style Time
LAB-002366,20251222,26,277,32.0,32.0,27.5,4.5,0.0,0.0,85.79,1.5,2359.23,2025-12-28,On Time,SAP-Style Time
LAB-002367,20251222,27,287,32.0,20.0,16.75,3.25,0.0,12.0,104.52,1.5,1750.71,2025-12-30,On Time,SAP-Style Time
LAB-002368,20251222,28,606,32.0,32.0,27.75,4.25,0.0,0.0,82.53,1.5,2290.21,2025-12-29,On Time,SAP-Style Time
LAB-002369,20251222,29,759,32.0,32.0,28.0,4.0,0.0,0.0,79.3,1.5,2220.4,2025-12-30,On Time,SAP-Style Time
LAB-002370,20251222,30,969,32.0,32.0,27.5,4.5,0.0,0.0,79.44,1.5,2184.6,2025-12-28,On Time,SAP-Style Time
LAB-002371,20251222,31,997,32.0,32.0,27.0,5.0,0.0,0.0,105.13,1.5,2838.51,2025-12-30,On Time,SAP-Style Time
LAB-002372,20251222,32,341,32.0,32.0,27.25,4.75,0.0,0.0,82.13,1.5,2238.04,2025-12-30,On Time,Mobile Time Entry
LAB-002373,20251222,33,952,32.0,32.0,27.0,5.0,0.0,0.0,89.89,1.5,2427.03,2025-12-30,On Time,Mobile Time Entry
LAB-002374,20251222,34,166,32.0,24.0,20.0,4.0,0.0,8.0,98.09,1.5,1961.8,2025-12-29,On Time,SAP-Style Time
LAB-002375,20251222,35,29,32.0,32.0,27.25,4.75,0.0,0.0,91.52,1.5,2493.92,2025-12-30,On Time,SAP-Style Time
LAB-002376,20251222,36,749,32.0,32.0,27.75,4.25,0.0,0.0,82.83,1.5,2298.53,2025-12-30,On Time,SAP-Style Time
LAB-002377,20251222,37,850,32.0,32.0,26.25,5.75,0.0,0.0,92.08,1.5,2417.1,2025-12-29,On Time,SAP-Style Time
LAB-002378,20251222,38,761,32.0,32.0,26.25,5.75,0.0,0.0,105.74,1.5,2775.67,2025-12-31,On Time,SAP-Style Time
LAB-002379,20251222,39,281,22.5,22.5,18.5,4.0,0.0,0.0,107.79,1.5,1994.12,2025-12-30,On Time,SAP-Style Time
LAB-006343,20251222,39,535,9.5,9.5,8.0,1.5,0.0,0.0,107.79,1.5,862.32,2025-12-30,On Time,SAP-Style Time
LAB-002380,20251222,40,487,32.0,32.0,25.75,6.25,0.0,0.0,103.71,1.5,2670.53,2025-12-28,On Time,SAP-Style Time
LAB-002381,20251222,41,772,32.0,24.0,19.75,4.25,0.0,8.0,108.71,1.5,2147.02,2025-12-29,On Time,SAP-Style Time
LAB-002382,20251222,42,628,32.0,28.0,22.5,5.5,0.0,4.0,149.01,1.0,3352.73,2025-12-30,On Time,SAP-Style Time
LAB-002383,20251222,43,962,32.0,32.0,26.0,6.0,0.0,0.0,106.75,1.5,2775.5,2025-12-30,On Time,Mobile Time Entry
LAB-002384,20251222,44,76,32.0,24.0,19.5,4.5,0.0,8.0,144.49,1.0,2817.56,2025-12-29,On Time,SAP-Style Time
LAB-002385,20251222,45,742,32.0,32.0,25.25,6.75,0.0,0.0,86.24,1.5,2177.56,2025-12-29,On Time,Mobile Time Entry
LAB-002386,20251222,46,6,32.0,32.0,26.25,5.75,0.0,0.0,143.94,1.0,3778.42,2025-12-29,On Time,SAP-Style Time
LAB-002387,20251222,47,744,32.0,32.0,32.5,5.75,6.25,0.0,106.76,1.5,3803.33,2025-12-28,On Time,SAP-Style Time
LAB-002388,20251222,48,797,32.0,24.0,19.0,5.0,0.0,8.0,87.87,1.5,1669.53,2025-12-28,On Time,SAP-Style Time
LAB-002389,20251222,49,116,32.0,32.0,28.0,6.0,2.0,0.0,83.27,1.5,2414.83,2025-12-29,On Time,SAP-Style Time
LAB-002390,20251222,50,927,32.0,32.0,31.5,5.5,5.0,0.0,101.97,1.5,3466.98,2025-12-30,On Time,SAP-Style Time
LAB-002391,20251222,51,34,32.0,32.0,25.0,7.0,0.0,0.0,86.2,1.5,2155.0,2025-12-30,On Time,SAP-Style Time
LAB-002392,20251222,52,37,32.0,32.0,26.5,5.5,0.0,0.0,97.32,1.5,2578.98,2025-12-30,On Time,SAP-Style Time
LAB-002393,20251222,53,973,32.0,32.0,26.5,5.5,0.0,0.0,94.11,1.5,2493.92,2025-12-30,On Time,SAP-Style Time
LAB-002394,20251222,54,280,32.0,32.0,26.5,5.5,0.0,0.0,107.2,1.5,2840.8,2025-12-29,On Time,SAP-Style Time
LAB-002395,20251222,55,35,32.0,32.0,24.75,7.25,0.0,0.0,95.59,1.5,2365.85,2025-12-30,On Time,SAP-Style Time
LAB-002396,20251222,56,8,32.0,32.0,25.25,6.75,0.0,0.0,73.51,1.5,1856.13,2025-12-30,On Time,Mobile Time Entry
LAB-002397,20251222,57,425,32.0,32.0,25.5,6.5,0.0,0.0,87.06,1.5,2220.03,2025-12-31,On Time,SAP-Style Time
LAB-002398,20251222,58,980,32.0,32.0,24.75,7.25,0.0,0.0,119.87,1.0,2966.78,2025-12-29,On Time,SAP-Style Time
LAB-002399,20251222,59,7,32.0,32.0,24.75,7.25,0.0,0.0,83.18,1.5,2058.71,2025-12-29,On Time,Mobile Time Entry
LAB-002400,20251222,60,687,32.0,20.0,15.25,4.75,0.0,12.0,86.44,1.5,1318.21,2025-12-31,On Time,SAP-Style Time
LAB-002401,20251222,61,535,32.0,32.0,24.25,7.75,0.0,0.0,83.96,1.5,2036.03,2025-12-29,On Time,SAP-Style Time
LAB-002402,20251222,62,535,32.0,20.0,15.75,4.25,0.0,12.0,73.28,1.5,1154.16,2025-12-29,On Time,SAP-Style Time
LAB-002403,20251222,63,919,32.0,32.0,25.5,6.5,0.0,0.0,122.98,1.0,3135.99,2025-12-29,On Time,SAP-Style Time
LAB-002404,20251222,64,946,32.0,20.0,15.75,4.25,0.0,12.0,84.9,1.5,1337.18,2025-12-30,On Time,SAP-Style Time
LAB-002405,20251222,65,778,32.0,32.0,24.75,7.25,0.0,0.0,72.42,1.5,1792.4,2025-12-29,On Time,SAP-Style Time
LAB-002406,20251222,66,863,32.0,32.0,26.75,5.25,0.0,0.0,94.95,1.5,2539.91,2025-12-28,On Time,SAP-Style Time
LAB-002407,20251222,67,950,32.0,24.0,18.5,5.5,0.0,8.0,79.97,1.5,1479.45,2025-12-29,On Time,SAP-Style Time
LAB-002408,20251222,68,261,32.0,24.0,19.75,4.25,0.0,8.0,79.96,1.5,1579.21,2025-12-29,On Time,SAP-Style Time
LAB-002409,20251222,69,725,32.0,32.0,25.25,6.75,0.0,0.0,92.5,1.5,2335.63,2025-12-29,On Time,SAP-Style Time
LAB-002410,20251222,70,674,32.0,32.0,24.5,7.5,0.0,0.0,79.17,1.5,1939.67,2025-12-30,On Time,SAP-Style Time
LAB-002411,20251222,71,679,32.0,32.0,25.5,6.5,0.0,0.0,84.44,1.5,2153.22,2025-12-29,On Time,Mobile Time Entry
LAB-002412,20251222,72,296,32.0,32.0,25.0,7.0,0.0,0.0,107.82,1.0,2695.5,2025-12-29,On Time,SAP-Style Time
LAB-002413,20251222,73,687,32.0,28.0,22.25,5.75,0.0,4.0,85.94,1.5,1912.17,2025-12-30,On Time,SAP-Style Time
LAB-002414,20251222,74,542,24.0,24.0,19.25,4.75,0.0,0.0,74.38,1.5,1431.81,2025-12-29,On Time,SAP-Style Time
LAB-006337,20251222,74,614,8.0,8.0,6.5,1.5,0.0,0.0,74.38,1.5,483.47,2025-12-29,On Time,SAP-Style Time
LAB-002415,20251222,75,8,32.0,24.0,18.75,5.25,0.0,8.0,89.39,1.5,1676.06,2025-12-29,On Time,SAP-Style Time
LAB-002416,20251222,76,973,32.0,32.0,25.5,6.5,0.0,0.0,90.27,1.5,2301.88,2025-12-29,On Time,SAP-Style Time
LAB-002417,20251222,77,538,32.0,32.0,24.0,8.0,0.0,0.0,89.33,1.5,2143.92,2025-12-30,On Time,SAP-Style Time
LAB-002418,20251222,78,231,32.0,32.0,28.25,3.75,0.0,0.0,83.91,1.5,2370.46,2025-12-31,On Time,SAP-Style Time
LAB-002419,20251222,79,617,32.0,32.0,27.5,4.5,0.0,0.0,70.65,1.5,1942.88,2025-12-29,On Time,SAP-Style Time
LAB-002420,20251222,81,397,32.0,32.0,26.75,5.25,0.0,0.0,87.64,1.5,2344.37,2025-12-29,On Time,SAP-Style Time
LAB-002421,20251222,82,620,32.0,32.0,27.25,4.75,0.0,0.0,68.13,1.5,1856.54,2025-12-29,On Time,SAP-Style Time
LAB-002422,20251222,83,137,32.0,32.0,26.25,5.75,0.0,0.0,73.3,1.5,1924.13,2025-12-28,On Time,SAP-Style Time
LAB-002423,20251222,84,410,32.0,32.0,27.25,4.75,0.0,0.0,71.25,1.5,1941.56,2025-12-30,On Time,SAP-Style Time
LAB-002424,20251222,85,28,32.0,8.0,6.75,1.25,0.0,24.0,65.88,1.5,444.69,2025-12-30,On Time,SAP-Style Time
LAB-002425,20251222,86,781,32.0,32.0,27.25,4.75,0.0,0.0,82.25,1.5,2241.31,2025-12-30,On Time,SAP-Style Time
LAB-002426,20251222,87,292,32.0,32.0,27.0,5.0,0.0,0.0,78.64,1.5,2123.28,2025-12-31,On Time,SAP-Style Time
LAB-002427,20251222,88,721,32.0,32.0,25.75,6.25,0.0,0.0,71.87,1.5,1850.65,2025-12-29,On Time,SAP-Style Time
LAB-002428,20251222,89,721,32.0,32.0,26.5,5.5,0.0,0.0,77.91,1.5,2064.62,2025-12-29,On Time,SAP-Style Time
LAB-002429,20251222,90,552,32.0,32.0,27.0,5.0,0.0,0.0,74.99,1.5,2024.73,2025-12-28,On Time,SAP-Style Time
LAB-002430,20251222,91,841,32.0,32.0,25.25,6.75,0.0,0.0,68.92,1.5,1740.23,2025-12-30,On Time,SAP-Style Time
LAB-002431,20251222,92,273,32.0,32.0,26.25,5.75,0.0,0.0,86.57,1.5,2272.46,2025-12-30,On Time,SAP-Style Time
LAB-002432,20251222,93,974,32.0,32.0,25.5,6.5,0.0,0.0,107.35,1.0,2737.42,2025-12-29,On Time,SAP-Style Time
LAB-002433,20251222,94,200,32.0,32.0,27.25,4.75,0.0,0.0,114.66,1.5,3124.49,2025-12-28,On Time,SAP-Style Time
LAB-002434,20251222,96,827,32.0,32.0,28.0,4.0,0.0,0.0,158.23,1.0,4430.44,2025-12-30,On Time,SAP-Style Time
LAB-002435,20251222,97,529,32.0,32.0,27.75,4.25,0.0,0.0,96.85,1.5,2687.59,2025-12-28,On Time,SAP-Style Time
LAB-002436,20251222,98,179,32.0,32.0,27.0,5.0,0.0,0.0,98.56,1.5,2661.12,2025-12-30,On Time,Mobile Time Entry
LAB-002437,20251222,99,563,32.0,32.0,27.75,4.25,0.0,0.0,101.82,1.5,2825.5,2025-12-29,On Time,SAP-Style Time
LAB-002438,20251222,100,399,32.0,32.0,26.75,5.25,0.0,0.0,92.09,1.5,2463.41,2025-12-30,On Time,Mobile Time Entry
LAB-002439,20251222,101,281,32.0,32.0,27.0,5.0,0.0,0.0,114.75,1.5,3098.25,2025-12-29,On Time,SAP-Style Time
LAB-002440,20251222,102,784,32.0,32.0,27.25,4.75,0.0,0.0,91.58,1.5,2495.56,2025-12-31,On Time,Mobile Time Entry
LAB-002441,20251222,103,342,32.0,32.0,27.5,4.5,0.0,0.0,109.51,1.5,3011.53,2026-01-06,Late,Mobile Time Entry
LAB-002442,20251222,104,307,32.0,20.0,17.25,2.75,0.0,12.0,116.26,1.0,2005.49,2025-12-29,On Time,Mobile Time Entry
LAB-002443,20251222,105,638,32.0,32.0,25.5,6.5,0.0,0.0,104.84,1.5,2673.42,2025-12-29,On Time,SAP-Style Time
LAB-002444,20251222,106,628,32.0,32.0,26.5,5.5,0.0,0.0,100.92,1.5,2674.38,2025-12-28,On Time,SAP-Style Time
LAB-006459,20251222,107,335,9.5,9.5,8.25,1.25,0.0,0.0,127.16,1.0,1049.07,2025-12-29,On Time,Mobile Time Entry
LAB-002445,20251222,107,435,22.5,22.5,19.0,3.5,0.0,0.0,127.16,1.0,2416.04,2025-12-29,On Time,Mobile Time Entry
LAB-002446,20251222,108,920,32.0,32.0,27.25,4.75,0.0,0.0,104.5,1.5,2847.63,2025-12-28,On Time,SAP-Style Time
LAB-002447,20251222,109,137,32.0,16.0,13.5,2.5,0.0,16.0,122.66,1.0,1655.91,2025-12-29,On Time,SAP-Style Time
LAB-002448,20251222,110,599,32.0,32.0,31.0,4.25,3.25,0.0,144.93,1.0,4492.83,2025-12-30,On Time,SAP-Style Time
LAB-002449,20251222,111,279,32.0,32.0,27.0,5.0,0.0,0.0,106.37,1.5,2871.99,2025-12-28,On Time,SAP-Style Time
LAB-002450,20251222,112,606,32.0,32.0,27.5,4.5,0.0,0.0,93.17,1.5,2562.18,2025-12-31,On Time,SAP-Style Time
LAB-002451,20251222,113,961,32.0,32.0,26.5,5.5,0.0,0.0,97.98,1.5,2596.47,2025-12-30,On Time,SAP-Style Time
LAB-002452,20251222,114,211,32.0,32.0,22.0,10.0,0.0,0.0,97.72,1.5,2149.84,2025-12-28,On Time,SAP-Style Time
LAB-002453,20251222,115,830,32.0,8.0,5.75,2.25,0.0,24.0,89.67,1.5,515.6,2025-12-29,On Time,SAP-Style Time
LAB-002454,20251222,116,30,32.0,32.0,24.0,8.0,0.0,0.0,131.09,1.0,3146.16,2025-12-30,On Time,SAP-Style Time
LAB-002455,20251222,118,552,32.0,32.0,23.25,8.75,0.0,0.0,123.33,1.0,2867.42,2025-12-28,On Time,SAP-Style Time
LAB-002456,20251222,119,646,32.0,32.0,23.25,8.75,0.0,0.0,98.99,1.5,2301.52,2025-12-29,On Time,SAP-Style Time
LAB-002457,20251222,120,848,32.0,32.0,24.25,7.75,0.0,0.0,79.77,1.5,1934.42,2025-12-29,On Time,SAP-Style Time
LAB-002458,20251229,1,130,32.0,32.0,27.75,4.25,0.0,0.0,100.39,1.5,2785.82,2026-01-05,On Time,SAP-Style Time
LAB-002459,20251229,2,323,32.0,32.0,27.5,4.5,0.0,0.0,150.62,1.0,4142.05,2026-01-04,On Time,SAP-Style Time
LAB-002460,20251229,3,761,32.0,32.0,27.0,5.0,0.0,0.0,83.78,1.5,2262.06,2026-01-06,On Time,SAP-Style Time
LAB-002461,20251229,4,323,32.0,32.0,27.5,4.5,0.0,0.0,78.56,1.5,2160.4,2026-01-06,On Time,SAP-Style Time
LAB-002462,20251229,5,555,32.0,32.0,27.5,4.5,0.0,0.0,120.4,1.0,3311.0,2026-01-14,Late,SAP-Style Time
LAB-002463,20251229,6,590,32.0,32.0,26.75,5.25,0.0,0.0,89.06,1.5,2382.36,2026-01-06,On Time,SAP-Style Time
LAB-002464,20251229,7,515,32.0,32.0,27.25,4.75,0.0,0.0,76.98,1.5,2097.71,2026-01-05,On Time,SAP-Style Time
LAB-002465,20251229,8,224,32.0,32.0,27.0,5.0,0.0,0.0,101.38,1.5,2737.26,2026-01-06,On Time,SAP-Style Time
LAB-002466,20251229,9,108,32.0,32.0,26.75,5.25,0.0,0.0,81.4,1.5,2177.45,2026-01-07,On Time,SAP-Style Time
LAB-002467,20251229,10,356,32.0,32.0,26.75,5.25,0.0,0.0,76.52,1.5,2046.91,2026-01-06,On Time,SAP-Style Time
LAB-006495,20251229,10,356,32.0,32.0,26.75,5.25,0.0,0.0,76.52,1.5,2046.91,2026-01-06,On Time,SAP-Style Time
LAB-002468,20251229,11,551,32.0,32.0,28.0,4.0,0.0,0.0,128.94,1.0,3610.32,2026-01-05,On Time,Mobile Time Entry
LAB-006323,20251229,12,707,8.0,8.0,6.75,1.25,0.0,0.0,93.13,1.5,628.63,2026-01-05,On Time,SAP-Style Time
LAB-002469,20251229,12,973,24.0,24.0,20.5,3.5,0.0,0.0,93.13,1.5,1909.17,2026-01-05,On Time,SAP-Style Time
LAB-002470,20251229,13,123,32.0,16.0,13.25,2.75,0.0,16.0,82.59,1.5,1094.32,2026-01-06,On Time,SAP-Style Time
LAB-002471,20251229,14,137,32.0,28.0,23.75,4.25,0.0,4.0,100.38,1.5,2384.03,2026-01-05,On Time,SAP-Style Time
LAB-002472,20251229,15,687,32.0,32.0,27.75,4.25,0.0,0.0,98.87,1.5,2743.64,2026-01-05,On Time,SAP-Style Time
LAB-002473,20251229,16,568,32.0,32.0,27.75,4.25,0.0,0.0,100.34,1.5,2784.44,2026-01-05,On Time,SAP-Style Time
LAB-002474,20251229,17,540,32.0,32.0,28.25,3.75,0.0,0.0,88.53,1.5,2500.97,2026-01-05,On Time,SAP-Style Time
LAB-002475,20251229,18,189,32.0,32.0,28.0,4.0,0.0,0.0,89.32,1.5,2500.96,2026-01-06,On Time,SAP-Style Time
LAB-002476,20251229,19,564,32.0,32.0,27.75,4.25,0.0,0.0,91.26,1.5,2532.47,2026-01-05,On Time,SAP-Style Time
LAB-002477,20251229,20,848,32.0,32.0,27.75,4.25,0.0,0.0,77.3,1.5,2145.08,2026-01-07,On Time,SAP-Style Time
LAB-002478,20251229,21,240,32.0,32.0,26.0,6.0,0.0,0.0,77.07,1.5,2003.82,2026-01-04,On Time,SAP-Style Time
LAB-002479,20251229,22,321,32.0,32.0,28.0,4.0,0.0,0.0,102.23,1.5,2862.44,2026-01-05,On Time,SAP-Style Time
LAB-002480,20251229,23,518,32.0,32.0,27.5,4.5,0.0,0.0,85.0,1.5,2337.5,2026-01-04,On Time,SAP-Style Time
LAB-002481,20251229,24,386,32.0,32.0,27.75,4.25,0.0,0.0,81.27,1.5,2255.24,2026-01-05,On Time,SAP-Style Time
LAB-002482,20251229,25,599,32.0,32.0,27.75,4.25,0.0,0.0,102.16,1.0,2834.94,2026-01-06,On Time,SAP-Style Time
LAB-002483,20251229,26,954,32.0,32.0,27.5,4.5,0.0,0.0,85.79,1.5,2359.23,2026-01-05,On Time,SAP-Style Time
LAB-002484,20251229,27,111,32.0,32.0,27.25,4.75,0.0,0.0,104.52,1.5,2848.17,2026-01-04,On Time,SAP-Style Time
LAB-002485,20251229,28,766,32.0,32.0,27.5,4.5,0.0,0.0,82.53,1.5,2269.58,2026-01-05,On Time,Mobile Time Entry
LAB-002486,20251229,29,672,32.0,24.0,20.75,3.25,0.0,8.0,79.3,1.5,1645.48,2026-01-06,On Time,SAP-Style Time
LAB-002487,20251229,30,667,32.0,24.0,20.75,3.25,0.0,8.0,79.44,1.5,1648.38,2026-01-07,On Time,Mobile Time Entry
LAB-002488,20251229,31,301,32.0,32.0,26.75,5.25,0.0,0.0,105.13,1.5,2812.23,2026-01-05,On Time,SAP-Style Time
LAB-002489,20251229,32,298,32.0,32.0,27.5,4.5,0.0,0.0,82.13,1.5,2258.58,2026-01-05,On Time,SAP-Style Time
LAB-002490,20251229,33,246,32.0,20.0,17.25,2.75,0.0,12.0,89.89,1.5,1550.6,2026-01-06,On Time,SAP-Style Time
LAB-002491,20251229,34,493,32.0,32.0,27.25,4.75,0.0,0.0,98.09,1.5,2672.95,2026-01-06,On Time,SAP-Style Time
LAB-002492,20251229,35,902,32.0,32.0,34.0,4.25,6.25,0.0,91.52,1.5,3397.68,2026-01-05,On Time,SAP-Style Time
LAB-002493,20251229,36,400,32.0,8.0,7.0,1.0,0.0,24.0,82.83,1.5,579.81,2026-01-06,On Time,SAP-Style Time
LAB-002494,20251229,37,9,32.0,32.0,26.0,6.0,0.0,0.0,92.08,1.5,2394.08,2026-01-05,On Time,SAP-Style Time
LAB-002495,20251229,38,606,32.0,32.0,26.75,5.25,0.0,0.0,105.74,1.5,2828.55,2026-01-06,On Time,SAP-Style Time
LAB-002496,20251229,39,453,32.0,28.0,22.75,5.25,0.0,4.0,107.79,1.5,2452.22,2026-01-06,On Time,SAP-Style Time
LAB-006409,20251229,40,84,11.25,9.75,8.0,1.75,0.0,1.5,103.71,1.5,829.68,2026-01-05,On Time,SAP-Style Time
LAB-002497,20251229,40,969,20.75,18.25,15.0,3.25,0.0,2.5,103.71,1.5,1555.65,2026-01-05,On Time,SAP-Style Time
LAB-002498,20251229,41,404,32.0,32.0,26.5,5.5,0.0,0.0,108.71,1.5,2880.82,2026-01-05,On Time,SAP-Style Time
LAB-002499,20251229,42,432,32.0,28.0,22.5,5.5,0.0,4.0,149.01,1.0,3352.73,2026-01-04,On Time,SAP-Style Time
LAB-002500,20251229,43,270,32.0,32.0,26.0,6.0,0.0,0.0,106.75,1.5,2775.5,2026-01-05,On Time,SAP-Style Time
LAB-002501,20251229,44,946,32.0,32.0,26.0,6.0,0.0,0.0,144.49,1.0,3756.74,2026-01-05,On Time,SAP-Style Time
LAB-002502,20251229,45,287,32.0,32.0,26.0,6.0,0.0,0.0,86.24,1.5,2242.24,2026-01-05,On Time,SAP-Style Time
LAB-002503,20251229,46,435,32.0,20.0,16.25,3.75,0.0,12.0,143.94,1.0,2339.03,2026-01-05,On Time,SAP-Style Time
LAB-002504,20251229,47,715,32.0,32.0,26.75,5.25,0.0,0.0,106.76,1.5,2855.83,2026-01-05,On Time,SAP-Style Time
LAB-002505,20251229,48,880,32.0,32.0,24.75,7.25,0.0,0.0,87.87,1.5,2174.78,2026-01-04,On Time,SAP-Style Time
LAB-002506,20251229,49,979,32.0,28.0,22.25,5.75,0.0,4.0,83.27,1.5,1852.76,2026-01-06,On Time,SAP-Style Time
LAB-002507,20251229,50,453,32.0,32.0,26.25,5.75,0.0,0.0,101.97,1.5,2676.71,2026-01-06,On Time,SAP-Style Time
LAB-002508,20251229,51,420,32.0,32.0,25.5,6.5,0.0,0.0,86.2,1.5,2198.1,2026-01-06,On Time,SAP-Style Time
LAB-002509,20251229,52,1,32.0,32.0,26.5,5.5,0.0,0.0,97.32,1.5,2578.98,2026-01-04,On Time,SAP-Style Time
LAB-002510,20251229,53,946,32.0,8.0,6.75,1.25,0.0,24.0,94.11,1.5,635.24,2026-01-05,On Time,SAP-Style Time
LAB-002511,20251229,54,60,32.0,32.0,26.25,5.75,0.0,0.0,107.2,1.5,2814.0,2026-01-04,On Time,SAP-Style Time
LAB-002512,20251229,55,342,32.0,32.0,25.0,7.0,0.0,0.0,95.59,1.5,2389.75,2026-01-06,On Time,Mobile Time Entry
LAB-002513,20251229,56,221,32.0,32.0,30.25,7.0,5.25,0.0,73.51,1.5,2416.64,2026-01-05,On Time,SAP-Style Time
LAB-002514,20251229,57,674,32.0,32.0,30.0,6.75,4.75,0.0,87.06,1.5,2818.57,2026-01-05,On Time,Mobile Time Entry
LAB-002515,20251229,58,206,32.0,32.0,25.0,7.0,0.0,0.0,119.87,1.0,2996.75,2026-01-06,On Time,SAP-Style Time
LAB-002516,20251229,59,580,32.0,20.0,15.75,4.25,0.0,12.0,83.18,1.5,1310.09,2026-01-06,On Time,Mobile Time Entry
LAB-002517,20251229,60,453,32.0,32.0,24.25,7.75,0.0,0.0,86.44,1.5,2096.17,2026-01-06,On Time,SAP-Style Time
LAB-002518,20251229,61,721,32.0,16.0,12.0,4.0,0.0,16.0,83.96,1.5,1007.52,2026-01-05,On Time,SAP-Style Time
LAB-002519,20251229,62,60,32.0,32.0,25.0,7.0,0.0,0.0,73.28,1.5,1832.0,2026-01-05,On Time,SAP-Style Time
LAB-002520,20251229,63,692,32.0,32.0,25.0,7.0,0.0,0.0,122.98,1.0,3074.5,2026-01-06,On Time,SAP-Style Time
LAB-002521,20251229,64,607,32.0,28.0,22.0,6.0,0.0,4.0,84.9,1.5,1867.8,2026-01-06,On Time,SAP-Style Time
LAB-002522,20251229,65,128,32.0,28.0,21.5,6.5,0.0,4.0,72.42,1.5,1557.03,2026-01-06,On Time,SAP-Style Time
LAB-002523,20251229,66,299,32.0,32.0,26.25,5.75,0.0,0.0,94.95,1.5,2492.44,2026-01-04,On Time,SAP-Style Time
LAB-002524,20251229,67,435,32.0,24.0,18.25,5.75,0.0,8.0,79.97,1.5,1459.45,2026-01-07,On Time,SAP-Style Time
LAB-002525,20251229,68,389,32.0,32.0,26.0,6.0,0.0,0.0,79.96,1.5,2078.96,2026-01-04,On Time,SAP-Style Time
LAB-002526,20251229,69,580,32.0,32.0,25.0,7.0,0.0,0.0,92.5,1.5,2312.5,2026-01-06,On Time,SAP-Style Time
LAB-002527,20251229,70,295,32.0,32.0,24.25,7.75,0.0,0.0,79.17,1.5,1919.87,2026-01-06,On Time,SAP-Style Time
LAB-002528,20251229,71,299,32.0,32.0,25.5,6.5,0.0,0.0,84.44,1.5,2153.22,2026-01-05,On Time,SAP-Style Time
LAB-002529,20251229,72,973,32.0,32.0,24.5,7.5,0.0,0.0,107.82,1.0,2641.59,2026-01-05,On Time,SAP-Style Time
LAB-002530,20251229,73,646,32.0,32.0,25.0,7.0,0.0,0.0,85.94,1.5,2148.5,2026-01-06,On Time,SAP-Style Time
LAB-002531,20251229,74,773,32.0,24.0,18.75,5.25,0.0,8.0,74.38,1.5,1394.63,2026-01-05,On Time,SAP-Style Time
LAB-002532,20251229,75,301,32.0,32.0,25.25,6.75,0.0,0.0,89.39,1.5,2257.1,2026-01-06,On Time,SAP-Style Time
LAB-002533,20251229,76,522,32.0,32.0,24.75,7.25,0.0,0.0,90.27,1.5,2234.18,2026-01-05,On Time,SAP-Style Time
LAB-002534,20251229,77,732,32.0,32.0,24.0,8.0,0.0,0.0,89.33,1.5,2143.92,2026-01-06,On Time,SAP-Style Time
LAB-002535,20251229,78,687,32.0,32.0,28.25,3.75,0.0,0.0,83.91,1.5,2370.46,2026-01-05,On Time,Mobile Time Entry
LAB-002536,20251229,79,679,32.0,24.0,20.0,4.0,0.0,8.0,70.65,1.5,1413.0,2026-01-04,On Time,SAP-Style Time
LAB-002537,20251229,81,803,32.0,32.0,26.75,5.25,0.0,0.0,87.64,1.5,2344.37,2026-01-06,On Time,SAP-Style Time
LAB-002538,20251229,82,313,19.25,19.25,16.25,3.0,0.0,0.0,68.13,1.5,1107.11,2026-01-05,On Time,SAP-Style Time
LAB-006464,20251229,82,861,12.75,12.75,10.75,2.0,0.0,0.0,68.13,1.5,732.4,2026-01-05,On Time,SAP-Style Time
LAB-002539,20251229,83,356,32.0,32.0,26.75,5.25,0.0,0.0,73.3,1.5,1960.77,2026-01-06,On Time,SAP-Style Time
LAB-002540,20251229,84,330,32.0,32.0,27.0,5.0,0.0,0.0,71.25,1.5,1923.75,2026-01-07,On Time,SAP-Style Time
LAB-002541,20251229,85,754,32.0,32.0,27.25,4.75,0.0,0.0,65.88,1.5,1795.23,2026-01-06,On Time,Mobile Time Entry
LAB-002542,20251229,86,187,32.0,32.0,26.25,5.75,0.0,0.0,82.25,1.5,2159.06,2026-01-06,On Time,SAP-Style Time
LAB-002543,20251229,87,248,32.0,32.0,27.25,4.75,0.0,0.0,78.64,1.5,2142.94,2026-01-05,On Time,SAP-Style Time
LAB-002544,20251229,88,233,32.0,32.0,26.0,6.0,0.0,0.0,71.87,1.5,1868.62,2026-01-06,On Time,SAP-Style Time
LAB-002545,20251229,89,904,32.0,16.0,13.25,2.75,0.0,16.0,77.91,1.5,1032.31,2026-01-07,On Time,SAP-Style Time
LAB-002546,20251229,90,314,32.0,32.0,26.5,5.5,0.0,0.0,74.99,1.5,1987.24,2026-01-05,On Time,Mobile Time Entry
LAB-002547,20251229,91,999,32.0,32.0,26.0,6.0,0.0,0.0,68.92,1.5,1791.92,2026-01-07,On Time,SAP-Style Time
LAB-002548,20251229,92,438,32.0,32.0,26.25,5.75,0.0,0.0,86.57,1.5,2272.46,2026-01-06,On Time,SAP-Style Time
LAB-002549,20251229,93,904,32.0,24.0,19.75,4.25,0.0,8.0,107.35,1.0,2120.16,2026-01-05,On Time,SAP-Style Time
LAB-002550,20251229,94,989,32.0,32.0,27.25,4.75,0.0,0.0,114.66,1.5,3124.49,2026-01-04,On Time,SAP-Style Time
LAB-002551,20251229,96,831,32.0,32.0,27.75,4.25,0.0,0.0,158.23,1.0,4390.88,2026-01-05,On Time,SAP-Style Time
LAB-002552,20251229,97,843,32.0,32.0,27.5,4.5,0.0,0.0,96.85,1.5,2663.38,2026-01-06,On Time,SAP-Style Time
LAB-002553,20251229,98,551,32.0,32.0,26.5,5.5,0.0,0.0,98.56,1.5,2611.84,2026-01-05,On Time,SAP-Style Time
LAB-002554,20251229,99,420,32.0,32.0,27.0,5.0,0.0,0.0,101.82,1.5,2749.14,2026-01-07,On Time,SAP-Style Time
LAB-002555,20251229,100,768,32.0,32.0,27.25,4.75,0.0,0.0,92.09,1.5,2509.45,2026-01-05,On Time,SAP-Style Time
LAB-002556,20251229,101,611,32.0,32.0,26.75,5.25,0.0,0.0,114.75,1.5,3069.56,2026-01-04,On Time,Mobile Time Entry
LAB-002557,20251229,102,873,32.0,32.0,27.5,4.5,0.0,0.0,91.58,1.5,2518.45,2026-01-05,On Time,SAP-Style Time
LAB-002558,20251229,103,107,32.0,32.0,28.0,4.0,0.0,0.0,109.51,1.5,3066.28,2026-01-04,On Time,SAP-Style Time
LAB-002559,20251229,104,314,32.0,28.0,24.25,3.75,0.0,4.0,116.26,1.0,2819.31,2026-01-06,On Time,SAP-Style Time
LAB-002560,20251229,105,952,32.0,32.0,26.0,6.0,0.0,0.0,104.84,1.5,2725.84,2026-01-05,On Time,SAP-Style Time
LAB-002561,20251229,106,824,32.0,24.0,20.0,4.0,0.0,8.0,100.92,1.5,2018.4,2026-01-04,On Time,SAP-Style Time
LAB-002562,20251229,107,30,32.0,28.0,24.75,3.25,0.0,4.0,127.16,1.0,3147.21,2026-01-06,On Time,SAP-Style Time
LAB-002563,20251229,108,421,32.0,32.0,27.0,5.0,0.0,0.0,104.5,1.5,2821.5,2026-01-05,On Time,SAP-Style Time
LAB-002564,20251229,109,761,32.0,24.0,20.0,4.0,0.0,8.0,122.66,1.0,2453.2,2026-01-12,Late,SAP-Style Time
LAB-002565,20251229,110,206,32.0,32.0,27.25,4.75,0.0,0.0,144.93,1.0,3949.34,2026-01-06,On Time,SAP-Style Time
LAB-002566,20251229,111,824,32.0,32.0,27.0,5.0,0.0,0.0,106.37,1.5,2871.99,2026-01-04,On Time,SAP-Style Time
LAB-002567,20251229,112,49,32.0,24.0,20.25,3.75,0.0,8.0,93.17,1.5,1886.69,2026-01-06,On Time,SAP-Style Time
LAB-002568,20251229,113,183,32.0,32.0,27.0,5.0,0.0,0.0,97.98,1.5,2645.46,2026-01-06,On Time,Mobile Time Entry
LAB-002569,20251229,114,431,32.0,24.0,16.5,7.5,0.0,8.0,97.72,1.5,1612.38,2026-01-05,On Time,SAP-Style Time
LAB-002570,20251229,115,873,32.0,32.0,22.5,9.5,0.0,0.0,89.67,1.5,2017.58,2026-01-04,On Time,SAP-Style Time
LAB-002571,20251229,116,798,32.0,32.0,23.5,8.5,0.0,0.0,131.09,1.0,3080.62,2026-01-04,On Time,SAP-Style Time
LAB-002572,20251229,118,885,32.0,16.0,11.75,4.25,0.0,16.0,123.33,1.0,1449.13,2026-01-06,On Time,SAP-Style Time
LAB-002573,20251229,119,848,32.0,32.0,23.0,9.0,0.0,0.0,98.99,1.5,2276.77,2026-01-07,On Time,Mobile Time Entry
LAB-002574,20251229,120,719,32.0,32.0,23.75,8.25,0.0,0.0,79.77,1.5,1894.54,2026-01-04,On Time,SAP-Style Time
LAB-002575,20260105,1,782,40.0,40.0,35.0,5.0,0.0,0.0,100.39,1.5,3513.65,2026-01-12,On Time,SAP-Style Time
LAB-002576,20260105,2,915,40.0,40.0,34.0,6.0,0.0,0.0,150.62,1.0,5121.08,2026-01-11,On Time,SAP-Style Time
LAB-002577,20260105,3,961,40.0,40.0,34.5,5.5,0.0,0.0,83.78,1.5,2890.41,2026-01-13,On Time,SAP-Style Time
LAB-002578,20260105,4,105,40.0,40.0,34.5,5.5,0.0,0.0,78.56,1.5,2710.32,2026-01-11,On Time,SAP-Style Time
LAB-002579,20260105,5,607,40.0,40.0,35.0,5.0,0.0,0.0,120.4,1.0,4214.0,2026-01-12,On Time,SAP-Style Time
LAB-002580,20260105,6,70,40.0,32.0,27.75,4.25,0.0,8.0,89.06,1.5,2471.42,2026-01-12,On Time,SAP-Style Time
LAB-002581,20260105,7,166,40.0,40.0,35.0,5.0,0.0,0.0,76.98,1.5,2694.3,2026-01-13,On Time,SAP-Style Time
LAB-002582,20260105,8,206,40.0,40.0,35.0,5.0,0.0,0.0,101.38,1.5,3548.3,2026-01-11,On Time,SAP-Style Time
LAB-002583,20260105,9,606,40.0,40.0,33.25,6.75,0.0,0.0,81.4,1.5,2706.55,2026-01-12,On Time,SAP-Style Time
LAB-002584,20260105,10,462,40.0,40.0,34.0,6.0,0.0,0.0,76.52,1.5,2601.68,2026-01-12,On Time,Mobile Time Entry
LAB-002585,20260105,11,233,40.0,40.0,35.25,4.75,0.0,0.0,128.94,1.0,4545.14,2026-01-12,On Time,SAP-Style Time
LAB-002586,20260105,12,748,40.0,40.0,34.5,5.5,0.0,0.0,93.13,1.5,3212.98,2026-01-12,On Time,SAP-Style Time
LAB-002587,20260105,13,292,40.0,40.0,33.0,7.0,0.0,0.0,82.59,1.5,2725.47,2026-01-12,On Time,SAP-Style Time
LAB-002588,20260105,14,322,40.0,40.0,33.75,6.25,0.0,0.0,100.38,1.5,3387.83,2026-01-11,On Time,SAP-Style Time
LAB-002589,20260105,15,916,40.0,40.0,34.25,5.75,0.0,0.0,98.87,1.5,3386.3,2026-01-11,On Time,SAP-Style Time
LAB-002590,20260105,16,199,40.0,40.0,35.5,4.5,0.0,0.0,100.34,1.5,3562.07,2026-01-11,On Time,SAP-Style Time
LAB-002591,20260105,17,432,40.0,40.0,35.5,4.5,0.0,0.0,88.53,1.5,3142.82,2026-01-14,On Time,SAP-Style Time
LAB-002592,20260105,18,552,40.0,40.0,34.5,5.5,0.0,0.0,89.32,1.5,3081.54,2026-01-12,On Time,SAP-Style Time
LAB-002593,20260105,19,532,40.0,36.0,31.5,4.5,0.0,4.0,91.26,1.5,2874.69,2026-01-13,On Time,SAP-Style Time
LAB-002594,20260105,20,576,40.0,40.0,34.0,6.0,0.0,0.0,77.3,1.5,2628.2,2026-01-11,On Time,SAP-Style Time
LAB-002595,20260105,21,590,40.0,40.0,33.5,6.5,0.0,0.0,77.07,1.5,2581.85,2026-01-12,On Time,Mobile Time Entry
LAB-002596,20260105,22,782,40.0,40.0,35.0,5.0,0.0,0.0,102.23,1.5,3578.05,2026-01-11,On Time,SAP-Style Time
LAB-002597,20260105,23,886,40.0,40.0,34.25,5.75,0.0,0.0,85.0,1.5,2911.25,2026-01-11,On Time,SAP-Style Time
LAB-002598,20260105,24,403,40.0,40.0,35.0,5.0,0.0,0.0,81.27,1.5,2844.45,2026-01-13,On Time,SAP-Style Time
LAB-002599,20260105,25,541,40.0,40.0,34.5,5.5,0.0,0.0,102.16,1.0,3524.52,2026-01-13,On Time,SAP-Style Time
LAB-002600,20260105,26,460,40.0,40.0,35.25,4.75,0.0,0.0,85.79,1.5,3024.1,2026-01-12,On Time,SAP-Style Time
LAB-002601,20260105,27,611,40.0,40.0,40.75,5.75,6.5,0.0,104.52,1.5,4598.88,2026-01-12,On Time,SAP-Style Time
LAB-002602,20260105,28,469,40.0,40.0,34.25,5.75,0.0,0.0,82.53,1.5,2826.65,2026-01-12,On Time,SAP-Style Time
LAB-002603,20260105,29,700,40.0,40.0,38.75,6.0,4.75,0.0,79.3,1.5,3261.21,2026-01-11,On Time,SAP-Style Time
LAB-002604,20260105,30,476,40.0,40.0,35.0,5.0,0.0,0.0,79.44,1.5,2780.4,2026-01-12,On Time,SAP-Style Time
LAB-002605,20260105,31,498,40.0,40.0,33.5,6.5,0.0,0.0,105.13,1.5,3521.86,2026-01-12,On Time,SAP-Style Time
LAB-002606,20260105,32,863,40.0,40.0,35.0,5.0,0.0,0.0,82.13,1.5,2874.55,2026-01-13,On Time,Manager Adjustment
LAB-002607,20260105,33,220,40.0,40.0,34.75,5.25,0.0,0.0,89.89,1.5,3123.68,2026-01-13,On Time,SAP-Style Time
LAB-002608,20260105,34,563,40.0,40.0,33.5,6.5,0.0,0.0,98.09,1.5,3286.02,2026-01-12,On Time,SAP-Style Time
LAB-002609,20260105,35,445,40.0,40.0,34.5,5.5,0.0,0.0,91.52,1.5,3157.44,2026-01-11,On Time,SAP-Style Time
LAB-002610,20260105,36,336,40.0,40.0,35.75,4.25,0.0,0.0,82.83,1.5,2961.17,2026-01-12,On Time,SAP-Style Time
LAB-002611,20260105,37,291,40.0,40.0,33.25,6.75,0.0,0.0,92.08,1.5,3061.66,2026-01-12,On Time,SAP-Style Time
LAB-002612,20260105,38,716,40.0,32.0,27.0,5.0,0.0,8.0,105.74,1.5,2854.98,2026-01-11,On Time,SAP-Style Time
LAB-002613,20260105,39,317,40.0,40.0,36.5,7.25,3.75,0.0,107.79,1.5,4136.44,2026-01-13,On Time,SAP-Style Time
LAB-002614,20260105,40,723,40.0,16.0,12.75,3.25,0.0,24.0,103.71,1.5,1322.3,2026-01-12,On Time,SAP-Style Time
LAB-002615,20260105,41,359,40.0,16.0,13.5,2.5,0.0,24.0,108.71,1.5,1467.58,2026-01-11,On Time,SAP-Style Time
LAB-002616,20260105,42,1,40.0,40.0,40.75,3.25,4.0,0.0,149.01,1.0,6072.16,2026-01-11,On Time,Mobile Time Entry
LAB-002617,20260105,43,742,40.0,40.0,33.5,6.5,0.0,0.0,106.75,1.5,3576.13,2026-01-12,On Time,SAP-Style Time
LAB-002618,20260105,44,1,40.0,40.0,44.5,2.75,7.25,0.0,144.49,1.0,6429.81,2026-01-13,On Time,SAP-Style Time
LAB-002619,20260105,45,1,40.0,40.0,45.25,3.0,8.25,0.0,86.24,1.5,4258.1,2026-01-11,On Time,SAP-Style Time
LAB-002620,20260105,46,1,40.0,40.0,43.75,2.25,6.0,0.0,143.94,1.0,6297.38,2026-01-12,On Time,SAP-Style Time
LAB-002621,20260105,47,20,40.0,40.0,33.5,6.5,0.0,0.0,106.76,1.5,3576.46,2026-01-13,On Time,SAP-Style Time
LAB-002622,20260105,48,973,40.0,16.0,12.75,3.25,0.0,24.0,87.87,1.5,1120.34,2026-01-12,On Time,SAP-Style Time
LAB-002623,20260105,49,521,40.0,40.0,32.0,8.0,0.0,0.0,83.27,1.5,2664.64,2026-01-13,On Time,SAP-Style Time
LAB-002624,20260105,50,11,40.0,40.0,33.25,6.75,0.0,0.0,101.97,1.5,3390.5,2026-01-12,On Time,SAP-Style Time
LAB-002625,20260105,51,418,40.0,40.0,32.25,7.75,0.0,0.0,86.2,1.5,2779.95,2026-01-12,On Time,SAP-Style Time
LAB-002626,20260105,52,498,40.0,40.0,32.75,7.25,0.0,0.0,97.32,1.5,3187.23,2026-01-13,On Time,SAP-Style Time
LAB-002627,20260105,53,145,40.0,40.0,33.75,6.25,0.0,0.0,94.11,1.5,3176.21,2026-01-11,On Time,SAP-Style Time
LAB-002628,20260105,54,1,40.0,40.0,43.0,2.5,5.5,0.0,107.2,1.5,4904.4,2026-01-12,On Time,SAP-Style Time
LAB-002629,20260105,55,484,40.0,40.0,30.75,9.25,0.0,0.0,95.59,1.5,2939.39,2026-01-12,On Time,Mobile Time Entry
LAB-002630,20260105,56,602,40.0,40.0,31.75,8.25,0.0,0.0,73.51,1.5,2333.94,2026-01-12,On Time,SAP-Style Time
LAB-002631,20260105,57,962,40.0,16.0,12.5,3.5,0.0,24.0,87.06,1.5,1088.25,2026-01-11,On Time,SAP-Style Time
LAB-002632,20260105,58,1,40.0,40.0,40.5,3.5,4.0,0.0,119.87,1.0,4854.74,2026-01-12,On Time,SAP-Style Time
LAB-002633,20260105,59,13,40.0,24.0,18.75,5.25,0.0,16.0,83.18,1.5,1559.63,2026-01-13,On Time,SAP-Style Time
LAB-002634,20260105,60,839,40.0,40.0,30.5,9.5,0.0,0.0,86.44,1.5,2636.42,2026-01-12,On Time,SAP-Style Time
LAB-002635,20260105,61,620,40.0,36.0,27.75,8.25,0.0,4.0,83.96,1.5,2329.89,2026-01-14,On Time,SAP-Style Time
LAB-002636,20260105,62,746,40.0,40.0,31.5,8.5,0.0,0.0,73.28,1.5,2308.32,2026-01-12,On Time,SAP-Style Time
LAB-002637,20260105,63,1,40.0,40.0,42.75,3.25,6.0,0.0,122.98,1.0,5257.4,2026-01-13,On Time,SAP-Style Time
LAB-002638,20260105,64,105,40.0,40.0,31.75,8.25,0.0,0.0,84.9,1.5,2695.58,2026-01-14,On Time,SAP-Style Time
LAB-002639,20260105,65,221,40.0,40.0,31.75,8.25,0.0,0.0,72.42,1.5,2299.34,2026-01-11,On Time,SAP-Style Time
LAB-002640,20260105,66,720,40.0,40.0,32.0,8.0,0.0,0.0,94.95,1.5,3038.4,2026-01-13,On Time,SAP-Style Time
LAB-002641,20260105,67,880,40.0,32.0,25.25,6.75,0.0,8.0,79.97,1.5,2019.24,2026-01-14,On Time,SAP-Style Time
LAB-002642,20260105,68,542,40.0,40.0,32.25,7.75,0.0,0.0,79.96,1.5,2578.71,2026-01-12,On Time,SAP-Style Time
LAB-002643,20260105,69,736,40.0,40.0,31.25,8.75,0.0,0.0,92.5,1.5,2890.63,2026-01-12,On Time,SAP-Style Time
LAB-002644,20260105,70,827,40.0,40.0,31.0,9.0,0.0,0.0,79.17,1.5,2454.27,2026-01-12,On Time,SAP-Style Time
LAB-002645,20260105,71,374,40.0,32.0,25.25,6.75,0.0,8.0,84.44,1.5,2132.11,2026-01-12,On Time,SAP-Style Time
LAB-002646,20260105,72,1,40.0,40.0,41.75,4.5,6.25,0.0,107.82,1.0,4501.49,2026-01-14,On Time,SAP-Style Time
LAB-002647,20260105,73,554,40.0,40.0,31.5,8.5,0.0,0.0,85.94,1.5,2707.11,2026-01-12,On Time,SAP-Style Time
LAB-002648,20260105,74,639,40.0,32.0,25.25,6.75,0.0,8.0,74.38,1.5,1878.09,2026-01-14,On Time,Mobile Time Entry
LAB-002649,20260105,75,296,40.0,40.0,31.25,8.75,0.0,0.0,89.39,1.5,2793.44,2026-01-12,On Time,SAP-Style Time
LAB-002650,20260105,76,123,40.0,40.0,32.0,8.0,0.0,0.0,90.27,1.5,2888.64,2026-01-11,On Time,SAP-Style Time
LAB-002651,20260105,77,172,40.0,40.0,30.25,9.75,0.0,0.0,89.33,1.5,2702.23,2026-01-13,On Time,SAP-Style Time
LAB-002652,20260105,78,498,40.0,32.0,28.25,3.75,0.0,8.0,83.91,1.5,2370.46,2026-01-11,On Time,SAP-Style Time
LAB-002653,20260105,79,526,40.0,40.0,34.0,6.0,0.0,0.0,70.65,1.5,2402.1,2026-01-12,On Time,SAP-Style Time
LAB-002654,20260105,81,111,40.0,40.0,32.5,7.5,0.0,0.0,87.64,1.5,2848.3,2026-01-13,On Time,SAP-Style Time
LAB-002655,20260105,82,63,40.0,40.0,33.5,6.5,0.0,0.0,68.13,1.5,2282.36,2026-01-12,On Time,SAP-Style Time
LAB-002656,20260105,83,228,40.0,40.0,33.5,6.5,0.0,0.0,73.3,1.5,2455.55,2026-01-13,On Time,SAP-Style Time
LAB-002657,20260105,84,979,40.0,40.0,34.5,5.5,0.0,0.0,71.25,1.5,2458.13,2026-01-12,On Time,SAP-Style Time
LAB-002658,20260105,85,113,30.0,30.0,25.5,4.5,0.0,0.0,65.88,1.5,1679.94,2026-01-13,On Time,SAP-Style Time
LAB-006338,20260105,85,865,10.0,10.0,8.5,1.5,0.0,0.0,65.88,1.5,559.98,2026-01-13,On Time,SAP-Style Time
LAB-002659,20260105,86,721,40.0,40.0,32.75,7.25,0.0,0.0,82.25,1.5,2693.69,2026-01-11,On Time,SAP-Style Time
LAB-002660,20260105,87,752,40.0,40.0,34.0,6.0,0.0,0.0,78.64,1.5,2673.76,2026-01-12,On Time,SAP-Style Time
LAB-006395,20260105,88,183,14.0,14.0,11.75,2.25,0.0,0.0,71.87,1.5,844.47,2026-01-12,On Time,SAP-Style Time
LAB-002661,20260105,88,516,26.0,26.0,21.5,4.5,0.0,0.0,71.87,1.5,1545.21,2026-01-12,On Time,SAP-Style Time
LAB-002662,20260105,89,460,40.0,40.0,34.0,6.0,0.0,0.0,77.91,1.5,2648.94,2026-01-12,On Time,Manager Adjustment
LAB-002663,20260105,90,865,40.0,40.0,33.25,6.75,0.0,0.0,74.99,1.5,2493.42,2026-01-13,On Time,SAP-Style Time
LAB-002664,20260105,91,674,40.0,40.0,32.25,7.75,0.0,0.0,68.92,1.5,2222.67,2026-01-12,On Time,SAP-Style Time
LAB-002665,20260105,92,650,40.0,16.0,13.25,2.75,0.0,24.0,86.57,1.5,1147.05,2026-01-11,On Time,SAP-Style Time
LAB-002666,20260105,93,310,40.0,40.0,33.0,7.0,0.0,0.0,107.35,1.0,3542.55,2026-01-14,On Time,SAP-Style Time
LAB-002667,20260105,94,6,40.0,40.0,34.75,5.25,0.0,0.0,114.66,1.5,3984.44,2026-01-12,On Time,SAP-Style Time
LAB-002668,20260105,96,516,40.0,40.0,34.5,5.5,0.0,0.0,158.23,1.0,5458.93,2026-01-11,On Time,Mobile Time Entry
LAB-002669,20260105,97,515,40.0,32.0,27.25,4.75,0.0,8.0,96.85,1.5,2639.16,2026-01-12,On Time,SAP-Style Time
LAB-002670,20260105,98,915,40.0,40.0,33.75,6.25,0.0,0.0,98.56,1.5,3326.4,2026-01-11,On Time,SAP-Style Time
LAB-002671,20260105,99,82,40.0,40.0,34.25,5.75,0.0,0.0,101.82,1.5,3487.33,2026-01-12,On Time,Mobile Time Entry
LAB-002672,20260105,100,805,40.0,40.0,37.75,5.5,3.25,0.0,92.09,1.5,3626.04,2026-01-12,On Time,SAP-Style Time
LAB-002673,20260105,101,4,40.0,40.0,39.25,5.75,5.0,0.0,114.75,1.5,4790.81,2026-01-12,On Time,SAP-Style Time
LAB-002674,20260105,102,891,40.0,40.0,34.75,5.25,0.0,0.0,91.58,1.5,3182.4,2026-01-13,On Time,Mobile Time Entry
LAB-002675,20260105,103,385,40.0,36.0,31.5,4.5,0.0,4.0,109.51,1.5,3449.57,2026-01-11,On Time,SAP-Style Time
LAB-002676,20260105,104,358,40.0,40.0,34.25,5.75,0.0,0.0,116.26,1.0,3981.91,2026-01-13,On Time,Mobile Time Entry
LAB-002677,20260105,105,248,40.0,40.0,33.25,6.75,0.0,0.0,104.84,1.5,3485.93,2026-01-11,On Time,SAP-Style Time
LAB-002678,20260105,106,721,40.0,40.0,34.0,6.0,0.0,0.0,100.92,1.5,3431.28,2026-01-11,On Time,SAP-Style Time
LAB-002679,20260105,107,988,40.0,40.0,35.5,4.5,0.0,0.0,127.16,1.0,4514.18,2026-01-13,On Time,SAP-Style Time
LAB-002680,20260105,108,295,40.0,40.0,34.25,5.75,0.0,0.0,104.5,1.5,3579.13,2026-01-12,On Time,SAP-Style Time
LAB-002681,20260105,109,67,40.0,16.0,13.25,2.75,0.0,24.0,122.66,1.0,1625.25,2026-01-12,On Time,SAP-Style Time
LAB-002682,20260105,110,522,40.0,40.0,34.5,5.5,0.0,0.0,144.93,1.0,5000.09,2026-01-11,On Time,SAP-Style Time
LAB-002683,20260105,111,119,40.0,40.0,34.25,5.75,0.0,0.0,106.37,1.5,3643.17,2026-01-12,On Time,SAP-Style Time
LAB-002684,20260105,112,642,40.0,40.0,34.5,5.5,0.0,0.0,93.17,1.5,3214.37,2026-01-11,On Time,Mobile Time Entry
LAB-002685,20260105,113,277,40.0,40.0,33.5,6.5,0.0,0.0,97.98,1.5,3282.33,2026-01-11,On Time,SAP-Style Time
LAB-002686,20260105,114,639,40.0,40.0,27.5,12.5,0.0,0.0,97.72,1.5,2687.3,2026-01-12,On Time,SAP-Style Time
LAB-002687,20260105,115,336,40.0,40.0,28.0,12.0,0.0,0.0,89.67,1.5,2510.76,2026-01-12,On Time,SAP-Style Time
LAB-002688,20260105,116,537,40.0,16.0,11.75,4.25,0.0,24.0,131.09,1.0,1540.31,2026-01-12,On Time,Mobile Time Entry
LAB-002689,20260105,118,65,40.0,40.0,29.25,10.75,0.0,0.0,123.33,1.0,3607.4,2026-01-12,On Time,SAP-Style Time
LAB-002690,20260105,119,831,40.0,40.0,28.75,11.25,0.0,0.0,98.99,1.5,2845.96,2026-01-12,On Time,SAP-Style Time
LAB-002691,20260105,120,313,40.0,40.0,29.25,10.75,0.0,0.0,79.77,1.5,2333.27,2026-01-11,On Time,SAP-Style Time
LAB-002692,20260112,1,83,40.0,40.0,33.75,6.25,0.0,0.0,100.39,1.5,3388.16,2026-01-20,On Time,SAP-Style Time
LAB-002693,20260112,2,442,40.0,40.0,33.75,6.25,0.0,0.0,150.62,1.0,5083.43,2026-01-20,On Time,SAP-Style Time
LAB-006351,20260112,3,674,10.0,10.0,8.5,1.5,0.0,0.0,83.78,1.5,712.13,2026-01-20,On Time,SAP-Style Time
LAB-002694,20260112,3,706,30.0,30.0,25.75,4.25,0.0,0.0,83.78,1.5,2157.34,2026-01-20,On Time,SAP-Style Time
LAB-002695,20260112,4,82,40.0,40.0,34.25,5.75,0.0,0.0,78.56,1.5,2690.68,2026-01-19,On Time,SAP-Style Time
LAB-002696,20260112,5,220,40.0,40.0,35.75,4.25,0.0,0.0,120.4,1.0,4304.3,2026-01-19,On Time,SAP-Style Time
LAB-002697,20260112,6,801,40.0,40.0,34.75,5.25,0.0,0.0,89.06,1.5,3094.84,2026-01-20,On Time,Manager Adjustment
LAB-002698,20260112,7,172,40.0,36.0,32.0,4.0,0.0,4.0,76.98,1.5,2463.36,2026-01-18,On Time,SAP-Style Time
LAB-002699,20260112,8,371,40.0,40.0,34.5,5.5,0.0,0.0,101.38,1.5,3497.61,2026-01-19,On Time,SAP-Style Time
LAB-002700,20260112,9,344,40.0,40.0,33.25,6.75,0.0,0.0,81.4,1.5,2706.55,2026-01-18,On Time,SAP-Style Time
LAB-002701,20260112,10,356,40.0,24.0,20.0,4.0,0.0,16.0,76.52,1.5,1530.4,2026-01-18,On Time,SAP-Style Time
LAB-002702,20260112,11,672,40.0,40.0,34.25,5.75,0.0,0.0,128.94,1.0,4416.2,2026-01-18,On Time,SAP-Style Time
LAB-002703,20260112,12,915,40.0,32.0,27.75,4.25,0.0,8.0,93.13,1.5,2584.36,2026-01-21,On Time,SAP-Style Time
LAB-002704,20260112,13,393,40.0,40.0,33.0,7.0,0.0,0.0,82.59,1.5,2725.47,2026-01-18,On Time,SAP-Style Time
LAB-002705,20260112,14,728,40.0,40.0,36.75,6.25,3.0,0.0,100.38,1.5,3839.54,2026-01-20,On Time,SAP-Style Time
LAB-002706,20260112,15,452,40.0,40.0,35.25,4.75,0.0,0.0,98.87,1.5,3485.17,2026-01-19,On Time,Mobile Time Entry
LAB-002707,20260112,16,277,40.0,40.0,35.5,4.5,0.0,0.0,100.34,1.5,3562.07,2026-01-18,On Time,SAP-Style Time
LAB-002708,20260112,17,640,40.0,40.0,36.5,3.5,0.0,0.0,88.53,1.5,3231.35,2026-01-19,On Time,SAP-Style Time
LAB-002709,20260112,18,540,40.0,40.0,34.75,5.25,0.0,0.0,89.32,1.5,3103.87,2026-01-18,On Time,Mobile Time Entry
LAB-002710,20260112,19,490,40.0,40.0,35.0,5.0,0.0,0.0,91.26,1.5,3194.1,2026-01-21,On Time,SAP-Style Time
LAB-002711,20260112,20,707,40.0,40.0,34.5,5.5,0.0,0.0,77.3,1.5,2666.85,2026-01-18,On Time,SAP-Style Time
LAB-002712,20260112,21,827,40.0,40.0,33.5,6.5,0.0,0.0,77.07,1.5,2581.85,2026-01-19,On Time,SAP-Style Time
LAB-002713,20260112,22,938,40.0,40.0,38.25,4.75,3.0,0.0,102.23,1.5,4063.64,2026-01-19,On Time,SAP-Style Time
LAB-002714,20260112,23,183,40.0,40.0,34.5,5.5,0.0,0.0,85.0,1.5,2932.5,2026-01-18,On Time,SAP-Style Time
LAB-002715,20260112,24,34,40.0,40.0,39.25,4.0,3.25,0.0,81.27,1.5,3321.91,2026-01-19,On Time,SAP-Style Time
LAB-002716,20260112,25,730,40.0,40.0,34.5,5.5,0.0,0.0,102.16,1.0,3524.52,2026-01-19,On Time,SAP-Style Time
LAB-002717,20260112,26,516,40.0,36.0,31.5,4.5,0.0,4.0,85.79,1.5,2702.39,2026-01-19,On Time,SAP-Style Time
LAB-002718,20260112,27,812,40.0,40.0,34.5,5.5,0.0,0.0,104.52,1.5,3605.94,2026-01-19,On Time,SAP-Style Time
LAB-002719,20260112,28,298,40.0,40.0,34.5,5.5,0.0,0.0,82.53,1.5,2847.29,2026-01-18,On Time,SAP-Style Time
LAB-002720,20260112,29,285,40.0,40.0,34.5,5.5,0.0,0.0,79.3,1.5,2735.85,2026-01-18,On Time,SAP-Style Time
LAB-002721,20260112,30,416,40.0,32.0,27.0,5.0,0.0,8.0,79.44,1.5,2144.88,2026-01-20,On Time,SAP-Style Time
LAB-002722,20260112,31,107,40.0,40.0,33.5,6.5,0.0,0.0,105.13,1.5,3521.86,2026-01-20,On Time,SAP-Style Time
LAB-002723,20260112,32,222,40.0,32.0,28.25,3.75,0.0,8.0,82.13,1.5,2320.17,2026-01-21,On Time,SAP-Style Time
LAB-002724,20260112,33,485,40.0,40.0,34.25,5.75,0.0,0.0,89.89,1.5,3078.73,2026-01-20,On Time,SAP-Style Time
LAB-002725,20260112,34,974,40.0,40.0,33.75,6.25,0.0,0.0,98.09,1.5,3310.54,2026-01-21,On Time,SAP-Style Time
LAB-002726,20260112,35,944,40.0,40.0,34.25,5.75,0.0,0.0,91.52,1.5,3134.56,2026-01-20,On Time,SAP-Style Time
LAB-002727,20260112,36,531,40.0,40.0,34.75,5.25,0.0,0.0,82.83,1.5,2878.34,2026-01-18,On Time,SAP-Style Time
LAB-002728,20260112,37,157,40.0,40.0,33.0,7.0,0.0,0.0,92.08,1.5,3038.64,2026-01-19,On Time,SAP-Style Time
LAB-002729,20260112,38,422,40.0,40.0,33.75,6.25,0.0,0.0,105.74,1.5,3568.73,2026-01-20,On Time,SAP-Style Time
LAB-002730,20260112,39,35,40.0,28.0,23.0,5.0,0.0,12.0,107.79,1.5,2479.17,2026-01-18,On Time,SAP-Style Time
LAB-002731,20260112,40,545,40.0,40.0,32.75,7.25,0.0,0.0,103.71,1.5,3396.5,2026-01-20,On Time,SAP-Style Time
LAB-002732,20260112,41,999,40.0,40.0,33.5,6.5,0.0,0.0,108.71,1.5,3641.79,2026-01-19,On Time,SAP-Style Time
LAB-002733,20260112,42,1,40.0,40.0,45.5,2.75,8.25,0.0,149.01,1.0,6779.96,2026-01-19,On Time,SAP-Style Time
LAB-002734,20260112,43,980,40.0,40.0,33.5,6.5,0.0,0.0,106.75,1.5,3576.13,2026-01-19,On Time,Mobile Time Entry
LAB-002735,20260112,44,1,40.0,16.0,21.25,1.75,7.0,24.0,144.49,1.0,3070.41,2026-01-19,On Time,SAP-Style Time
LAB-002736,20260112,45,1,40.0,40.0,47.0,2.25,9.25,0.0,86.24,1.5,4452.14,2026-01-19,On Time,SAP-Style Time
LAB-002737,20260112,46,1,40.0,40.0,45.0,4.25,9.25,0.0,143.94,1.0,6477.3,2026-01-20,On Time,SAP-Style Time
LAB-002738,20260112,47,13,40.0,40.0,33.25,6.75,0.0,0.0,106.76,1.5,3549.77,2026-01-19,On Time,Mobile Time Entry
LAB-002739,20260112,48,200,40.0,40.0,31.5,8.5,0.0,0.0,87.87,1.5,2767.91,2026-01-18,On Time,SAP-Style Time
LAB-002740,20260112,49,551,40.0,32.0,26.25,5.75,0.0,8.0,83.27,1.5,2185.84,2026-01-26,Late,SAP-Style Time
LAB-002741,20260112,50,804,28.0,28.0,23.0,5.0,0.0,0.0,101.97,1.5,2345.31,2026-01-19,On Time,SAP-Style Time
LAB-006449,20260112,50,841,12.0,12.0,10.0,2.0,0.0,0.0,101.97,1.5,1019.7,2026-01-19,On Time,SAP-Style Time
LAB-002742,20260112,51,117,40.0,40.0,32.75,7.25,0.0,0.0,86.2,1.5,2823.05,2026-01-20,On Time,SAP-Style Time
LAB-002743,20260112,52,177,40.0,16.0,13.25,2.75,0.0,24.0,97.32,1.5,1289.49,2026-01-20,On Time,SAP-Style Time
LAB-002744,20260112,53,27,40.0,40.0,34.0,6.0,0.0,0.0,94.11,1.5,3199.74,2026-01-19,On Time,SAP-Style Time
LAB-002745,20260112,54,1,40.0,40.0,40.25,4.5,4.75,0.0,107.2,1.5,4569.4,2026-01-19,On Time,SAP-Style Time
LAB-002746,20260112,55,420,40.0,40.0,31.5,8.5,0.0,0.0,95.59,1.5,3011.09,2026-01-21,On Time,SAP-Style Time
LAB-002747,20260112,56,438,40.0,40.0,31.75,8.25,0.0,0.0,73.51,1.5,2333.94,2026-01-19,On Time,SAP-Style Time
LAB-002748,20260112,57,50,40.0,40.0,31.75,8.25,0.0,0.0,87.06,1.5,2764.16,2026-01-19,On Time,SAP-Style Time
LAB-002749,20260112,58,1,40.0,32.0,38.25,3.5,9.75,8.0,119.87,1.0,4585.03,2026-01-20,On Time,SAP-Style Time
LAB-002750,20260112,59,863,40.0,40.0,32.0,8.0,0.0,0.0,83.18,1.5,2661.76,2026-01-20,On Time,Mobile Time Entry
LAB-002751,20260112,60,128,40.0,40.0,31.25,8.75,0.0,0.0,86.44,1.5,2701.25,2026-01-19,On Time,SAP-Style Time
LAB-002752,20260112,61,260,40.0,40.0,30.75,9.25,0.0,0.0,83.96,1.5,2581.77,2026-01-19,On Time,SAP-Style Time
LAB-002753,20260112,62,752,40.0,40.0,31.5,8.5,0.0,0.0,73.28,1.5,2308.32,2026-01-18,On Time,SAP-Style Time
LAB-002754,20260112,63,1,40.0,40.0,41.75,4.25,6.0,0.0,122.98,1.0,5134.42,2026-01-19,On Time,SAP-Style Time
LAB-002755,20260112,64,650,40.0,40.0,31.25,8.75,0.0,0.0,84.9,1.5,2653.13,2026-01-18,On Time,SAP-Style Time
LAB-002756,20260112,65,738,40.0,32.0,25.25,6.75,0.0,8.0,72.42,1.5,1828.61,2026-01-19,On Time,SAP-Style Time
LAB-002757,20260112,66,978,40.0,40.0,32.75,7.25,0.0,0.0,94.95,1.5,3109.61,2026-01-21,On Time,SAP-Style Time
LAB-002758,20260112,67,815,40.0,40.0,31.5,8.5,0.0,0.0,79.97,1.5,2519.06,2026-01-18,On Time,SAP-Style Time
LAB-002759,20260112,68,223,40.0,32.0,25.75,6.25,0.0,8.0,79.96,1.5,2058.97,2026-01-18,On Time,SAP-Style Time
LAB-002760,20260112,69,576,40.0,40.0,32.0,8.0,0.0,0.0,92.5,1.5,2960.0,2026-01-20,On Time,Mobile Time Entry
LAB-002761,20260112,70,736,40.0,32.0,24.75,7.25,0.0,8.0,79.17,1.5,1959.46,2026-01-20,On Time,SAP-Style Time
LAB-002762,20260112,71,107,40.0,40.0,32.0,8.0,0.0,0.0,84.44,1.5,2702.08,2026-01-21,On Time,SAP-Style Time
LAB-002763,20260112,72,1,40.0,40.0,41.75,3.5,5.25,0.0,107.82,1.0,4501.49,2026-01-20,On Time,SAP-Style Time
LAB-002764,20260112,73,110,40.0,28.0,22.25,5.75,0.0,12.0,85.94,1.5,1912.17,2026-01-19,On Time,SAP-Style Time
LAB-002765,20260112,74,156,40.0,40.0,32.0,8.0,0.0,0.0,74.38,1.5,2380.16,2026-01-19,On Time,SAP-Style Time
LAB-002766,20260112,75,701,40.0,40.0,31.25,8.75,0.0,0.0,89.39,1.5,2793.44,2026-01-20,On Time,SAP-Style Time
LAB-002767,20260112,76,905,40.0,40.0,32.0,8.0,0.0,0.0,90.27,1.5,2888.64,2026-01-21,On Time,SAP-Style Time
LAB-002768,20260112,77,298,40.0,40.0,30.5,9.5,0.0,0.0,89.33,1.5,2724.57,2026-01-19,On Time,SAP-Style Time
LAB-002769,20260112,78,100,40.0,40.0,35.0,5.0,0.0,0.0,83.91,1.5,2936.85,2026-01-19,On Time,SAP-Style Time
LAB-002770,20260112,79,786,40.0,32.0,27.25,4.75,0.0,8.0,70.65,1.5,1925.21,2026-01-19,On Time,SAP-Style Time
LAB-002771,20260112,81,145,40.0,40.0,32.75,7.25,0.0,0.0,87.64,1.5,2870.21,2026-01-19,On Time,SAP-Style Time
LAB-002772,20260112,82,607,40.0,40.0,34.25,5.75,0.0,0.0,68.13,1.5,2333.45,2026-01-20,On Time,SAP-Style Time
LAB-002773,20260112,83,791,40.0,32.0,27.0,5.0,0.0,8.0,73.3,1.5,1979.1,2026-01-19,On Time,SAP-Style Time
LAB-002774,20260112,84,577,40.0,40.0,35.0,5.0,0.0,0.0,71.25,1.5,2493.75,2026-01-18,On Time,Mobile Time Entry
LAB-002775,20260112,85,391,40.0,40.0,34.0,6.0,0.0,0.0,65.88,1.5,2239.92,2026-01-19,On Time,Mobile Time Entry
LAB-002776,20260112,86,865,40.0,40.0,32.75,7.25,0.0,0.0,82.25,1.5,2693.69,2026-01-19,On Time,SAP-Style Time
LAB-002777,20260112,87,261,40.0,40.0,34.0,6.0,0.0,0.0,78.64,1.5,2673.76,2026-01-20,On Time,SAP-Style Time
LAB-002778,20260112,88,772,40.0,40.0,34.0,6.0,0.0,0.0,71.87,1.5,2443.58,2026-01-19,On Time,SAP-Style Time
LAB-002779,20260112,89,106,40.0,40.0,34.25,5.75,0.0,0.0,77.91,1.5,2668.42,2026-01-18,On Time,SAP-Style Time
LAB-002780,20260112,90,169,40.0,40.0,34.0,6.0,0.0,0.0,74.99,1.5,2549.66,2026-01-20,On Time,SAP-Style Time
LAB-002781,20260112,91,335,40.0,28.0,22.75,5.25,0.0,12.0,68.92,1.5,1567.93,2026-01-21,On Time,SAP-Style Time
LAB-002782,20260112,92,507,40.0,40.0,32.75,7.25,0.0,0.0,86.57,1.5,2835.17,2026-01-19,On Time,SAP-Style Time
LAB-002783,20260112,93,620,40.0,40.0,33.75,6.25,0.0,0.0,107.35,1.0,3623.06,2026-01-19,On Time,SAP-Style Time
LAB-002784,20260112,94,952,40.0,40.0,35.0,5.0,0.0,0.0,114.66,1.5,4013.1,2026-01-18,On Time,SAP-Style Time
LAB-002785,20260112,96,617,40.0,24.0,21.25,2.75,0.0,16.0,158.23,1.0,3362.39,2026-01-20,On Time,SAP-Style Time
LAB-002786,20260112,97,940,40.0,40.0,35.5,5.5,1.0,0.0,96.85,1.5,3486.6,2026-01-28,Late,SAP-Style Time
LAB-002787,20260112,98,324,40.0,40.0,34.0,6.0,0.0,0.0,98.56,1.5,3351.04,2026-01-19,On Time,SAP-Style Time
LAB-002788,20260112,99,850,40.0,40.0,34.25,5.75,0.0,0.0,101.82,1.5,3487.33,2026-01-18,On Time,SAP-Style Time
LAB-002789,20260112,100,609,40.0,40.0,35.0,5.0,0.0,0.0,92.09,1.5,3223.15,2026-01-19,On Time,SAP-Style Time
LAB-002790,20260112,101,950,40.0,40.0,35.75,5.5,1.25,0.0,114.75,1.5,4174.03,2026-01-19,On Time,SAP-Style Time
LAB-002791,20260112,102,511,40.0,40.0,34.75,5.25,0.0,0.0,91.58,1.5,3182.4,2026-01-19,On Time,SAP-Style Time
LAB-002792,20260112,103,702,40.0,40.0,34.75,5.25,0.0,0.0,109.51,1.5,3805.47,2026-01-19,On Time,SAP-Style Time
LAB-002793,20260112,104,470,40.0,40.0,34.25,5.75,0.0,0.0,116.26,1.0,3981.91,2026-01-19,On Time,SAP-Style Time
LAB-002794,20260112,105,564,40.0,40.0,33.25,6.75,0.0,0.0,104.84,1.5,3485.93,2026-01-19,On Time,SAP-Style Time
LAB-002795,20260112,106,1,40.0,40.0,34.25,5.75,0.0,0.0,100.92,1.5,3456.51,2026-01-19,On Time,SAP-Style Time
LAB-002796,20260112,107,479,40.0,40.0,35.75,4.25,0.0,0.0,127.16,1.0,4545.97,2026-01-19,On Time,SAP-Style Time
LAB-002797,20260112,108,222,40.0,28.0,24.25,3.75,0.0,12.0,104.5,1.5,2534.13,2026-01-18,On Time,SAP-Style Time
LAB-002798,20260112,109,93,40.0,40.0,33.5,6.5,0.0,0.0,122.66,1.0,4109.11,2026-01-20,On Time,SAP-Style Time
LAB-002799,20260112,110,253,40.0,40.0,35.0,5.0,0.0,0.0,144.93,1.0,5072.55,2026-01-19,On Time,SAP-Style Time
LAB-002800,20260112,111,7,40.0,40.0,35.0,5.0,0.0,0.0,106.37,1.5,3722.95,2026-01-20,On Time,SAP-Style Time
LAB-002801,20260112,112,673,40.0,40.0,35.0,5.0,0.0,0.0,93.17,1.5,3260.95,2026-01-20,On Time,SAP-Style Time
LAB-002802,20260112,113,358,40.0,40.0,33.25,6.75,0.0,0.0,97.98,1.5,3257.84,2026-01-18,On Time,SAP-Style Time
LAB-002803,20260112,114,369,40.0,36.0,25.0,11.0,0.0,4.0,97.72,1.5,2443.0,2026-01-21,On Time,SAP-Style Time
LAB-002804,20260112,115,6,40.0,40.0,28.0,12.0,0.0,0.0,89.67,1.5,2510.76,2026-01-20,On Time,SAP-Style Time
LAB-002805,20260112,116,374,40.0,40.0,29.25,10.75,0.0,0.0,131.09,1.0,3834.38,2026-01-20,On Time,SAP-Style Time
LAB-002806,20260112,118,65,40.0,40.0,29.5,10.5,0.0,0.0,123.33,1.0,3638.24,2026-01-20,On Time,SAP-Style Time
LAB-002807,20260112,119,720,40.0,40.0,29.5,10.5,0.0,0.0,98.99,1.5,2920.21,2026-01-20,On Time,SAP-Style Time
LAB-002808,20260112,120,654,40.0,40.0,29.75,10.25,0.0,0.0,79.77,1.5,2373.16,2026-01-20,On Time,SAP-Style Time
LAB-002809,20260119,1,375,40.0,32.0,27.0,5.0,0.0,8.0,100.39,1.5,2710.53,2026-01-27,On Time,SAP-Style Time
LAB-002810,20260119,2,884,40.0,40.0,34.75,5.25,0.0,0.0,150.62,1.0,5234.05,2026-01-26,On Time,SAP-Style Time
LAB-002811,20260119,3,604,40.0,40.0,34.5,5.5,0.0,0.0,83.78,1.5,2890.41,2026-01-26,On Time,SAP-Style Time
LAB-002812,20260119,4,800,40.0,40.0,34.25,5.75,0.0,0.0,78.56,1.5,2690.68,2026-01-27,On Time,SAP-Style Time
LAB-002813,20260119,5,393,40.0,40.0,35.75,4.25,0.0,0.0,120.4,1.0,4304.3,2026-01-26,On Time,SAP-Style Time
LAB-006349,20260119,6,142,10.0,10.0,8.75,1.25,0.0,0.0,89.06,1.5,779.28,2026-01-26,On Time,SAP-Style Time
LAB-002814,20260119,6,532,30.0,30.0,26.5,3.5,0.0,0.0,89.06,1.5,2360.09,2026-01-26,On Time,SAP-Style Time
LAB-002815,20260119,7,551,40.0,40.0,36.75,5.0,1.75,0.0,76.98,1.5,2896.37,2026-01-26,On Time,SAP-Style Time
LAB-002816,20260119,8,632,40.0,40.0,35.0,5.0,0.0,0.0,101.38,1.5,3548.3,2026-01-27,On Time,SAP-Style Time
LAB-002817,20260119,9,246,40.0,40.0,34.0,6.0,0.0,0.0,81.4,1.5,2767.6,2026-01-27,On Time,SAP-Style Time
LAB-002818,20260119,10,538,40.0,40.0,34.0,6.0,0.0,0.0,76.52,1.5,2601.68,2026-01-27,On Time,SAP-Style Time
LAB-002819,20260119,11,334,40.0,40.0,35.0,5.0,0.0,0.0,128.94,1.0,4512.9,2026-01-25,On Time,SAP-Style Time
LAB-002820,20260119,12,296,40.0,40.0,34.75,5.25,0.0,0.0,93.13,1.5,3236.27,2026-01-27,On Time,SAP-Style Time
LAB-002821,20260119,13,233,40.0,40.0,38.5,6.25,4.75,0.0,82.59,1.5,3375.87,2026-01-26,On Time,SAP-Style Time
LAB-002822,20260119,14,793,40.0,40.0,34.25,5.75,0.0,0.0,100.38,1.5,3438.02,2026-01-26,On Time,SAP-Style Time
LAB-002823,20260119,15,928,40.0,40.0,34.75,5.25,0.0,0.0,98.87,1.5,3435.73,2026-01-27,On Time,SAP-Style Time
LAB-002824,20260119,16,831,40.0,32.0,28.0,4.0,0.0,8.0,100.34,1.5,2809.52,2026-01-25,On Time,SAP-Style Time
LAB-002825,20260119,17,640,40.0,40.0,36.5,3.5,0.0,0.0,88.53,1.5,3231.35,2026-01-26,On Time,SAP-Style Time
LAB-002826,20260119,18,58,40.0,40.0,34.25,5.75,0.0,0.0,89.32,1.5,3059.21,2026-01-26,On Time,SAP-Style Time
LAB-002827,20260119,19,123,40.0,40.0,34.5,5.5,0.0,0.0,91.26,1.5,3148.47,2026-01-25,On Time,SAP-Style Time
LAB-002828,20260119,20,943,40.0,40.0,35.25,4.75,0.0,0.0,77.3,1.5,2724.83,2026-01-27,On Time,SAP-Style Time
LAB-002829,20260119,21,865,40.0,40.0,33.75,6.25,0.0,0.0,77.07,1.5,2601.11,2026-01-26,On Time,SAP-Style Time
LAB-002830,20260119,22,577,40.0,40.0,35.75,4.25,0.0,0.0,102.23,1.5,3654.72,2026-01-25,On Time,SAP-Style Time
LAB-002831,20260119,23,651,40.0,40.0,34.75,5.25,0.0,0.0,85.0,1.5,2953.75,2026-01-26,On Time,Mobile Time Entry
LAB-002832,20260119,24,299,40.0,40.0,36.0,4.0,0.0,0.0,81.27,1.5,2925.72,2026-01-27,On Time,Mobile Time Entry
LAB-002833,20260119,25,119,40.0,32.0,27.25,4.75,0.0,8.0,102.16,1.0,2783.86,2026-01-25,On Time,SAP-Style Time
LAB-002834,20260119,26,246,40.0,40.0,35.0,5.0,0.0,0.0,85.79,1.5,3002.65,2026-01-27,On Time,SAP-Style Time
LAB-002835,20260119,27,11,40.0,40.0,34.5,5.5,0.0,0.0,104.52,1.5,3605.94,2026-01-27,On Time,SAP-Style Time
LAB-002836,20260119,28,234,40.0,40.0,34.5,5.5,0.0,0.0,82.53,1.5,2847.29,2026-01-28,On Time,SAP-Style Time
LAB-002837,20260119,29,919,40.0,40.0,35.5,4.5,0.0,0.0,79.3,1.5,2815.15,2026-01-28,On Time,SAP-Style Time
LAB-002838,20260119,30,74,40.0,40.0,33.75,6.25,0.0,0.0,79.44,1.5,2681.1,2026-01-26,On Time,SAP-Style Time
LAB-002839,20260119,31,856,40.0,40.0,33.5,6.5,0.0,0.0,105.13,1.5,3521.86,2026-01-27,On Time,SAP-Style Time
LAB-002840,20260119,32,778,40.0,40.0,35.5,4.5,0.0,0.0,82.13,1.5,2915.62,2026-01-26,On Time,SAP-Style Time
LAB-002841,20260119,33,719,40.0,40.0,34.25,5.75,0.0,0.0,89.89,1.5,3078.73,2026-01-25,On Time,SAP-Style Time
LAB-002842,20260119,34,78,40.0,40.0,33.25,6.75,0.0,0.0,98.09,1.5,3261.49,2026-01-26,On Time,SAP-Style Time
LAB-002843,20260119,35,479,40.0,32.0,27.0,5.0,0.0,8.0,91.52,1.5,2471.04,2026-01-26,On Time,Mobile Time Entry
LAB-002844,20260119,36,927,40.0,40.0,35.0,5.0,0.0,0.0,82.83,1.5,2899.05,2026-01-26,On Time,SAP-Style Time
LAB-002845,20260119,37,341,40.0,40.0,33.0,7.0,0.0,0.0,92.08,1.5,3038.64,2026-01-26,On Time,SAP-Style Time
LAB-002846,20260119,38,564,40.0,40.0,33.25,6.75,0.0,0.0,105.74,1.5,3515.86,2026-01-25,On Time,SAP-Style Time
LAB-002847,20260119,39,980,40.0,40.0,33.75,6.25,0.0,0.0,107.79,1.5,3637.91,2026-01-26,On Time,SAP-Style Time
LAB-002848,20260119,40,18,40.0,40.0,35.75,6.5,2.25,0.0,103.71,1.5,3824.31,2026-01-25,On Time,SAP-Style Time
LAB-002849,20260119,41,281,40.0,40.0,33.25,6.75,0.0,0.0,108.71,1.5,3614.61,2026-01-27,On Time,SAP-Style Time
LAB-002850,20260119,42,1,40.0,40.0,45.0,2.25,7.25,0.0,149.01,1.0,6705.45,2026-01-27,On Time,SAP-Style Time
LAB-002851,20260119,43,391,40.0,40.0,32.75,7.25,0.0,0.0,106.75,1.5,3496.06,2026-01-25,On Time,SAP-Style Time
LAB-002852,20260119,44,1,40.0,40.0,42.75,4.25,7.0,0.0,144.49,1.0,6176.95,2026-02-01,Late,SAP-Style Time
LAB-002853,20260119,45,1,40.0,40.0,42.0,3.75,5.75,0.0,86.24,1.5,3870.02,2026-01-26,On Time,SAP-Style Time
LAB-002854,20260119,46,1,40.0,40.0,40.75,4.5,5.25,0.0,143.94,1.0,5865.56,2026-01-26,On Time,SAP-Style Time
LAB-002855,20260119,47,583,40.0,40.0,33.75,6.25,0.0,0.0,106.76,1.5,3603.15,2026-01-26,On Time,SAP-Style Time
LAB-002856,20260119,48,142,40.0,40.0,31.75,8.25,0.0,0.0,87.87,1.5,2789.87,2026-01-28,On Time,SAP-Style Time
LAB-002857,20260119,49,514,40.0,40.0,32.75,7.25,0.0,0.0,83.27,1.5,2727.09,2026-01-25,On Time,SAP-Style Time
LAB-002858,20260119,50,264,40.0,40.0,33.25,6.75,0.0,0.0,101.97,1.5,3390.5,2026-01-26,On Time,SAP-Style Time
LAB-002859,20260119,51,322,40.0,40.0,32.5,7.5,0.0,0.0,86.2,1.5,2801.5,2026-01-26,On Time,SAP-Style Time
LAB-002860,20260119,52,799,40.0,24.0,20.25,3.75,0.0,16.0,97.32,1.5,1970.73,2026-01-28,On Time,SAP-Style Time
LAB-002861,20260119,53,7,40.0,40.0,34.25,5.75,0.0,0.0,94.11,1.5,3223.27,2026-01-26,On Time,SAP-Style Time
LAB-002862,20260119,54,1,40.0,40.0,44.0,4.0,8.0,0.0,107.2,1.5,5145.6,2026-01-27,On Time,Mobile Time Entry
LAB-002863,20260119,55,97,40.0,40.0,32.0,8.0,0.0,0.0,95.59,1.5,3058.88,2026-01-27,On Time,SAP-Style Time
LAB-002864,20260119,56,490,40.0,40.0,32.25,7.75,0.0,0.0,73.51,1.5,2370.7,2026-01-27,On Time,Mobile Time Entry
LAB-002865,20260119,57,277,40.0,40.0,31.25,8.75,0.0,0.0,87.06,1.5,2720.63,2026-01-25,On Time,SAP-Style Time
LAB-002866,20260119,58,1,40.0,36.0,38.5,3.25,5.75,4.0,119.87,1.0,4615.0,2026-01-26,On Time,Manager Adjustment
LAB-002867,20260119,59,128,40.0,40.0,31.75,8.25,0.0,0.0,83.18,1.5,2640.97,2026-01-26,On Time,SAP-Style Time
LAB-002868,20260119,60,543,40.0,36.0,27.75,8.25,0.0,4.0,86.44,1.5,2398.71,2026-01-26,On Time,SAP-Style Time
LAB-002869,20260119,61,715,40.0,40.0,30.75,9.25,0.0,0.0,83.96,1.5,2581.77,2026-01-27,On Time,SAP-Style Time
LAB-002870,20260119,62,950,40.0,40.0,31.0,9.0,0.0,0.0,73.28,1.5,2271.68,2026-01-25,On Time,SAP-Style Time
LAB-002871,20260119,63,1,40.0,40.0,43.25,3.0,6.25,0.0,122.98,1.0,5318.89,2026-01-28,On Time,SAP-Style Time
LAB-002872,20260119,64,565,40.0,40.0,31.25,8.75,0.0,0.0,84.9,1.5,2653.13,2026-01-26,On Time,SAP-Style Time
LAB-002873,20260119,65,638,40.0,40.0,31.5,8.5,0.0,0.0,72.42,1.5,2281.23,2026-01-28,On Time,SAP-Style Time
LAB-002874,20260119,66,715,40.0,36.0,29.75,6.25,0.0,4.0,94.95,1.5,2824.76,2026-01-25,On Time,SAP-Style Time
LAB-002875,20260119,67,874,40.0,40.0,31.25,8.75,0.0,0.0,79.97,1.5,2499.06,2026-01-26,On Time,SAP-Style Time
LAB-002876,20260119,68,610,40.0,40.0,32.75,7.25,0.0,0.0,79.96,1.5,2618.69,2026-01-27,On Time,SAP-Style Time
LAB-002877,20260119,69,333,40.0,40.0,31.75,8.25,0.0,0.0,92.5,1.5,2936.88,2026-01-27,On Time,SAP-Style Time
LAB-002878,20260119,70,844,40.0,40.0,30.5,9.5,0.0,0.0,79.17,1.5,2414.69,2026-01-26,On Time,SAP-Style Time
LAB-002879,20260119,71,144,40.0,40.0,32.0,8.0,0.0,0.0,84.44,1.5,2702.08,2026-01-25,On Time,SAP-Style Time
LAB-002880,20260119,72,1,40.0,40.0,41.5,4.5,6.0,0.0,107.82,1.0,4474.53,2026-01-25,On Time,SAP-Style Time
LAB-002881,20260119,73,632,40.0,36.0,29.25,6.75,0.0,4.0,85.94,1.5,2513.75,2026-01-27,On Time,SAP-Style Time
LAB-002882,20260119,74,808,40.0,40.0,31.5,8.5,0.0,0.0,74.38,1.5,2342.97,2026-01-26,On Time,SAP-Style Time
LAB-002883,20260119,75,778,40.0,40.0,31.0,9.0,0.0,0.0,89.39,1.5,2771.09,2026-01-25,On Time,SAP-Style Time
LAB-002884,20260119,76,529,40.0,16.0,13.0,3.0,0.0,24.0,90.27,1.5,1173.51,2026-01-26,On Time,SAP-Style Time
LAB-002885,20260119,77,719,40.0,40.0,31.25,8.75,0.0,0.0,89.33,1.5,2791.56,2026-01-25,On Time,SAP-Style Time
LAB-002886,20260119,78,82,40.0,40.0,41.75,4.5,6.25,0.0,83.91,1.5,3765.46,2026-01-25,On Time,SAP-Style Time
LAB-002887,20260119,79,786,40.0,40.0,34.0,6.0,0.0,0.0,70.65,1.5,2402.1,2026-01-26,On Time,SAP-Style Time
LAB-002888,20260119,81,998,40.0,40.0,32.75,7.25,0.0,0.0,87.64,1.5,2870.21,2026-01-28,On Time,SAP-Style Time
LAB-002889,20260119,82,980,40.0,40.0,33.75,6.25,0.0,0.0,68.13,1.5,2299.39,2026-01-26,On Time,SAP-Style Time
LAB-002890,20260119,83,572,40.0,28.0,23.75,4.25,0.0,12.0,73.3,1.5,1740.88,2026-01-26,On Time,Mobile Time Entry
LAB-002891,20260119,84,472,40.0,40.0,34.75,5.25,0.0,0.0,71.25,1.5,2475.94,2026-01-26,On Time,SAP-Style Time
LAB-002892,20260119,85,761,40.0,32.0,27.0,5.0,0.0,8.0,65.88,1.5,1778.76,2026-01-26,On Time,SAP-Style Time
LAB-002893,20260119,86,100,40.0,40.0,33.0,7.0,0.0,0.0,82.25,1.5,2714.25,2026-01-26,On Time,SAP-Style Time
LAB-002894,20260119,87,39,40.0,40.0,36.25,6.75,3.0,0.0,78.64,1.5,2968.66,2026-01-25,On Time,SAP-Style Time
LAB-002895,20260119,88,679,40.0,40.0,34.0,6.0,0.0,0.0,71.87,1.5,2443.58,2026-01-25,On Time,SAP-Style Time
LAB-002896,20260119,89,108,40.0,40.0,34.5,5.5,0.0,0.0,77.91,1.5,2687.9,2026-01-27,On Time,SAP-Style Time
LAB-002897,20260119,90,173,24.0,24.0,20.75,3.25,0.0,0.0,74.99,1.5,1556.04,2026-01-27,On Time,SAP-Style Time
LAB-006471,20260119,90,336,16.0,16.0,13.75,2.25,0.0,0.0,74.99,1.5,1031.11,2026-01-27,On Time,SAP-Style Time
LAB-002898,20260119,91,43,40.0,40.0,33.5,6.5,0.0,0.0,68.92,1.5,2308.82,2026-01-25,On Time,Mobile Time Entry
LAB-002899,20260119,92,74,40.0,40.0,38.25,7.0,5.25,0.0,86.57,1.5,3538.55,2026-01-27,On Time,SAP-Style Time
LAB-002900,20260119,93,573,40.0,40.0,34.0,6.0,0.0,0.0,107.35,1.0,3649.9,2026-01-28,On Time,SAP-Style Time
LAB-002901,20260119,94,369,40.0,40.0,34.5,5.5,0.0,0.0,114.66,1.5,3955.77,2026-01-26,On Time,SAP-Style Time
LAB-002902,20260119,96,243,40.0,40.0,35.75,4.25,0.0,0.0,158.23,1.0,5656.72,2026-01-27,On Time,SAP-Style Time
LAB-002903,20260119,97,211,40.0,40.0,34.25,5.75,0.0,0.0,96.85,1.5,3317.11,2026-01-25,On Time,SAP-Style Time
LAB-002904,20260119,98,955,40.0,40.0,34.0,6.0,0.0,0.0,98.56,1.5,3351.04,2026-01-25,On Time,SAP-Style Time
LAB-002905,20260119,99,915,40.0,40.0,34.75,5.25,0.0,0.0,101.82,1.5,3538.25,2026-01-27,On Time,Mobile Time Entry
LAB-002906,20260119,100,234,40.0,40.0,35.25,4.75,0.0,0.0,92.09,1.5,3246.17,2026-01-26,On Time,SAP-Style Time
LAB-002907,20260119,101,804,40.0,40.0,35.0,5.0,0.0,0.0,114.75,1.5,4016.25,2026-02-01,Late,SAP-Style Time
LAB-002908,20260119,102,787,40.0,40.0,34.75,5.25,0.0,0.0,91.58,1.5,3182.4,2026-01-26,On Time,SAP-Style Time
LAB-002909,20260119,103,518,40.0,40.0,35.0,5.0,0.0,0.0,109.51,1.5,3832.85,2026-01-26,On Time,SAP-Style Time
LAB-002910,20260119,104,16,40.0,40.0,34.25,5.75,0.0,0.0,116.26,1.0,3981.91,2026-01-25,On Time,SAP-Style Time
LAB-002911,20260119,105,397,40.0,40.0,33.25,6.75,0.0,0.0,104.84,1.5,3485.93,2026-01-25,On Time,SAP-Style Time
LAB-002912,20260119,106,435,40.0,40.0,34.0,6.0,0.0,0.0,100.92,1.5,3431.28,2026-01-25,On Time,SAP-Style Time
LAB-002913,20260119,107,307,40.0,40.0,35.75,4.25,0.0,0.0,127.16,1.0,4545.97,2026-01-26,On Time,SAP-Style Time
LAB-002914,20260119,108,798,40.0,28.0,24.0,4.0,0.0,12.0,104.5,1.5,2508.0,2026-01-25,On Time,SAP-Style Time
LAB-002915,20260119,109,712,40.0,16.0,13.5,2.5,0.0,24.0,122.66,1.0,1655.91,2026-01-27,On Time,Mobile Time Entry
LAB-002916,20260119,110,695,40.0,40.0,35.75,4.25,0.0,0.0,144.93,1.0,5181.25,2026-01-25,On Time,SAP-Style Time
LAB-002917,20260119,111,42,40.0,40.0,35.25,4.75,0.0,0.0,106.37,1.5,3749.54,2026-01-25,On Time,SAP-Style Time
LAB-002918,20260119,112,815,40.0,40.0,35.0,5.0,0.0,0.0,93.17,1.5,3260.95,2026-01-26,On Time,SAP-Style Time
LAB-002919,20260119,113,808,40.0,40.0,33.75,6.25,0.0,0.0,97.98,1.5,3306.83,2026-01-27,On Time,SAP-Style Time
LAB-002920,20260119,114,577,40.0,40.0,28.75,11.25,0.0,0.0,97.72,1.5,2809.45,2026-01-25,On Time,SAP-Style Time
LAB-002921,20260119,115,766,40.0,32.0,22.5,9.5,0.0,8.0,89.67,1.5,2017.58,2026-01-28,On Time,SAP-Style Time
LAB-002922,20260119,116,403,40.0,40.0,29.0,11.0,0.0,0.0,131.09,1.0,3801.61,2026-01-27,On Time,Mobile Time Entry
LAB-002923,20260119,118,391,40.0,40.0,30.0,10.0,0.0,0.0,123.33,1.0,3699.9,2026-01-26,On Time,SAP-Style Time
LAB-002924,20260119,119,946,40.0,40.0,29.5,10.5,0.0,0.0,98.99,1.5,2920.21,2026-01-26,On Time,SAP-Style Time
LAB-002925,20260119,120,851,40.0,40.0,30.25,9.75,0.0,0.0,79.77,1.5,2413.04,2026-01-26,On Time,SAP-Style Time
LAB-002926,20260126,1,610,40.0,40.0,33.75,6.25,0.0,0.0,100.39,1.5,3388.16,2026-02-02,On Time,SAP-Style Time
LAB-002927,20260126,2,97,40.0,40.0,34.25,5.75,0.0,0.0,150.62,1.0,5158.74,2026-02-02,On Time,SAP-Style Time
LAB-002928,20260126,3,416,40.0,40.0,34.5,5.5,0.0,0.0,83.78,1.5,2890.41,2026-02-04,On Time,SAP-Style Time
LAB-002929,20260126,4,759,40.0,40.0,34.0,6.0,0.0,0.0,78.56,1.5,2671.04,2026-02-02,On Time,SAP-Style Time
LAB-002930,20260126,5,460,40.0,40.0,34.75,5.25,0.0,0.0,120.4,1.0,4183.9,2026-02-03,On Time,SAP-Style Time
LAB-002931,20260126,6,773,40.0,40.0,35.0,5.0,0.0,0.0,89.06,1.5,3117.1,2026-02-03,On Time,SAP-Style Time
LAB-002932,20260126,7,64,40.0,40.0,35.25,4.75,0.0,0.0,76.98,1.5,2713.55,2026-02-01,On Time,SAP-Style Time
LAB-002933,20260126,8,410,40.0,32.0,34.5,4.0,6.5,8.0,101.38,1.5,3827.1,2026-02-02,On Time,SAP-Style Time
LAB-002934,20260126,9,342,40.0,40.0,33.5,6.5,0.0,0.0,81.4,1.5,2726.9,2026-02-01,On Time,SAP-Style Time
LAB-002935,20260126,10,344,40.0,28.0,24.5,3.5,0.0,12.0,76.52,1.5,1874.74,2026-02-01,On Time,SAP-Style Time
LAB-002936,20260126,11,341,40.0,40.0,34.75,5.25,0.0,0.0,128.94,1.0,4480.67,2026-02-02,On Time,SAP-Style Time
LAB-002937,20260126,12,981,40.0,36.0,30.75,5.25,0.0,4.0,93.13,1.5,2863.75,2026-02-02,On Time,SAP-Style Time
LAB-002938,20260126,13,137,40.0,40.0,34.25,5.75,0.0,0.0,82.59,1.5,2828.71,2026-02-03,On Time,SAP-Style Time
LAB-002939,20260126,14,687,40.0,32.0,27.0,5.0,0.0,8.0,100.38,1.5,2710.26,2026-02-02,On Time,SAP-Style Time
LAB-002940,20260126,15,426,40.0,24.0,20.25,3.75,0.0,16.0,98.87,1.5,2002.12,2026-02-07,Late,SAP-Style Time
LAB-002941,20260126,16,416,40.0,40.0,34.75,5.25,0.0,0.0,100.34,1.5,3486.82,2026-02-03,On Time,SAP-Style Time
LAB-002942,20260126,17,233,40.0,32.0,29.0,3.0,0.0,8.0,88.53,1.5,2567.37,2026-02-04,On Time,SAP-Style Time
LAB-002943,20260126,18,260,40.0,40.0,35.0,5.0,0.0,0.0,89.32,1.5,3126.2,2026-02-03,On Time,SAP-Style Time
LAB-002944,20260126,19,83,40.0,40.0,34.25,5.75,0.0,0.0,91.26,1.5,3125.66,2026-02-02,On Time,SAP-Style Time
LAB-002945,20260126,20,62,40.0,40.0,35.0,5.0,0.0,0.0,77.3,1.5,2705.5,2026-02-02,On Time,SAP-Style Time
LAB-002946,20260126,21,384,40.0,40.0,33.25,6.75,0.0,0.0,77.07,1.5,2562.58,2026-02-04,On Time,SAP-Style Time
LAB-002947,20260126,22,119,40.0,40.0,36.0,4.0,0.0,0.0,102.23,1.5,3680.28,2026-02-02,On Time,SAP-Style Time
LAB-002948,20260126,23,616,40.0,40.0,34.75,5.25,0.0,0.0,85.0,1.5,2953.75,2026-02-03,On Time,SAP-Style Time
LAB-002949,20260126,24,841,40.0,40.0,36.5,3.5,0.0,0.0,81.27,1.5,2966.36,2026-02-03,On Time,SAP-Style Time
LAB-002950,20260126,25,748,40.0,40.0,34.25,5.75,0.0,0.0,102.16,1.0,3498.98,2026-02-02,On Time,SAP-Style Time
LAB-002951,20260126,26,723,40.0,36.0,31.5,4.5,0.0,4.0,85.79,1.5,2702.39,2026-02-02,On Time,SAP-Style Time
LAB-002952,20260126,27,51,40.0,40.0,34.0,6.0,0.0,0.0,104.52,1.5,3553.68,2026-02-02,On Time,SAP-Style Time
LAB-002953,20260126,28,795,40.0,40.0,34.5,5.5,0.0,0.0,82.53,1.5,2847.29,2026-02-02,On Time,SAP-Style Time
LAB-002954,20260126,29,493,40.0,40.0,35.0,5.0,0.0,0.0,79.3,1.5,2775.5,2026-02-04,On Time,SAP-Style Time
LAB-002955,20260126,30,177,40.0,40.0,34.5,5.5,0.0,0.0,79.44,1.5,2740.68,2026-02-01,On Time,SAP-Style Time
LAB-002956,20260126,31,486,40.0,36.0,30.25,5.75,0.0,4.0,105.13,1.5,3180.18,2026-02-03,On Time,SAP-Style Time
LAB-002957,20260126,32,471,40.0,40.0,35.25,4.75,0.0,0.0,82.13,1.5,2895.08,2026-02-03,On Time,SAP-Style Time
LAB-002958,20260126,33,52,40.0,40.0,34.25,5.75,0.0,0.0,89.89,1.5,3078.73,2026-02-02,On Time,SAP-Style Time
LAB-002959,20260126,34,638,40.0,40.0,33.5,6.5,0.0,0.0,98.09,1.5,3286.02,2026-02-01,On Time,SAP-Style Time
LAB-002960,20260126,35,628,40.0,24.0,20.25,3.75,0.0,16.0,91.52,1.5,1853.28,2026-02-03,On Time,Mobile Time Entry
LAB-002961,20260126,36,667,40.0,40.0,35.0,5.0,0.0,0.0,82.83,1.5,2899.05,2026-02-02,On Time,SAP-Style Time
LAB-002962,20260126,37,413,40.0,40.0,33.0,7.0,0.0,0.0,92.08,1.5,3038.64,2026-02-02,On Time,SAP-Style Time
LAB-002963,20260126,38,559,40.0,40.0,32.75,7.25,0.0,0.0,105.74,1.5,3462.98,2026-02-02,On Time,SAP-Style Time
LAB-002964,20260126,39,988,40.0,40.0,33.75,6.25,0.0,0.0,107.79,1.5,3637.91,2026-02-03,On Time,SAP-Style Time
LAB-002965,20260126,40,850,40.0,40.0,33.25,6.75,0.0,0.0,103.71,1.5,3448.36,2026-02-02,On Time,SAP-Style Time
LAB-002966,20260126,41,583,40.0,40.0,33.0,7.0,0.0,0.0,108.71,1.5,3587.43,2026-02-02,On Time,SAP-Style Time
LAB-002967,20260126,42,1,40.0,40.0,43.75,3.5,7.25,0.0,149.01,1.0,6519.19,2026-02-02,On Time,Mobile Time Entry
LAB-002968,20260126,43,66,40.0,40.0,32.5,7.5,0.0,0.0,106.75,1.5,3469.38,2026-02-01,On Time,SAP-Style Time
LAB-002969,20260126,44,1,40.0,40.0,40.5,4.5,5.0,0.0,144.49,1.0,5851.85,2026-02-02,On Time,SAP-Style Time
LAB-002970,20260126,45,1,40.0,40.0,44.75,4.25,9.0,0.0,86.24,1.5,4247.32,2026-02-02,On Time,SAP-Style Time
LAB-002971,20260126,46,1,40.0,40.0,44.5,4.0,8.5,0.0,143.94,1.0,6405.33,2026-02-02,On Time,SAP-Style Time
LAB-002972,20260126,47,763,40.0,40.0,33.5,6.5,0.0,0.0,106.76,1.5,3576.46,2026-02-02,On Time,SAP-Style Time
LAB-002973,20260126,48,827,40.0,40.0,34.5,8.25,2.75,0.0,87.87,1.5,3152.34,2026-02-02,On Time,SAP-Style Time
LAB-002974,20260126,49,521,40.0,40.0,33.0,7.0,0.0,0.0,83.27,1.5,2747.91,2026-02-02,On Time,SAP-Style Time
LAB-002975,20260126,50,243,40.0,40.0,33.25,6.75,0.0,0.0,101.97,1.5,3390.5,2026-02-01,On Time,Mobile Time Entry
LAB-002976,20260126,51,68,40.0,40.0,32.25,7.75,0.0,0.0,86.2,1.5,2779.95,2026-02-04,On Time,SAP-Style Time
LAB-002977,20260126,52,537,40.0,40.0,33.25,6.75,0.0,0.0,97.32,1.5,3235.89,2026-02-02,On Time,SAP-Style Time
LAB-002978,20260126,53,145,40.0,40.0,34.25,5.75,0.0,0.0,94.11,1.5,3223.27,2026-02-01,On Time,SAP-Style Time
LAB-002979,20260126,54,1,40.0,40.0,41.25,2.75,4.0,0.0,107.2,1.5,4636.4,2026-02-01,On Time,SAP-Style Time
LAB-002980,20260126,55,116,40.0,40.0,32.25,7.75,0.0,0.0,95.59,1.5,3082.78,2026-02-03,On Time,SAP-Style Time
LAB-002981,20260126,56,113,40.0,40.0,32.0,8.0,0.0,0.0,73.51,1.5,2352.32,2026-02-02,On Time,SAP-Style Time
LAB-002982,20260126,57,100,40.0,40.0,31.25,8.75,0.0,0.0,87.06,1.5,2720.63,2026-02-03,On Time,SAP-Style Time
LAB-002983,20260126,58,1,40.0,40.0,40.5,4.5,5.0,0.0,119.87,1.0,4854.74,2026-02-04,On Time,SAP-Style Time
LAB-002984,20260126,59,715,40.0,40.0,31.5,8.5,0.0,0.0,83.18,1.5,2620.17,2026-02-04,On Time,SAP-Style Time
LAB-002985,20260126,60,163,40.0,40.0,31.0,9.0,0.0,0.0,86.44,1.5,2679.64,2026-02-01,On Time,SAP-Style Time
LAB-002986,20260126,61,784,40.0,40.0,30.25,9.75,0.0,0.0,83.96,1.5,2539.79,2026-02-02,On Time,SAP-Style Time
LAB-002987,20260126,62,64,40.0,40.0,31.25,8.75,0.0,0.0,73.28,1.5,2290.0,2026-02-01,On Time,SAP-Style Time
LAB-002988,20260126,63,1,40.0,40.0,42.75,2.75,5.5,0.0,122.98,1.0,5257.4,2026-02-04,On Time,SAP-Style Time
LAB-002989,20260126,64,323,40.0,40.0,31.25,8.75,0.0,0.0,84.9,1.5,2653.13,2026-02-02,On Time,SAP-Style Time
LAB-002990,20260126,65,490,40.0,40.0,31.75,8.25,0.0,0.0,72.42,1.5,2299.34,2026-02-02,On Time,SAP-Style Time
LAB-002991,20260126,66,156,40.0,16.0,13.25,2.75,0.0,24.0,94.95,1.5,1258.09,2026-02-02,On Time,SAP-Style Time
LAB-002992,20260126,67,919,40.0,40.0,30.75,9.25,0.0,0.0,79.97,1.5,2459.08,2026-02-04,On Time,SAP-Style Time
LAB-002993,20260126,68,593,40.0,40.0,32.75,7.25,0.0,0.0,79.96,1.5,2618.69,2026-02-02,On Time,SAP-Style Time
LAB-002994,20260126,69,21,40.0,40.0,32.0,8.0,0.0,0.0,92.5,1.5,2960.0,2026-02-05,Late,SAP-Style Time
LAB-002995,20260126,70,179,40.0,40.0,30.25,9.75,0.0,0.0,79.17,1.5,2394.89,2026-02-03,On Time,SAP-Style Time
LAB-002996,20260126,71,836,40.0,32.0,24.75,7.25,0.0,8.0,84.44,1.5,2089.89,2026-02-03,On Time,SAP-Style Time
LAB-002997,20260126,72,1,40.0,40.0,46.75,2.75,9.5,0.0,107.82,1.0,5040.58,2026-02-03,On Time,SAP-Style Time
LAB-002998,20260126,73,323,40.0,36.0,29.5,6.5,0.0,4.0,85.94,1.5,2535.23,2026-02-06,Late,SAP-Style Time
LAB-002999,20260126,74,974,40.0,40.0,31.75,8.25,0.0,0.0,74.38,1.5,2361.57,2026-02-02,On Time,SAP-Style Time
LAB-003000,20260126,75,377,40.0,40.0,30.75,9.25,0.0,0.0,89.39,1.5,2748.74,2026-02-02,On Time,SAP-Style Time
LAB-003001,20260126,76,43,40.0,40.0,32.5,7.5,0.0,0.0,90.27,1.5,2933.78,2026-02-01,On Time,SAP-Style Time
LAB-003002,20260126,77,333,40.0,40.0,31.0,9.0,0.0,0.0,89.33,1.5,2769.23,2026-02-01,On Time,SAP-Style Time
LAB-003003,20260126,78,248,40.0,40.0,34.75,5.25,0.0,0.0,83.91,1.5,2915.87,2026-02-03,On Time,Mobile Time Entry
LAB-003004,20260126,79,28,40.0,40.0,34.0,6.0,0.0,0.0,70.65,1.5,2402.1,2026-02-03,On Time,Mobile Time Entry
LAB-003005,20260126,81,616,40.0,40.0,33.5,6.5,0.0,0.0,87.64,1.5,2935.94,2026-02-02,On Time,SAP-Style Time
LAB-003006,20260126,82,35,40.0,40.0,34.0,6.0,0.0,0.0,68.13,1.5,2316.42,2026-02-03,On Time,SAP-Style Time
LAB-003007,20260126,83,787,40.0,40.0,33.5,6.5,0.0,0.0,73.3,1.5,2455.55,2026-02-02,On Time,SAP-Style Time
LAB-003008,20260126,84,261,40.0,32.0,27.0,5.0,0.0,8.0,71.25,1.5,1923.75,2026-02-02,On Time,Mobile Time Entry
LAB-003009,20260126,85,111,40.0,40.0,33.5,6.5,0.0,0.0,65.88,1.5,2206.98,2026-02-09,Late,SAP-Style Time
LAB-003010,20260126,86,111,40.0,40.0,33.0,7.0,0.0,0.0,82.25,1.5,2714.25,2026-02-03,On Time,SAP-Style Time
LAB-003011,20260126,87,6,40.0,40.0,34.25,5.75,0.0,0.0,78.64,1.5,2693.42,2026-02-02,On Time,SAP-Style Time
LAB-003012,20260126,88,268,40.0,40.0,33.5,6.5,0.0,0.0,71.87,1.5,2407.65,2026-02-08,Late,Mobile Time Entry
LAB-003013,20260126,89,240,40.0,40.0,34.5,5.5,0.0,0.0,77.91,1.5,2687.9,2026-02-02,On Time,SAP-Style Time
LAB-003014,20260126,90,431,40.0,28.0,23.75,4.25,0.0,12.0,74.99,1.5,1781.01,2026-02-02,On Time,SAP-Style Time
LAB-003015,20260126,91,766,40.0,40.0,33.0,7.0,0.0,0.0,68.92,1.5,2274.36,2026-02-01,On Time,SAP-Style Time
LAB-003016,20260126,92,673,40.0,40.0,33.25,6.75,0.0,0.0,86.57,1.5,2878.45,2026-02-02,On Time,SAP-Style Time
LAB-003017,20260126,93,415,40.0,32.0,26.75,5.25,0.0,8.0,107.35,1.0,2871.61,2026-02-02,On Time,Mobile Time Entry
LAB-003018,20260126,94,355,40.0,40.0,34.75,5.25,0.0,0.0,114.66,1.5,3984.44,2026-02-02,On Time,SAP-Style Time
LAB-003019,20260126,96,632,40.0,40.0,36.5,3.5,0.0,0.0,158.23,1.0,5775.39,2026-02-03,On Time,SAP-Style Time
LAB-003020,20260126,97,403,40.0,40.0,34.0,6.0,0.0,0.0,96.85,1.5,3292.9,2026-02-02,On Time,Mobile Time Entry
LAB-003021,20260126,98,555,40.0,40.0,34.5,5.5,0.0,0.0,98.56,1.5,3400.32,2026-02-01,On Time,SAP-Style Time
LAB-003022,20260126,99,50,40.0,40.0,34.75,5.25,0.0,0.0,101.82,1.5,3538.25,2026-02-02,On Time,SAP-Style Time
LAB-003023,20260126,100,234,40.0,40.0,35.5,4.5,0.0,0.0,92.09,1.5,3269.2,2026-02-09,Late,SAP-Style Time
LAB-003024,20260126,101,370,40.0,40.0,35.25,4.75,0.0,0.0,114.75,1.5,4044.94,2026-02-01,On Time,SAP-Style Time
LAB-003025,20260126,102,643,40.0,40.0,34.75,5.25,0.0,0.0,91.58,1.5,3182.4,2026-02-04,On Time,SAP-Style Time
LAB-003026,20260126,103,955,40.0,40.0,35.25,4.75,0.0,0.0,109.51,1.5,3860.23,2026-02-02,On Time,SAP-Style Time
LAB-003027,20260126,104,223,40.0,40.0,35.0,5.0,0.0,0.0,116.26,1.0,4069.1,2026-02-02,On Time,Mobile Time Entry
LAB-003028,20260126,105,920,40.0,40.0,33.0,7.0,0.0,0.0,104.84,1.5,3459.72,2026-02-03,On Time,SAP-Style Time
LAB-003029,20260126,106,587,40.0,40.0,33.75,6.25,0.0,0.0,100.92,1.5,3406.05,2026-02-04,On Time,SAP-Style Time
LAB-003030,20260126,107,891,40.0,40.0,35.25,4.75,0.0,0.0,127.16,1.0,4482.39,2026-02-03,On Time,SAP-Style Time
LAB-003031,20260126,108,555,40.0,28.0,23.75,4.25,0.0,12.0,104.5,1.5,2481.88,2026-02-04,On Time,SAP-Style Time
LAB-003032,20260126,109,491,40.0,36.0,30.75,5.25,0.0,4.0,122.66,1.0,3771.8,2026-02-03,On Time,SAP-Style Time
LAB-003033,20260126,110,299,40.0,40.0,36.0,4.0,0.0,0.0,144.93,1.0,5217.48,2026-02-03,On Time,SAP-Style Time
LAB-003034,20260126,111,759,40.0,40.0,35.5,4.5,0.0,0.0,106.37,1.5,3776.14,2026-02-03,On Time,SAP-Style Time
LAB-003035,20260126,112,248,40.0,40.0,34.75,5.25,0.0,0.0,93.17,1.5,3237.66,2026-02-02,On Time,SAP-Style Time
LAB-003036,20260126,113,552,40.0,40.0,34.5,5.5,0.0,0.0,97.98,1.5,3380.31,2026-02-02,On Time,Mobile Time Entry
LAB-003037,20260126,114,721,40.0,40.0,28.75,11.25,0.0,0.0,97.72,1.5,2809.45,2026-02-01,On Time,SAP-Style Time
LAB-003038,20260126,115,545,40.0,40.0,28.5,11.5,0.0,0.0,89.67,1.5,2555.6,2026-02-03,On Time,SAP-Style Time
LAB-003039,20260126,116,295,40.0,40.0,29.25,10.75,0.0,0.0,131.09,1.0,3834.38,2026-02-02,On Time,SAP-Style Time
LAB-003040,20260126,118,385,40.0,40.0,30.25,9.75,0.0,0.0,123.33,1.0,3730.73,2026-02-02,On Time,SAP-Style Time
LAB-003041,20260126,119,470,40.0,40.0,29.25,10.75,0.0,0.0,98.99,1.5,2895.46,2026-02-02,On Time,SAP-Style Time
LAB-003042,20260126,120,767,40.0,40.0,30.5,9.5,0.0,0.0,79.77,1.5,2432.98,2026-02-03,On Time,SAP-Style Time
LAB-003043,20260202,1,470,40.0,40.0,33.5,6.5,0.0,0.0,100.39,1.5,3363.07,2026-02-08,On Time,SAP-Style Time
LAB-003044,20260202,2,9,40.0,40.0,44.75,3.0,7.75,0.0,150.62,1.0,6740.25,2026-02-09,On Time,SAP-Style Time
LAB-003045,20260202,3,915,40.0,40.0,41.0,5.0,6.0,0.0,83.78,1.5,3686.32,2026-02-09,On Time,SAP-Style Time
LAB-003046,20260202,4,486,40.0,40.0,34.0,6.0,0.0,0.0,78.56,1.5,2671.04,2026-02-11,On Time,SAP-Style Time
LAB-003047,20260202,5,9,40.0,32.0,36.75,1.25,6.0,8.0,120.4,1.0,4424.7,2026-02-09,On Time,SAP-Style Time
LAB-003048,20260202,6,494,40.0,40.0,35.25,4.75,0.0,0.0,89.06,1.5,3139.37,2026-02-09,On Time,SAP-Style Time
LAB-003049,20260202,7,9,40.0,40.0,42.5,2.5,5.0,0.0,76.98,1.5,3464.1,2026-02-09,On Time,SAP-Style Time
LAB-003050,20260202,8,814,40.0,24.0,21.0,3.0,0.0,16.0,101.38,1.5,2128.98,2026-02-09,On Time,SAP-Style Time
LAB-003051,20260202,9,814,40.0,28.0,23.5,4.5,0.0,12.0,81.4,1.5,1912.9,2026-02-10,On Time,SAP-Style Time
LAB-003052,20260202,10,836,40.0,40.0,34.0,6.0,0.0,0.0,76.52,1.5,2601.68,2026-02-10,On Time,SAP-Style Time
LAB-003053,20260202,11,9,40.0,40.0,44.25,3.5,7.75,0.0,128.94,1.0,5705.59,2026-02-11,On Time,SAP-Style Time
LAB-003054,20260202,12,53,40.0,40.0,34.25,5.75,0.0,0.0,93.13,1.5,3189.7,2026-02-09,On Time,SAP-Style Time
LAB-003055,20260202,13,217,40.0,40.0,34.25,5.75,0.0,0.0,82.59,1.5,2828.71,2026-02-10,On Time,SAP-Style Time
LAB-003056,20260202,14,9,40.0,40.0,41.75,2.5,4.25,0.0,100.38,1.5,4404.17,2026-02-14,Late,SAP-Style Time
LAB-003057,20260202,15,787,40.0,40.0,39.5,5.5,5.0,0.0,98.87,1.5,4152.54,2026-02-11,On Time,SAP-Style Time
LAB-003058,20260202,16,708,40.0,40.0,34.25,5.75,0.0,0.0,100.34,1.5,3436.65,2026-02-09,On Time,Mobile Time Entry
LAB-003059,20260202,17,445,40.0,40.0,36.5,3.5,0.0,0.0,88.53,1.5,3231.35,2026-02-10,On Time,SAP-Style Time
LAB-003060,20260202,18,818,40.0,40.0,34.75,5.25,0.0,0.0,89.32,1.5,3103.87,2026-02-10,On Time,Mobile Time Entry
LAB-003061,20260202,19,344,40.0,40.0,34.75,5.25,0.0,0.0,91.26,1.5,3171.29,2026-02-08,On Time,SAP-Style Time
LAB-003062,20260202,20,814,40.0,40.0,37.0,5.5,2.5,0.0,77.3,1.5,2956.73,2026-02-10,On Time,SAP-Style Time
LAB-003063,20260202,21,9,40.0,40.0,40.5,3.5,4.0,0.0,77.07,1.5,3275.48,2026-02-09,On Time,SAP-Style Time
LAB-003064,20260202,22,218,40.0,40.0,35.75,4.25,0.0,0.0,102.23,1.5,3654.72,2026-02-11,On Time,SAP-Style Time
LAB-003065,20260202,23,590,40.0,40.0,34.0,6.0,0.0,0.0,85.0,1.5,2890.0,2026-02-10,On Time,SAP-Style Time
LAB-003066,20260202,24,371,40.0,40.0,37.75,4.0,1.75,0.0,81.27,1.5,3139.05,2026-02-09,On Time,SAP-Style Time
LAB-003067,20260202,25,9,40.0,40.0,43.75,3.5,7.25,0.0,102.16,1.0,4469.5,2026-02-10,On Time,Mobile Time Entry
LAB-003068,20260202,26,989,40.0,40.0,34.25,5.75,0.0,0.0,85.79,1.5,2938.31,2026-02-11,On Time,SAP-Style Time
LAB-003069,20260202,27,707,40.0,40.0,33.5,6.5,0.0,0.0,104.52,1.5,3501.42,2026-02-08,On Time,SAP-Style Time
LAB-003070,20260202,28,9,40.0,40.0,41.5,3.0,4.5,0.0,82.53,1.5,3610.69,2026-02-09,On Time,SAP-Style Time
LAB-003071,20260202,29,471,40.0,40.0,35.5,4.5,0.0,0.0,79.3,1.5,2815.15,2026-02-11,On Time,SAP-Style Time
LAB-003072,20260202,30,672,40.0,40.0,35.0,5.0,0.0,0.0,79.44,1.5,2780.4,2026-02-10,On Time,SAP-Style Time
LAB-003073,20260202,31,670,40.0,40.0,34.25,5.75,0.0,0.0,105.13,1.5,3600.7,2026-02-10,On Time,SAP-Style Time
LAB-003074,20260202,32,363,40.0,36.0,31.75,4.25,0.0,4.0,82.13,1.5,2607.63,2026-02-10,On Time,SAP-Style Time
LAB-003075,20260202,33,850,40.0,40.0,34.0,6.0,0.0,0.0,89.89,1.5,3056.26,2026-02-09,On Time,SAP-Style Time
LAB-003076,20260202,34,999,40.0,40.0,33.25,6.75,0.0,0.0,98.09,1.5,3261.49,2026-02-09,On Time,SAP-Style Time
LAB-003077,20260202,35,9,40.0,36.0,38.75,2.75,5.5,4.0,91.52,1.5,3798.08,2026-02-09,On Time,SAP-Style Time
LAB-003078,20260202,36,639,40.0,40.0,35.0,5.0,0.0,0.0,82.83,1.5,2899.05,2026-02-10,On Time,Mobile Time Entry
LAB-003079,20260202,37,919,40.0,40.0,33.75,6.25,0.0,0.0,92.08,1.5,3107.7,2026-02-09,On Time,SAP-Style Time
LAB-006385,20260202,38,12,10.0,10.0,8.0,2.0,0.0,0.0,105.74,1.5,845.92,2026-02-10,On Time,SAP-Style Time
LAB-003080,20260202,38,980,30.0,30.0,24.25,5.75,0.0,0.0,105.74,1.5,2564.19,2026-02-10,On Time,SAP-Style Time
LAB-003081,20260202,39,721,40.0,40.0,33.25,6.75,0.0,0.0,107.79,1.5,3584.02,2026-02-09,On Time,SAP-Style Time
LAB-003082,20260202,40,214,40.0,40.0,33.75,6.25,0.0,0.0,103.71,1.5,3500.21,2026-02-09,On Time,SAP-Style Time
LAB-003083,20260202,41,111,40.0,40.0,33.0,7.0,0.0,0.0,108.71,1.5,3587.43,2026-02-08,On Time,Mobile Time Entry
LAB-003084,20260202,42,1,40.0,40.0,42.0,3.5,5.5,0.0,149.01,1.0,6258.42,2026-02-10,On Time,SAP-Style Time
LAB-003085,20260202,43,86,40.0,40.0,32.25,7.75,0.0,0.0,106.75,1.5,3442.69,2026-02-09,On Time,SAP-Style Time
LAB-003086,20260202,44,1,40.0,40.0,46.0,2.75,8.75,0.0,144.49,1.0,6646.54,2026-02-09,On Time,SAP-Style Time
LAB-003087,20260202,45,1,40.0,40.0,41.0,4.0,5.0,0.0,86.24,1.5,3751.44,2026-02-08,On Time,SAP-Style Time
LAB-003088,20260202,46,1,40.0,40.0,41.0,3.0,4.0,0.0,143.94,1.0,5901.54,2026-02-10,On Time,SAP-Style Time
LAB-003089,20260202,47,999,40.0,40.0,33.25,6.75,0.0,0.0,106.76,1.5,3549.77,2026-02-09,On Time,SAP-Style Time
LAB-003090,20260202,48,421,40.0,40.0,31.25,8.75,0.0,0.0,87.87,1.5,2745.94,2026-02-09,On Time,SAP-Style Time
LAB-003091,20260202,49,527,40.0,40.0,38.0,6.5,4.5,0.0,83.27,1.5,3351.62,2026-02-09,On Time,SAP-Style Time
LAB-003092,20260202,50,857,40.0,40.0,33.75,6.25,0.0,0.0,101.97,1.5,3441.49,2026-02-08,On Time,SAP-Style Time
LAB-003093,20260202,51,142,40.0,40.0,32.5,7.5,0.0,0.0,86.2,1.5,2801.5,2026-02-09,On Time,SAP-Style Time
LAB-003094,20260202,52,928,40.0,40.0,33.75,6.25,0.0,0.0,97.32,1.5,3284.55,2026-02-10,On Time,SAP-Style Time
LAB-003095,20260202,53,688,40.0,40.0,33.75,6.25,0.0,0.0,94.11,1.5,3176.21,2026-02-08,On Time,SAP-Style Time
LAB-003096,20260202,54,1,40.0,40.0,44.75,3.5,8.25,0.0,107.2,1.5,5239.4,2026-02-08,On Time,SAP-Style Time
LAB-003097,20260202,55,541,40.0,40.0,32.5,7.5,0.0,0.0,95.59,1.5,3106.68,2026-02-10,On Time,Mobile Time Entry
LAB-003098,20260202,56,82,40.0,40.0,32.0,8.0,0.0,0.0,73.51,1.5,2352.32,2026-02-10,On Time,SAP-Style Time
LAB-003099,20260202,57,507,40.0,40.0,31.5,8.5,0.0,0.0,87.06,1.5,2742.39,2026-02-13,Late,Mobile Time Entry
LAB-003100,20260202,58,1,40.0,40.0,45.0,2.75,7.75,0.0,119.87,1.0,5394.15,2026-02-09,On Time,SAP-Style Time
LAB-003101,20260202,59,789,40.0,40.0,31.5,8.5,0.0,0.0,83.18,1.5,2620.17,2026-02-11,On Time,SAP-Style Time
LAB-003102,20260202,60,944,40.0,40.0,36.75,8.75,5.5,0.0,86.44,1.5,3414.38,2026-02-08,On Time,SAP-Style Time
LAB-003103,20260202,61,969,40.0,40.0,30.5,9.5,0.0,0.0,83.96,1.5,2560.78,2026-02-09,On Time,SAP-Style Time
LAB-003104,20260202,62,356,40.0,40.0,31.25,8.75,0.0,0.0,73.28,1.5,2290.0,2026-02-09,On Time,SAP-Style Time
LAB-003105,20260202,63,1,40.0,40.0,41.5,3.75,5.25,0.0,122.98,1.0,5103.67,2026-02-11,On Time,SAP-Style Time
LAB-003106,20260202,64,369,40.0,40.0,31.75,8.25,0.0,0.0,84.9,1.5,2695.58,2026-02-09,On Time,SAP-Style Time
LAB-003107,20260202,65,715,40.0,40.0,31.25,8.75,0.0,0.0,72.42,1.5,2263.13,2026-02-09,On Time,SAP-Style Time
LAB-003108,20260202,66,16,40.0,40.0,32.75,7.25,0.0,0.0,94.95,1.5,3109.61,2026-02-09,On Time,SAP-Style Time
LAB-003109,20260202,67,30,40.0,40.0,31.25,8.75,0.0,0.0,79.97,1.5,2499.06,2026-02-08,On Time,SAP-Style Time
LAB-003110,20260202,68,339,40.0,40.0,33.5,6.5,0.0,0.0,79.96,1.5,2678.66,2026-02-10,On Time,SAP-Style Time
LAB-003111,20260202,69,838,40.0,36.0,28.25,7.75,0.0,4.0,92.5,1.5,2613.13,2026-02-09,On Time,SAP-Style Time
LAB-003112,20260202,70,784,40.0,40.0,30.75,9.25,0.0,0.0,79.17,1.5,2434.48,2026-02-10,On Time,SAP-Style Time
LAB-003113,20260202,71,715,40.0,40.0,36.75,8.5,5.25,0.0,84.44,1.5,3324.83,2026-02-10,On Time,SAP-Style Time
LAB-003114,20260202,72,1,40.0,36.0,41.5,4.0,9.5,4.0,107.82,1.0,4474.53,2026-02-11,On Time,SAP-Style Time
LAB-003115,20260202,73,4,40.0,40.0,32.0,8.0,0.0,0.0,85.94,1.5,2750.08,2026-02-10,On Time,SAP-Style Time
LAB-003116,20260202,74,766,40.0,40.0,31.75,8.25,0.0,0.0,74.38,1.5,2361.57,2026-02-09,On Time,Mobile Time Entry
LAB-003117,20260202,75,503,40.0,40.0,31.0,9.0,0.0,0.0,89.39,1.5,2771.09,2026-02-09,On Time,SAP-Style Time
LAB-003118,20260202,76,53,40.0,16.0,13.0,3.0,0.0,24.0,90.27,1.5,1173.51,2026-02-09,On Time,SAP-Style Time
LAB-003119,20260202,77,146,28.0,28.0,21.25,6.75,0.0,0.0,89.33,1.5,1898.26,2026-02-10,On Time,SAP-Style Time
LAB-006439,20260202,77,229,12.0,12.0,9.25,2.75,0.0,0.0,89.33,1.5,826.3,2026-02-10,On Time,SAP-Style Time
LAB-003120,20260202,78,12,40.0,40.0,27.0,13.0,0.0,0.0,83.91,1.5,2265.57,2026-02-10,On Time,SAP-Style Time
LAB-003121,20260202,79,746,40.0,40.0,27.0,13.0,0.0,0.0,70.65,1.5,1907.55,2026-02-10,On Time,SAP-Style Time
LAB-003122,20260202,81,471,40.0,40.0,27.0,13.0,0.0,0.0,87.64,1.5,2366.28,2026-02-08,On Time,SAP-Style Time
LAB-003123,20260202,82,476,40.0,16.0,10.75,5.25,0.0,24.0,68.13,1.5,732.4,2026-02-18,Late,SAP-Style Time
LAB-003124,20260202,83,821,40.0,40.0,26.75,13.25,0.0,0.0,73.3,1.5,1960.77,2026-02-10,On Time,SAP-Style Time
LAB-003125,20260202,84,642,40.0,24.0,16.25,7.75,0.0,16.0,71.25,1.5,1157.81,2026-02-09,On Time,SAP-Style Time
LAB-003126,20260202,85,979,40.0,40.0,27.0,13.0,0.0,0.0,65.88,1.5,1778.76,2026-02-09,On Time,SAP-Style Time
LAB-003127,20260202,86,28,40.0,40.0,27.25,12.75,0.0,0.0,82.25,1.5,2241.31,2026-02-08,On Time,SAP-Style Time
LAB-003128,20260202,87,674,40.0,40.0,27.0,13.0,0.0,0.0,78.64,1.5,2123.28,2026-02-10,On Time,Mobile Time Entry
LAB-003129,20260202,88,861,40.0,40.0,27.25,12.75,0.0,0.0,71.87,1.5,1958.46,2026-02-09,On Time,SAP-Style Time
LAB-003130,20260202,89,261,40.0,40.0,27.25,12.75,0.0,0.0,77.91,1.5,2123.05,2026-02-11,On Time,SAP-Style Time
LAB-003131,20260202,90,881,40.0,28.0,19.0,9.0,0.0,12.0,74.99,1.5,1424.81,2026-02-09,On Time,SAP-Style Time
LAB-003132,20260202,91,801,40.0,40.0,27.25,12.75,0.0,0.0,68.92,1.5,1878.07,2026-02-09,On Time,SAP-Style Time
LAB-003133,20260202,92,736,40.0,40.0,27.0,13.0,0.0,0.0,86.57,1.5,2337.39,2026-02-09,On Time,SAP-Style Time
LAB-003134,20260202,93,436,40.0,32.0,21.75,10.25,0.0,8.0,107.35,1.0,2334.86,2026-02-09,On Time,Mobile Time Entry
LAB-003135,20260202,94,980,40.0,40.0,34.75,5.25,0.0,0.0,114.66,1.5,3984.44,2026-02-10,On Time,SAP-Style Time
LAB-003136,20260202,96,9,40.0,40.0,41.25,2.75,4.0,0.0,158.23,1.0,6526.99,2026-02-09,On Time,SAP-Style Time
LAB-003137,20260202,97,279,40.0,28.0,24.25,3.75,0.0,12.0,96.85,1.5,2348.61,2026-02-10,On Time,SAP-Style Time
LAB-003138,20260202,98,9,40.0,40.0,43.75,2.75,6.5,0.0,98.56,1.5,4632.32,2026-02-10,On Time,SAP-Style Time
LAB-003139,20260202,99,122,40.0,40.0,35.25,4.75,0.0,0.0,101.82,1.5,3589.15,2026-02-10,On Time,SAP-Style Time
LAB-003140,20260202,100,385,40.0,40.0,38.25,4.25,2.5,0.0,92.09,1.5,3637.56,2026-02-09,On Time,SAP-Style Time
LAB-003141,20260202,101,614,40.0,40.0,34.5,5.5,0.0,0.0,114.75,1.5,3958.88,2026-02-08,On Time,SAP-Style Time
LAB-003142,20260202,102,324,40.0,40.0,34.75,5.25,0.0,0.0,91.58,1.5,3182.4,2026-02-09,On Time,SAP-Style Time
LAB-003143,20260202,103,991,40.0,40.0,35.5,4.5,0.0,0.0,109.51,1.5,3887.61,2026-02-09,On Time,SAP-Style Time
LAB-003144,20260202,104,9,40.0,40.0,45.75,1.5,7.25,0.0,116.26,1.0,5318.9,2026-02-09,On Time,SAP-Style Time
LAB-003145,20260202,105,9,40.0,40.0,42.5,2.75,5.25,0.0,104.84,1.5,4730.91,2026-02-09,On Time,SAP-Style Time
LAB-003146,20260202,106,767,40.0,40.0,33.0,7.0,0.0,0.0,100.92,1.5,3330.36,2026-02-09,On Time,SAP-Style Time
LAB-003147,20260202,107,456,40.0,40.0,35.25,4.75,0.0,0.0,127.16,1.0,4482.39,2026-02-13,Late,SAP-Style Time
LAB-003148,20260202,108,901,40.0,40.0,33.5,6.5,0.0,0.0,104.5,1.5,3500.75,2026-02-10,On Time,SAP-Style Time
LAB-003149,20260202,109,356,40.0,40.0,33.75,6.25,0.0,0.0,122.66,1.0,4139.78,2026-02-10,On Time,Mobile Time Entry
LAB-003150,20260202,110,961,40.0,40.0,36.0,4.0,0.0,0.0,144.93,1.0,5217.48,2026-02-09,On Time,SAP-Style Time
LAB-003151,20260202,111,114,40.0,40.0,35.0,5.0,0.0,0.0,106.37,1.5,3722.95,2026-02-10,On Time,SAP-Style Time
LAB-003152,20260202,112,895,40.0,40.0,35.25,4.75,0.0,0.0,93.17,1.5,3284.24,2026-02-09,On Time,SAP-Style Time
LAB-003153,20260202,113,606,40.0,40.0,41.25,5.25,6.5,0.0,97.98,1.5,4360.11,2026-02-08,On Time,SAP-Style Time
LAB-003154,20260202,114,6,40.0,40.0,29.0,11.0,0.0,0.0,97.72,1.5,2833.88,2026-02-09,On Time,SAP-Style Time
LAB-003155,20260202,115,111,40.0,40.0,27.75,12.25,0.0,0.0,89.67,1.5,2488.34,2026-02-15,Late,SAP-Style Time
LAB-003156,20260202,116,572,40.0,32.0,23.25,8.75,0.0,8.0,131.09,1.0,3047.84,2026-02-10,On Time,SAP-Style Time
LAB-003157,20260202,118,940,40.0,36.0,26.5,9.5,0.0,4.0,123.33,1.0,3268.25,2026-02-08,On Time,SAP-Style Time
LAB-003158,20260202,119,384,40.0,40.0,29.25,10.75,0.0,0.0,98.99,1.5,2895.46,2026-02-10,On Time,SAP-Style Time
LAB-003159,20260202,120,70,40.0,40.0,30.0,10.0,0.0,0.0,79.77,1.5,2393.1,2026-02-09,On Time,SAP-Style Time
LAB-003160,20260209,1,702,40.0,40.0,33.5,6.5,0.0,0.0,100.39,1.5,3363.07,2026-02-17,On Time,SAP-Style Time
LAB-003161,20260209,2,9,40.0,40.0,44.0,2.75,6.75,0.0,150.62,1.0,6627.28,2026-02-17,On Time,SAP-Style Time
LAB-003162,20260209,3,827,40.0,40.0,34.75,5.25,0.0,0.0,83.78,1.5,2911.36,2026-02-20,Late,SAP-Style Time
LAB-003163,20260209,4,476,40.0,40.0,33.75,6.25,0.0,0.0,78.56,1.5,2651.4,2026-02-16,On Time,SAP-Style Time
LAB-003164,20260209,5,9,40.0,36.0,38.25,2.0,4.25,4.0,120.4,1.0,4605.3,2026-02-15,On Time,SAP-Style Time
LAB-003165,20260209,6,335,40.0,40.0,35.75,4.25,0.0,0.0,89.06,1.5,3183.9,2026-02-17,On Time,SAP-Style Time
LAB-003166,20260209,7,9,40.0,40.0,42.25,3.25,5.5,0.0,76.98,1.5,3464.1,2026-02-16,On Time,SAP-Style Time
LAB-003167,20260209,8,60,40.0,40.0,35.0,5.0,0.0,0.0,101.38,1.5,3548.3,2026-02-22,Late,SAP-Style Time
LAB-003168,20260209,9,205,40.0,40.0,33.75,6.25,0.0,0.0,81.4,1.5,2747.25,2026-02-17,On Time,SAP-Style Time
LAB-006458,20260209,10,29,14.0,14.0,12.0,2.0,0.0,0.0,76.52,1.5,918.24,2026-02-17,On Time,SAP-Style Time
LAB-003169,20260209,10,826,26.0,26.0,22.25,3.75,0.0,0.0,76.52,1.5,1702.57,2026-02-17,On Time,SAP-Style Time
LAB-003170,20260209,11,9,40.0,40.0,43.75,1.5,5.25,0.0,128.94,1.0,5641.13,2026-02-16,On Time,SAP-Style Time
LAB-003171,20260209,12,543,40.0,40.0,33.5,6.5,0.0,0.0,93.13,1.5,3119.86,2026-02-17,On Time,SAP-Style Time
LAB-003172,20260209,13,707,40.0,40.0,34.0,6.0,0.0,0.0,82.59,1.5,2808.06,2026-02-16,On Time,SAP-Style Time
LAB-003173,20260209,14,9,40.0,36.0,39.5,1.5,5.0,4.0,100.38,1.5,4215.96,2026-02-16,On Time,SAP-Style Time
LAB-003174,20260209,15,583,40.0,28.0,24.75,3.25,0.0,12.0,98.87,1.5,2447.03,2026-02-16,On Time,SAP-Style Time
LAB-003175,20260209,16,587,40.0,40.0,34.75,5.25,0.0,0.0,100.34,1.5,3486.82,2026-02-17,On Time,SAP-Style Time
LAB-003176,20260209,17,363,40.0,24.0,22.0,2.0,0.0,16.0,88.53,1.5,1947.66,2026-02-16,On Time,Mobile Time Entry
LAB-003177,20260209,18,205,40.0,40.0,34.25,5.75,0.0,0.0,89.32,1.5,3059.21,2026-02-15,On Time,Mobile Time Entry
LAB-003178,20260209,19,793,40.0,40.0,35.75,4.25,0.0,0.0,91.26,1.5,3262.55,2026-02-15,On Time,SAP-Style Time
LAB-003179,20260209,20,83,40.0,40.0,34.5,5.5,0.0,0.0,77.3,1.5,2666.85,2026-02-16,On Time,SAP-Style Time
LAB-003180,20260209,21,9,40.0,40.0,41.5,2.75,4.25,0.0,77.07,1.5,3362.18,2026-02-16,On Time,SAP-Style Time
LAB-003181,20260209,22,841,40.0,40.0,35.75,4.25,0.0,0.0,102.23,1.5,3654.72,2026-02-18,On Time,SAP-Style Time
LAB-003182,20260209,23,928,40.0,40.0,34.75,5.25,0.0,0.0,85.0,1.5,2953.75,2026-02-15,On Time,SAP-Style Time
LAB-003183,20260209,24,442,40.0,40.0,36.0,4.0,0.0,0.0,81.27,1.5,2925.72,2026-02-15,On Time,SAP-Style Time
LAB-003184,20260209,25,9,40.0,40.0,43.75,3.25,7.0,0.0,102.16,1.0,4469.5,2026-02-17,On Time,SAP-Style Time
LAB-003185,20260209,26,323,40.0,40.0,34.5,5.5,0.0,0.0,85.79,1.5,2959.76,2026-02-17,On Time,SAP-Style Time
LAB-003186,20260209,27,841,40.0,40.0,34.0,6.0,0.0,0.0,104.52,1.5,3553.68,2026-02-17,On Time,SAP-Style Time
LAB-003187,20260209,28,9,40.0,40.0,44.25,1.5,5.75,0.0,82.53,1.5,3889.23,2026-02-15,On Time,Mobile Time Entry
LAB-003188,20260209,29,265,40.0,40.0,35.25,4.75,0.0,0.0,79.3,1.5,2795.33,2026-02-16,On Time,SAP-Style Time
LAB-003189,20260209,30,285,40.0,40.0,35.25,4.75,0.0,0.0,79.44,1.5,2800.26,2026-02-24,Late,SAP-Style Time
LAB-003190,20260209,31,531,40.0,40.0,34.0,6.0,0.0,0.0,105.13,1.5,3574.42,2026-02-18,On Time,Mobile Time Entry
LAB-003191,20260209,32,415,40.0,40.0,35.25,4.75,0.0,0.0,82.13,1.5,2895.08,2026-02-18,On Time,Mobile Time Entry
LAB-003192,20260209,33,531,26.0,26.0,22.0,4.0,0.0,0.0,89.89,1.5,1977.58,2026-02-15,On Time,SAP-Style Time
LAB-006324,20260209,33,882,14.0,14.0,12.0,2.0,0.0,0.0,89.89,1.5,1078.68,2026-02-15,On Time,SAP-Style Time
LAB-003193,20260209,34,808,40.0,40.0,34.25,5.75,0.0,0.0,98.09,1.5,3359.58,2026-02-17,On Time,SAP-Style Time
LAB-003194,20260209,35,9,40.0,40.0,41.75,2.25,4.0,0.0,91.52,1.5,4004.0,2026-02-15,On Time,SAP-Style Time
LAB-003195,20260209,36,821,40.0,40.0,35.25,4.75,0.0,0.0,82.83,1.5,2919.76,2026-02-15,On Time,SAP-Style Time
LAB-003196,20260209,37,871,40.0,40.0,33.5,6.5,0.0,0.0,92.08,1.5,3084.68,2026-02-17,On Time,SAP-Style Time
LAB-003197,20260209,38,544,40.0,40.0,33.0,7.0,0.0,0.0,105.74,1.5,3489.42,2026-02-16,On Time,SAP-Style Time
LAB-003198,20260209,39,447,40.0,40.0,36.5,7.25,3.75,0.0,107.79,1.5,4136.44,2026-02-17,On Time,SAP-Style Time
LAB-003199,20260209,40,781,40.0,40.0,34.25,5.75,0.0,0.0,103.71,1.5,3552.07,2026-02-15,On Time,SAP-Style Time
LAB-003200,20260209,41,937,40.0,40.0,32.5,7.5,0.0,0.0,108.71,1.5,3533.08,2026-02-16,On Time,SAP-Style Time
LAB-003201,20260209,42,1,40.0,40.0,45.5,3.5,9.0,0.0,149.01,1.0,6779.96,2026-02-17,On Time,Mobile Time Entry
LAB-003202,20260209,43,705,40.0,40.0,32.25,7.75,0.0,0.0,106.75,1.5,3442.69,2026-02-17,On Time,SAP-Style Time
LAB-003203,20260209,44,1,40.0,36.0,42.5,3.25,9.75,4.0,144.49,1.0,6140.83,2026-02-16,On Time,SAP-Style Time
LAB-003204,20260209,45,1,40.0,40.0,45.0,2.25,7.25,0.0,86.24,1.5,4193.42,2026-02-16,On Time,Mobile Time Entry
LAB-003205,20260209,46,1,40.0,40.0,43.25,2.5,5.75,0.0,143.94,1.0,6225.41,2026-02-16,On Time,SAP-Style Time
LAB-003206,20260209,47,521,40.0,40.0,33.0,7.0,0.0,0.0,106.76,1.5,3523.08,2026-02-15,On Time,SAP-Style Time
LAB-003207,20260209,48,231,40.0,40.0,31.75,8.25,0.0,0.0,87.87,1.5,2789.87,2026-02-17,On Time,SAP-Style Time
LAB-003208,20260209,49,23,40.0,40.0,33.5,6.5,0.0,0.0,83.27,1.5,2789.55,2026-02-16,On Time,SAP-Style Time
LAB-003209,20260209,50,772,40.0,40.0,34.0,6.0,0.0,0.0,101.97,1.5,3466.98,2026-02-16,On Time,SAP-Style Time
LAB-003210,20260209,51,163,40.0,40.0,32.0,8.0,0.0,0.0,86.2,1.5,2758.4,2026-02-17,On Time,SAP-Style Time
LAB-003211,20260209,52,173,40.0,40.0,33.5,6.5,0.0,0.0,97.32,1.5,3260.22,2026-02-17,On Time,SAP-Style Time
LAB-003212,20260209,53,871,40.0,40.0,34.0,6.0,0.0,0.0,94.11,1.5,3199.74,2026-02-16,On Time,SAP-Style Time
LAB-003213,20260209,54,1,40.0,40.0,46.75,3.0,9.75,0.0,107.2,1.5,5534.2,2026-02-15,On Time,SAP-Style Time
LAB-003214,20260209,55,223,40.0,40.0,32.75,7.25,0.0,0.0,95.59,1.5,3130.57,2026-02-17,On Time,SAP-Style Time
LAB-003215,20260209,56,412,40.0,40.0,31.75,8.25,0.0,0.0,73.51,1.5,2333.94,2026-02-16,On Time,Mobile Time Entry
LAB-003216,20260209,57,62,40.0,40.0,31.25,8.75,0.0,0.0,87.06,1.5,2720.63,2026-02-15,On Time,SAP-Style Time
LAB-003217,20260209,58,1,40.0,28.0,34.5,2.0,8.5,12.0,119.87,1.0,4135.51,2026-02-16,On Time,Mobile Time Entry
LAB-003218,20260209,59,674,40.0,40.0,31.5,8.5,0.0,0.0,83.18,1.5,2620.17,2026-02-17,On Time,SAP-Style Time
LAB-003219,20260209,60,774,40.0,40.0,37.25,8.25,5.5,0.0,86.44,1.5,3457.6,2026-02-17,On Time,Mobile Time Entry
LAB-003220,20260209,61,491,40.0,40.0,31.0,9.0,0.0,0.0,83.96,1.5,2602.76,2026-02-16,On Time,SAP-Style Time
LAB-003221,20260209,62,531,40.0,40.0,31.0,9.0,0.0,0.0,73.28,1.5,2271.68,2026-02-16,On Time,SAP-Style Time
LAB-003222,20260209,63,1,40.0,40.0,43.25,3.25,6.5,0.0,122.98,1.0,5318.89,2026-02-17,On Time,SAP-Style Time
LAB-003223,20260209,64,240,40.0,40.0,32.25,7.75,0.0,0.0,84.9,1.5,2738.03,2026-02-16,On Time,SAP-Style Time
LAB-003224,20260209,65,701,40.0,40.0,31.25,8.75,0.0,0.0,72.42,1.5,2263.13,2026-02-17,On Time,SAP-Style Time
LAB-003225,20260209,66,335,40.0,40.0,33.5,6.5,0.0,0.0,94.95,1.5,3180.83,2026-02-22,Late,SAP-Style Time
LAB-003226,20260209,67,456,40.0,40.0,31.25,8.75,0.0,0.0,79.97,1.5,2499.06,2026-02-17,On Time,Mobile Time Entry
LAB-003227,20260209,68,50,40.0,40.0,33.5,6.5,0.0,0.0,79.96,1.5,2678.66,2026-02-17,On Time,SAP-Style Time
LAB-003228,20260209,69,285,40.0,40.0,31.25,8.75,0.0,0.0,92.5,1.5,2890.63,2026-02-18,On Time,SAP-Style Time
LAB-003229,20260209,70,818,40.0,40.0,31.5,8.5,0.0,0.0,79.17,1.5,2493.86,2026-02-16,On Time,SAP-Style Time
LAB-003230,20260209,71,119,28.0,28.0,22.5,5.5,0.0,0.0,84.44,1.5,1899.9,2026-02-15,On Time,SAP-Style Time
LAB-006427,20260209,71,157,12.0,12.0,9.5,2.5,0.0,0.0,84.44,1.5,802.18,2026-02-15,On Time,SAP-Style Time
LAB-003231,20260209,72,1,40.0,40.0,41.0,3.5,4.5,0.0,107.82,1.0,4420.62,2026-02-16,On Time,SAP-Style Time
LAB-003232,20260209,73,157,40.0,40.0,32.5,7.5,0.0,0.0,85.94,1.5,2793.05,2026-02-15,On Time,SAP-Style Time
LAB-003233,20260209,74,952,40.0,40.0,31.75,8.25,0.0,0.0,74.38,1.5,2361.57,2026-02-17,On Time,SAP-Style Time
LAB-003234,20260209,75,646,40.0,40.0,31.75,8.25,0.0,0.0,89.39,1.5,2838.13,2026-02-18,On Time,SAP-Style Time
LAB-003235,20260209,76,206,40.0,40.0,32.75,7.25,0.0,0.0,90.27,1.5,2956.34,2026-02-17,On Time,Mobile Time Entry
LAB-003236,20260209,77,688,40.0,24.0,18.5,5.5,0.0,16.0,89.33,1.5,1652.61,2026-02-16,On Time,SAP-Style Time
LAB-003237,20260209,78,529,40.0,40.0,27.0,13.0,0.0,0.0,83.91,1.5,2265.57,2026-02-17,On Time,SAP-Style Time
LAB-003238,20260209,79,721,40.0,40.0,27.0,13.0,0.0,0.0,70.65,1.5,1907.55,2026-02-16,On Time,Mobile Time Entry
LAB-003239,20260209,81,53,40.0,40.0,27.0,13.0,0.0,0.0,87.64,1.5,2366.28,2026-02-16,On Time,Manager Adjustment
LAB-003240,20260209,82,591,40.0,40.0,27.0,13.0,0.0,0.0,68.13,1.5,1839.51,2026-02-19,Late,SAP-Style Time
LAB-003241,20260209,83,428,40.0,40.0,27.25,12.75,0.0,0.0,73.3,1.5,1997.43,2026-02-16,On Time,SAP-Style Time
LAB-003242,20260209,84,199,40.0,40.0,27.0,13.0,0.0,0.0,71.25,1.5,1923.75,2026-02-16,On Time,SAP-Style Time
LAB-003243,20260209,85,296,40.0,40.0,27.25,12.75,0.0,0.0,65.88,1.5,1795.23,2026-02-16,On Time,SAP-Style Time
LAB-003244,20260209,86,283,40.0,40.0,27.25,12.75,0.0,0.0,82.25,1.5,2241.31,2026-02-16,On Time,SAP-Style Time
LAB-003245,20260209,87,420,40.0,40.0,27.0,13.0,0.0,0.0,78.64,1.5,2123.28,2026-02-16,On Time,Mobile Time Entry
LAB-003246,20260209,88,219,40.0,40.0,27.0,13.0,0.0,0.0,71.87,1.5,1940.49,2026-02-15,On Time,SAP-Style Time
LAB-003247,20260209,89,658,40.0,40.0,27.25,12.75,0.0,0.0,77.91,1.5,2123.05,2026-02-15,On Time,Mobile Time Entry
LAB-003248,20260209,90,617,40.0,40.0,27.25,12.75,0.0,0.0,74.99,1.5,2043.48,2026-02-17,On Time,SAP-Style Time
LAB-003249,20260209,91,47,40.0,40.0,27.5,12.5,0.0,0.0,68.92,1.5,1895.3,2026-02-16,On Time,SAP-Style Time
LAB-003250,20260209,92,341,40.0,40.0,26.75,13.25,0.0,0.0,86.57,1.5,2315.75,2026-02-17,On Time,SAP-Style Time
LAB-003251,20260209,93,679,40.0,40.0,27.25,12.75,0.0,0.0,107.35,1.0,2925.29,2026-02-16,On Time,SAP-Style Time
LAB-003252,20260209,94,847,40.0,40.0,34.5,5.5,0.0,0.0,114.66,1.5,3955.77,2026-02-15,On Time,SAP-Style Time
LAB-003253,20260209,96,9,40.0,32.0,34.75,2.25,5.0,8.0,158.23,1.0,5498.49,2026-02-16,On Time,SAP-Style Time
LAB-003254,20260209,97,854,40.0,40.0,34.75,5.25,0.0,0.0,96.85,1.5,3365.54,2026-02-16,On Time,SAP-Style Time
LAB-003255,20260209,98,9,40.0,40.0,42.5,2.0,4.5,0.0,98.56,1.5,4410.56,2026-02-16,On Time,SAP-Style Time
LAB-003256,20260209,99,797,40.0,40.0,35.25,4.75,0.0,0.0,101.82,1.5,3589.15,2026-02-17,On Time,SAP-Style Time
LAB-003257,20260209,100,176,40.0,40.0,35.25,4.75,0.0,0.0,92.09,1.5,3246.17,2026-02-15,On Time,SAP-Style Time
LAB-003258,20260209,101,614,40.0,40.0,34.25,5.75,0.0,0.0,114.75,1.5,3930.19,2026-02-16,On Time,SAP-Style Time
LAB-003259,20260209,102,157,40.0,40.0,34.0,6.0,0.0,0.0,91.58,1.5,3113.72,2026-02-18,On Time,SAP-Style Time
LAB-003260,20260209,103,796,40.0,40.0,35.25,4.75,0.0,0.0,109.51,1.5,3860.23,2026-02-16,On Time,SAP-Style Time
LAB-003261,20260209,104,9,40.0,40.0,42.5,3.25,5.75,0.0,116.26,1.0,4941.05,2026-02-17,On Time,SAP-Style Time
LAB-003262,20260209,105,9,40.0,40.0,42.75,2.25,5.0,0.0,104.84,1.5,4744.01,2026-02-16,On Time,SAP-Style Time
LAB-003263,20260209,106,182,40.0,40.0,32.75,7.25,0.0,0.0,100.92,1.5,3305.13,2026-02-17,On Time,SAP-Style Time
LAB-003264,20260209,107,487,40.0,32.0,27.5,4.5,0.0,8.0,127.16,1.0,3496.9,2026-02-16,On Time,SAP-Style Time
LAB-003265,20260209,108,751,40.0,40.0,33.5,6.5,0.0,0.0,104.5,1.5,3500.75,2026-02-15,On Time,SAP-Style Time
LAB-003266,20260209,109,319,40.0,40.0,34.25,5.75,0.0,0.0,122.66,1.0,4201.11,2026-02-17,On Time,SAP-Style Time
LAB-003267,20260209,110,676,40.0,40.0,35.25,4.75,0.0,0.0,144.93,1.0,5108.78,2026-02-16,On Time,SAP-Style Time
LAB-003268,20260209,111,42,40.0,40.0,35.25,4.75,0.0,0.0,106.37,1.5,3749.54,2026-02-16,On Time,Manager Adjustment
LAB-003269,20260209,112,919,40.0,28.0,25.0,3.0,0.0,12.0,93.17,1.5,2329.25,2026-02-28,Late,SAP-Style Time
LAB-006456,20260209,113,142,14.0,14.0,12.0,2.0,0.0,0.0,97.98,1.5,1175.76,2026-02-16,On Time,SAP-Style Time
LAB-003270,20260209,113,178,26.0,26.0,22.25,3.75,0.0,0.0,97.98,1.5,2180.06,2026-02-16,On Time,SAP-Style Time
LAB-003271,20260209,114,766,40.0,40.0,28.75,11.25,0.0,0.0,97.72,1.5,2809.45,2026-02-17,On Time,SAP-Style Time
LAB-003272,20260209,115,476,40.0,40.0,28.5,11.5,0.0,0.0,89.67,1.5,2555.6,2026-02-17,On Time,SAP-Style Time
LAB-003273,20260209,116,751,40.0,40.0,29.25,10.75,0.0,0.0,131.09,1.0,3834.38,2026-02-17,On Time,SAP-Style Time
LAB-003274,20260209,118,559,40.0,40.0,29.5,10.5,0.0,0.0,123.33,1.0,3638.24,2026-02-16,On Time,SAP-Style Time
LAB-003275,20260209,119,548,40.0,40.0,29.0,11.0,0.0,0.0,98.99,1.5,2870.71,2026-02-18,On Time,Mobile Time Entry
LAB-003276,20260209,120,687,40.0,40.0,30.25,9.75,0.0,0.0,79.77,1.5,2413.04,2026-02-15,On Time,SAP-Style Time
LAB-003277,20260216,1,196,40.0,40.0,34.25,5.75,0.0,0.0,100.39,1.5,3438.36,2026-02-26,Late,SAP-Style Time
LAB-003278,20260216,2,9,40.0,40.0,44.75,2.5,7.25,0.0,150.62,1.0,6740.25,2026-02-23,On Time,SAP-Style Time
LAB-003279,20260216,3,384,40.0,40.0,34.5,5.5,0.0,0.0,83.78,1.5,2890.41,2026-02-22,On Time,SAP-Style Time
LAB-003280,20260216,4,791,40.0,40.0,38.25,5.0,3.25,0.0,78.56,1.5,3132.58,2026-02-24,On Time,SAP-Style Time
LAB-003281,20260216,5,9,40.0,40.0,44.25,1.5,5.75,0.0,120.4,1.0,5327.7,2026-03-01,Late,SAP-Style Time
LAB-003282,20260216,6,142,40.0,40.0,35.75,4.25,0.0,0.0,89.06,1.5,3183.9,2026-02-24,On Time,SAP-Style Time
LAB-003283,20260216,7,9,40.0,40.0,45.75,2.25,8.0,0.0,76.98,1.5,3829.76,2026-02-24,On Time,SAP-Style Time
LAB-003284,20260216,8,640,40.0,40.0,35.25,4.75,0.0,0.0,101.38,1.5,3573.65,2026-02-23,On Time,SAP-Style Time
LAB-003285,20260216,9,324,40.0,40.0,39.5,6.0,5.5,0.0,81.4,1.5,3439.15,2026-02-24,On Time,SAP-Style Time
LAB-003286,20260216,10,784,40.0,40.0,34.75,5.25,0.0,0.0,76.52,1.5,2659.07,2026-02-23,On Time,Mobile Time Entry
LAB-003287,20260216,11,9,40.0,40.0,43.5,3.0,6.5,0.0,128.94,1.0,5608.89,2026-02-22,On Time,SAP-Style Time
LAB-003288,20260216,12,640,40.0,40.0,34.0,6.0,0.0,0.0,93.13,1.5,3166.42,2026-02-23,On Time,SAP-Style Time
LAB-003289,20260216,13,838,40.0,40.0,34.25,5.75,0.0,0.0,82.59,1.5,2828.71,2026-02-24,On Time,SAP-Style Time
LAB-003290,20260216,14,9,40.0,40.0,41.25,3.0,4.25,0.0,100.38,1.5,4353.98,2026-02-23,On Time,SAP-Style Time
LAB-003291,20260216,15,436,40.0,40.0,35.0,5.0,0.0,0.0,98.87,1.5,3460.45,2026-02-23,On Time,SAP-Style Time
LAB-003292,20260216,16,950,40.0,40.0,35.0,5.0,0.0,0.0,100.34,1.5,3511.9,2026-02-23,On Time,SAP-Style Time
LAB-003293,20260216,17,731,40.0,40.0,36.75,3.25,0.0,0.0,88.53,1.5,3253.48,2026-02-25,On Time,SAP-Style Time
LAB-003294,20260216,18,905,40.0,40.0,35.0,5.0,0.0,0.0,89.32,1.5,3126.2,2026-02-23,On Time,SAP-Style Time
LAB-003295,20260216,19,70,28.0,28.0,25.0,3.0,0.0,0.0,91.26,1.5,2281.5,2026-02-22,On Time,SAP-Style Time
LAB-006479,20260216,19,228,12.0,12.0,10.75,1.25,0.0,0.0,91.26,1.5,981.05,2026-02-22,On Time,SAP-Style Time
LAB-003296,20260216,20,524,40.0,40.0,34.5,5.5,0.0,0.0,77.3,1.5,2666.85,2026-02-23,On Time,Mobile Time Entry
LAB-003297,20260216,21,9,40.0,40.0,41.25,2.75,4.0,0.0,77.07,1.5,3333.28,2026-02-23,On Time,SAP-Style Time
LAB-003298,20260216,22,305,40.0,40.0,40.5,4.5,5.0,0.0,102.23,1.5,4395.89,2026-02-22,On Time,SAP-Style Time
LAB-003299,20260216,23,323,40.0,40.0,34.5,5.5,0.0,0.0,85.0,1.5,2932.5,2026-02-23,On Time,SAP-Style Time
LAB-003300,20260216,24,671,40.0,40.0,35.75,4.25,0.0,0.0,81.27,1.5,2905.4,2026-02-23,On Time,SAP-Style Time
LAB-003301,20260216,25,9,40.0,40.0,44.25,2.5,6.75,0.0,102.16,1.0,4520.58,2026-02-22,On Time,SAP-Style Time
LAB-003302,20260216,26,653,40.0,40.0,34.5,5.5,0.0,0.0,85.79,1.5,2959.76,2026-02-23,On Time,SAP-Style Time
LAB-003303,20260216,27,448,40.0,40.0,33.0,7.0,0.0,0.0,104.52,1.5,3449.16,2026-02-23,On Time,SAP-Style Time
LAB-003304,20260216,28,9,40.0,40.0,44.0,3.25,7.25,0.0,82.53,1.5,3930.49,2026-02-24,On Time,SAP-Style Time
LAB-003305,20260216,29,955,40.0,40.0,35.5,4.5,0.0,0.0,79.3,1.5,2815.15,2026-02-22,On Time,Mobile Time Entry
LAB-003306,20260216,30,582,40.0,40.0,34.75,5.25,0.0,0.0,79.44,1.5,2760.54,2026-02-24,On Time,SAP-Style Time
LAB-003307,20260216,31,641,40.0,40.0,34.25,5.75,0.0,0.0,105.13,1.5,3600.7,2026-02-23,On Time,SAP-Style Time
LAB-003308,20260216,32,884,40.0,40.0,35.75,4.25,0.0,0.0,82.13,1.5,2936.15,2026-02-23,On Time,SAP-Style Time
LAB-003309,20260216,33,584,40.0,40.0,34.25,5.75,0.0,0.0,89.89,1.5,3078.73,2026-02-24,On Time,SAP-Style Time
LAB-003310,20260216,34,884,40.0,40.0,34.25,5.75,0.0,0.0,98.09,1.5,3359.58,2026-03-02,Late,Mobile Time Entry
LAB-003311,20260216,35,9,40.0,16.0,21.5,0.75,6.25,24.0,91.52,1.5,2253.68,2026-02-23,On Time,SAP-Style Time
LAB-003312,20260216,36,499,40.0,40.0,35.25,4.75,0.0,0.0,82.83,1.5,2919.76,2026-02-23,On Time,SAP-Style Time
LAB-003313,20260216,37,199,40.0,40.0,33.25,6.75,0.0,0.0,92.08,1.5,3061.66,2026-02-23,On Time,SAP-Style Time
LAB-003314,20260216,38,515,40.0,40.0,32.75,7.25,0.0,0.0,105.74,1.5,3462.98,2026-02-22,On Time,SAP-Style Time
LAB-003315,20260216,39,770,40.0,40.0,32.5,7.5,0.0,0.0,107.79,1.5,3503.18,2026-03-04,Late,SAP-Style Time
LAB-003316,20260216,40,805,40.0,40.0,37.5,5.25,2.75,0.0,103.71,1.5,4031.73,2026-02-24,On Time,SAP-Style Time
LAB-006411,20260216,41,229,16.0,16.0,13.25,2.75,0.0,0.0,108.71,1.5,1440.41,2026-02-23,On Time,Mobile Time Entry
LAB-003317,20260216,41,587,24.0,24.0,19.75,4.25,0.0,0.0,108.71,1.5,2147.02,2026-02-23,On Time,Mobile Time Entry
LAB-003318,20260216,42,1,40.0,36.0,40.75,4.0,8.75,4.0,149.01,1.0,6072.16,2026-02-23,On Time,Mobile Time Entry
LAB-003319,20260216,43,469,40.0,40.0,33.0,7.0,0.0,0.0,106.75,1.5,3522.75,2026-02-25,On Time,SAP-Style Time
LAB-003320,20260216,44,1,40.0,40.0,41.75,3.75,5.5,0.0,144.49,1.0,6032.46,2026-02-22,On Time,SAP-Style Time
LAB-003321,20260216,45,1,40.0,40.0,42.5,3.0,5.5,0.0,86.24,1.5,3902.36,2026-02-25,On Time,SAP-Style Time
LAB-003322,20260216,46,1,40.0,40.0,42.5,2.5,5.0,0.0,143.94,1.0,6117.45,2026-02-23,On Time,Manager Adjustment
LAB-003323,20260216,47,455,40.0,40.0,33.0,7.0,0.0,0.0,106.76,1.5,3523.08,2026-02-24,On Time,SAP-Style Time
LAB-003324,20260216,48,396,40.0,40.0,32.0,8.0,0.0,0.0,87.87,1.5,2811.84,2026-02-23,On Time,SAP-Style Time
LAB-003325,20260216,49,529,40.0,40.0,33.5,6.5,0.0,0.0,83.27,1.5,2789.55,2026-02-23,On Time,SAP-Style Time
LAB-003326,20260216,50,629,40.0,40.0,34.5,5.5,0.0,0.0,101.97,1.5,3517.97,2026-02-23,On Time,SAP-Style Time
LAB-003327,20260216,51,12,40.0,40.0,32.0,8.0,0.0,0.0,86.2,1.5,2758.4,2026-02-24,On Time,Manager Adjustment
LAB-003328,20260216,52,173,40.0,40.0,33.5,6.5,0.0,0.0,97.32,1.5,3260.22,2026-02-23,On Time,SAP-Style Time
LAB-003329,20260216,53,1,40.0,40.0,33.25,6.75,0.0,0.0,94.11,1.5,3129.16,2026-02-24,On Time,SAP-Style Time
LAB-003330,20260216,54,1,40.0,40.0,43.75,2.25,6.0,0.0,107.2,1.5,5011.6,2026-02-23,On Time,SAP-Style Time
LAB-003331,20260216,55,831,40.0,40.0,33.5,6.5,0.0,0.0,95.59,1.5,3202.27,2026-02-24,On Time,SAP-Style Time
LAB-003332,20260216,56,151,40.0,40.0,32.5,7.5,0.0,0.0,73.51,1.5,2389.08,2026-02-25,On Time,SAP-Style Time
LAB-003333,20260216,57,253,40.0,40.0,32.0,8.0,0.0,0.0,87.06,1.5,2785.92,2026-02-23,On Time,SAP-Style Time
LAB-003334,20260216,58,1,40.0,40.0,45.0,4.0,9.0,0.0,119.87,1.0,5394.15,2026-02-24,On Time,SAP-Style Time
LAB-003335,20260216,59,839,40.0,40.0,32.5,7.5,0.0,0.0,83.18,1.5,2703.35,2026-02-24,On Time,SAP-Style Time
LAB-003336,20260216,60,504,40.0,40.0,31.25,8.75,0.0,0.0,86.44,1.5,2701.25,2026-02-23,On Time,SAP-Style Time
LAB-003337,20260216,61,151,30.0,30.0,23.5,6.5,0.0,0.0,83.96,1.5,1973.06,2026-02-25,On Time,Mobile Time Entry
LAB-006365,20260216,61,715,10.0,10.0,7.75,2.25,0.0,0.0,83.96,1.5,650.69,2026-02-25,On Time,Mobile Time Entry
LAB-003338,20260216,62,128,40.0,40.0,31.5,8.5,0.0,0.0,73.28,1.5,2308.32,2026-02-23,On Time,SAP-Style Time
LAB-003339,20260216,63,1,40.0,40.0,43.0,3.75,6.75,0.0,122.98,1.0,5288.14,2026-02-22,On Time,SAP-Style Time
LAB-003340,20260216,64,339,40.0,16.0,12.75,3.25,0.0,24.0,84.9,1.5,1082.48,2026-02-23,On Time,SAP-Style Time
LAB-003341,20260216,65,170,28.0,28.0,21.5,6.5,0.0,0.0,72.42,1.5,1557.03,2026-02-24,On Time,SAP-Style Time
LAB-006410,20260216,65,205,12.0,12.0,9.25,2.75,0.0,0.0,72.42,1.5,669.89,2026-02-24,On Time,SAP-Style Time
LAB-003342,20260216,66,498,40.0,40.0,33.25,6.75,0.0,0.0,94.95,1.5,3157.09,2026-02-24,On Time,SAP-Style Time
LAB-003343,20260216,67,576,40.0,28.0,21.75,6.25,0.0,12.0,79.97,1.5,1739.35,2026-02-23,On Time,SAP-Style Time
LAB-003344,20260216,68,498,40.0,40.0,33.75,6.25,0.0,0.0,79.96,1.5,2698.65,2026-02-23,On Time,Mobile Time Entry
LAB-003345,20260216,69,199,40.0,40.0,30.5,9.5,0.0,0.0,92.5,1.5,2821.25,2026-02-22,On Time,SAP-Style Time
LAB-003346,20260216,70,522,40.0,40.0,30.75,9.25,0.0,0.0,79.17,1.5,2434.48,2026-02-24,On Time,SAP-Style Time
LAB-003347,20260216,71,891,40.0,40.0,32.0,8.0,0.0,0.0,84.44,1.5,2702.08,2026-02-24,On Time,SAP-Style Time
LAB-003348,20260216,72,1,40.0,40.0,45.25,3.25,8.5,0.0,107.82,1.0,4878.86,2026-02-23,On Time,SAP-Style Time
LAB-003349,20260216,73,651,40.0,40.0,32.0,8.0,0.0,0.0,85.94,1.5,2750.08,2026-02-24,On Time,SAP-Style Time
LAB-003350,20260216,74,930,40.0,40.0,32.0,8.0,0.0,0.0,74.38,1.5,2380.16,2026-02-23,On Time,Mobile Time Entry
LAB-003351,20260216,75,671,40.0,40.0,32.0,8.0,0.0,0.0,89.39,1.5,2860.48,2026-02-23,On Time,SAP-Style Time
LAB-003352,20260216,76,572,40.0,32.0,26.25,5.75,0.0,8.0,90.27,1.5,2369.59,2026-02-23,On Time,SAP-Style Time
LAB-003353,20260216,77,90,40.0,40.0,31.25,8.75,0.0,0.0,89.33,1.5,2791.56,2026-02-23,On Time,SAP-Style Time
LAB-003354,20260216,78,569,40.0,40.0,27.0,13.0,0.0,0.0,83.91,1.5,2265.57,2026-02-25,On Time,Manager Adjustment
LAB-003355,20260216,79,110,40.0,40.0,,13.0,0.0,0.0,70.65,1.5,,2026-02-24,On Time,SAP-Style Time
LAB-003356,20260216,81,60,30.0,30.0,20.5,9.5,0.0,0.0,87.64,1.5,1796.62,2026-02-23,On Time,SAP-Style Time
LAB-006392,20260216,81,455,10.0,10.0,7.0,3.0,0.0,0.0,87.64,1.5,613.48,2026-02-23,On Time,SAP-Style Time
LAB-003357,20260216,82,208,40.0,40.0,,13.0,0.0,0.0,68.13,1.5,,2026-02-23,On Time,SAP-Style Time
LAB-003358,20260216,83,137,40.0,40.0,27.0,13.0,0.0,0.0,73.3,1.5,1979.1,2026-02-23,On Time,SAP-Style Time
LAB-003359,20260216,84,292,40.0,40.0,27.25,12.75,0.0,0.0,71.25,1.5,1941.56,2026-02-28,Late,SAP-Style Time
LAB-003360,20260216,85,706,40.0,32.0,22.0,10.0,0.0,8.0,65.88,1.5,1449.36,2026-02-23,On Time,SAP-Style Time
LAB-003361,20260216,86,812,40.0,40.0,27.0,13.0,0.0,0.0,82.25,1.5,2220.75,2026-02-24,On Time,SAP-Style Time
LAB-003362,20260216,87,249,40.0,40.0,26.75,13.25,0.0,0.0,78.64,1.5,2103.62,2026-02-23,On Time,SAP-Style Time
LAB-003363,20260216,88,484,40.0,36.0,24.5,11.5,0.0,4.0,71.87,1.5,1760.82,2026-02-23,On Time,SAP-Style Time
LAB-003364,20260216,89,421,40.0,40.0,27.0,13.0,0.0,0.0,77.91,1.5,2103.57,2026-02-23,On Time,SAP-Style Time
LAB-003365,20260216,90,797,40.0,40.0,26.75,13.25,0.0,0.0,74.99,1.5,2005.98,2026-02-23,On Time,SAP-Style Time
LAB-003366,20260216,91,317,40.0,40.0,27.5,12.5,0.0,0.0,68.92,1.5,1895.3,2026-02-22,On Time,SAP-Style Time
LAB-003367,20260216,92,514,40.0,40.0,27.25,12.75,0.0,0.0,86.57,1.5,2359.03,2026-02-22,On Time,SAP-Style Time
LAB-003368,20260216,93,789,40.0,40.0,27.25,12.75,0.0,0.0,107.35,1.0,2925.29,2026-02-23,On Time,SAP-Style Time
LAB-003369,20260216,94,205,40.0,40.0,34.5,5.5,0.0,0.0,114.66,1.5,3955.77,2026-02-24,On Time,SAP-Style Time
LAB-003370,20260216,96,9,40.0,40.0,42.5,3.0,5.5,0.0,158.23,1.0,6724.78,2026-02-23,On Time,SAP-Style Time
LAB-003371,20260216,97,937,40.0,40.0,35.25,4.75,0.0,0.0,96.85,1.5,3413.96,2026-02-24,On Time,SAP-Style Time
LAB-003372,20260216,98,9,40.0,40.0,41.75,2.75,4.5,0.0,98.56,1.5,4336.64,2026-02-24,On Time,SAP-Style Time
LAB-003373,20260216,99,352,40.0,40.0,35.5,4.5,0.0,0.0,101.82,1.5,3614.61,2026-02-24,On Time,Mobile Time Entry
LAB-003374,20260216,100,616,40.0,40.0,35.0,5.0,0.0,0.0,92.09,1.5,3223.15,2026-02-23,On Time,SAP-Style Time
LAB-003375,20260216,101,358,40.0,32.0,27.75,4.25,0.0,8.0,114.75,1.5,3184.31,2026-02-23,On Time,SAP-Style Time
LAB-003376,20260216,102,169,40.0,40.0,35.0,5.0,0.0,0.0,91.58,1.5,3205.3,2026-02-24,On Time,SAP-Style Time
LAB-003377,20260216,103,725,40.0,40.0,35.5,4.5,0.0,0.0,109.51,1.5,3887.61,2026-02-22,On Time,SAP-Style Time
LAB-003378,20260216,104,9,40.0,36.0,41.25,2.5,7.75,4.0,116.26,1.0,4795.73,2026-02-23,On Time,SAP-Style Time
LAB-003379,20260216,105,9,40.0,40.0,41.25,3.25,4.5,0.0,104.84,1.5,4560.54,2026-02-25,On Time,SAP-Style Time
LAB-003380,20260216,106,439,40.0,40.0,33.25,6.75,0.0,0.0,100.92,1.5,3355.59,2026-02-22,On Time,SAP-Style Time
LAB-003381,20260216,107,49,40.0,40.0,35.25,4.75,0.0,0.0,127.16,1.0,4482.39,2026-02-22,On Time,SAP-Style Time
LAB-003382,20260216,108,698,40.0,40.0,33.75,6.25,0.0,0.0,104.5,1.5,3526.88,2026-02-24,On Time,SAP-Style Time
LAB-003383,20260216,109,780,40.0,40.0,34.25,5.75,0.0,0.0,122.66,1.0,4201.11,2026-02-23,On Time,SAP-Style Time
LAB-003384,20260216,110,548,40.0,40.0,35.0,5.0,0.0,0.0,144.93,1.0,5072.55,2026-02-24,On Time,SAP-Style Time
LAB-003385,20260216,111,567,40.0,40.0,38.25,4.75,3.0,0.0,106.37,1.5,4228.21,2026-02-23,On Time,SAP-Style Time
LAB-003386,20260216,112,415,40.0,40.0,35.5,4.5,0.0,0.0,93.17,1.5,3307.54,2026-02-24,On Time,SAP-Style Time
LAB-003387,20260216,113,989,40.0,40.0,34.25,5.75,0.0,0.0,97.98,1.5,3355.82,2026-02-23,On Time,SAP-Style Time
LAB-003388,20260216,114,283,40.0,40.0,29.0,11.0,0.0,0.0,97.72,1.5,2833.88,2026-02-23,On Time,SAP-Style Time
LAB-003389,20260216,115,300,40.0,40.0,30.75,10.75,1.5,0.0,89.67,1.5,2824.61,2026-02-24,On Time,SAP-Style Time
LAB-003390,20260216,116,877,40.0,40.0,32.25,10.25,2.5,0.0,131.09,1.0,4227.65,2026-02-24,On Time,SAP-Style Time
LAB-003391,20260216,118,117,40.0,36.0,27.25,8.75,0.0,4.0,123.33,1.0,3360.74,2026-02-22,On Time,SAP-Style Time
LAB-003392,20260216,119,669,40.0,40.0,29.5,10.5,0.0,0.0,98.99,1.5,2920.21,2026-02-22,On Time,SAP-Style Time
LAB-003393,20260216,120,542,40.0,40.0,30.25,9.75,0.0,0.0,79.77,1.5,2413.04,2026-02-24,On Time,SAP-Style Time
LAB-003394,20260223,1,49,40.0,40.0,33.75,6.25,0.0,0.0,100.39,1.5,3388.16,2026-03-03,On Time,Mobile Time Entry
LAB-003395,20260223,2,9,40.0,40.0,42.25,3.0,5.25,0.0,150.62,1.0,6363.7,2026-03-01,On Time,SAP-Style Time
LAB-003396,20260223,3,163,40.0,40.0,33.75,6.25,0.0,0.0,83.78,1.5,2827.58,2026-03-03,On Time,SAP-Style Time
LAB-003397,20260223,4,392,40.0,40.0,35.75,4.25,0.0,0.0,78.56,1.5,2808.52,2026-03-03,On Time,SAP-Style Time
LAB-003398,20260223,5,9,40.0,40.0,41.75,2.25,4.0,0.0,120.4,1.0,5026.7,2026-03-04,On Time,SAP-Style Time
LAB-003399,20260223,6,582,40.0,40.0,35.75,4.25,0.0,0.0,89.06,1.5,3183.9,2026-03-02,On Time,SAP-Style Time
LAB-003400,20260223,7,9,40.0,40.0,42.5,1.5,4.0,0.0,76.98,1.5,3425.61,2026-03-03,On Time,SAP-Style Time
LAB-003401,20260223,8,698,40.0,36.0,32.0,4.0,0.0,4.0,101.38,1.5,3244.16,2026-03-02,On Time,SAP-Style Time
LAB-003402,20260223,9,445,40.0,36.0,30.25,5.75,0.0,4.0,81.4,1.5,2462.35,2026-03-03,On Time,SAP-Style Time
LAB-003403,20260223,10,105,40.0,40.0,34.75,5.25,0.0,0.0,76.52,1.5,2659.07,2026-03-01,On Time,SAP-Style Time
LAB-003404,20260223,11,9,40.0,40.0,41.5,3.5,5.0,0.0,128.94,1.0,5351.01,2026-03-03,On Time,SAP-Style Time
LAB-003405,20260223,12,174,40.0,40.0,34.5,5.5,0.0,0.0,93.13,1.5,3212.98,2026-03-02,On Time,SAP-Style Time
LAB-003406,20260223,13,201,40.0,40.0,34.5,5.5,0.0,0.0,82.59,1.5,2849.36,2026-03-02,On Time,SAP-Style Time
LAB-003407,20260223,14,9,40.0,40.0,45.25,2.0,7.25,0.0,100.38,1.5,4906.07,2026-03-02,On Time,SAP-Style Time
LAB-003408,20260223,15,672,40.0,40.0,35.25,4.75,0.0,0.0,98.87,1.5,3485.17,2026-03-04,On Time,SAP-Style Time
LAB-003409,20260223,16,62,40.0,40.0,35.0,5.0,0.0,0.0,100.34,1.5,3511.9,2026-03-01,On Time,Mobile Time Entry
LAB-003410,20260223,17,640,28.0,28.0,25.75,2.25,0.0,0.0,88.53,1.5,2279.65,2026-03-01,On Time,SAP-Style Time
LAB-006363,20260223,17,725,12.0,12.0,11.0,1.0,0.0,0.0,88.53,1.5,973.83,2026-03-01,On Time,SAP-Style Time
LAB-003411,20260223,18,657,40.0,40.0,35.0,5.0,0.0,0.0,89.32,1.5,3126.2,2026-03-04,On Time,SAP-Style Time
LAB-003412,20260223,19,472,40.0,40.0,35.75,4.25,0.0,0.0,91.26,1.5,3262.55,2026-03-01,On Time,SAP-Style Time
LAB-003413,20260223,20,412,40.0,40.0,34.5,5.5,0.0,0.0,77.3,1.5,2666.85,2026-03-02,On Time,SAP-Style Time
LAB-003414,20260223,21,9,40.0,40.0,44.5,1.75,6.25,0.0,77.07,1.5,3670.46,2026-03-03,On Time,SAP-Style Time
LAB-003415,20260223,22,196,40.0,40.0,35.5,4.5,0.0,0.0,102.23,1.5,3629.17,2026-03-01,On Time,SAP-Style Time
LAB-003416,20260223,23,323,40.0,40.0,35.0,5.0,0.0,0.0,85.0,1.5,2975.0,2026-03-02,On Time,SAP-Style Time
LAB-003417,20260223,24,874,40.0,24.0,21.25,2.75,0.0,16.0,81.27,1.5,1726.99,2026-03-04,On Time,SAP-Style Time
LAB-003418,20260223,25,9,40.0,40.0,41.75,3.0,4.75,0.0,102.16,1.0,4265.18,2026-03-03,On Time,SAP-Style Time
LAB-003419,20260223,26,768,40.0,32.0,27.75,4.25,0.0,8.0,85.79,1.5,2380.67,2026-03-01,On Time,SAP-Style Time
LAB-003420,20260223,27,491,40.0,28.0,23.5,4.5,0.0,12.0,104.52,1.5,2456.22,2026-03-04,On Time,SAP-Style Time
LAB-003421,20260223,28,9,40.0,40.0,44.5,3.0,7.5,0.0,82.53,1.5,3982.07,2026-03-02,On Time,Mobile Time Entry
LAB-003422,20260223,29,641,40.0,40.0,35.75,4.25,0.0,0.0,79.3,1.5,2834.98,2026-03-02,On Time,SAP-Style Time
LAB-003423,20260223,30,950,40.0,40.0,35.0,5.0,0.0,0.0,79.44,1.5,2780.4,2026-03-03,On Time,SAP-Style Time
LAB-003424,20260223,31,916,40.0,40.0,40.25,5.5,5.75,0.0,105.13,1.5,4533.73,2026-03-02,On Time,SAP-Style Time
LAB-003425,20260223,32,400,40.0,40.0,37.0,4.25,1.25,0.0,82.13,1.5,3090.14,2026-03-03,On Time,SAP-Style Time
LAB-003426,20260223,33,133,40.0,40.0,34.75,5.25,0.0,0.0,89.89,1.5,3123.68,2026-03-03,On Time,SAP-Style Time
LAB-003427,20260223,34,978,40.0,40.0,34.0,6.0,0.0,0.0,98.09,1.5,3335.06,2026-03-02,On Time,SAP-Style Time
LAB-003428,20260223,35,9,40.0,40.0,44.75,2.0,6.75,0.0,91.52,1.5,4404.4,2026-03-01,On Time,SAP-Style Time
LAB-003429,20260223,36,821,40.0,40.0,35.0,5.0,0.0,0.0,82.83,1.5,2899.05,2026-03-02,On Time,SAP-Style Time
LAB-003430,20260223,37,658,40.0,40.0,34.0,6.0,0.0,0.0,92.08,1.5,3130.72,2026-03-02,On Time,SAP-Style Time
LAB-006402,20260223,38,189,16.0,14.5,11.75,2.75,0.0,1.5,105.74,1.5,1242.45,2026-03-09,Late,SAP-Style Time
LAB-003431,20260223,38,290,24.0,21.5,17.5,4.0,0.0,2.5,105.74,1.5,1850.45,2026-03-09,Late,SAP-Style Time
LAB-003432,20260223,39,624,40.0,40.0,33.0,7.0,0.0,0.0,107.79,1.5,3557.07,2026-03-03,On Time,SAP-Style Time
LAB-003433,20260223,40,607,40.0,40.0,35.0,6.0,1.0,0.0,103.71,1.5,3681.71,2026-03-02,On Time,SAP-Style Time
LAB-003434,20260223,41,121,40.0,40.0,33.0,7.0,0.0,0.0,108.71,1.5,3587.43,2026-03-01,On Time,SAP-Style Time
LAB-003435,20260223,42,1,40.0,36.0,42.5,3.25,9.75,4.0,149.01,1.0,6332.92,2026-03-01,On Time,SAP-Style Time
LAB-003436,20260223,43,334,40.0,40.0,33.5,6.5,0.0,0.0,106.75,1.5,3576.13,2026-03-01,On Time,SAP-Style Time
LAB-003437,20260223,44,1,40.0,40.0,46.25,3.0,9.25,0.0,144.49,1.0,6682.66,2026-03-09,Late,SAP-Style Time
LAB-003438,20260223,45,1,40.0,40.0,45.5,3.0,8.5,0.0,86.24,1.5,4290.44,2026-03-03,On Time,SAP-Style Time
LAB-003439,20260223,46,1,40.0,40.0,42.5,2.75,5.25,0.0,143.94,1.0,6117.45,2026-03-11,Late,SAP-Style Time
LAB-003440,20260223,47,443,40.0,40.0,33.0,7.0,0.0,0.0,106.76,1.5,3523.08,2026-03-02,On Time,SAP-Style Time
LAB-003441,20260223,48,748,40.0,40.0,32.0,8.0,0.0,0.0,87.87,1.5,2811.84,2026-03-01,On Time,SAP-Style Time
LAB-003442,20260223,49,50,40.0,40.0,33.0,7.0,0.0,0.0,83.27,1.5,2747.91,2026-03-02,On Time,SAP-Style Time
LAB-003443,20260223,50,267,40.0,36.0,30.5,5.5,0.0,4.0,101.97,1.5,3110.09,2026-03-02,On Time,SAP-Style Time
LAB-003444,20260223,51,527,40.0,40.0,32.25,7.75,0.0,0.0,86.2,1.5,2779.95,2026-03-02,On Time,SAP-Style Time
LAB-003445,20260223,52,189,40.0,40.0,33.25,6.75,0.0,0.0,97.32,1.5,3235.89,2026-03-03,On Time,SAP-Style Time
LAB-003446,20260223,53,485,40.0,40.0,33.0,7.0,0.0,0.0,94.11,1.5,3105.63,2026-03-03,On Time,SAP-Style Time
LAB-003447,20260223,54,1,40.0,40.0,40.5,3.75,4.25,0.0,107.2,1.5,4569.4,2026-03-01,On Time,SAP-Style Time
LAB-003448,20260223,55,189,40.0,40.0,32.5,7.5,0.0,0.0,95.59,1.5,3106.68,2026-03-01,On Time,SAP-Style Time
LAB-003449,20260223,56,695,40.0,40.0,32.0,8.0,0.0,0.0,73.51,1.5,2352.32,2026-03-03,On Time,SAP-Style Time
LAB-003450,20260223,57,92,40.0,36.0,29.0,7.0,0.0,4.0,87.06,1.5,2524.74,2026-03-01,On Time,SAP-Style Time
LAB-003451,20260223,58,1,40.0,40.0,42.0,2.25,4.25,0.0,119.87,1.0,5034.54,2026-03-02,On Time,SAP-Style Time
LAB-003452,20260223,59,472,40.0,40.0,32.5,7.5,0.0,0.0,83.18,1.5,2703.35,2026-03-09,Late,SAP-Style Time
LAB-003453,20260223,60,214,40.0,40.0,35.25,8.75,4.0,0.0,86.44,1.5,3219.89,2026-03-08,Late,SAP-Style Time
LAB-003454,20260223,61,855,40.0,40.0,30.75,9.25,0.0,0.0,83.96,1.5,2581.77,2026-03-02,On Time,SAP-Style Time
LAB-003455,20260223,62,725,40.0,40.0,31.5,8.5,0.0,0.0,73.28,1.5,2308.32,2026-03-01,On Time,SAP-Style Time
LAB-003456,20260223,63,1,40.0,28.0,33.0,2.5,7.5,12.0,122.98,1.0,4058.34,2026-03-02,On Time,SAP-Style Time
LAB-003457,20260223,64,401,40.0,40.0,32.25,7.75,0.0,0.0,84.9,1.5,2738.03,2026-03-03,On Time,SAP-Style Time
LAB-003458,20260223,65,824,40.0,40.0,30.75,9.25,0.0,0.0,72.42,1.5,2226.92,2026-03-01,On Time,SAP-Style Time
LAB-003459,20260223,66,396,40.0,28.0,23.5,4.5,0.0,12.0,94.95,1.5,2231.33,2026-03-04,On Time,SAP-Style Time
LAB-003460,20260223,67,716,40.0,40.0,31.5,8.5,0.0,0.0,79.97,1.5,2519.06,2026-03-03,On Time,SAP-Style Time
LAB-003461,20260223,68,874,40.0,28.0,23.25,4.75,0.0,12.0,79.96,1.5,1859.07,2026-03-01,On Time,SAP-Style Time
LAB-003462,20260223,69,881,40.0,40.0,31.5,8.5,0.0,0.0,92.5,1.5,2913.75,2026-03-01,On Time,Manager Adjustment
LAB-003463,20260223,70,147,40.0,40.0,31.25,8.75,0.0,0.0,79.17,1.5,2474.06,2026-03-02,On Time,SAP-Style Time
LAB-003464,20260223,71,751,40.0,28.0,22.5,5.5,0.0,12.0,84.44,1.5,1899.9,2026-03-02,On Time,SAP-Style Time
LAB-003465,20260223,72,1,40.0,40.0,41.25,4.25,5.5,0.0,107.82,1.0,4447.58,2026-03-02,On Time,SAP-Style Time
LAB-003466,20260223,73,469,40.0,32.0,25.75,6.25,0.0,8.0,85.94,1.5,2212.96,2026-03-02,On Time,SAP-Style Time
LAB-003467,20260223,74,503,40.0,40.0,32.0,8.0,0.0,0.0,74.38,1.5,2380.16,2026-03-01,On Time,SAP-Style Time
LAB-003468,20260223,75,739,40.0,40.0,31.5,8.5,0.0,0.0,89.39,1.5,2815.79,2026-03-01,On Time,SAP-Style Time
LAB-003469,20260223,76,452,40.0,40.0,33.25,6.75,0.0,0.0,90.27,1.5,3001.48,2026-03-03,On Time,SAP-Style Time
LAB-003470,20260223,77,490,28.0,28.0,22.0,6.0,0.0,0.0,89.33,1.5,1965.26,2026-03-02,On Time,SAP-Style Time
LAB-006384,20260223,77,535,12.0,12.0,9.5,2.5,0.0,0.0,89.33,1.5,848.64,2026-03-02,On Time,SAP-Style Time
LAB-003471,20260223,78,489,40.0,40.0,27.25,12.75,0.0,0.0,83.91,1.5,2286.55,2026-03-02,On Time,SAP-Style Time
LAB-003472,20260223,79,658,40.0,36.0,24.25,11.75,0.0,4.0,70.65,1.5,1713.26,2026-03-01,On Time,SAP-Style Time
LAB-003473,20260223,81,591,40.0,36.0,24.25,11.75,0.0,4.0,87.64,1.5,2125.27,2026-03-02,On Time,SAP-Style Time
LAB-003474,20260223,82,716,40.0,40.0,27.0,13.0,0.0,0.0,68.13,1.5,1839.51,2026-03-02,On Time,SAP-Style Time
LAB-003475,20260223,83,607,40.0,40.0,27.25,12.75,0.0,0.0,73.3,1.5,1997.43,2026-03-01,On Time,SAP-Style Time
LAB-003476,20260223,84,412,40.0,40.0,27.0,13.0,0.0,0.0,71.25,1.5,1923.75,2026-03-02,On Time,SAP-Style Time
LAB-003477,20260223,85,181,40.0,40.0,27.0,13.0,0.0,0.0,65.88,1.5,1778.76,2026-03-02,On Time,SAP-Style Time
LAB-003478,20260223,86,362,40.0,40.0,27.0,13.0,0.0,0.0,82.25,1.5,2220.75,2026-03-02,On Time,SAP-Style Time
LAB-003479,20260223,87,160,40.0,40.0,27.0,13.0,0.0,0.0,78.64,1.5,2123.28,2026-03-03,On Time,SAP-Style Time
LAB-003480,20260223,88,236,40.0,40.0,27.0,13.0,0.0,0.0,71.87,1.5,1940.49,2026-03-02,On Time,SAP-Style Time
LAB-003481,20260223,89,673,40.0,40.0,27.25,12.75,0.0,0.0,77.91,1.5,2123.05,2026-03-03,On Time,SAP-Style Time
LAB-003482,20260223,90,47,40.0,40.0,27.25,12.75,0.0,0.0,74.99,1.5,2043.48,2026-03-02,On Time,SAP-Style Time
LAB-003483,20260223,91,125,40.0,28.0,19.0,9.0,0.0,12.0,68.92,1.5,1309.48,2026-03-02,On Time,Mobile Time Entry
LAB-003484,20260223,92,251,40.0,40.0,27.0,13.0,0.0,0.0,86.57,1.5,2337.39,2026-03-03,On Time,SAP-Style Time
LAB-003485,20260223,93,962,40.0,36.0,24.5,11.5,0.0,4.0,107.35,1.0,2630.08,2026-03-03,On Time,SAP-Style Time
LAB-003486,20260223,94,45,40.0,40.0,34.25,5.75,0.0,0.0,114.66,1.5,3927.11,2026-03-03,On Time,SAP-Style Time
LAB-003487,20260223,96,9,40.0,40.0,43.5,3.0,6.5,0.0,158.23,1.0,6883.0,2026-03-01,On Time,SAP-Style Time
LAB-006344,20260223,97,725,10.0,8.0,7.0,1.0,0.0,2.0,96.85,1.5,677.95,2026-03-02,On Time,SAP-Style Time
LAB-003488,20260223,97,789,30.0,24.0,21.25,2.75,0.0,6.0,96.85,1.5,2058.06,2026-03-02,On Time,SAP-Style Time
LAB-003489,20260223,98,9,40.0,40.0,42.5,1.5,4.0,0.0,98.56,1.5,4385.92,2026-03-02,On Time,SAP-Style Time
LAB-003490,20260223,99,766,40.0,40.0,35.75,4.25,0.0,0.0,101.82,1.5,3640.06,2026-03-02,On Time,SAP-Style Time
LAB-003491,20260223,100,67,40.0,40.0,35.5,4.5,0.0,0.0,92.09,1.5,3269.2,2026-03-01,On Time,SAP-Style Time
LAB-003492,20260223,101,205,40.0,32.0,28.25,3.75,0.0,8.0,114.75,1.5,3241.69,2026-03-03,On Time,SAP-Style Time
LAB-003493,20260223,102,469,40.0,40.0,34.75,5.25,0.0,0.0,91.58,1.5,3182.4,2026-03-04,On Time,SAP-Style Time
LAB-003494,20260223,103,199,40.0,40.0,35.75,4.25,0.0,0.0,109.51,1.5,3914.98,2026-03-02,On Time,SAP-Style Time
LAB-003495,20260223,104,9,40.0,40.0,40.5,3.25,3.75,0.0,116.26,1.0,4708.53,2026-03-02,On Time,SAP-Style Time
LAB-003496,20260223,105,9,40.0,40.0,42.0,2.25,4.25,0.0,104.84,1.5,4626.07,2026-03-02,On Time,SAP-Style Time
LAB-003497,20260223,106,156,40.0,36.0,32.75,5.5,2.25,4.0,100.92,1.5,3418.67,2026-03-07,Late,SAP-Style Time
LAB-003498,20260223,107,581,40.0,40.0,34.75,5.25,0.0,0.0,127.16,1.0,4418.81,2026-03-03,On Time,SAP-Style Time
LAB-003499,20260223,108,84,40.0,40.0,39.0,7.0,6.0,0.0,104.5,1.5,4389.0,2026-03-03,On Time,SAP-Style Time
LAB-003500,20260223,109,865,40.0,40.0,34.25,5.75,0.0,0.0,122.66,1.0,4201.11,2026-03-02,On Time,SAP-Style Time
LAB-003501,20260223,110,290,30.0,30.0,26.0,4.0,0.0,0.0,144.93,1.0,3768.18,2026-03-07,Late,Mobile Time Entry
LAB-006373,20260223,110,956,10.0,10.0,8.5,1.5,0.0,0.0,144.93,1.0,1231.91,2026-03-07,Late,Mobile Time Entry
LAB-003502,20260223,111,428,40.0,40.0,34.75,5.25,0.0,0.0,106.37,1.5,3696.36,2026-03-02,On Time,SAP-Style Time
LAB-003503,20260223,112,264,40.0,40.0,34.75,5.25,0.0,0.0,93.17,1.5,3237.66,2026-03-01,On Time,Mobile Time Entry
LAB-003504,20260223,113,639,40.0,40.0,33.75,6.25,0.0,0.0,97.98,1.5,3306.83,2026-03-02,On Time,SAP-Style Time
LAB-003505,20260223,114,15,40.0,40.0,29.25,10.75,0.0,0.0,97.72,1.5,2858.31,2026-03-01,On Time,SAP-Style Time
LAB-003506,20260223,115,924,40.0,40.0,29.5,10.5,0.0,0.0,89.67,1.5,2645.27,2026-03-02,On Time,SAP-Style Time
LAB-003507,20260223,116,888,40.0,32.0,24.5,7.5,0.0,8.0,131.09,1.0,3211.71,2026-03-03,On Time,Mobile Time Entry
LAB-003508,20260223,118,114,40.0,40.0,30.0,10.0,0.0,0.0,123.33,1.0,3699.9,2026-03-02,On Time,SAP-Style Time
LAB-003509,20260223,119,774,40.0,40.0,29.75,10.25,0.0,0.0,98.99,1.5,2944.95,2026-03-03,On Time,SAP-Style Time
LAB-003510,20260223,120,342,40.0,40.0,30.25,9.75,0.0,0.0,79.77,1.5,2413.04,2026-03-02,On Time,SAP-Style Time
LAB-003511,20260302,1,15,40.0,32.0,26.75,5.25,0.0,8.0,100.39,1.5,2685.43,2026-03-08,On Time,SAP-Style Time
LAB-003512,20260302,2,9,40.0,40.0,41.25,3.0,4.25,0.0,150.62,1.0,6213.08,2026-03-09,On Time,SAP-Style Time
LAB-003513,20260302,3,518,40.0,40.0,34.5,5.5,0.0,0.0,83.78,1.5,2890.41,2026-03-09,On Time,Mobile Time Entry
LAB-003514,20260302,4,843,40.0,40.0,35.75,4.25,0.0,0.0,78.56,1.5,2808.52,2026-03-10,On Time,Mobile Time Entry
LAB-003515,20260302,5,9,40.0,40.0,41.0,3.0,4.0,0.0,120.4,1.0,4936.4,2026-03-09,On Time,SAP-Style Time
LAB-003516,20260302,6,518,40.0,40.0,35.75,4.25,0.0,0.0,89.06,1.5,3183.9,2026-03-09,On Time,SAP-Style Time
LAB-003517,20260302,7,9,40.0,40.0,44.75,2.75,7.5,0.0,76.98,1.5,3733.53,2026-03-09,On Time,SAP-Style Time
LAB-003518,20260302,8,343,40.0,40.0,35.0,5.0,0.0,0.0,101.38,1.5,3548.3,2026-03-10,On Time,SAP-Style Time
LAB-003519,20260302,9,947,40.0,40.0,34.25,5.75,0.0,0.0,81.4,1.5,2787.95,2026-03-09,On Time,Mobile Time Entry
LAB-003520,20260302,10,560,40.0,40.0,34.75,5.25,0.0,0.0,76.52,1.5,2659.07,2026-03-11,On Time,Mobile Time Entry
LAB-003521,20260302,11,9,40.0,40.0,43.5,2.5,6.0,0.0,128.94,1.0,5608.89,2026-03-09,On Time,SAP-Style Time
LAB-003522,20260302,12,665,40.0,40.0,34.75,5.25,0.0,0.0,93.13,1.5,3236.27,2026-03-08,On Time,SAP-Style Time
LAB-003523,20260302,13,479,40.0,40.0,33.75,6.25,0.0,0.0,82.59,1.5,2787.41,2026-03-11,On Time,SAP-Style Time
LAB-003524,20260302,14,9,40.0,40.0,41.75,2.25,4.0,0.0,100.38,1.5,4391.63,2026-03-11,On Time,SAP-Style Time
LAB-003525,20260302,15,993,40.0,40.0,35.25,4.75,0.0,0.0,98.87,1.5,3485.17,2026-03-09,On Time,SAP-Style Time
LAB-003526,20260302,16,761,40.0,40.0,35.0,5.0,0.0,0.0,100.34,1.5,3511.9,2026-03-10,On Time,SAP-Style Time
LAB-003527,20260302,17,131,40.0,40.0,36.75,3.25,0.0,0.0,88.53,1.5,3253.48,2026-03-08,On Time,Mobile Time Entry
LAB-003528,20260302,18,245,40.0,36.0,31.75,4.25,0.0,4.0,89.32,1.5,2835.91,2026-03-10,On Time,SAP-Style Time
LAB-003529,20260302,19,52,40.0,40.0,35.25,4.75,0.0,0.0,91.26,1.5,3216.92,2026-03-08,On Time,SAP-Style Time
LAB-003530,20260302,20,421,40.0,40.0,34.75,5.25,0.0,0.0,77.3,1.5,2686.17,2026-03-10,On Time,SAP-Style Time
LAB-003531,20260302,21,9,40.0,40.0,43.75,3.25,7.0,0.0,77.07,1.5,3641.56,2026-03-09,On Time,SAP-Style Time
LAB-003532,20260302,22,985,40.0,40.0,35.25,4.75,0.0,0.0,102.23,1.5,3603.61,2026-03-10,On Time,SAP-Style Time
LAB-003533,20260302,23,841,40.0,40.0,35.25,4.75,0.0,0.0,85.0,1.5,2996.25,2026-03-09,On Time,Mobile Time Entry
LAB-003534,20260302,24,900,40.0,40.0,35.5,4.5,0.0,0.0,81.27,1.5,2885.09,2026-03-11,On Time,SAP-Style Time
LAB-003535,20260302,25,9,40.0,40.0,45.0,3.25,8.25,0.0,102.16,1.0,4597.2,2026-03-10,On Time,SAP-Style Time
LAB-003536,20260302,26,902,40.0,40.0,35.5,4.5,0.0,0.0,85.79,1.5,3045.55,2026-03-09,On Time,SAP-Style Time
LAB-003537,20260302,27,400,40.0,40.0,34.5,5.5,0.0,0.0,104.52,1.5,3605.94,2026-03-09,On Time,Mobile Time Entry
LAB-003538,20260302,28,9,40.0,40.0,41.0,3.25,4.25,0.0,82.53,1.5,3559.11,2026-03-09,On Time,SAP-Style Time
LAB-003539,20260302,29,666,40.0,40.0,35.25,4.75,0.0,0.0,79.3,1.5,2795.33,2026-03-09,On Time,SAP-Style Time
LAB-003540,20260302,30,300,40.0,40.0,34.5,5.5,0.0,0.0,79.44,1.5,2740.68,2026-03-10,On Time,SAP-Style Time
LAB-003541,20260302,31,445,40.0,28.0,24.25,3.75,0.0,12.0,105.13,1.5,2549.4,2026-03-10,On Time,Mobile Time Entry
LAB-003542,20260302,32,798,40.0,36.0,31.5,4.5,0.0,4.0,82.13,1.5,2587.1,2026-03-08,On Time,SAP-Style Time
LAB-003543,20260302,33,930,40.0,40.0,34.75,5.25,0.0,0.0,89.89,1.5,3123.68,2026-03-09,On Time,SAP-Style Time
LAB-003544,20260302,34,783,40.0,40.0,34.5,5.5,0.0,0.0,98.09,1.5,3384.11,2026-03-10,On Time,SAP-Style Time
LAB-003545,20260302,35,9,40.0,40.0,41.0,3.25,4.25,0.0,91.52,1.5,3946.8,2026-03-10,On Time,SAP-Style Time
LAB-003546,20260302,36,284,40.0,40.0,34.5,5.5,0.0,0.0,82.83,1.5,2857.63,2026-03-11,On Time,Mobile Time Entry
LAB-003547,20260302,37,94,40.0,40.0,34.0,6.0,0.0,0.0,92.08,1.5,3130.72,2026-03-08,On Time,SAP-Style Time
LAB-003548,20260302,38,529,40.0,40.0,32.75,7.25,0.0,0.0,105.74,1.5,3462.98,2026-03-10,On Time,SAP-Style Time
LAB-003549,20260302,39,264,40.0,40.0,33.25,6.75,0.0,0.0,107.79,1.5,3584.02,2026-03-09,On Time,Mobile Time Entry
LAB-003550,20260302,40,80,40.0,40.0,33.25,6.75,0.0,0.0,103.71,1.5,3448.36,2026-03-10,On Time,SAP-Style Time
LAB-003551,20260302,41,519,40.0,40.0,33.0,7.0,0.0,0.0,108.71,1.5,3587.43,2026-03-10,On Time,SAP-Style Time
LAB-003552,20260302,42,1,40.0,40.0,41.75,3.0,4.75,0.0,149.01,1.0,6221.17,2026-03-09,On Time,SAP-Style Time
LAB-003553,20260302,43,728,40.0,40.0,33.25,6.75,0.0,0.0,106.75,1.5,3549.44,2026-03-09,On Time,SAP-Style Time
LAB-003554,20260302,44,1,40.0,24.0,31.0,2.75,9.75,16.0,144.49,1.0,4479.19,2026-03-11,On Time,SAP-Style Time
LAB-003555,20260302,45,1,40.0,40.0,46.0,3.25,9.25,0.0,86.24,1.5,4365.9,2026-03-10,On Time,SAP-Style Time
LAB-003556,20260302,46,1,40.0,40.0,42.0,3.75,5.75,0.0,143.94,1.0,6045.48,2026-03-10,On Time,SAP-Style Time
LAB-003557,20260302,47,526,40.0,40.0,33.25,6.75,0.0,0.0,106.76,1.5,3549.77,2026-03-10,On Time,SAP-Style Time
LAB-003558,20260302,48,243,40.0,40.0,32.5,7.5,0.0,0.0,87.87,1.5,2855.78,2026-03-10,On Time,SAP-Style Time
LAB-003559,20260302,49,596,40.0,40.0,33.75,6.25,0.0,0.0,83.27,1.5,2810.36,2026-03-09,On Time,SAP-Style Time
LAB-003560,20260302,50,579,40.0,40.0,33.0,7.0,0.0,0.0,101.97,1.5,3365.01,2026-03-10,On Time,SAP-Style Time
LAB-003561,20260302,51,712,40.0,40.0,32.25,7.75,0.0,0.0,86.2,1.5,2779.95,2026-03-10,On Time,SAP-Style Time
LAB-003562,20260302,52,462,24.0,24.0,20.25,3.75,0.0,0.0,97.32,1.5,1970.73,2026-03-09,On Time,SAP-Style Time
LAB-006370,20260302,52,536,16.0,16.0,13.5,2.5,0.0,0.0,97.32,1.5,1313.82,2026-03-09,On Time,SAP-Style Time
LAB-003563,20260302,53,270,40.0,40.0,33.5,6.5,0.0,0.0,94.11,1.5,3152.69,2026-03-10,On Time,SAP-Style Time
LAB-003564,20260302,54,1,40.0,24.0,27.0,2.25,5.25,16.0,107.2,1.5,3175.8,2026-03-11,On Time,SAP-Style Time
LAB-003565,20260302,55,34,40.0,40.0,32.75,7.25,0.0,0.0,95.59,1.5,3130.57,2026-03-08,On Time,SAP-Style Time
LAB-003566,20260302,56,865,40.0,40.0,32.0,8.0,0.0,0.0,73.51,1.5,2352.32,2026-03-09,On Time,SAP-Style Time
LAB-003567,20260302,57,270,40.0,40.0,31.5,8.5,0.0,0.0,87.06,1.5,2742.39,2026-03-10,On Time,SAP-Style Time
LAB-003568,20260302,58,1,40.0,36.0,38.25,2.0,4.25,4.0,119.87,1.0,4585.03,2026-03-11,On Time,SAP-Style Time
LAB-003569,20260302,59,999,40.0,40.0,32.0,8.0,0.0,0.0,83.18,1.5,2661.76,2026-03-09,On Time,SAP-Style Time
LAB-003570,20260302,60,740,40.0,40.0,31.5,8.5,0.0,0.0,86.44,1.5,2722.86,2026-03-09,On Time,SAP-Style Time
LAB-003571,20260302,61,919,40.0,28.0,21.25,6.75,0.0,12.0,83.96,1.5,1784.15,2026-03-09,On Time,SAP-Style Time
LAB-003572,20260302,62,274,40.0,16.0,13.0,3.0,0.0,24.0,73.28,1.5,952.64,2026-03-09,On Time,SAP-Style Time
LAB-003573,20260302,63,1,40.0,40.0,42.0,2.5,4.5,0.0,122.98,1.0,5165.16,2026-03-09,On Time,SAP-Style Time
LAB-003574,20260302,64,955,40.0,40.0,32.5,7.5,0.0,0.0,84.9,1.5,2759.25,2026-03-10,On Time,SAP-Style Time
LAB-003575,20260302,65,8,40.0,16.0,12.5,3.5,0.0,24.0,72.42,1.5,905.25,2026-03-09,On Time,SAP-Style Time
LAB-003576,20260302,66,13,40.0,40.0,33.5,6.5,0.0,0.0,94.95,1.5,3180.83,2026-03-10,On Time,SAP-Style Time
LAB-003577,20260302,67,980,40.0,40.0,31.75,8.25,0.0,0.0,79.97,1.5,2539.05,2026-03-09,On Time,SAP-Style Time
LAB-003578,20260302,68,298,40.0,40.0,33.25,6.75,0.0,0.0,79.96,1.5,2658.67,2026-03-10,On Time,Mobile Time Entry
LAB-003579,20260302,69,813,40.0,40.0,31.75,8.25,0.0,0.0,92.5,1.5,2936.88,2026-03-09,On Time,Mobile Time Entry
LAB-003580,20260302,70,89,40.0,40.0,31.25,8.75,0.0,0.0,79.17,1.5,2474.06,2026-03-09,On Time,SAP-Style Time
LAB-003581,20260302,71,912,40.0,40.0,32.5,7.5,0.0,0.0,84.44,1.5,2744.3,2026-03-09,On Time,SAP-Style Time
LAB-003582,20260302,72,1,40.0,40.0,43.5,3.25,6.75,0.0,107.82,1.0,4690.17,2026-03-09,On Time,SAP-Style Time
LAB-003583,20260302,73,278,40.0,40.0,32.0,8.0,0.0,0.0,85.94,1.5,2750.08,2026-03-08,On Time,SAP-Style Time
LAB-003584,20260302,74,82,40.0,40.0,31.5,8.5,0.0,0.0,74.38,1.5,2342.97,2026-03-10,On Time,SAP-Style Time
LAB-003585,20260302,75,160,40.0,28.0,22.25,5.75,0.0,12.0,89.39,1.5,1988.93,2026-03-10,On Time,SAP-Style Time
LAB-003586,20260302,76,730,40.0,40.0,33.0,7.0,0.0,0.0,90.27,1.5,2978.91,2026-03-10,On Time,SAP-Style Time
LAB-003587,20260302,77,892,40.0,32.0,25.25,6.75,0.0,8.0,89.33,1.5,2255.58,2026-03-09,On Time,Mobile Time Entry
LAB-003588,20260302,78,160,40.0,40.0,27.25,12.75,0.0,0.0,83.91,1.5,2286.55,2026-03-09,On Time,SAP-Style Time
LAB-003589,20260302,79,39,40.0,40.0,27.25,12.75,0.0,0.0,70.65,1.5,1925.21,2026-03-08,On Time,SAP-Style Time
LAB-003590,20260302,81,920,40.0,40.0,27.25,12.75,0.0,0.0,87.64,1.5,2388.19,2026-03-08,On Time,SAP-Style Time
LAB-006322,20260302,82,554,10.0,8.0,5.5,2.5,0.0,2.0,68.13,1.5,374.72,2026-03-10,On Time,SAP-Style Time
LAB-003591,20260302,82,851,30.0,24.0,16.0,8.0,0.0,6.0,68.13,1.5,1090.08,2026-03-10,On Time,SAP-Style Time
LAB-003592,20260302,83,31,40.0,40.0,27.25,12.75,0.0,0.0,73.3,1.5,1997.43,2026-03-08,On Time,Mobile Time Entry
LAB-003593,20260302,84,23,40.0,40.0,27.0,13.0,0.0,0.0,71.25,1.5,1923.75,2026-03-09,On Time,SAP-Style Time
LAB-003594,20260302,85,112,40.0,40.0,28.5,12.75,1.25,0.0,65.88,1.5,1918.75,2026-03-09,On Time,SAP-Style Time
LAB-003595,20260302,86,699,40.0,36.0,24.5,11.5,0.0,4.0,82.25,1.5,2015.13,2026-03-08,On Time,SAP-Style Time
LAB-003596,20260302,87,775,40.0,24.0,16.25,7.75,0.0,16.0,78.64,1.5,1277.9,2026-03-10,On Time,SAP-Style Time
LAB-003597,20260302,88,776,40.0,40.0,27.5,12.5,0.0,0.0,71.87,1.5,1976.43,2026-03-09,On Time,SAP-Style Time
LAB-003598,20260302,89,881,40.0,40.0,27.0,13.0,0.0,0.0,77.91,1.5,2103.57,2026-03-09,On Time,SAP-Style Time
LAB-003599,20260302,90,89,40.0,40.0,27.25,12.75,0.0,0.0,74.99,1.5,2043.48,2026-03-08,On Time,SAP-Style Time
LAB-003600,20260302,91,897,40.0,40.0,27.25,12.75,0.0,0.0,68.92,1.5,1878.07,2026-03-09,On Time,SAP-Style Time
LAB-003601,20260302,92,226,40.0,40.0,27.25,12.75,0.0,0.0,86.57,1.5,2359.03,2026-03-08,On Time,SAP-Style Time
LAB-003602,20260302,93,704,40.0,40.0,27.25,12.75,0.0,0.0,107.35,1.0,2925.29,2026-03-16,Late,SAP-Style Time
LAB-003603,20260302,94,176,40.0,40.0,34.5,5.5,0.0,0.0,114.66,1.5,3955.77,2026-03-08,On Time,SAP-Style Time
LAB-003604,20260302,96,9,40.0,40.0,43.25,2.5,5.75,0.0,158.23,1.0,6843.45,2026-03-11,On Time,SAP-Style Time
LAB-003605,20260302,97,826,40.0,40.0,35.25,4.75,0.0,0.0,96.85,1.5,3413.96,2026-03-09,On Time,SAP-Style Time
LAB-003606,20260302,98,9,40.0,36.0,41.75,1.5,7.25,4.0,98.56,1.5,4472.16,2026-03-09,On Time,SAP-Style Time
LAB-003607,20260302,99,376,40.0,40.0,35.5,4.5,0.0,0.0,101.82,1.5,3614.61,2026-03-09,On Time,SAP-Style Time
LAB-003608,20260302,100,254,40.0,40.0,34.75,5.25,0.0,0.0,92.09,1.5,3200.13,2026-03-10,On Time,SAP-Style Time
LAB-003609,20260302,101,952,40.0,40.0,35.25,4.75,0.0,0.0,114.75,1.5,4044.94,2026-03-09,On Time,Mobile Time Entry
LAB-003610,20260302,102,460,40.0,40.0,34.5,5.5,0.0,0.0,91.58,1.5,3159.51,2026-03-10,On Time,Mobile Time Entry
LAB-003611,20260302,103,787,40.0,40.0,36.5,3.5,0.0,0.0,109.51,1.5,3997.12,2026-03-10,On Time,Mobile Time Entry
LAB-003612,20260302,104,9,40.0,40.0,46.0,1.75,7.75,0.0,116.26,1.0,5347.96,2026-03-10,On Time,SAP-Style Time
LAB-003613,20260302,105,9,40.0,40.0,44.0,3.25,7.25,0.0,104.84,1.5,4993.01,2026-03-09,On Time,SAP-Style Time
LAB-003614,20260302,106,620,40.0,40.0,34.25,5.75,0.0,0.0,100.92,1.5,3456.51,2026-03-09,On Time,SAP-Style Time
LAB-003615,20260302,107,721,40.0,40.0,34.25,5.75,0.0,0.0,127.16,1.0,4355.23,2026-03-10,On Time,SAP-Style Time
LAB-003616,20260302,108,917,40.0,40.0,33.5,6.5,0.0,0.0,104.5,1.5,3500.75,2026-03-16,Late,SAP-Style Time
LAB-003617,20260302,109,963,40.0,40.0,34.5,5.5,0.0,0.0,122.66,1.0,4231.77,2026-03-10,On Time,SAP-Style Time
LAB-003618,20260302,110,576,40.0,40.0,34.75,5.25,0.0,0.0,144.93,1.0,5036.32,2026-03-09,On Time,SAP-Style Time
LAB-003619,20260302,111,241,40.0,40.0,35.0,5.0,0.0,0.0,106.37,1.5,3722.95,2026-03-09,On Time,SAP-Style Time
LAB-003620,20260302,112,691,40.0,40.0,35.25,4.75,0.0,0.0,93.17,1.5,3284.24,2026-03-09,On Time,SAP-Style Time
LAB-003621,20260302,113,354,40.0,40.0,34.25,5.75,0.0,0.0,97.98,1.5,3355.82,2026-03-10,On Time,SAP-Style Time
LAB-003622,20260302,114,812,40.0,40.0,30.0,10.0,0.0,0.0,97.72,1.5,2931.6,2026-03-09,On Time,SAP-Style Time
LAB-003623,20260302,115,845,40.0,40.0,30.0,10.0,0.0,0.0,89.67,1.5,2690.1,2026-03-08,On Time,SAP-Style Time
LAB-003624,20260302,116,270,40.0,40.0,30.5,9.5,0.0,0.0,131.09,1.0,3998.25,2026-03-09,On Time,SAP-Style Time
LAB-003625,20260302,118,567,40.0,40.0,29.75,10.25,0.0,0.0,123.33,1.0,3669.07,2026-03-10,On Time,SAP-Style Time
LAB-003626,20260302,119,117,40.0,36.0,26.75,9.25,0.0,4.0,98.99,1.5,2647.98,2026-03-09,On Time,SAP-Style Time
LAB-003627,20260302,120,873,40.0,40.0,29.75,10.25,0.0,0.0,79.77,1.5,2373.16,2026-03-09,On Time,SAP-Style Time
LAB-003628,20260309,1,581,40.0,40.0,34.0,6.0,0.0,0.0,100.39,1.5,3413.26,2026-03-17,On Time,SAP-Style Time
LAB-003629,20260309,2,9,40.0,40.0,43.25,2.5,5.75,0.0,150.62,1.0,6514.32,2026-03-16,On Time,SAP-Style Time
LAB-003630,20260309,3,498,40.0,40.0,33.75,6.25,0.0,0.0,83.78,1.5,2827.58,2026-03-17,On Time,SAP-Style Time
LAB-006355,20260309,4,133,12.0,12.0,12.25,1.5,1.75,0.0,78.56,1.5,1031.1,2026-03-16,On Time,SAP-Style Time
LAB-003631,20260309,4,307,28.0,28.0,28.75,3.0,3.75,0.0,78.56,1.5,2405.9,2026-03-16,On Time,SAP-Style Time
LAB-003632,20260309,5,9,40.0,40.0,44.5,2.5,7.0,0.0,120.4,1.0,5357.8,2026-03-16,On Time,SAP-Style Time
LAB-003633,20260309,6,378,40.0,40.0,35.75,4.25,0.0,0.0,89.06,1.5,3183.9,2026-03-16,On Time,Mobile Time Entry
LAB-003634,20260309,7,9,40.0,40.0,41.0,3.0,4.0,0.0,76.98,1.5,3310.14,2026-03-15,On Time,Mobile Time Entry
LAB-003635,20260309,8,801,40.0,40.0,34.25,5.75,0.0,0.0,101.38,1.5,3472.27,2026-03-15,On Time,SAP-Style Time
LAB-003636,20260309,9,947,40.0,36.0,30.75,5.25,0.0,4.0,81.4,1.5,2503.05,2026-03-24,Late,SAP-Style Time
LAB-003637,20260309,10,268,40.0,40.0,35.5,4.5,0.0,0.0,76.52,1.5,2716.46,2026-03-16,On Time,SAP-Style Time
LAB-003638,20260309,11,9,40.0,24.0,28.75,1.0,5.75,16.0,128.94,1.0,3707.02,2026-03-18,On Time,SAP-Style Time
LAB-003639,20260309,12,387,40.0,40.0,35.25,4.75,0.0,0.0,93.13,1.5,3282.83,2026-03-17,On Time,SAP-Style Time
LAB-003640,20260309,13,650,40.0,40.0,34.25,5.75,0.0,0.0,82.59,1.5,2828.71,2026-03-16,On Time,SAP-Style Time
LAB-003641,20260309,14,9,40.0,36.0,41.75,2.5,8.25,4.0,100.38,1.5,4604.93,2026-03-17,On Time,SAP-Style Time
LAB-003642,20260309,15,730,40.0,40.0,35.75,4.25,0.0,0.0,98.87,1.5,3534.6,2026-03-16,On Time,SAP-Style Time
LAB-003643,20260309,16,590,40.0,40.0,35.5,4.5,0.0,0.0,100.34,1.5,3562.07,2026-03-17,On Time,SAP-Style Time
LAB-003644,20260309,17,486,40.0,40.0,36.5,3.5,0.0,0.0,88.53,1.5,3231.35,2026-03-17,On Time,SAP-Style Time
LAB-003645,20260309,18,163,40.0,40.0,36.0,4.0,0.0,0.0,89.32,1.5,3215.52,2026-03-17,On Time,SAP-Style Time
LAB-003646,20260309,19,818,40.0,32.0,28.0,4.0,0.0,8.0,91.26,1.5,2555.28,2026-03-16,On Time,Mobile Time Entry
LAB-003647,20260309,20,610,40.0,40.0,34.5,5.5,0.0,0.0,77.3,1.5,2666.85,2026-03-15,On Time,SAP-Style Time
LAB-003648,20260309,21,9,40.0,40.0,43.0,3.25,6.25,0.0,77.07,1.5,3554.85,2026-03-16,On Time,SAP-Style Time
LAB-003649,20260309,22,715,40.0,24.0,21.0,3.0,0.0,16.0,102.23,1.5,2146.83,2026-03-16,On Time,SAP-Style Time
LAB-003650,20260309,23,512,40.0,40.0,34.75,5.25,0.0,0.0,85.0,1.5,2953.75,2026-03-15,On Time,Mobile Time Entry
LAB-003651,20260309,24,846,40.0,40.0,36.25,3.75,0.0,0.0,81.27,1.5,2946.04,2026-03-16,On Time,SAP-Style Time
LAB-003652,20260309,25,9,40.0,40.0,44.0,2.75,6.75,0.0,102.16,1.0,4495.04,2026-03-17,On Time,SAP-Style Time
LAB-003653,20260309,26,499,40.0,40.0,35.0,5.0,0.0,0.0,85.79,1.5,3002.65,2026-03-17,On Time,SAP-Style Time
LAB-003654,20260309,27,278,40.0,40.0,34.5,5.5,0.0,0.0,104.52,1.5,3605.94,2026-03-16,On Time,SAP-Style Time
LAB-003655,20260309,28,9,40.0,36.0,41.0,1.5,6.5,4.0,82.53,1.5,3651.95,2026-03-16,On Time,SAP-Style Time
LAB-003656,20260309,29,722,40.0,40.0,35.25,4.75,0.0,0.0,79.3,1.5,2795.33,2026-03-16,On Time,SAP-Style Time
LAB-003657,20260309,30,413,40.0,40.0,34.5,5.5,0.0,0.0,79.44,1.5,2740.68,2026-03-16,On Time,SAP-Style Time
LAB-003658,20260309,31,355,40.0,40.0,35.5,4.5,0.0,0.0,105.13,1.5,3732.12,2026-03-17,On Time,SAP-Style Time
LAB-003659,20260309,32,821,40.0,40.0,39.5,5.0,4.5,0.0,82.13,1.5,3428.93,2026-03-25,Late,SAP-Style Time
LAB-003660,20260309,33,35,40.0,40.0,35.5,4.5,0.0,0.0,89.89,1.5,3191.1,2026-03-16,On Time,SAP-Style Time
LAB-003661,20260309,34,181,40.0,24.0,25.25,3.25,4.5,16.0,98.09,1.5,2697.48,2026-03-16,On Time,SAP-Style Time
LAB-003662,20260309,35,9,40.0,40.0,42.25,2.5,4.75,0.0,91.52,1.5,4084.08,2026-03-16,On Time,SAP-Style Time
LAB-003663,20260309,36,51,40.0,40.0,36.0,5.25,1.25,0.0,82.83,1.5,3033.65,2026-03-16,On Time,SAP-Style Time
LAB-003664,20260309,37,955,40.0,24.0,20.25,3.75,0.0,16.0,92.08,1.5,1864.62,2026-03-15,On Time,Mobile Time Entry
LAB-003665,20260309,38,301,40.0,40.0,32.75,7.25,0.0,0.0,105.74,1.5,3462.98,2026-03-17,On Time,SAP-Style Time
LAB-003666,20260309,39,622,40.0,40.0,34.0,6.0,0.0,0.0,107.79,1.5,3664.86,2026-03-15,On Time,SAP-Style Time
LAB-003667,20260309,40,624,40.0,40.0,33.75,6.25,0.0,0.0,103.71,1.5,3500.21,2026-03-16,On Time,SAP-Style Time
LAB-003668,20260309,41,263,40.0,40.0,32.75,7.25,0.0,0.0,108.71,1.5,3560.25,2026-03-15,On Time,SAP-Style Time
LAB-003669,20260309,42,1,40.0,32.0,37.75,3.25,9.0,8.0,149.01,1.0,5625.13,2026-03-17,On Time,SAP-Style Time
LAB-003670,20260309,43,401,40.0,40.0,32.5,7.5,0.0,0.0,106.75,1.5,3469.38,2026-03-17,On Time,SAP-Style Time
LAB-003671,20260309,44,1,40.0,40.0,46.0,3.75,9.75,0.0,144.49,1.0,6646.54,2026-03-16,On Time,Mobile Time Entry
LAB-003672,20260309,45,1,40.0,40.0,44.25,3.25,7.5,0.0,86.24,1.5,4139.52,2026-03-17,On Time,SAP-Style Time
LAB-003673,20260309,46,1,40.0,32.0,37.75,2.75,8.5,8.0,143.94,1.0,5433.74,2026-03-16,On Time,SAP-Style Time
LAB-003674,20260309,47,114,40.0,40.0,33.5,6.5,0.0,0.0,106.76,1.5,3576.46,2026-03-17,On Time,SAP-Style Time
LAB-003675,20260309,48,515,40.0,40.0,32.5,7.5,0.0,0.0,87.87,1.5,2855.78,2026-03-16,On Time,Mobile Time Entry
LAB-003676,20260309,49,228,40.0,40.0,33.75,6.25,0.0,0.0,83.27,1.5,2810.36,2026-03-17,On Time,SAP-Style Time
LAB-003677,20260309,50,915,40.0,28.0,23.5,4.5,0.0,12.0,101.97,1.5,2396.3,2026-03-16,On Time,SAP-Style Time
LAB-003678,20260309,51,899,40.0,40.0,32.25,7.75,0.0,0.0,86.2,1.5,2779.95,2026-03-17,On Time,SAP-Style Time
LAB-003679,20260309,52,399,40.0,40.0,33.5,6.5,0.0,0.0,97.32,1.5,3260.22,2026-03-23,Late,SAP-Style Time
LAB-003680,20260309,53,583,40.0,40.0,33.5,6.5,0.0,0.0,94.11,1.5,3152.69,2026-03-16,On Time,SAP-Style Time
LAB-003681,20260309,54,1,40.0,40.0,41.5,3.5,5.0,0.0,107.2,1.5,4716.8,2026-03-17,On Time,SAP-Style Time
LAB-003682,20260309,55,63,40.0,40.0,33.0,7.0,0.0,0.0,95.59,1.5,3154.47,2026-03-16,On Time,SAP-Style Time
LAB-003683,20260309,56,669,40.0,36.0,29.25,6.75,0.0,4.0,73.51,1.5,2150.17,2026-03-16,On Time,SAP-Style Time
LAB-003684,20260309,57,273,40.0,32.0,25.5,6.5,0.0,8.0,87.06,1.5,2220.03,2026-03-17,On Time,SAP-Style Time
LAB-003685,20260309,58,1,40.0,40.0,41.75,3.0,4.75,0.0,119.87,1.0,5004.57,2026-03-16,On Time,SAP-Style Time
LAB-003686,20260309,59,863,40.0,40.0,32.5,7.5,0.0,0.0,83.18,1.5,2703.35,2026-03-16,On Time,SAP-Style Time
LAB-003687,20260309,60,813,40.0,40.0,31.75,8.25,0.0,0.0,86.44,1.5,2744.47,2026-03-15,On Time,SAP-Style Time
LAB-003688,20260309,61,851,40.0,40.0,30.0,10.0,0.0,0.0,83.96,1.5,2518.8,2026-03-16,On Time,SAP-Style Time
LAB-003689,20260309,62,871,40.0,40.0,32.75,7.25,0.0,0.0,73.28,1.5,2399.92,2026-03-17,On Time,SAP-Style Time
LAB-003690,20260309,63,1,40.0,40.0,43.0,4.25,7.25,0.0,122.98,1.0,5288.14,2026-03-15,On Time,SAP-Style Time
LAB-003691,20260309,64,768,40.0,32.0,26.0,6.0,0.0,8.0,84.9,1.5,2207.4,2026-03-17,On Time,SAP-Style Time
LAB-003692,20260309,65,289,40.0,40.0,31.25,8.75,0.0,0.0,72.42,1.5,2263.13,2026-03-17,On Time,SAP-Style Time
LAB-003693,20260309,66,490,40.0,40.0,33.0,7.0,0.0,0.0,94.95,1.5,3133.35,2026-03-15,On Time,SAP-Style Time
LAB-003694,20260309,67,783,40.0,40.0,31.25,8.75,0.0,0.0,79.97,1.5,2499.06,2026-03-26,Late,Mobile Time Entry
LAB-003695,20260309,68,453,40.0,16.0,13.25,2.75,0.0,24.0,79.96,1.5,1059.47,2026-03-17,On Time,SAP-Style Time
LAB-003696,20260309,69,92,40.0,40.0,31.5,8.5,0.0,0.0,92.5,1.5,2913.75,2026-03-17,On Time,SAP-Style Time
LAB-003697,20260309,70,871,40.0,40.0,31.75,8.25,0.0,0.0,79.17,1.5,2513.65,2026-03-17,On Time,SAP-Style Time
LAB-003698,20260309,71,332,40.0,40.0,32.5,7.5,0.0,0.0,84.44,1.5,2744.3,2026-03-16,On Time,SAP-Style Time
LAB-003699,20260309,72,1,40.0,32.0,35.25,2.75,6.0,8.0,107.82,1.0,3800.65,2026-03-16,On Time,SAP-Style Time
LAB-003700,20260309,73,341,40.0,40.0,31.5,8.5,0.0,0.0,85.94,1.5,2707.11,2026-03-17,On Time,Mobile Time Entry
LAB-003701,20260309,74,752,40.0,40.0,32.0,8.0,0.0,0.0,74.38,1.5,2380.16,2026-03-18,On Time,Mobile Time Entry
LAB-003702,20260309,75,200,40.0,40.0,32.5,7.5,0.0,0.0,89.39,1.5,2905.18,2026-03-16,On Time,SAP-Style Time
LAB-003703,20260309,76,625,40.0,40.0,33.0,7.0,0.0,0.0,90.27,1.5,2978.91,2026-03-16,On Time,SAP-Style Time
LAB-003704,20260309,77,710,40.0,40.0,31.75,8.25,0.0,0.0,89.33,1.5,2836.23,2026-03-16,On Time,SAP-Style Time
LAB-003705,20260309,78,43,40.0,36.0,29.75,11.5,5.25,4.0,83.91,1.5,2716.59,2026-03-15,On Time,SAP-Style Time
LAB-003706,20260309,79,99,40.0,40.0,27.0,13.0,0.0,0.0,70.65,1.5,1907.55,2026-03-16,On Time,SAP-Style Time
LAB-003707,20260309,81,283,40.0,40.0,27.25,12.75,0.0,0.0,87.64,1.5,2388.19,2026-03-15,On Time,SAP-Style Time
LAB-003708,20260309,82,684,40.0,40.0,27.0,13.0,0.0,0.0,68.13,1.5,1839.51,2026-03-16,On Time,Mobile Time Entry
LAB-003709,20260309,83,826,40.0,40.0,26.75,13.25,0.0,0.0,73.3,1.5,1960.77,2026-03-15,On Time,SAP-Style Time
LAB-003710,20260309,84,279,40.0,28.0,18.75,9.25,0.0,12.0,71.25,1.5,1335.94,2026-03-16,On Time,SAP-Style Time
LAB-003711,20260309,85,868,40.0,40.0,27.0,13.0,0.0,0.0,65.88,1.5,1778.76,2026-03-22,Late,SAP-Style Time
LAB-003712,20260309,86,736,40.0,40.0,27.25,12.75,0.0,0.0,82.25,1.5,2241.31,2026-03-16,On Time,SAP-Style Time
LAB-003713,20260309,87,332,40.0,36.0,24.5,11.5,0.0,4.0,78.64,1.5,1926.68,2026-03-17,On Time,Mobile Time Entry
LAB-003714,20260309,88,189,40.0,40.0,27.25,12.75,0.0,0.0,71.87,1.5,1958.46,2026-03-18,On Time,SAP-Style Time
LAB-003715,20260309,89,200,40.0,24.0,16.5,7.5,0.0,16.0,77.91,1.5,1285.51,2026-03-16,On Time,Mobile Time Entry
LAB-003716,20260309,90,166,28.0,28.0,19.0,9.0,0.0,0.0,74.99,1.5,1424.81,2026-03-16,On Time,SAP-Style Time
LAB-006354,20260309,90,434,12.0,12.0,8.0,4.0,0.0,0.0,74.99,1.5,599.92,2026-03-16,On Time,SAP-Style Time
LAB-003717,20260309,91,269,40.0,40.0,27.25,12.75,0.0,0.0,68.92,1.5,1878.07,2026-03-16,On Time,SAP-Style Time
LAB-003718,20260309,92,6,40.0,36.0,24.5,11.5,0.0,4.0,86.57,1.5,2120.96,2026-03-16,On Time,SAP-Style Time
LAB-003719,20260309,93,209,40.0,40.0,27.5,12.5,0.0,0.0,107.35,1.0,2952.13,2026-03-16,On Time,SAP-Style Time
LAB-003720,20260309,94,269,40.0,28.0,24.25,3.75,0.0,12.0,114.66,1.5,2780.51,2026-03-16,On Time,SAP-Style Time
LAB-003721,20260309,96,9,40.0,40.0,45.75,1.75,7.5,0.0,158.23,1.0,7239.02,2026-03-16,On Time,SAP-Style Time
LAB-003722,20260309,97,711,40.0,40.0,35.25,4.75,0.0,0.0,96.85,1.5,3413.96,2026-03-23,Late,SAP-Style Time
LAB-003723,20260309,98,9,40.0,36.0,38.25,3.0,5.25,4.0,98.56,1.5,4028.64,2026-03-17,On Time,SAP-Style Time
LAB-003724,20260309,99,234,40.0,40.0,35.75,4.25,0.0,0.0,101.82,1.5,3640.06,2026-03-18,On Time,SAP-Style Time
LAB-003725,20260309,100,496,40.0,40.0,34.75,5.25,0.0,0.0,92.09,1.5,3200.13,2026-03-17,On Time,SAP-Style Time
LAB-003726,20260309,101,483,40.0,40.0,35.25,4.75,0.0,0.0,114.75,1.5,4044.94,2026-03-16,On Time,SAP-Style Time
LAB-003727,20260309,102,430,40.0,40.0,34.5,5.5,0.0,0.0,91.58,1.5,3159.51,2026-03-16,On Time,Mobile Time Entry
LAB-003728,20260309,103,182,40.0,40.0,42.5,3.75,6.25,0.0,109.51,1.5,4996.39,2026-03-21,Late,SAP-Style Time
LAB-003729,20260309,104,9,40.0,40.0,45.75,2.25,8.0,0.0,116.26,1.0,5318.9,2026-03-15,On Time,SAP-Style Time
LAB-003730,20260309,105,9,40.0,40.0,41.0,2.75,3.75,0.0,104.84,1.5,4495.02,2026-03-17,On Time,Mobile Time Entry
LAB-003731,20260309,106,924,40.0,40.0,34.5,5.5,0.0,0.0,100.92,1.5,3481.74,2026-03-16,On Time,SAP-Style Time
LAB-003732,20260309,107,62,40.0,40.0,35.0,5.0,0.0,0.0,127.16,1.0,4450.6,2026-03-16,On Time,SAP-Style Time
LAB-003733,20260309,108,279,40.0,40.0,34.5,5.5,0.0,0.0,104.5,1.5,3605.25,2026-03-16,On Time,SAP-Style Time
LAB-003734,20260309,109,206,40.0,40.0,37.5,4.75,2.25,0.0,122.66,1.0,4599.75,2026-03-17,On Time,SAP-Style Time
LAB-003735,20260309,110,646,40.0,40.0,35.0,5.0,0.0,0.0,144.93,1.0,5072.55,2026-03-16,On Time,SAP-Style Time
LAB-003736,20260309,111,684,40.0,40.0,35.0,5.0,0.0,0.0,106.37,1.5,3722.95,2026-03-16,On Time,SAP-Style Time
LAB-003737,20260309,112,131,40.0,40.0,34.75,5.25,0.0,0.0,93.17,1.5,3237.66,2026-03-15,On Time,SAP-Style Time
LAB-003738,20260309,113,729,40.0,40.0,34.0,6.0,0.0,0.0,97.98,1.5,3331.32,2026-03-16,On Time,SAP-Style Time
LAB-003739,20260309,114,90,40.0,40.0,30.25,9.75,0.0,0.0,97.72,1.5,2956.03,2026-03-16,On Time,SAP-Style Time
LAB-003740,20260309,115,410,40.0,40.0,35.25,10.0,5.25,0.0,89.67,1.5,3396.25,2026-03-17,On Time,SAP-Style Time
LAB-003741,20260309,116,175,40.0,40.0,29.75,10.25,0.0,0.0,131.09,1.0,3899.93,2026-03-15,On Time,SAP-Style Time
LAB-003742,20260309,118,233,40.0,40.0,30.25,9.75,0.0,0.0,123.33,1.0,3730.73,2026-03-18,On Time,SAP-Style Time
LAB-003743,20260309,119,632,40.0,40.0,30.0,10.0,0.0,0.0,98.99,1.5,2969.7,2026-03-17,On Time,SAP-Style Time
LAB-003744,20260309,120,776,40.0,40.0,29.5,10.5,0.0,0.0,79.77,1.5,2353.21,2026-03-17,On Time,Mobile Time Entry
LAB-003745,20260316,1,50,40.0,40.0,34.5,5.5,0.0,0.0,100.39,1.5,3463.46,2026-03-23,On Time,SAP-Style Time
LAB-003746,20260316,2,9,40.0,40.0,42.0,3.5,5.5,0.0,150.62,1.0,6326.04,2026-03-22,On Time,SAP-Style Time
LAB-003747,20260316,3,766,40.0,32.0,27.25,4.75,0.0,8.0,83.78,1.5,2283.01,2026-03-23,On Time,SAP-Style Time
LAB-003748,20260316,4,879,40.0,40.0,36.25,3.75,0.0,0.0,78.56,1.5,2847.8,2026-03-23,On Time,SAP-Style Time
LAB-003749,20260316,5,9,40.0,40.0,45.25,1.75,7.0,0.0,120.4,1.0,5448.1,2026-03-23,On Time,SAP-Style Time
LAB-003750,20260316,6,239,40.0,28.0,25.0,3.0,0.0,12.0,89.06,1.5,2226.5,2026-03-22,On Time,SAP-Style Time
LAB-003751,20260316,7,9,40.0,40.0,41.75,2.75,4.5,0.0,76.98,1.5,3387.12,2026-03-24,On Time,SAP-Style Time
LAB-003752,20260316,8,985,40.0,36.0,30.5,5.5,0.0,4.0,101.38,1.5,3092.09,2026-03-23,On Time,SAP-Style Time
LAB-003753,20260316,9,275,40.0,36.0,30.5,5.5,0.0,4.0,81.4,1.5,2482.7,2026-03-22,On Time,SAP-Style Time
LAB-003754,20260316,10,801,40.0,16.0,14.25,1.75,0.0,24.0,76.52,1.5,1090.41,2026-03-23,On Time,SAP-Style Time
LAB-003755,20260316,11,9,40.0,40.0,44.25,3.25,7.5,0.0,128.94,1.0,5705.6,2026-03-23,On Time,SAP-Style Time
LAB-003756,20260316,12,897,40.0,40.0,35.0,5.0,0.0,0.0,93.13,1.5,3259.55,2026-03-24,On Time,SAP-Style Time
LAB-003757,20260316,13,771,40.0,40.0,34.25,5.75,0.0,0.0,82.59,1.5,2828.71,2026-03-24,On Time,SAP-Style Time
LAB-003758,20260316,14,9,40.0,40.0,45.0,1.5,6.5,0.0,100.38,1.5,4843.34,2026-03-22,On Time,SAP-Style Time
LAB-003759,20260316,15,913,40.0,36.0,31.75,4.25,0.0,4.0,98.87,1.5,3139.12,2026-03-22,On Time,SAP-Style Time
LAB-003760,20260316,16,334,40.0,40.0,35.25,4.75,0.0,0.0,100.34,1.5,3536.99,2026-03-22,On Time,SAP-Style Time
LAB-003761,20260316,17,524,40.0,40.0,36.25,3.75,0.0,0.0,88.53,1.5,3209.21,2026-03-24,On Time,SAP-Style Time
LAB-003762,20260316,18,669,40.0,40.0,36.25,3.75,0.0,0.0,89.32,1.5,3237.85,2026-03-24,On Time,SAP-Style Time
LAB-003763,20260316,19,927,40.0,40.0,35.5,4.5,0.0,0.0,91.26,1.5,3239.73,2026-03-22,On Time,SAP-Style Time
LAB-003764,20260316,20,65,40.0,40.0,34.5,5.5,0.0,0.0,77.3,1.5,2666.85,2026-03-24,On Time,Mobile Time Entry
LAB-003765,20260316,21,9,40.0,40.0,45.0,2.5,7.5,0.0,77.07,1.5,3757.16,2026-03-23,On Time,SAP-Style Time
LAB-003766,20260316,22,836,40.0,24.0,20.75,3.25,0.0,16.0,102.23,1.5,2121.27,2026-03-23,On Time,SAP-Style Time
LAB-003767,20260316,23,985,40.0,40.0,34.5,5.5,0.0,0.0,85.0,1.5,2932.5,2026-03-23,On Time,SAP-Style Time
LAB-003768,20260316,24,967,40.0,32.0,33.0,3.5,4.5,8.0,81.27,1.5,2864.77,2026-03-27,Late,SAP-Style Time
LAB-003769,20260316,25,9,40.0,40.0,43.5,3.25,6.75,0.0,102.16,1.0,4443.96,2026-03-25,On Time,SAP-Style Time
LAB-003770,20260316,26,918,40.0,40.0,35.25,4.75,0.0,0.0,85.79,1.5,3024.1,2026-03-23,On Time,SAP-Style Time
LAB-003771,20260316,27,779,40.0,40.0,34.0,6.0,0.0,0.0,104.52,1.5,3553.68,2026-03-23,On Time,SAP-Style Time
LAB-003772,20260316,28,9,40.0,24.0,26.75,2.0,4.75,16.0,82.53,1.5,2403.69,2026-03-22,On Time,SAP-Style Time
LAB-003773,20260316,29,4,40.0,40.0,35.0,5.0,0.0,0.0,79.3,1.5,2775.5,2026-03-23,On Time,Mobile Time Entry
LAB-003774,20260316,30,575,40.0,32.0,28.0,4.0,0.0,8.0,79.44,1.5,2224.32,2026-03-23,On Time,SAP-Style Time
LAB-003775,20260316,31,454,40.0,40.0,35.75,4.25,0.0,0.0,105.13,1.5,3758.4,2026-03-23,On Time,SAP-Style Time
LAB-003776,20260316,32,50,40.0,40.0,35.25,4.75,0.0,0.0,82.13,1.5,2895.08,2026-03-24,On Time,SAP-Style Time
LAB-003777,20260316,33,717,40.0,40.0,35.25,4.75,0.0,0.0,89.89,1.5,3168.62,2026-03-24,On Time,Mobile Time Entry
LAB-003778,20260316,34,242,40.0,40.0,33.5,6.5,0.0,0.0,98.09,1.5,3286.02,2026-03-23,On Time,SAP-Style Time
LAB-003779,20260316,35,9,40.0,40.0,44.25,3.25,7.5,0.0,91.52,1.5,4392.96,2026-03-23,On Time,SAP-Style Time
LAB-003780,20260316,36,931,40.0,40.0,35.25,4.75,0.0,0.0,82.83,1.5,2919.76,2026-03-24,On Time,Manager Adjustment
LAB-003781,20260316,37,67,40.0,40.0,34.25,5.75,0.0,0.0,92.08,1.5,3153.74,2026-03-23,On Time,SAP-Style Time
LAB-003782,20260316,38,633,40.0,40.0,32.75,7.25,0.0,0.0,105.74,1.5,3462.98,2026-03-24,On Time,SAP-Style Time
LAB-003783,20260316,39,420,40.0,40.0,34.0,6.0,0.0,0.0,107.79,1.5,3664.86,2026-03-23,On Time,SAP-Style Time
LAB-003784,20260316,40,794,40.0,40.0,34.0,6.0,0.0,0.0,103.71,1.5,3526.14,2026-03-25,On Time,SAP-Style Time
LAB-003785,20260316,41,660,40.0,40.0,33.25,6.75,0.0,0.0,108.71,1.5,3614.61,2026-04-02,Late,SAP-Style Time
LAB-003786,20260316,42,1,40.0,40.0,40.5,4.0,4.5,0.0,149.01,1.0,6034.91,2026-03-24,On Time,SAP-Style Time
LAB-003787,20260316,43,399,40.0,40.0,32.5,7.5,0.0,0.0,106.75,1.5,3469.38,2026-03-24,On Time,SAP-Style Time
LAB-003788,20260316,44,1,40.0,40.0,44.5,3.25,7.75,0.0,144.49,1.0,6429.81,2026-03-23,On Time,Mobile Time Entry
LAB-003789,20260316,45,1,40.0,28.0,32.0,3.0,7.0,12.0,86.24,1.5,3061.52,2026-03-24,On Time,Mobile Time Entry
LAB-003790,20260316,46,1,40.0,24.0,28.0,2.5,6.5,16.0,143.94,1.0,4030.32,2026-03-23,On Time,Mobile Time Entry
LAB-003791,20260316,47,868,40.0,40.0,34.5,5.5,0.0,0.0,106.76,1.5,3683.22,2026-03-24,On Time,SAP-Style Time
LAB-003792,20260316,48,231,40.0,40.0,32.5,7.5,0.0,0.0,87.87,1.5,2855.78,2026-03-24,On Time,Mobile Time Entry
LAB-003793,20260316,49,253,40.0,40.0,34.0,6.0,0.0,0.0,83.27,1.5,2831.18,2026-03-31,Late,SAP-Style Time
LAB-003794,20260316,50,287,40.0,40.0,33.0,7.0,0.0,0.0,101.97,1.5,3365.01,2026-03-22,On Time,Mobile Time Entry
LAB-003795,20260316,51,444,40.0,36.0,29.5,6.5,0.0,4.0,86.2,1.5,2542.9,2026-03-23,On Time,Mobile Time Entry
LAB-003796,20260316,52,868,40.0,40.0,33.75,6.25,0.0,0.0,97.32,1.5,3284.55,2026-03-25,On Time,SAP-Style Time
LAB-006437,20260316,53,230,12.0,10.75,9.0,1.75,0.0,1.25,94.11,1.5,846.99,2026-03-23,On Time,SAP-Style Time
LAB-003797,20260316,53,967,28.0,25.25,21.25,4.0,0.0,2.75,94.11,1.5,1999.84,2026-03-23,On Time,SAP-Style Time
LAB-003798,20260316,54,1,40.0,32.0,36.0,3.0,7.0,8.0,107.2,1.5,4234.4,2026-03-22,On Time,SAP-Style Time
LAB-003799,20260316,55,650,40.0,24.0,19.5,4.5,0.0,16.0,95.59,1.5,1864.01,2026-03-23,On Time,SAP-Style Time
LAB-003800,20260316,56,805,40.0,40.0,32.75,7.25,0.0,0.0,73.51,1.5,2407.45,2026-03-23,On Time,SAP-Style Time
LAB-003801,20260316,57,236,40.0,40.0,36.0,8.25,4.25,0.0,87.06,1.5,3319.16,2026-03-23,On Time,SAP-Style Time
LAB-003802,20260316,58,1,40.0,40.0,45.25,4.0,9.25,0.0,119.87,1.0,5424.12,2026-03-25,On Time,SAP-Style Time
LAB-003803,20260316,59,766,40.0,40.0,32.75,7.25,0.0,0.0,83.18,1.5,2724.15,2026-03-23,On Time,SAP-Style Time
LAB-003804,20260316,60,426,40.0,40.0,32.0,8.0,0.0,0.0,86.44,1.5,2766.08,2026-03-22,On Time,SAP-Style Time
LAB-003805,20260316,61,771,40.0,40.0,31.25,8.75,0.0,0.0,83.96,1.5,2623.75,2026-03-23,On Time,Mobile Time Entry
LAB-003806,20260316,62,752,40.0,40.0,31.5,8.5,0.0,0.0,73.28,1.5,2308.32,2026-03-23,On Time,SAP-Style Time
LAB-003807,20260316,63,1,40.0,32.0,36.25,3.5,7.75,8.0,122.98,1.0,4458.03,2026-03-24,On Time,Mobile Time Entry
LAB-003808,20260316,64,264,40.0,40.0,33.0,7.0,0.0,0.0,84.9,1.5,2801.7,2026-03-22,On Time,SAP-Style Time
LAB-003809,20260316,65,545,40.0,40.0,31.25,8.75,0.0,0.0,72.42,1.5,2263.13,2026-03-25,On Time,SAP-Style Time
LAB-003810,20260316,66,576,40.0,40.0,32.75,7.25,0.0,0.0,94.95,1.5,3109.61,2026-03-23,On Time,SAP-Style Time
LAB-003811,20260316,67,664,40.0,40.0,31.25,8.75,0.0,0.0,79.97,1.5,2499.06,2026-03-24,On Time,Mobile Time Entry
LAB-003812,20260316,68,927,40.0,32.0,26.25,5.75,0.0,8.0,79.96,1.5,2098.95,2026-03-24,On Time,SAP-Style Time
LAB-003813,20260316,69,298,40.0,40.0,33.0,8.75,1.75,0.0,92.5,1.5,3133.44,2026-03-23,On Time,SAP-Style Time
LAB-003814,20260316,70,559,40.0,40.0,31.5,8.5,0.0,0.0,79.17,1.5,2493.86,2026-03-23,On Time,SAP-Style Time
LAB-003815,20260316,71,638,40.0,40.0,32.75,7.25,0.0,0.0,84.44,1.5,2765.41,2026-03-23,On Time,SAP-Style Time
LAB-003816,20260316,72,1,40.0,40.0,45.5,2.5,8.0,0.0,107.82,1.0,4905.81,2026-03-23,On Time,SAP-Style Time
LAB-003817,20260316,73,736,40.0,40.0,32.0,8.0,0.0,0.0,85.94,1.5,2750.08,2026-03-24,On Time,SAP-Style Time
LAB-003818,20260316,74,609,40.0,24.0,19.0,5.0,0.0,16.0,74.38,1.5,1413.22,2026-03-24,On Time,SAP-Style Time
LAB-003819,20260316,75,342,40.0,32.0,25.75,6.25,0.0,8.0,89.39,1.5,2301.79,2026-03-23,On Time,SAP-Style Time
LAB-003820,20260316,76,815,40.0,40.0,33.0,7.0,0.0,0.0,90.27,1.5,2978.91,2026-03-24,On Time,SAP-Style Time
LAB-003821,20260316,77,991,40.0,40.0,31.25,8.75,0.0,0.0,89.33,1.5,2791.56,2026-03-30,Late,Mobile Time Entry
LAB-003822,20260316,78,436,40.0,40.0,27.0,13.0,0.0,0.0,83.91,1.5,2265.57,2026-03-23,On Time,SAP-Style Time
LAB-003823,20260316,79,355,40.0,40.0,27.25,12.75,0.0,0.0,70.65,1.5,1925.21,2026-03-22,On Time,SAP-Style Time
LAB-003824,20260316,81,972,40.0,40.0,27.25,12.75,0.0,0.0,87.64,1.5,2388.19,2026-03-23,On Time,SAP-Style Time
LAB-003825,20260316,82,342,40.0,40.0,27.0,13.0,0.0,0.0,68.13,1.5,1839.51,2026-03-24,On Time,SAP-Style Time
LAB-003826,20260316,83,427,40.0,40.0,31.5,13.0,4.5,0.0,73.3,1.5,2473.88,2026-03-22,On Time,SAP-Style Time
LAB-003827,20260316,84,11,40.0,40.0,27.0,13.0,0.0,0.0,71.25,1.5,1923.75,2026-03-23,On Time,SAP-Style Time
LAB-003828,20260316,85,511,40.0,40.0,29.5,13.0,2.5,0.0,65.88,1.5,2025.81,2026-03-23,On Time,SAP-Style Time
LAB-003829,20260316,86,409,40.0,40.0,27.25,12.75,0.0,0.0,82.25,1.5,2241.31,2026-03-23,On Time,Mobile Time Entry
LAB-003830,20260316,87,651,40.0,40.0,27.0,13.0,0.0,0.0,78.64,1.5,2123.28,2026-03-22,On Time,SAP-Style Time
LAB-003831,20260316,88,199,40.0,40.0,27.25,12.75,0.0,0.0,71.87,1.5,1958.46,2026-03-23,On Time,SAP-Style Time
LAB-003832,20260316,89,317,40.0,40.0,27.25,12.75,0.0,0.0,77.91,1.5,2123.05,2026-03-31,Late,SAP-Style Time
LAB-003833,20260316,90,456,40.0,40.0,28.75,13.25,2.0,0.0,74.99,1.5,2230.95,2026-03-23,On Time,SAP-Style Time
LAB-003834,20260316,91,442,40.0,40.0,27.0,13.0,0.0,0.0,68.92,1.5,1860.84,2026-03-23,On Time,SAP-Style Time
LAB-003835,20260316,92,291,40.0,40.0,26.75,13.25,0.0,0.0,86.57,1.5,2315.75,2026-03-23,On Time,Mobile Time Entry
LAB-003836,20260316,93,467,40.0,40.0,27.0,13.0,0.0,0.0,107.35,1.0,2898.45,2026-03-23,On Time,SAP-Style Time
LAB-003837,20260316,94,235,40.0,40.0,35.25,4.75,0.0,0.0,114.66,1.5,4041.77,2026-03-24,On Time,SAP-Style Time
LAB-003838,20260316,96,9,40.0,40.0,46.0,2.0,8.0,0.0,158.23,1.0,7278.58,2026-03-23,On Time,SAP-Style Time
LAB-003839,20260316,97,687,40.0,40.0,34.75,5.25,0.0,0.0,96.85,1.5,3365.54,2026-03-22,On Time,SAP-Style Time
LAB-003840,20260316,98,9,40.0,40.0,40.25,3.25,3.5,0.0,98.56,1.5,4139.52,2026-03-22,On Time,SAP-Style Time
LAB-003841,20260316,99,40,40.0,40.0,35.5,4.5,0.0,0.0,101.82,1.5,3614.61,2026-03-23,On Time,SAP-Style Time
LAB-003842,20260316,100,845,40.0,40.0,35.0,5.0,0.0,0.0,92.09,1.5,3223.15,2026-03-24,On Time,SAP-Style Time
LAB-003843,20260316,101,454,40.0,40.0,34.75,5.25,0.0,0.0,114.75,1.5,3987.56,2026-03-23,On Time,Mobile Time Entry
LAB-003844,20260316,102,103,40.0,36.0,31.5,4.5,0.0,4.0,91.58,1.5,2884.77,2026-03-23,On Time,SAP-Style Time
LAB-003845,20260316,103,802,40.0,40.0,36.5,3.5,0.0,0.0,109.51,1.5,3997.12,2026-03-23,On Time,SAP-Style Time
LAB-003846,20260316,104,9,40.0,40.0,45.0,1.5,6.5,0.0,116.26,1.0,5231.7,2026-03-22,On Time,SAP-Style Time
LAB-003847,20260316,105,9,40.0,40.0,43.75,3.5,7.25,0.0,104.84,1.5,4966.8,2026-03-22,On Time,SAP-Style Time
LAB-003848,20260316,106,901,40.0,40.0,34.0,6.0,0.0,0.0,100.92,1.5,3431.28,2026-03-26,Late,SAP-Style Time
LAB-003849,20260316,107,858,40.0,40.0,35.0,5.0,0.0,0.0,127.16,1.0,4450.6,2026-03-24,On Time,SAP-Style Time
LAB-003850,20260316,108,516,40.0,40.0,34.0,6.0,0.0,0.0,104.5,1.5,3553.0,2026-03-23,On Time,SAP-Style Time
LAB-003851,20260316,109,804,40.0,28.0,24.5,3.5,0.0,12.0,122.66,1.0,3005.17,2026-03-23,On Time,SAP-Style Time
LAB-003852,20260316,110,82,40.0,40.0,34.0,6.0,0.0,0.0,144.93,1.0,4927.62,2026-03-24,On Time,SAP-Style Time
LAB-003853,20260316,111,533,40.0,40.0,35.0,5.0,0.0,0.0,106.37,1.5,3722.95,2026-03-23,On Time,Mobile Time Entry
LAB-003854,20260316,112,967,40.0,40.0,35.25,4.75,0.0,0.0,93.17,1.5,3284.24,2026-03-22,On Time,SAP-Style Time
LAB-003855,20260316,113,734,40.0,40.0,34.0,6.0,0.0,0.0,97.98,1.5,3331.32,2026-03-25,On Time,SAP-Style Time
LAB-003856,20260316,114,944,40.0,40.0,30.25,9.75,0.0,0.0,97.72,1.5,2956.03,2026-03-23,On Time,SAP-Style Time
LAB-003857,20260316,115,68,40.0,40.0,30.0,10.0,0.0,0.0,89.67,1.5,2690.1,2026-03-23,On Time,SAP-Style Time
LAB-003858,20260316,116,789,40.0,40.0,30.0,10.0,0.0,0.0,131.09,1.0,3932.7,2026-03-23,On Time,SAP-Style Time
LAB-003859,20260316,118,483,40.0,40.0,29.5,10.5,0.0,0.0,123.33,1.0,3638.24,2026-03-24,On Time,SAP-Style Time
LAB-003860,20260316,119,231,30.0,30.0,22.5,7.5,0.0,0.0,98.99,1.5,2227.28,2026-03-23,On Time,SAP-Style Time
LAB-006327,20260316,119,263,10.0,10.0,7.5,2.5,0.0,0.0,98.99,1.5,742.43,2026-03-23,On Time,SAP-Style Time
LAB-003861,20260316,120,50,40.0,40.0,30.0,10.0,0.0,0.0,79.77,1.5,2393.1,2026-03-23,On Time,SAP-Style Time
LAB-003862,20260323,1,175,40.0,40.0,34.25,5.75,0.0,0.0,100.39,1.5,3438.36,2026-03-29,On Time,SAP-Style Time
LAB-003863,20260323,2,9,40.0,40.0,42.75,2.25,5.0,0.0,150.62,1.0,6439.01,2026-03-31,On Time,SAP-Style Time
LAB-003864,20260323,3,291,40.0,40.0,34.25,5.75,0.0,0.0,83.78,1.5,2869.47,2026-03-31,On Time,SAP-Style Time
LAB-003865,20260323,4,342,40.0,40.0,36.25,3.75,0.0,0.0,78.56,1.5,2847.8,2026-04-01,On Time,SAP-Style Time
LAB-003866,20260323,5,9,40.0,40.0,42.5,2.5,5.0,0.0,120.4,1.0,5117.0,2026-03-31,On Time,SAP-Style Time
LAB-003867,20260323,6,323,40.0,40.0,36.75,3.25,0.0,0.0,89.06,1.5,3272.96,2026-03-30,On Time,SAP-Style Time
LAB-003868,20260323,7,9,40.0,36.0,36.75,2.75,3.5,4.0,76.98,1.5,2963.73,2026-03-31,On Time,SAP-Style Time
LAB-003869,20260323,8,496,40.0,40.0,35.0,5.0,0.0,0.0,101.38,1.5,3548.3,2026-03-30,On Time,SAP-Style Time
LAB-003870,20260323,9,137,40.0,40.0,34.25,5.75,0.0,0.0,81.4,1.5,2787.95,2026-03-30,On Time,SAP-Style Time
LAB-003871,20260323,10,174,40.0,40.0,35.5,4.5,0.0,0.0,76.52,1.5,2716.46,2026-03-29,On Time,SAP-Style Time
LAB-003872,20260323,11,9,40.0,40.0,44.75,2.75,7.5,0.0,128.94,1.0,5770.07,2026-03-30,On Time,SAP-Style Time
LAB-003873,20260323,12,219,40.0,40.0,34.5,5.5,0.0,0.0,93.13,1.5,3212.98,2026-04-01,On Time,SAP-Style Time
LAB-003874,20260323,13,47,40.0,40.0,33.75,6.25,0.0,0.0,82.59,1.5,2787.41,2026-04-05,Late,SAP-Style Time
LAB-003875,20260323,14,9,40.0,40.0,44.75,1.5,6.25,0.0,100.38,1.5,4805.69,2026-03-29,On Time,Mobile Time Entry
LAB-003876,20260323,15,842,40.0,40.0,35.25,4.75,0.0,0.0,98.87,1.5,3485.17,2026-03-29,On Time,SAP-Style Time
LAB-003877,20260323,16,394,40.0,24.0,21.5,2.5,0.0,16.0,100.34,1.5,2157.31,2026-03-29,On Time,SAP-Style Time
LAB-003878,20260323,17,181,40.0,40.0,36.5,3.5,0.0,0.0,88.53,1.5,3231.35,2026-03-31,On Time,SAP-Style Time
LAB-003879,20260323,18,618,40.0,40.0,36.5,3.5,0.0,0.0,89.32,1.5,3260.18,2026-03-31,On Time,SAP-Style Time
LAB-003880,20260323,19,294,40.0,40.0,39.0,4.75,3.75,0.0,91.26,1.5,3730.25,2026-03-31,On Time,SAP-Style Time
LAB-003881,20260323,20,227,40.0,32.0,27.75,4.25,0.0,8.0,77.3,1.5,2145.08,2026-03-30,On Time,Mobile Time Entry
LAB-003882,20260323,21,9,40.0,40.0,43.5,1.5,5.0,0.0,77.07,1.5,3545.22,2026-03-30,On Time,SAP-Style Time
LAB-003883,20260323,22,16,40.0,40.0,34.75,5.25,0.0,0.0,102.23,1.5,3552.49,2026-03-31,On Time,SAP-Style Time
LAB-003884,20260323,23,382,40.0,40.0,34.75,5.25,0.0,0.0,85.0,1.5,2953.75,2026-03-31,On Time,SAP-Style Time
LAB-003885,20260323,24,64,40.0,40.0,36.0,4.0,0.0,0.0,81.27,1.5,2925.72,2026-03-30,On Time,SAP-Style Time
LAB-003886,20260323,25,9,40.0,40.0,40.25,3.5,3.75,0.0,102.16,1.0,4111.94,2026-03-30,On Time,SAP-Style Time
LAB-003887,20260323,26,364,40.0,40.0,35.25,4.75,0.0,0.0,85.79,1.5,3024.1,2026-03-30,On Time,SAP-Style Time
LAB-003888,20260323,27,703,40.0,28.0,24.25,3.75,0.0,12.0,104.52,1.5,2534.61,2026-03-29,On Time,SAP-Style Time
LAB-003889,20260323,28,9,40.0,40.0,45.25,2.25,7.5,0.0,82.53,1.5,4043.97,2026-03-30,On Time,SAP-Style Time
LAB-003890,20260323,29,749,40.0,40.0,34.75,5.25,0.0,0.0,79.3,1.5,2755.67,2026-03-30,On Time,SAP-Style Time
LAB-003891,20260323,30,584,40.0,40.0,40.25,5.25,5.5,0.0,79.44,1.5,3415.92,2026-03-31,On Time,SAP-Style Time
LAB-003892,20260323,31,876,40.0,24.0,21.25,2.75,0.0,16.0,105.13,1.5,2234.01,2026-03-31,On Time,SAP-Style Time
LAB-003893,20260323,32,274,40.0,40.0,36.0,4.0,0.0,0.0,82.13,1.5,2956.68,2026-03-31,On Time,SAP-Style Time
LAB-003894,20260323,33,80,40.0,32.0,28.0,4.0,0.0,8.0,89.89,1.5,2516.92,2026-03-30,On Time,SAP-Style Time
LAB-003895,20260323,34,455,40.0,40.0,33.75,6.25,0.0,0.0,98.09,1.5,3310.54,2026-03-31,On Time,SAP-Style Time
LAB-003896,20260323,35,9,40.0,40.0,45.0,2.25,7.25,0.0,91.52,1.5,4450.16,2026-03-30,On Time,SAP-Style Time
LAB-003897,20260323,36,556,40.0,40.0,35.25,4.75,0.0,0.0,82.83,1.5,2919.76,2026-03-30,On Time,Mobile Time Entry
LAB-003898,20260323,37,598,40.0,40.0,34.0,6.0,0.0,0.0,92.08,1.5,3130.72,2026-03-29,On Time,SAP-Style Time
LAB-003899,20260323,38,700,40.0,40.0,33.0,7.0,0.0,0.0,105.74,1.5,3489.42,2026-03-31,On Time,SAP-Style Time
LAB-003900,20260323,39,119,40.0,40.0,34.0,6.0,0.0,0.0,107.79,1.5,3664.86,2026-04-01,On Time,SAP-Style Time
LAB-003901,20260323,40,514,40.0,40.0,33.75,6.25,0.0,0.0,103.71,1.5,3500.21,2026-03-29,On Time,SAP-Style Time
LAB-003902,20260323,41,391,40.0,40.0,33.0,7.0,0.0,0.0,108.71,1.5,3587.43,2026-03-30,On Time,SAP-Style Time
LAB-003903,20260323,42,1,40.0,40.0,44.5,2.75,7.25,0.0,149.01,1.0,6630.95,2026-03-30,On Time,Mobile Time Entry
LAB-003904,20260323,43,536,40.0,40.0,31.75,8.25,0.0,0.0,106.75,1.5,3389.31,2026-03-31,On Time,SAP-Style Time
LAB-003905,20260323,44,1,40.0,40.0,46.0,2.5,8.5,0.0,144.49,1.0,6646.54,2026-03-30,On Time,SAP-Style Time
LAB-003906,20260323,45,1,40.0,40.0,44.0,3.5,7.5,0.0,86.24,1.5,4117.96,2026-03-30,On Time,Mobile Time Entry
LAB-003907,20260323,46,1,40.0,40.0,42.25,4.0,6.25,0.0,143.94,1.0,6081.47,2026-03-29,On Time,Mobile Time Entry
LAB-003908,20260323,47,277,40.0,40.0,33.75,6.25,0.0,0.0,106.76,1.5,3603.15,2026-03-30,On Time,SAP-Style Time
LAB-003909,20260323,48,300,24.0,24.0,19.75,4.25,0.0,0.0,87.87,1.5,1735.43,2026-03-30,On Time,SAP-Style Time
LAB-006390,20260323,48,548,16.0,16.0,13.25,2.75,0.0,0.0,87.87,1.5,1164.28,2026-03-30,On Time,SAP-Style Time
LAB-003910,20260323,49,212,40.0,40.0,33.5,6.5,0.0,0.0,83.27,1.5,2789.55,2026-03-31,On Time,SAP-Style Time
LAB-003911,20260323,50,911,40.0,40.0,33.5,6.5,0.0,0.0,101.97,1.5,3416.0,2026-03-30,On Time,Mobile Time Entry
LAB-003912,20260323,51,239,40.0,40.0,32.75,7.25,0.0,0.0,86.2,1.5,2823.05,2026-03-31,On Time,SAP-Style Time
LAB-003913,20260323,52,270,40.0,28.0,23.75,4.25,0.0,12.0,97.32,1.5,2311.35,2026-03-31,On Time,SAP-Style Time
LAB-003914,20260323,53,792,40.0,40.0,33.25,6.75,0.0,0.0,94.11,1.5,3129.16,2026-03-30,On Time,SAP-Style Time
LAB-003915,20260323,54,1,40.0,40.0,42.75,4.0,6.75,0.0,107.2,1.5,4944.6,2026-03-31,On Time,SAP-Style Time
LAB-003916,20260323,55,64,40.0,40.0,32.25,7.75,0.0,0.0,95.59,1.5,3082.78,2026-03-29,On Time,SAP-Style Time
LAB-003917,20260323,56,110,40.0,40.0,32.75,7.25,0.0,0.0,73.51,1.5,2407.45,2026-03-30,On Time,SAP-Style Time
LAB-003918,20260323,57,937,40.0,40.0,31.75,8.25,0.0,0.0,87.06,1.5,2764.16,2026-04-04,Late,SAP-Style Time
LAB-003919,20260323,58,1,40.0,40.0,40.75,3.5,4.25,0.0,119.87,1.0,4884.7,2026-03-30,On Time,SAP-Style Time
LAB-003920,20260323,59,843,40.0,40.0,32.75,7.25,0.0,0.0,83.18,1.5,2724.15,2026-03-29,On Time,SAP-Style Time
LAB-003921,20260323,60,950,40.0,40.0,31.75,8.25,0.0,0.0,86.44,1.5,2744.47,2026-03-29,On Time,SAP-Style Time
LAB-003922,20260323,61,381,40.0,40.0,31.25,8.75,0.0,0.0,83.96,1.5,2623.75,2026-04-09,Late,SAP-Style Time
LAB-003923,20260323,62,50,40.0,36.0,28.75,7.25,0.0,4.0,73.28,1.5,2106.8,2026-03-30,On Time,SAP-Style Time
LAB-003924,20260323,63,1,40.0,40.0,42.0,3.0,5.0,0.0,122.98,1.0,5165.16,2026-03-30,On Time,SAP-Style Time
LAB-003925,20260323,64,654,40.0,40.0,32.5,7.5,0.0,0.0,84.9,1.5,2759.25,2026-03-31,On Time,SAP-Style Time
LAB-003926,20260323,65,998,40.0,40.0,31.0,9.0,0.0,0.0,72.42,1.5,2245.02,2026-03-30,On Time,SAP-Style Time
LAB-003927,20260323,66,767,40.0,40.0,32.25,7.75,0.0,0.0,94.95,1.5,3062.14,2026-04-07,Late,SAP-Style Time
LAB-003928,20260323,67,843,40.0,40.0,30.75,9.25,0.0,0.0,79.97,1.5,2459.08,2026-03-29,On Time,SAP-Style Time
LAB-003929,20260323,68,786,40.0,40.0,34.0,6.0,0.0,0.0,79.96,1.5,2718.64,2026-03-31,On Time,SAP-Style Time
LAB-003930,20260323,69,601,40.0,40.0,31.25,8.75,0.0,0.0,92.5,1.5,2890.63,2026-03-30,On Time,SAP-Style Time
LAB-003931,20260323,70,503,40.0,40.0,31.5,8.5,0.0,0.0,79.17,1.5,2493.86,2026-03-30,On Time,SAP-Style Time
LAB-003932,20260323,71,778,40.0,40.0,32.75,7.25,0.0,0.0,84.44,1.5,2765.41,2026-03-31,On Time,SAP-Style Time
LAB-003933,20260323,72,1,40.0,40.0,43.5,4.5,8.0,0.0,107.82,1.0,4690.17,2026-04-07,Late,Mobile Time Entry
LAB-003934,20260323,73,298,40.0,40.0,32.5,7.5,0.0,0.0,85.94,1.5,2793.05,2026-03-30,On Time,SAP-Style Time
LAB-003935,20260323,74,783,40.0,40.0,32.5,7.5,0.0,0.0,74.38,1.5,2417.35,2026-03-29,On Time,SAP-Style Time
LAB-003936,20260323,75,835,40.0,40.0,32.0,8.0,0.0,0.0,89.39,1.5,2860.48,2026-03-30,On Time,SAP-Style Time
LAB-003937,20260323,76,364,40.0,40.0,32.75,7.25,0.0,0.0,90.27,1.5,2956.34,2026-03-29,On Time,SAP-Style Time
LAB-003938,20260323,77,738,40.0,40.0,32.25,7.75,0.0,0.0,89.33,1.5,2880.89,2026-03-30,On Time,SAP-Style Time
LAB-003939,20260323,78,845,40.0,40.0,27.25,12.75,0.0,0.0,83.91,1.5,2286.55,2026-03-30,On Time,Mobile Time Entry
LAB-003940,20260323,79,643,40.0,40.0,27.25,12.75,0.0,0.0,70.65,1.5,1925.21,2026-03-31,On Time,SAP-Style Time
LAB-003941,20260323,81,861,40.0,28.0,18.75,9.25,0.0,12.0,87.64,1.5,1643.25,2026-03-29,On Time,SAP-Style Time
LAB-003942,20260323,82,811,40.0,40.0,27.25,12.75,0.0,0.0,68.13,1.5,1856.54,2026-04-08,Late,SAP-Style Time
LAB-003943,20260323,83,801,40.0,40.0,27.25,12.75,0.0,0.0,73.3,1.5,1997.43,2026-03-30,On Time,SAP-Style Time
LAB-003944,20260323,84,376,40.0,40.0,27.25,12.75,0.0,0.0,71.25,1.5,1941.56,2026-03-29,On Time,SAP-Style Time
LAB-003945,20260323,85,848,40.0,36.0,24.25,11.75,0.0,4.0,65.88,1.5,1597.59,2026-03-29,On Time,SAP-Style Time
LAB-003946,20260323,86,20,40.0,40.0,27.25,12.75,0.0,0.0,82.25,1.5,2241.31,2026-03-30,On Time,SAP-Style Time
LAB-003947,20260323,87,623,40.0,40.0,27.25,12.75,0.0,0.0,78.64,1.5,2142.94,2026-03-30,On Time,SAP-Style Time
LAB-003948,20260323,88,415,40.0,40.0,27.0,13.0,0.0,0.0,71.87,1.5,1940.49,2026-03-29,On Time,SAP-Style Time
LAB-003949,20260323,89,646,40.0,40.0,27.25,12.75,0.0,0.0,77.91,1.5,2123.05,2026-03-30,On Time,SAP-Style Time
LAB-003950,20260323,90,861,40.0,40.0,27.25,12.75,0.0,0.0,74.99,1.5,2043.48,2026-04-04,Late,SAP-Style Time
LAB-003951,20260323,91,26,40.0,28.0,19.0,9.0,0.0,12.0,68.92,1.5,1309.48,2026-03-29,On Time,Mobile Time Entry
LAB-003952,20260323,92,607,40.0,40.0,27.25,12.75,0.0,0.0,86.57,1.5,2359.03,2026-04-01,On Time,SAP-Style Time
LAB-003953,20260323,93,938,40.0,40.0,27.25,12.75,0.0,0.0,107.35,1.0,2925.29,2026-03-30,On Time,SAP-Style Time
LAB-003954,20260323,94,876,40.0,40.0,35.5,4.5,0.0,0.0,114.66,1.5,4070.43,2026-03-31,On Time,SAP-Style Time
LAB-003955,20260323,96,9,40.0,40.0,44.0,1.75,5.75,0.0,158.23,1.0,6962.12,2026-03-31,On Time,SAP-Style Time
LAB-003956,20260323,97,528,40.0,40.0,34.25,5.75,0.0,0.0,96.85,1.5,3317.11,2026-03-29,On Time,SAP-Style Time
LAB-003957,20260323,98,9,40.0,40.0,44.5,2.5,7.0,0.0,98.56,1.5,4730.88,2026-03-31,On Time,SAP-Style Time
LAB-003958,20260323,99,204,40.0,40.0,34.75,5.25,0.0,0.0,101.82,1.5,3538.25,2026-03-30,On Time,Mobile Time Entry
LAB-003959,20260323,100,65,40.0,40.0,35.0,5.0,0.0,0.0,92.09,1.5,3223.15,2026-03-30,On Time,SAP-Style Time
LAB-003960,20260323,101,976,40.0,40.0,35.5,4.5,0.0,0.0,114.75,1.5,4073.63,2026-03-30,On Time,SAP-Style Time
LAB-003961,20260323,102,218,40.0,40.0,35.0,5.0,0.0,0.0,91.58,1.5,3205.3,2026-03-29,On Time,SAP-Style Time
LAB-003962,20260323,103,996,40.0,40.0,36.5,3.5,0.0,0.0,109.51,1.5,3997.12,2026-03-30,On Time,SAP-Style Time
LAB-003963,20260323,104,9,40.0,40.0,42.0,1.75,3.75,0.0,116.26,1.0,4882.92,2026-03-30,On Time,SAP-Style Time
LAB-003964,20260323,105,9,40.0,40.0,44.75,1.75,6.5,0.0,104.84,1.5,5032.32,2026-03-30,On Time,SAP-Style Time
LAB-003965,20260323,106,454,40.0,40.0,33.5,6.5,0.0,0.0,100.92,1.5,3380.82,2026-04-01,On Time,SAP-Style Time
LAB-003966,20260323,107,8,40.0,36.0,32.25,3.75,0.0,4.0,127.16,1.0,4100.91,2026-03-31,On Time,SAP-Style Time
LAB-003967,20260323,108,139,40.0,40.0,34.25,5.75,0.0,0.0,104.5,1.5,3579.13,2026-03-30,On Time,SAP-Style Time
LAB-003968,20260323,109,285,40.0,40.0,40.75,5.0,5.75,0.0,122.66,1.0,4998.39,2026-03-30,On Time,Mobile Time Entry
LAB-003969,20260323,110,692,40.0,40.0,35.25,4.75,0.0,0.0,144.93,1.0,5108.78,2026-03-31,On Time,SAP-Style Time
LAB-003970,20260323,111,479,40.0,40.0,35.25,4.75,0.0,0.0,106.37,1.5,3749.54,2026-03-30,On Time,SAP-Style Time
LAB-003971,20260323,112,111,40.0,40.0,35.0,5.0,0.0,0.0,93.17,1.5,3260.95,2026-03-30,On Time,SAP-Style Time
LAB-003972,20260323,113,581,40.0,40.0,34.5,5.5,0.0,0.0,97.98,1.5,3380.31,2026-03-30,On Time,SAP-Style Time
LAB-003973,20260323,114,241,40.0,40.0,29.5,10.5,0.0,0.0,97.72,1.5,2882.74,2026-03-30,On Time,SAP-Style Time
LAB-003974,20260323,115,229,40.0,40.0,29.25,10.75,0.0,0.0,89.67,1.5,2622.85,2026-03-30,On Time,SAP-Style Time
LAB-006453,20260323,116,403,16.0,16.0,11.75,4.25,0.0,0.0,131.09,1.0,1540.31,2026-03-30,On Time,SAP-Style Time
LAB-003975,20260323,116,706,24.0,24.0,17.75,6.25,0.0,0.0,131.09,1.0,2326.85,2026-03-30,On Time,SAP-Style Time
LAB-003976,20260323,118,743,40.0,40.0,29.75,10.25,0.0,0.0,123.33,1.0,3669.07,2026-03-30,On Time,SAP-Style Time
LAB-003977,20260323,119,882,40.0,40.0,30.0,10.0,0.0,0.0,98.99,1.5,2969.7,2026-03-30,On Time,SAP-Style Time
LAB-003978,20260323,120,489,40.0,32.0,24.0,8.0,0.0,8.0,79.77,1.5,1914.48,2026-03-29,On Time,SAP-Style Time
LAB-006498,20260323,120,489,40.0,32.0,24.0,8.0,0.0,8.0,79.77,1.5,1914.48,2026-03-29,On Time,SAP-Style Time
LAB-003979,20260330,1,97,40.0,40.0,35.25,4.75,0.0,0.0,100.39,1.5,3538.75,2026-04-05,On Time,SAP-Style Time
LAB-003980,20260330,2,9,40.0,40.0,42.0,3.0,5.0,0.0,150.62,1.0,6326.04,2026-04-05,On Time,SAP-Style Time
LAB-003981,20260330,3,498,40.0,40.0,34.25,5.75,0.0,0.0,83.78,1.5,2869.47,2026-04-07,On Time,SAP-Style Time
LAB-003982,20260330,4,607,40.0,40.0,35.5,4.5,0.0,0.0,78.56,1.5,2788.88,2026-04-05,On Time,SAP-Style Time
LAB-003983,20260330,5,9,40.0,40.0,43.0,3.5,6.5,0.0,120.4,1.0,5177.2,2026-04-06,On Time,SAP-Style Time
LAB-003984,20260330,6,543,40.0,40.0,36.25,3.75,0.0,0.0,89.06,1.5,3228.43,2026-04-06,On Time,SAP-Style Time
LAB-003985,20260330,7,9,40.0,36.0,38.5,1.75,4.25,4.0,76.98,1.5,3127.31,2026-04-07,On Time,Mobile Time Entry
LAB-003986,20260330,8,665,40.0,40.0,34.75,5.25,0.0,0.0,101.38,1.5,3522.96,2026-04-07,On Time,SAP-Style Time
LAB-003987,20260330,9,87,40.0,40.0,34.25,5.75,0.0,0.0,81.4,1.5,2787.95,2026-04-05,On Time,SAP-Style Time
LAB-003988,20260330,10,780,40.0,40.0,37.25,5.25,2.5,0.0,76.52,1.5,2946.02,2026-04-06,On Time,SAP-Style Time
LAB-003989,20260330,11,9,40.0,36.0,41.0,2.0,7.0,4.0,128.94,1.0,5286.54,2026-04-06,On Time,SAP-Style Time
LAB-003990,20260330,12,800,40.0,40.0,34.75,5.25,0.0,0.0,93.13,1.5,3236.27,2026-04-05,On Time,SAP-Style Time
LAB-003991,20260330,13,215,40.0,40.0,33.5,6.5,0.0,0.0,82.59,1.5,2766.77,2026-04-07,On Time,SAP-Style Time
LAB-003992,20260330,14,9,40.0,40.0,43.0,3.5,6.5,0.0,100.38,1.5,4642.58,2026-04-16,Late,SAP-Style Time
LAB-003993,20260330,15,739,40.0,40.0,35.0,5.0,0.0,0.0,98.87,1.5,3460.45,2026-04-06,On Time,SAP-Style Time
LAB-003994,20260330,16,748,40.0,40.0,39.25,4.25,3.5,0.0,100.34,1.5,4113.94,2026-04-08,On Time,SAP-Style Time
LAB-003995,20260330,17,818,40.0,40.0,36.5,3.5,0.0,0.0,88.53,1.5,3231.35,2026-04-05,On Time,SAP-Style Time
LAB-003996,20260330,18,292,40.0,40.0,35.25,4.75,0.0,0.0,89.32,1.5,3148.53,2026-04-06,On Time,SAP-Style Time
LAB-003997,20260330,19,442,40.0,40.0,35.75,4.25,0.0,0.0,91.26,1.5,3262.55,2026-04-05,On Time,SAP-Style Time
LAB-003998,20260330,20,512,40.0,40.0,35.25,4.75,0.0,0.0,77.3,1.5,2724.83,2026-04-05,On Time,SAP-Style Time
LAB-003999,20260330,21,9,40.0,40.0,42.5,1.5,4.0,0.0,77.07,1.5,3429.62,2026-04-06,On Time,SAP-Style Time
LAB-004000,20260330,22,879,40.0,40.0,35.0,5.0,0.0,0.0,102.23,1.5,3578.05,2026-04-05,On Time,SAP-Style Time
LAB-004001,20260330,23,275,40.0,40.0,37.5,5.75,3.25,0.0,85.0,1.5,3325.63,2026-04-08,On Time,SAP-Style Time
LAB-004002,20260330,24,3,40.0,36.0,32.0,4.0,0.0,4.0,81.27,1.5,2600.64,2026-04-06,On Time,SAP-Style Time
LAB-004003,20260330,25,9,40.0,40.0,45.25,2.5,7.75,0.0,102.16,1.0,4622.74,2026-04-07,On Time,SAP-Style Time
LAB-004004,20260330,26,189,40.0,40.0,35.25,4.75,0.0,0.0,85.79,1.5,3024.1,2026-04-07,On Time,Mobile Time Entry
LAB-004005,20260330,27,450,40.0,40.0,34.75,5.25,0.0,0.0,104.52,1.5,3632.07,2026-04-07,On Time,Mobile Time Entry
LAB-004006,20260330,28,9,40.0,40.0,43.0,2.75,5.75,0.0,82.53,1.5,3786.06,2026-04-06,On Time,SAP-Style Time
LAB-004007,20260330,29,846,40.0,40.0,35.25,4.75,0.0,0.0,79.3,1.5,2795.33,2026-04-06,On Time,SAP-Style Time
LAB-004008,20260330,30,613,40.0,40.0,35.25,4.75,0.0,0.0,79.44,1.5,2800.26,2026-04-06,On Time,SAP-Style Time
LAB-004009,20260330,31,362,40.0,40.0,35.75,4.25,0.0,0.0,105.13,1.5,3758.4,2026-04-06,On Time,Mobile Time Entry
LAB-004010,20260330,32,107,40.0,40.0,35.25,4.75,0.0,0.0,82.13,1.5,2895.08,2026-04-06,On Time,SAP-Style Time
LAB-004011,20260330,33,485,40.0,28.0,24.75,3.25,0.0,12.0,89.89,1.5,2224.78,2026-04-06,On Time,SAP-Style Time
LAB-004012,20260330,34,769,40.0,40.0,33.75,6.25,0.0,0.0,98.09,1.5,3310.54,2026-04-06,On Time,SAP-Style Time
LAB-004013,20260330,35,9,40.0,40.0,41.75,3.25,5.0,0.0,91.52,1.5,4049.76,2026-04-05,On Time,SAP-Style Time
LAB-004014,20260330,36,740,40.0,40.0,35.5,4.5,0.0,0.0,82.83,1.5,2940.47,2026-04-16,Late,SAP-Style Time
LAB-004015,20260330,37,164,40.0,40.0,33.75,6.25,0.0,0.0,92.08,1.5,3107.7,2026-04-06,On Time,SAP-Style Time
LAB-004016,20260330,38,824,40.0,40.0,32.75,7.25,0.0,0.0,105.74,1.5,3462.98,2026-04-06,On Time,SAP-Style Time
LAB-004017,20260330,39,382,40.0,40.0,34.25,5.75,0.0,0.0,107.79,1.5,3691.81,2026-04-07,On Time,SAP-Style Time
LAB-004018,20260330,40,401,40.0,40.0,34.25,5.75,0.0,0.0,103.71,1.5,3552.07,2026-04-07,On Time,SAP-Style Time
LAB-004019,20260330,41,1,40.0,40.0,33.0,7.0,0.0,0.0,108.71,1.5,3587.43,2026-04-06,On Time,SAP-Style Time
LAB-004020,20260330,42,1,40.0,40.0,45.75,4.0,9.75,0.0,149.01,1.0,6817.21,2026-04-06,On Time,SAP-Style Time
LAB-004021,20260330,43,352,40.0,40.0,32.0,8.0,0.0,0.0,106.75,1.5,3416.0,2026-04-06,On Time,SAP-Style Time
LAB-004022,20260330,44,1,40.0,40.0,40.5,4.5,5.0,0.0,144.49,1.0,5851.85,2026-04-05,On Time,SAP-Style Time
LAB-004023,20260330,45,1,40.0,40.0,43.25,3.5,6.75,0.0,86.24,1.5,4020.94,2026-04-07,On Time,SAP-Style Time
LAB-004024,20260330,46,1,40.0,40.0,45.5,2.25,7.75,0.0,143.94,1.0,6549.27,2026-04-06,On Time,Mobile Time Entry
LAB-004025,20260330,47,731,40.0,40.0,39.0,5.5,4.5,0.0,106.76,1.5,4403.85,2026-04-08,On Time,SAP-Style Time
LAB-004026,20260330,48,537,40.0,40.0,33.0,7.0,0.0,0.0,87.87,1.5,2899.71,2026-04-06,On Time,SAP-Style Time
LAB-004027,20260330,49,620,40.0,40.0,32.5,7.5,0.0,0.0,83.27,1.5,2706.28,2026-04-06,On Time,SAP-Style Time
LAB-004028,20260330,50,511,40.0,40.0,33.75,6.25,0.0,0.0,101.97,1.5,3441.49,2026-04-06,On Time,SAP-Style Time
LAB-004029,20260330,51,363,40.0,40.0,32.75,7.25,0.0,0.0,86.2,1.5,2823.05,2026-04-06,On Time,SAP-Style Time
LAB-004030,20260330,52,72,40.0,32.0,27.0,5.0,0.0,8.0,97.32,1.5,2627.64,2026-04-07,On Time,SAP-Style Time
LAB-004031,20260330,53,560,40.0,40.0,33.5,6.5,0.0,0.0,94.11,1.5,3152.69,2026-04-07,On Time,SAP-Style Time
LAB-004032,20260330,54,1,40.0,40.0,44.25,4.5,8.75,0.0,107.2,1.5,5212.6,2026-04-07,On Time,SAP-Style Time
LAB-004033,20260330,55,624,40.0,40.0,32.5,7.5,0.0,0.0,95.59,1.5,3106.68,2026-04-05,On Time,SAP-Style Time
LAB-004034,20260330,56,128,40.0,40.0,32.75,7.25,0.0,0.0,73.51,1.5,2407.45,2026-04-07,On Time,SAP-Style Time
LAB-004035,20260330,57,549,40.0,40.0,30.75,9.25,0.0,0.0,87.06,1.5,2677.1,2026-04-07,On Time,SAP-Style Time
LAB-004036,20260330,58,1,40.0,24.0,28.0,2.5,6.5,16.0,119.87,1.0,3356.36,2026-04-06,On Time,SAP-Style Time
LAB-004037,20260330,59,390,40.0,40.0,32.5,7.5,0.0,0.0,83.18,1.5,2703.35,2026-04-07,On Time,SAP-Style Time
LAB-004038,20260330,60,486,40.0,40.0,31.25,8.75,0.0,0.0,86.44,1.5,2701.25,2026-04-06,On Time,SAP-Style Time
LAB-004039,20260330,61,342,40.0,40.0,31.5,8.5,0.0,0.0,83.96,1.5,2644.74,2026-04-06,On Time,SAP-Style Time
LAB-004040,20260330,62,638,40.0,40.0,38.5,7.5,6.0,0.0,73.28,1.5,3041.12,2026-04-06,On Time,SAP-Style Time
LAB-004041,20260330,63,1,40.0,40.0,42.5,2.25,4.75,0.0,122.98,1.0,5226.65,2026-04-06,On Time,SAP-Style Time
LAB-004042,20260330,64,207,40.0,40.0,31.5,8.5,0.0,0.0,84.9,1.5,2674.35,2026-04-08,On Time,SAP-Style Time
LAB-004043,20260330,65,833,40.0,40.0,32.25,7.75,0.0,0.0,72.42,1.5,2335.55,2026-04-08,On Time,SAP-Style Time
LAB-004044,20260330,66,69,40.0,40.0,32.25,7.75,0.0,0.0,94.95,1.5,3062.14,2026-04-07,On Time,SAP-Style Time
LAB-004045,20260330,67,738,40.0,32.0,25.25,6.75,0.0,8.0,79.97,1.5,2019.24,2026-04-06,On Time,SAP-Style Time
LAB-004046,20260330,68,409,40.0,40.0,33.25,6.75,0.0,0.0,79.96,1.5,2658.67,2026-04-07,On Time,SAP-Style Time
LAB-004047,20260330,69,290,40.0,24.0,18.75,5.25,0.0,16.0,92.5,1.5,1734.38,2026-04-07,On Time,SAP-Style Time
LAB-004048,20260330,70,972,40.0,40.0,31.5,8.5,0.0,0.0,79.17,1.5,2493.86,2026-04-06,On Time,SAP-Style Time
LAB-004049,20260330,71,448,40.0,40.0,32.0,8.0,0.0,0.0,84.44,1.5,2702.08,2026-04-06,On Time,Mobile Time Entry
LAB-004050,20260330,72,1,40.0,36.0,36.5,3.75,4.25,4.0,107.82,1.0,3935.43,2026-04-05,On Time,Manager Adjustment
LAB-004051,20260330,73,52,40.0,40.0,32.5,7.5,0.0,0.0,85.94,1.5,2793.05,2026-04-07,On Time,SAP-Style Time
LAB-004052,20260330,74,849,40.0,40.0,32.0,8.0,0.0,0.0,74.38,1.5,2380.16,2026-04-07,On Time,SAP-Style Time
LAB-004053,20260330,75,769,40.0,40.0,31.0,9.0,0.0,0.0,89.39,1.5,2771.09,2026-04-06,On Time,SAP-Style Time
LAB-004054,20260330,76,7,40.0,28.0,23.0,5.0,0.0,12.0,90.27,1.5,2076.21,2026-04-07,On Time,SAP-Style Time
LAB-004055,20260330,77,700,40.0,40.0,32.25,7.75,0.0,0.0,89.33,1.5,2880.89,2026-04-07,On Time,SAP-Style Time
LAB-004056,20260330,78,328,40.0,40.0,27.25,12.75,0.0,0.0,83.91,1.5,2286.55,2026-04-06,On Time,SAP-Style Time
LAB-004057,20260330,79,208,40.0,40.0,27.0,13.0,0.0,0.0,70.65,1.5,1907.55,2026-04-05,On Time,Mobile Time Entry
LAB-004058,20260330,81,855,40.0,40.0,27.0,13.0,0.0,0.0,87.64,1.5,2366.28,2026-04-05,On Time,SAP-Style Time
LAB-006376,20260330,82,540,10.0,10.0,6.75,3.25,0.0,0.0,68.13,1.5,459.88,2026-04-07,On Time,SAP-Style Time
LAB-004059,20260330,82,660,30.0,30.0,20.25,9.75,0.0,0.0,68.13,1.5,1379.63,2026-04-07,On Time,SAP-Style Time
LAB-004060,20260330,83,930,40.0,40.0,27.0,13.0,0.0,0.0,73.3,1.5,1979.1,2026-04-06,On Time,SAP-Style Time
LAB-004061,20260330,84,760,40.0,40.0,26.75,13.25,0.0,0.0,71.25,1.5,1905.94,2026-04-06,On Time,SAP-Style Time
LAB-004062,20260330,85,194,40.0,40.0,27.0,13.0,0.0,0.0,65.88,1.5,1778.76,2026-04-07,On Time,SAP-Style Time
LAB-004063,20260330,86,67,40.0,40.0,27.0,13.0,0.0,0.0,82.25,1.5,2220.75,2026-04-07,On Time,SAP-Style Time
LAB-004064,20260330,87,360,40.0,16.0,10.75,5.25,0.0,24.0,78.64,1.5,845.38,2026-04-05,On Time,SAP-Style Time
LAB-004065,20260330,88,264,40.0,40.0,27.0,13.0,0.0,0.0,71.87,1.5,1940.49,2026-04-08,On Time,SAP-Style Time
LAB-004066,20260330,89,192,40.0,32.0,21.75,10.25,0.0,8.0,77.91,1.5,1694.54,2026-04-10,Late,SAP-Style Time
LAB-004067,20260330,90,309,40.0,40.0,27.25,12.75,0.0,0.0,74.99,1.5,2043.48,2026-04-05,On Time,SAP-Style Time
LAB-004068,20260330,91,590,40.0,40.0,27.0,13.0,0.0,0.0,68.92,1.5,1860.84,2026-04-07,On Time,Mobile Time Entry
LAB-004069,20260330,92,39,40.0,40.0,27.0,13.0,0.0,0.0,86.57,1.5,2337.39,2026-04-07,On Time,SAP-Style Time
LAB-006407,20260330,93,403,16.0,16.0,10.75,5.25,0.0,0.0,107.35,1.0,1154.01,2026-04-05,On Time,SAP-Style Time
LAB-004070,20260330,93,555,24.0,24.0,16.25,7.75,0.0,0.0,107.35,1.0,1744.44,2026-04-05,On Time,SAP-Style Time
LAB-004071,20260330,94,233,40.0,40.0,35.5,4.5,0.0,0.0,114.66,1.5,4070.43,2026-04-07,On Time,Mobile Time Entry
LAB-004072,20260330,96,9,40.0,40.0,44.25,3.25,7.5,0.0,158.23,1.0,7001.68,2026-04-06,On Time,SAP-Style Time
LAB-004073,20260330,97,955,40.0,40.0,39.0,5.25,4.25,0.0,96.85,1.5,3982.96,2026-04-06,On Time,SAP-Style Time
LAB-004074,20260330,98,9,40.0,32.0,37.75,1.25,7.0,8.0,98.56,1.5,4065.6,2026-04-07,On Time,SAP-Style Time
LAB-004075,20260330,99,564,40.0,40.0,35.0,5.0,0.0,0.0,101.82,1.5,3563.7,2026-04-07,On Time,SAP-Style Time
LAB-004076,20260330,100,66,40.0,24.0,21.25,2.75,0.0,16.0,92.09,1.5,1956.91,2026-04-08,On Time,SAP-Style Time
LAB-004077,20260330,101,550,40.0,40.0,34.75,5.25,0.0,0.0,114.75,1.5,3987.56,2026-04-07,On Time,SAP-Style Time
LAB-004078,20260330,102,172,40.0,40.0,35.0,5.0,0.0,0.0,91.58,1.5,3205.3,2026-04-05,On Time,Mobile Time Entry
LAB-004079,20260330,103,835,40.0,40.0,36.25,3.75,0.0,0.0,109.51,1.5,3969.74,2026-04-07,On Time,SAP-Style Time
LAB-004080,20260330,104,9,40.0,40.0,42.0,1.75,3.75,0.0,116.26,1.0,4882.92,2026-04-07,On Time,Mobile Time Entry
LAB-004081,20260330,105,9,40.0,32.0,33.5,2.0,3.5,8.0,104.84,1.5,3695.61,2026-04-06,On Time,SAP-Style Time
LAB-004082,20260330,106,852,40.0,40.0,33.75,6.25,0.0,0.0,100.92,1.5,3406.05,2026-04-06,On Time,SAP-Style Time
LAB-004083,20260330,107,906,40.0,40.0,35.75,4.25,0.0,0.0,127.16,1.0,4545.97,2026-04-06,On Time,SAP-Style Time
LAB-004084,20260330,108,358,40.0,40.0,34.0,6.0,0.0,0.0,104.5,1.5,3553.0,2026-04-06,On Time,SAP-Style Time
LAB-004085,20260330,109,671,40.0,40.0,35.0,5.0,0.0,0.0,122.66,1.0,4293.1,2026-04-05,On Time,SAP-Style Time
LAB-004086,20260330,110,61,40.0,24.0,21.5,2.5,0.0,16.0,144.93,1.0,3116.0,2026-04-07,On Time,Mobile Time Entry
LAB-004087,20260330,111,795,40.0,40.0,34.75,5.25,0.0,0.0,106.37,1.5,3696.36,2026-04-06,On Time,SAP-Style Time
LAB-004088,20260330,112,299,40.0,40.0,35.0,5.0,0.0,0.0,93.17,1.5,3260.95,2026-04-07,On Time,SAP-Style Time
LAB-004089,20260330,113,398,40.0,40.0,35.25,4.75,0.0,0.0,97.98,1.5,3453.8,2026-04-17,Late,SAP-Style Time
LAB-004090,20260330,114,489,40.0,40.0,29.5,10.5,0.0,0.0,97.72,1.5,2882.74,2026-04-07,On Time,SAP-Style Time
LAB-004091,20260330,115,848,40.0,40.0,29.25,10.75,0.0,0.0,89.67,1.5,2622.85,2026-04-06,On Time,SAP-Style Time
LAB-004092,20260330,116,89,40.0,40.0,35.0,10.0,5.0,0.0,131.09,1.0,4588.15,2026-04-05,On Time,SAP-Style Time
LAB-004093,20260330,118,830,40.0,40.0,29.75,10.25,0.0,0.0,123.33,1.0,3669.07,2026-04-06,On Time,SAP-Style Time
LAB-004094,20260330,119,660,40.0,40.0,29.5,10.5,0.0,0.0,98.99,1.5,2920.21,2026-04-06,On Time,SAP-Style Time
LAB-004095,20260330,120,986,40.0,40.0,29.75,10.25,0.0,0.0,79.77,1.5,2373.16,2026-04-05,On Time,SAP-Style Time
LAB-004096,20260406,1,523,40.0,40.0,34.75,5.25,0.0,0.0,100.39,1.5,3488.55,2026-04-13,On Time,SAP-Style Time
LAB-004097,20260406,2,9,40.0,40.0,44.25,1.5,5.75,0.0,150.62,1.0,6664.93,2026-04-12,On Time,SAP-Style Time
LAB-004098,20260406,3,857,40.0,40.0,34.25,5.75,0.0,0.0,83.78,1.5,2869.47,2026-04-14,On Time,SAP-Style Time
LAB-004099,20260406,4,384,40.0,40.0,41.5,4.75,6.25,0.0,78.56,1.5,3505.74,2026-04-19,Late,Mobile Time Entry
LAB-004100,20260406,5,9,40.0,40.0,41.25,3.25,4.5,0.0,120.4,1.0,4966.5,2026-04-13,On Time,Mobile Time Entry
LAB-004101,20260406,6,189,40.0,40.0,35.25,4.75,0.0,0.0,89.06,1.5,3139.37,2026-04-12,On Time,SAP-Style Time
LAB-004102,20260406,7,9,40.0,40.0,44.5,2.25,6.75,0.0,76.98,1.5,3685.42,2026-04-12,On Time,SAP-Style Time
LAB-004103,20260406,8,574,40.0,40.0,35.5,4.5,0.0,0.0,101.38,1.5,3598.99,2026-04-13,On Time,SAP-Style Time
LAB-004104,20260406,9,205,40.0,40.0,34.25,5.75,0.0,0.0,81.4,1.5,2787.95,2026-04-13,On Time,SAP-Style Time
LAB-004105,20260406,10,524,40.0,40.0,34.75,5.25,0.0,0.0,76.52,1.5,2659.07,2026-04-13,On Time,SAP-Style Time
LAB-004106,20260406,11,9,40.0,40.0,43.25,2.25,5.5,0.0,128.94,1.0,5576.66,2026-04-13,On Time,SAP-Style Time
LAB-004107,20260406,12,593,40.0,40.0,34.75,5.25,0.0,0.0,93.13,1.5,3236.27,2026-04-12,On Time,SAP-Style Time
LAB-004108,20260406,13,90,40.0,40.0,33.5,6.5,0.0,0.0,82.59,1.5,2766.77,2026-04-13,On Time,SAP-Style Time
LAB-004109,20260406,14,9,40.0,40.0,45.0,1.75,6.75,0.0,100.38,1.5,4855.88,2026-04-13,On Time,SAP-Style Time
LAB-004110,20260406,15,445,40.0,40.0,34.75,5.25,0.0,0.0,98.87,1.5,3435.73,2026-04-13,On Time,SAP-Style Time
LAB-004111,20260406,16,429,40.0,40.0,35.25,4.75,0.0,0.0,100.34,1.5,3536.99,2026-04-14,On Time,SAP-Style Time
LAB-004112,20260406,17,300,40.0,40.0,36.75,3.25,0.0,0.0,88.53,1.5,3253.48,2026-04-12,On Time,Mobile Time Entry
LAB-004113,20260406,18,824,40.0,16.0,14.0,2.0,0.0,24.0,89.32,1.5,1250.48,2026-04-14,On Time,SAP-Style Time
LAB-004114,20260406,19,674,40.0,40.0,39.5,4.0,3.5,0.0,91.26,1.5,3764.48,2026-04-13,On Time,SAP-Style Time
LAB-004115,20260406,20,344,40.0,40.0,35.0,5.0,0.0,0.0,77.3,1.5,2705.5,2026-04-15,On Time,SAP-Style Time
LAB-004116,20260406,21,9,40.0,40.0,45.0,2.75,7.75,0.0,77.07,1.5,3766.8,2026-04-12,On Time,SAP-Style Time
LAB-004117,20260406,22,96,40.0,40.0,34.75,5.25,0.0,0.0,102.23,1.5,3552.49,2026-04-15,On Time,SAP-Style Time
LAB-004118,20260406,23,28,40.0,40.0,36.75,5.0,1.75,0.0,85.0,1.5,3198.13,2026-04-13,On Time,SAP-Style Time
LAB-004119,20260406,24,371,40.0,40.0,35.75,4.25,0.0,0.0,81.27,1.5,2905.4,2026-04-13,On Time,SAP-Style Time
LAB-004120,20260406,25,9,40.0,40.0,42.75,3.0,5.75,0.0,102.16,1.0,4367.34,2026-04-14,On Time,SAP-Style Time
LAB-004121,20260406,26,973,40.0,40.0,38.5,4.75,3.25,0.0,85.79,1.5,3442.32,2026-04-13,On Time,SAP-Style Time
LAB-004122,20260406,27,363,40.0,40.0,34.25,5.75,0.0,0.0,104.52,1.5,3579.81,2026-04-14,On Time,SAP-Style Time
LAB-004123,20260406,28,9,40.0,40.0,40.5,3.5,4.0,0.0,82.53,1.5,3507.53,2026-04-13,On Time,SAP-Style Time
LAB-004124,20260406,29,728,40.0,40.0,36.0,4.0,0.0,0.0,79.3,1.5,2854.8,2026-04-14,On Time,Mobile Time Entry
LAB-004125,20260406,30,392,40.0,40.0,40.0,5.0,5.0,0.0,79.44,1.5,3376.2,2026-04-13,On Time,SAP-Style Time
LAB-004126,20260406,31,648,40.0,40.0,34.75,5.25,0.0,0.0,105.13,1.5,3653.27,2026-04-13,On Time,Mobile Time Entry
LAB-004127,20260406,32,648,40.0,40.0,35.0,5.0,0.0,0.0,82.13,1.5,2874.55,2026-04-14,On Time,SAP-Style Time
LAB-004128,20260406,33,119,40.0,40.0,34.75,5.25,0.0,0.0,89.89,1.5,3123.68,2026-04-14,On Time,SAP-Style Time
LAB-004129,20260406,34,389,40.0,32.0,27.0,5.0,0.0,8.0,98.09,1.5,2648.43,2026-04-12,On Time,SAP-Style Time
LAB-004130,20260406,35,9,40.0,32.0,34.0,2.75,4.75,8.0,91.52,1.5,3329.04,2026-04-13,On Time,SAP-Style Time
LAB-004131,20260406,36,763,40.0,40.0,35.5,4.5,0.0,0.0,82.83,1.5,2940.47,2026-04-13,On Time,SAP-Style Time
LAB-004132,20260406,37,296,40.0,32.0,26.75,5.25,0.0,8.0,92.08,1.5,2463.14,2026-04-14,On Time,SAP-Style Time
LAB-004133,20260406,38,174,40.0,28.0,23.0,5.0,0.0,12.0,105.74,1.5,2432.02,2026-04-13,On Time,SAP-Style Time
LAB-004134,20260406,39,142,40.0,40.0,39.5,6.0,5.5,0.0,107.79,1.5,4554.13,2026-04-17,Late,Mobile Time Entry
LAB-004135,20260406,40,548,40.0,40.0,34.25,5.75,0.0,0.0,103.71,1.5,3552.07,2026-04-14,On Time,SAP-Style Time
LAB-004136,20260406,41,11,40.0,40.0,32.75,7.25,0.0,0.0,108.71,1.5,3560.25,2026-04-13,On Time,SAP-Style Time
LAB-004137,20260406,42,1,40.0,40.0,45.0,2.25,7.25,0.0,149.01,1.0,6705.45,2026-04-13,On Time,Mobile Time Entry
LAB-004138,20260406,43,72,40.0,40.0,32.5,7.5,0.0,0.0,106.75,1.5,3469.38,2026-04-14,On Time,SAP-Style Time
LAB-004139,20260406,44,1,40.0,40.0,42.75,3.0,5.75,0.0,144.49,1.0,6176.95,2026-04-19,Late,SAP-Style Time
LAB-004140,20260406,45,1,40.0,40.0,40.5,4.25,4.75,0.0,86.24,1.5,3697.54,2026-04-22,Late,SAP-Style Time
LAB-004141,20260406,46,1,40.0,40.0,44.25,3.5,7.75,0.0,143.94,1.0,6369.34,2026-04-14,On Time,SAP-Style Time
LAB-004142,20260406,47,371,40.0,40.0,36.25,5.25,1.5,0.0,106.76,1.5,3950.12,2026-04-18,Late,SAP-Style Time
LAB-004143,20260406,48,184,40.0,40.0,33.0,7.0,0.0,0.0,87.87,1.5,2899.71,2026-04-14,On Time,SAP-Style Time
LAB-004144,20260406,49,851,40.0,40.0,33.0,7.0,0.0,0.0,83.27,1.5,2747.91,2026-04-18,Late,SAP-Style Time
LAB-004145,20260406,50,410,40.0,40.0,33.5,6.5,0.0,0.0,101.97,1.5,3416.0,2026-04-14,On Time,Mobile Time Entry
LAB-004146,20260406,51,320,40.0,40.0,32.5,7.5,0.0,0.0,86.2,1.5,2801.5,2026-04-13,On Time,SAP-Style Time
LAB-004147,20260406,52,770,40.0,40.0,33.5,6.5,0.0,0.0,97.32,1.5,3260.22,2026-04-12,On Time,SAP-Style Time
LAB-004148,20260406,53,907,40.0,28.0,23.5,4.5,0.0,12.0,94.11,1.5,2211.59,2026-04-13,On Time,SAP-Style Time
LAB-004149,20260406,54,1,40.0,40.0,45.75,2.75,8.5,0.0,107.2,1.5,5360.0,2026-04-13,On Time,Mobile Time Entry
LAB-004150,20260406,55,251,40.0,40.0,32.75,7.25,0.0,0.0,95.59,1.5,3130.57,2026-04-14,On Time,SAP-Style Time
LAB-004151,20260406,56,416,40.0,32.0,27.0,5.0,0.0,8.0,73.51,1.5,1984.77,2026-04-13,On Time,Mobile Time Entry
LAB-004152,20260406,57,58,40.0,40.0,31.25,8.75,0.0,0.0,87.06,1.5,2720.63,2026-04-13,On Time,Mobile Time Entry
LAB-004153,20260406,58,1,40.0,40.0,47.0,2.25,9.25,0.0,119.87,1.0,5633.89,2026-04-14,On Time,SAP-Style Time
LAB-004154,20260406,59,572,40.0,40.0,32.75,7.25,0.0,0.0,83.18,1.5,2724.15,2026-04-15,On Time,Mobile Time Entry
LAB-004155,20260406,60,182,40.0,40.0,31.5,8.5,0.0,0.0,86.44,1.5,2722.86,2026-04-15,On Time,SAP-Style Time
LAB-004156,20260406,61,51,40.0,28.0,21.75,6.25,0.0,12.0,83.96,1.5,1826.13,2026-04-14,On Time,SAP-Style Time
LAB-004157,20260406,62,179,40.0,40.0,31.75,8.25,0.0,0.0,73.28,1.5,2326.64,2026-04-14,On Time,SAP-Style Time
LAB-004158,20260406,63,1,40.0,40.0,41.75,3.5,5.25,0.0,122.98,1.0,5134.42,2026-04-14,On Time,SAP-Style Time
LAB-004159,20260406,64,434,40.0,40.0,31.25,8.75,0.0,0.0,84.9,1.5,2653.13,2026-04-12,On Time,SAP-Style Time
LAB-004160,20260406,65,293,40.0,40.0,32.75,7.25,0.0,0.0,72.42,1.5,2371.76,2026-04-13,On Time,SAP-Style Time
LAB-004161,20260406,66,353,40.0,32.0,29.5,5.75,3.25,8.0,94.95,1.5,2955.32,2026-04-12,On Time,SAP-Style Time
LAB-004162,20260406,67,892,40.0,40.0,30.75,9.25,0.0,0.0,79.97,1.5,2459.08,2026-04-21,Late,SAP-Style Time
LAB-004163,20260406,68,49,40.0,40.0,33.25,6.75,0.0,0.0,79.96,1.5,2658.67,2026-04-14,On Time,SAP-Style Time
LAB-004164,20260406,69,381,40.0,40.0,35.75,8.75,4.5,0.0,92.5,1.5,3515.0,2026-04-12,On Time,SAP-Style Time
LAB-004165,20260406,70,231,40.0,40.0,32.0,8.0,0.0,0.0,79.17,1.5,2533.44,2026-04-13,On Time,SAP-Style Time
LAB-006457,20260406,71,680,14.0,14.0,11.0,3.0,0.0,0.0,84.44,1.5,928.84,2026-04-14,On Time,SAP-Style Time
LAB-004166,20260406,71,920,26.0,26.0,20.5,5.5,0.0,0.0,84.44,1.5,1731.02,2026-04-14,On Time,SAP-Style Time
LAB-004167,20260406,72,1,40.0,40.0,39.75,4.5,4.25,0.0,107.82,1.0,4285.84,2026-04-13,On Time,SAP-Style Time
LAB-004168,20260406,73,740,40.0,40.0,32.75,7.25,0.0,0.0,85.94,1.5,2814.54,2026-04-18,Late,SAP-Style Time
LAB-004169,20260406,74,354,40.0,40.0,32.0,8.0,0.0,0.0,74.38,1.5,2380.16,2026-04-14,On Time,SAP-Style Time
LAB-004170,20260406,75,658,40.0,40.0,31.25,8.75,0.0,0.0,89.39,1.5,2793.44,2026-04-13,On Time,SAP-Style Time
LAB-004171,20260406,76,915,40.0,40.0,33.0,7.0,0.0,0.0,90.27,1.5,2978.91,2026-04-15,On Time,SAP-Style Time
LAB-004172,20260406,77,487,40.0,40.0,32.25,7.75,0.0,0.0,89.33,1.5,2880.89,2026-04-13,On Time,Manager Adjustment
LAB-004173,20260406,78,620,40.0,40.0,27.0,13.0,0.0,0.0,83.91,1.5,2265.57,2026-04-13,On Time,SAP-Style Time
LAB-004174,20260406,79,688,40.0,40.0,27.0,13.0,0.0,0.0,70.65,1.5,1907.55,2026-04-13,On Time,SAP-Style Time
LAB-004175,20260406,81,729,40.0,40.0,27.25,12.75,0.0,0.0,87.64,1.5,2388.19,2026-04-12,On Time,Mobile Time Entry
LAB-004176,20260406,82,119,40.0,40.0,27.0,13.0,0.0,0.0,68.13,1.5,1839.51,2026-04-14,On Time,Mobile Time Entry
LAB-004177,20260406,83,623,40.0,28.0,19.0,9.0,0.0,12.0,73.3,1.5,1392.7,2026-04-13,On Time,SAP-Style Time
LAB-004178,20260406,84,55,40.0,40.0,27.25,12.75,0.0,0.0,71.25,1.5,1941.56,2026-04-13,On Time,SAP-Style Time
LAB-004179,20260406,85,6,40.0,40.0,27.0,13.0,0.0,0.0,65.88,1.5,1778.76,2026-04-15,On Time,Mobile Time Entry
LAB-004180,20260406,86,201,40.0,40.0,26.75,13.25,0.0,0.0,82.25,1.5,2200.19,2026-04-13,On Time,SAP-Style Time
LAB-004181,20260406,87,892,40.0,40.0,27.0,13.0,0.0,0.0,78.64,1.5,2123.28,2026-04-13,On Time,SAP-Style Time
LAB-004182,20260406,88,470,40.0,40.0,27.0,13.0,0.0,0.0,71.87,1.5,1940.49,2026-04-12,On Time,Mobile Time Entry
LAB-004183,20260406,89,558,40.0,40.0,27.25,12.75,0.0,0.0,77.91,1.5,2123.05,2026-04-13,On Time,SAP-Style Time
LAB-004184,20260406,90,991,40.0,40.0,27.25,12.75,0.0,0.0,74.99,1.5,2043.48,2026-04-13,On Time,SAP-Style Time
LAB-004185,20260406,91,969,40.0,40.0,27.0,13.0,0.0,0.0,68.92,1.5,1860.84,2026-04-12,On Time,SAP-Style Time
LAB-004186,20260406,92,660,40.0,40.0,27.0,13.0,0.0,0.0,86.57,1.5,2337.39,2026-04-13,On Time,SAP-Style Time
LAB-004187,20260406,93,239,40.0,40.0,27.25,12.75,0.0,0.0,107.35,1.0,2925.29,2026-04-13,On Time,Mobile Time Entry
LAB-004188,20260406,94,31,40.0,40.0,35.25,4.75,0.0,0.0,114.66,1.5,4041.77,2026-04-14,On Time,Mobile Time Entry
LAB-004189,20260406,96,9,40.0,28.0,30.75,1.25,4.0,12.0,158.23,1.0,4865.57,2026-04-13,On Time,SAP-Style Time
LAB-004190,20260406,97,448,26.0,26.0,26.0,3.5,3.5,0.0,96.85,1.5,2687.59,2026-04-14,On Time,SAP-Style Time
LAB-006420,20260406,97,632,14.0,14.0,14.0,1.75,1.75,0.0,96.85,1.5,1440.64,2026-04-14,On Time,SAP-Style Time
LAB-004191,20260406,98,9,40.0,40.0,42.0,3.5,5.5,0.0,98.56,1.5,4410.56,2026-04-13,On Time,SAP-Style Time
LAB-004192,20260406,99,838,40.0,40.0,35.0,5.0,0.0,0.0,101.82,1.5,3563.7,2026-04-13,On Time,SAP-Style Time
LAB-004193,20260406,100,469,40.0,40.0,34.75,5.25,0.0,0.0,92.09,1.5,3200.13,2026-04-13,On Time,SAP-Style Time
LAB-004194,20260406,101,478,40.0,40.0,34.25,5.75,0.0,0.0,114.75,1.5,3930.19,2026-04-14,On Time,SAP-Style Time
LAB-004195,20260406,102,994,40.0,40.0,35.0,5.0,0.0,0.0,91.58,1.5,3205.3,2026-04-13,On Time,SAP-Style Time
LAB-004196,20260406,103,861,40.0,40.0,35.5,4.5,0.0,0.0,109.51,1.5,3887.61,2026-04-14,On Time,SAP-Style Time
LAB-004197,20260406,104,9,40.0,40.0,41.0,3.25,4.25,0.0,116.26,1.0,4766.66,2026-04-13,On Time,SAP-Style Time
LAB-004198,20260406,105,9,40.0,40.0,42.5,3.5,6.0,0.0,104.84,1.5,4770.22,2026-04-14,On Time,SAP-Style Time
LAB-004199,20260406,106,798,40.0,40.0,34.5,5.5,0.0,0.0,100.92,1.5,3481.74,2026-04-12,On Time,SAP-Style Time
LAB-004200,20260406,107,293,40.0,40.0,35.75,4.25,0.0,0.0,127.16,1.0,4545.97,2026-04-14,On Time,SAP-Style Time
LAB-004201,20260406,108,698,40.0,40.0,33.75,6.25,0.0,0.0,104.5,1.5,3526.88,2026-04-12,On Time,SAP-Style Time
LAB-004202,20260406,109,640,40.0,32.0,28.0,4.0,0.0,8.0,122.66,1.0,3434.48,2026-04-17,Late,SAP-Style Time
LAB-004203,20260406,110,462,40.0,40.0,35.5,4.5,0.0,0.0,144.93,1.0,5145.02,2026-04-13,On Time,SAP-Style Time
LAB-004204,20260406,111,673,40.0,40.0,34.5,5.5,0.0,0.0,106.37,1.5,3669.77,2026-04-13,On Time,SAP-Style Time
LAB-004205,20260406,112,322,40.0,40.0,35.25,5.75,1.0,0.0,93.17,1.5,3330.83,2026-04-14,On Time,SAP-Style Time
LAB-004206,20260406,113,565,40.0,24.0,21.0,3.0,0.0,16.0,97.98,1.5,2057.58,2026-04-13,On Time,SAP-Style Time
LAB-004207,20260406,114,339,40.0,36.0,26.0,10.0,0.0,4.0,97.72,1.5,2540.72,2026-04-14,On Time,SAP-Style Time
LAB-004208,20260406,115,87,40.0,36.0,26.5,9.5,0.0,4.0,89.67,1.5,2376.26,2026-04-12,On Time,SAP-Style Time
LAB-004209,20260406,116,795,40.0,32.0,24.0,8.0,0.0,8.0,131.09,1.0,3146.16,2026-04-13,On Time,SAP-Style Time
LAB-004210,20260406,118,420,40.0,16.0,12.0,4.0,0.0,24.0,123.33,1.0,1479.96,2026-04-13,On Time,SAP-Style Time
LAB-004211,20260406,119,443,40.0,40.0,29.5,10.5,0.0,0.0,98.99,1.5,2920.21,2026-04-12,On Time,Mobile Time Entry
LAB-004212,20260406,120,992,40.0,40.0,33.5,9.5,3.0,0.0,79.77,1.5,2791.95,2026-04-18,Late,SAP-Style Time
LAB-004213,20260413,1,264,40.0,40.0,34.75,5.25,0.0,0.0,100.39,1.5,3488.55,2026-04-22,On Time,SAP-Style Time
LAB-004214,20260413,2,9,40.0,40.0,44.75,2.5,7.25,0.0,150.62,1.0,6740.25,2026-04-19,On Time,SAP-Style Time
LAB-004215,20260413,3,814,40.0,40.0,35.0,5.0,0.0,0.0,83.78,1.5,2932.3,2026-04-20,On Time,SAP-Style Time
LAB-004216,20260413,4,651,40.0,40.0,35.5,4.5,0.0,0.0,78.56,1.5,2788.88,2026-04-22,On Time,SAP-Style Time
LAB-004217,20260413,5,9,40.0,40.0,45.75,1.75,7.5,0.0,120.4,1.0,5508.3,2026-04-20,On Time,SAP-Style Time
LAB-004218,20260413,6,777,40.0,40.0,36.25,3.75,0.0,0.0,89.06,1.5,3228.43,2026-04-21,On Time,SAP-Style Time
LAB-004219,20260413,7,9,40.0,40.0,46.25,1.75,8.0,0.0,76.98,1.5,3868.25,2026-04-20,On Time,SAP-Style Time
LAB-004220,20260413,8,527,40.0,40.0,34.75,5.25,0.0,0.0,101.38,1.5,3522.96,2026-04-22,On Time,SAP-Style Time
LAB-004221,20260413,9,646,40.0,40.0,34.25,5.75,0.0,0.0,81.4,1.5,2787.95,2026-04-20,On Time,SAP-Style Time
LAB-004222,20260413,10,578,40.0,32.0,27.5,4.5,0.0,8.0,76.52,1.5,2104.3,2026-04-26,Late,SAP-Style Time
LAB-004223,20260413,11,9,40.0,40.0,41.25,2.75,4.0,0.0,128.94,1.0,5318.78,2026-04-20,On Time,Mobile Time Entry
LAB-004224,20260413,12,97,40.0,36.0,30.75,5.25,0.0,4.0,93.13,1.5,2863.75,2026-04-20,On Time,SAP-Style Time
LAB-004225,20260413,13,137,30.0,30.0,25.5,4.5,0.0,0.0,82.59,1.5,2106.05,2026-04-30,Late,SAP-Style Time
LAB-006428,20260413,13,680,10.0,10.0,8.5,1.5,0.0,0.0,82.59,1.5,702.02,2026-04-30,Late,SAP-Style Time
LAB-004226,20260413,14,9,40.0,40.0,42.0,2.0,4.0,0.0,100.38,1.5,4416.72,2026-04-21,On Time,SAP-Style Time
LAB-004227,20260413,15,118,40.0,40.0,34.5,5.5,0.0,0.0,98.87,1.5,3411.02,2026-04-20,On Time,SAP-Style Time
LAB-004228,20260413,16,96,40.0,40.0,35.25,4.75,0.0,0.0,100.34,1.5,3536.99,2026-04-21,On Time,SAP-Style Time
LAB-004229,20260413,17,974,40.0,36.0,32.75,3.25,0.0,4.0,88.53,1.5,2899.36,2026-04-19,On Time,SAP-Style Time
LAB-004230,20260413,18,355,40.0,40.0,35.0,5.0,0.0,0.0,89.32,1.5,3126.2,2026-04-26,Late,SAP-Style Time
LAB-004231,20260413,19,590,40.0,40.0,35.25,4.75,0.0,0.0,91.26,1.5,3216.92,2026-04-19,On Time,SAP-Style Time
LAB-004232,20260413,20,567,40.0,40.0,35.5,4.5,0.0,0.0,77.3,1.5,2744.15,2026-04-20,On Time,SAP-Style Time
LAB-004233,20260413,21,9,40.0,40.0,41.5,2.75,4.25,0.0,77.07,1.5,3362.18,2026-04-24,Late,SAP-Style Time
LAB-004234,20260413,22,299,40.0,40.0,35.25,4.75,0.0,0.0,102.23,1.5,3603.61,2026-04-19,On Time,Manager Adjustment
LAB-004235,20260413,23,470,40.0,40.0,35.5,4.5,0.0,0.0,85.0,1.5,3017.5,2026-04-21,On Time,SAP-Style Time
LAB-004236,20260413,24,900,40.0,40.0,35.75,4.25,0.0,0.0,81.27,1.5,2905.4,2026-04-19,On Time,Mobile Time Entry
LAB-004237,20260413,25,9,40.0,40.0,42.5,3.5,6.0,0.0,102.16,1.0,4341.8,2026-04-27,Late,Mobile Time Entry
LAB-004238,20260413,26,224,40.0,40.0,35.25,4.75,0.0,0.0,85.79,1.5,3024.1,2026-04-21,On Time,SAP-Style Time
LAB-004239,20260413,27,370,40.0,40.0,35.0,5.0,0.0,0.0,104.52,1.5,3658.2,2026-04-20,On Time,SAP-Style Time
LAB-004240,20260413,28,9,40.0,40.0,44.0,2.5,6.5,0.0,82.53,1.5,3899.54,2026-04-20,On Time,SAP-Style Time
LAB-004241,20260413,29,100,40.0,40.0,36.0,4.0,0.0,0.0,79.3,1.5,2854.8,2026-04-19,On Time,SAP-Style Time
LAB-004242,20260413,30,623,40.0,32.0,28.0,4.0,0.0,8.0,79.44,1.5,2224.32,2026-04-21,On Time,Mobile Time Entry
LAB-004243,20260413,31,108,40.0,40.0,35.0,5.0,0.0,0.0,105.13,1.5,3679.55,2026-04-20,On Time,SAP-Style Time
LAB-004244,20260413,32,50,40.0,40.0,35.0,5.0,0.0,0.0,82.13,1.5,2874.55,2026-04-21,On Time,SAP-Style Time
LAB-004245,20260413,33,588,40.0,40.0,35.75,4.25,0.0,0.0,89.89,1.5,3213.57,2026-04-21,On Time,SAP-Style Time
LAB-004246,20260413,34,318,40.0,40.0,34.0,6.0,0.0,0.0,98.09,1.5,3335.06,2026-04-20,On Time,SAP-Style Time
LAB-004247,20260413,35,9,40.0,32.0,37.0,1.25,6.25,8.0,91.52,1.5,3672.24,2026-04-22,On Time,SAP-Style Time
LAB-004248,20260413,36,884,40.0,40.0,36.0,4.0,0.0,0.0,82.83,1.5,2981.88,2026-04-21,On Time,SAP-Style Time
LAB-004249,20260413,37,254,40.0,40.0,33.25,6.75,0.0,0.0,92.08,1.5,3061.66,2026-04-22,On Time,Mobile Time Entry
LAB-004250,20260413,38,591,40.0,40.0,32.75,7.25,0.0,0.0,105.74,1.5,3462.98,2026-04-21,On Time,SAP-Style Time
LAB-004251,20260413,39,123,40.0,40.0,33.25,6.75,0.0,0.0,107.79,1.5,3584.02,2026-04-20,On Time,SAP-Style Time
LAB-004252,20260413,40,368,40.0,40.0,34.5,5.5,0.0,0.0,103.71,1.5,3578.0,2026-04-20,On Time,SAP-Style Time
LAB-004253,20260413,41,394,40.0,40.0,33.0,7.0,0.0,0.0,108.71,1.5,3587.43,2026-04-21,On Time,SAP-Style Time
LAB-004254,20260413,42,1,40.0,40.0,46.5,2.5,9.0,0.0,149.01,1.0,6928.97,2026-04-19,On Time,SAP-Style Time
LAB-004255,20260413,43,11,40.0,40.0,32.5,7.5,0.0,0.0,106.75,1.5,3469.38,2026-04-20,On Time,SAP-Style Time
LAB-004256,20260413,44,1,40.0,28.0,31.25,2.5,5.75,12.0,144.49,1.0,4515.31,2026-04-20,On Time,SAP-Style Time
LAB-004257,20260413,45,1,40.0,40.0,47.25,2.25,9.5,0.0,86.24,1.5,4484.48,2026-04-20,On Time,SAP-Style Time
LAB-004258,20260413,46,1,40.0,40.0,45.25,3.0,8.25,0.0,143.94,1.0,6513.29,2026-04-20,On Time,SAP-Style Time
LAB-004259,20260413,47,583,40.0,40.0,37.0,5.25,2.25,0.0,106.76,1.5,4070.23,2026-04-21,On Time,SAP-Style Time
LAB-004260,20260413,48,125,40.0,40.0,33.75,6.25,0.0,0.0,87.87,1.5,2965.61,2026-04-19,On Time,SAP-Style Time
LAB-004261,20260413,49,592,40.0,40.0,32.75,7.25,0.0,0.0,83.27,1.5,2727.09,2026-04-26,Late,Mobile Time Entry
LAB-004262,20260413,50,203,40.0,40.0,33.25,6.75,0.0,0.0,101.97,1.5,3390.5,2026-04-19,On Time,SAP-Style Time
LAB-004263,20260413,51,1,40.0,40.0,32.25,7.75,0.0,0.0,86.2,1.5,2779.95,2026-04-21,On Time,SAP-Style Time
LAB-004264,20260413,52,305,40.0,40.0,33.5,6.5,0.0,0.0,97.32,1.5,3260.22,2026-04-22,On Time,SAP-Style Time
LAB-004265,20260413,53,82,40.0,40.0,33.5,6.5,0.0,0.0,94.11,1.5,3152.69,2026-04-21,On Time,SAP-Style Time
LAB-004266,20260413,54,1,40.0,40.0,41.5,3.75,5.25,0.0,107.2,1.5,4730.2,2026-04-20,On Time,SAP-Style Time
LAB-004267,20260413,55,118,40.0,40.0,32.25,7.75,0.0,0.0,95.59,1.5,3082.78,2026-04-19,On Time,SAP-Style Time
LAB-004268,20260413,56,527,40.0,40.0,33.0,7.0,0.0,0.0,73.51,1.5,2425.83,2026-04-20,On Time,Mobile Time Entry
LAB-004269,20260413,57,419,40.0,40.0,31.75,8.25,0.0,0.0,87.06,1.5,2764.16,2026-04-21,On Time,SAP-Style Time
LAB-004270,20260413,58,1,40.0,36.0,38.75,3.75,6.5,4.0,119.87,1.0,4644.96,2026-04-20,On Time,SAP-Style Time
LAB-004271,20260413,59,601,40.0,40.0,32.75,7.25,0.0,0.0,83.18,1.5,2724.15,2026-04-19,On Time,SAP-Style Time
LAB-004272,20260413,60,493,40.0,40.0,31.0,9.0,0.0,0.0,86.44,1.5,2679.64,2026-04-21,On Time,SAP-Style Time
LAB-004273,20260413,61,546,40.0,40.0,32.0,8.0,0.0,0.0,83.96,1.5,2686.72,2026-04-20,On Time,SAP-Style Time
LAB-004274,20260413,62,245,40.0,40.0,32.25,7.75,0.0,0.0,73.28,1.5,2363.28,2026-04-21,On Time,Mobile Time Entry
LAB-004275,20260413,63,1,40.0,40.0,44.25,2.25,6.5,0.0,122.98,1.0,5441.87,2026-04-21,On Time,SAP-Style Time
LAB-004276,20260413,64,687,40.0,40.0,31.25,8.75,0.0,0.0,84.9,1.5,2653.13,2026-04-19,On Time,SAP-Style Time
LAB-004277,20260413,65,155,40.0,40.0,32.5,7.5,0.0,0.0,72.42,1.5,2353.65,2026-04-20,On Time,SAP-Style Time
LAB-004278,20260413,66,767,40.0,40.0,33.0,7.0,0.0,0.0,94.95,1.5,3133.35,2026-04-20,On Time,SAP-Style Time
LAB-004279,20260413,67,298,40.0,40.0,31.0,9.0,0.0,0.0,79.97,1.5,2479.07,2026-04-20,On Time,Mobile Time Entry
LAB-004280,20260413,68,277,40.0,40.0,33.25,6.75,0.0,0.0,79.96,1.5,2658.67,2026-04-20,On Time,Mobile Time Entry
LAB-004281,20260413,69,240,40.0,40.0,31.0,9.0,0.0,0.0,92.5,1.5,2867.5,2026-04-20,On Time,SAP-Style Time
LAB-004282,20260413,70,843,40.0,40.0,31.5,8.5,0.0,0.0,79.17,1.5,2493.86,2026-04-20,On Time,SAP-Style Time
LAB-004283,20260413,71,338,40.0,40.0,31.75,8.25,0.0,0.0,84.44,1.5,2680.97,2026-04-20,On Time,SAP-Style Time
LAB-004284,20260413,72,1,40.0,40.0,47.5,2.5,10.0,0.0,107.82,1.0,5121.45,2026-04-21,On Time,SAP-Style Time
LAB-004285,20260413,73,195,40.0,40.0,32.5,7.5,0.0,0.0,85.94,1.5,2793.05,2026-04-21,On Time,SAP-Style Time
LAB-004286,20260413,74,16,40.0,40.0,32.25,7.75,0.0,0.0,74.38,1.5,2398.75,2026-04-20,On Time,SAP-Style Time
LAB-004287,20260413,75,971,40.0,16.0,12.5,3.5,0.0,24.0,89.39,1.5,1117.38,2026-04-20,On Time,SAP-Style Time
LAB-004288,20260413,76,919,40.0,40.0,32.75,7.25,0.0,0.0,90.27,1.5,2956.34,2026-04-20,On Time,SAP-Style Time
LAB-004289,20260413,77,288,26.0,26.0,21.0,5.0,0.0,0.0,89.33,1.5,1875.93,2026-04-20,On Time,SAP-Style Time
LAB-006415,20260413,77,549,14.0,14.0,11.25,2.75,0.0,0.0,89.33,1.5,1004.96,2026-04-20,On Time,SAP-Style Time
LAB-004290,20260413,78,208,40.0,32.0,21.75,10.25,0.0,8.0,83.91,1.5,1825.04,2026-04-21,On Time,SAP-Style Time
LAB-004291,20260413,79,780,40.0,40.0,27.0,13.0,0.0,0.0,70.65,1.5,1907.55,2026-04-21,On Time,SAP-Style Time
LAB-004292,20260413,81,430,40.0,40.0,26.75,13.25,0.0,0.0,87.64,1.5,2344.37,2026-04-20,On Time,Mobile Time Entry
LAB-004293,20260413,82,633,40.0,40.0,27.5,12.5,0.0,0.0,68.13,1.5,1873.57,2026-04-20,On Time,SAP-Style Time
LAB-004294,20260413,83,851,40.0,28.0,19.0,9.0,0.0,12.0,73.3,1.5,1392.7,2026-04-21,On Time,Mobile Time Entry
LAB-004295,20260413,84,34,40.0,40.0,26.75,13.25,0.0,0.0,71.25,1.5,1905.94,2026-04-21,On Time,SAP-Style Time
LAB-004296,20260413,85,374,40.0,32.0,21.5,10.5,0.0,8.0,65.88,1.5,1416.42,2026-04-20,On Time,SAP-Style Time
LAB-004297,20260413,86,467,40.0,40.0,27.25,12.75,0.0,0.0,82.25,1.5,2241.31,2026-04-20,On Time,SAP-Style Time
LAB-004298,20260413,87,3,40.0,40.0,26.75,13.25,0.0,0.0,78.64,1.5,2103.62,2026-04-20,On Time,SAP-Style Time
LAB-004299,20260413,88,373,40.0,40.0,27.0,13.0,0.0,0.0,71.87,1.5,1940.49,2026-04-20,On Time,Mobile Time Entry
LAB-004300,20260413,89,170,40.0,40.0,27.25,12.75,0.0,0.0,77.91,1.5,2123.05,2026-04-22,On Time,SAP-Style Time
LAB-004301,20260413,90,113,40.0,40.0,27.25,12.75,0.0,0.0,74.99,1.5,2043.48,2026-04-21,On Time,SAP-Style Time
LAB-004302,20260413,91,267,40.0,40.0,26.75,13.25,0.0,0.0,68.92,1.5,1843.61,2026-04-21,On Time,SAP-Style Time
LAB-004303,20260413,92,219,40.0,40.0,27.0,13.0,0.0,0.0,86.57,1.5,2337.39,2026-04-19,On Time,SAP-Style Time
LAB-004304,20260413,93,889,40.0,40.0,27.0,13.0,0.0,0.0,107.35,1.0,2898.45,2026-04-21,On Time,SAP-Style Time
LAB-004305,20260413,94,861,40.0,40.0,34.75,5.25,0.0,0.0,114.66,1.5,3984.44,2026-04-19,On Time,SAP-Style Time
LAB-004306,20260413,96,9,40.0,40.0,43.25,3.0,6.25,0.0,158.23,1.0,6843.45,2026-04-20,On Time,SAP-Style Time
LAB-004307,20260413,97,108,40.0,40.0,34.75,5.25,0.0,0.0,96.85,1.5,3365.54,2026-04-20,On Time,SAP-Style Time
LAB-004308,20260413,98,9,40.0,40.0,42.5,3.25,5.75,0.0,98.56,1.5,4472.16,2026-04-22,On Time,SAP-Style Time
LAB-004309,20260413,99,564,40.0,40.0,35.5,4.5,0.0,0.0,101.82,1.5,3614.61,2026-04-20,On Time,SAP-Style Time
LAB-004310,20260413,100,155,40.0,40.0,34.5,5.5,0.0,0.0,92.09,1.5,3177.11,2026-04-26,Late,SAP-Style Time
LAB-004311,20260413,101,456,40.0,40.0,34.25,5.75,0.0,0.0,114.75,1.5,3930.19,2026-04-20,On Time,SAP-Style Time
LAB-004312,20260413,102,778,40.0,40.0,35.0,5.0,0.0,0.0,91.58,1.5,3205.3,2026-04-20,On Time,SAP-Style Time
LAB-004313,20260413,103,886,40.0,40.0,35.75,4.25,0.0,0.0,109.51,1.5,3914.98,2026-04-21,On Time,SAP-Style Time
LAB-004314,20260413,104,9,40.0,40.0,42.75,2.75,5.5,0.0,116.26,1.0,4970.12,2026-04-19,On Time,SAP-Style Time
LAB-004315,20260413,105,9,40.0,40.0,42.5,2.5,5.0,0.0,104.84,1.5,4717.8,2026-04-20,On Time,Mobile Time Entry
LAB-004316,20260413,106,538,40.0,40.0,34.5,5.5,0.0,0.0,100.92,1.5,3481.74,2026-04-20,On Time,SAP-Style Time
LAB-004317,20260413,107,661,40.0,40.0,36.0,4.0,0.0,0.0,127.16,1.0,4577.76,2026-04-21,On Time,SAP-Style Time
LAB-004318,20260413,108,123,40.0,40.0,34.0,6.0,0.0,0.0,104.5,1.5,3553.0,2026-04-19,On Time,SAP-Style Time
LAB-004319,20260413,109,220,40.0,40.0,34.25,5.75,0.0,0.0,122.66,1.0,4201.11,2026-04-21,On Time,Mobile Time Entry
LAB-004320,20260413,110,993,40.0,40.0,36.0,4.0,0.0,0.0,144.93,1.0,5217.48,2026-04-20,On Time,SAP-Style Time
LAB-004321,20260413,111,765,40.0,40.0,34.5,5.5,0.0,0.0,106.37,1.5,3669.77,2026-04-21,On Time,SAP-Style Time
LAB-004322,20260413,112,495,40.0,36.0,31.25,4.75,0.0,4.0,93.17,1.5,2911.56,2026-04-19,On Time,SAP-Style Time
LAB-004323,20260413,113,463,40.0,28.0,24.25,3.75,0.0,12.0,97.98,1.5,2376.02,2026-04-20,On Time,SAP-Style Time
LAB-004324,20260413,114,737,40.0,40.0,29.25,10.75,0.0,0.0,97.72,1.5,2858.31,2026-04-20,On Time,SAP-Style Time
LAB-004325,20260413,115,774,40.0,40.0,29.25,10.75,0.0,0.0,89.67,1.5,2622.85,2026-04-20,On Time,Mobile Time Entry
LAB-004326,20260413,116,980,40.0,40.0,30.5,9.5,0.0,0.0,131.09,1.0,3998.25,2026-04-21,On Time,SAP-Style Time
LAB-004327,20260413,118,979,40.0,40.0,29.5,10.5,0.0,0.0,123.33,1.0,3638.24,2026-04-21,On Time,SAP-Style Time
LAB-004328,20260413,119,89,40.0,40.0,29.0,11.0,0.0,0.0,98.99,1.5,2870.71,2026-04-20,On Time,Mobile Time Entry
LAB-004329,20260413,120,867,40.0,36.0,27.25,8.75,0.0,4.0,79.77,1.5,2173.73,2026-04-20,On Time,SAP-Style Time
LAB-004330,20260420,1,422,40.0,40.0,34.25,5.75,0.0,0.0,100.39,1.5,3438.36,2026-04-28,On Time,SAP-Style Time
LAB-004331,20260420,2,9,40.0,40.0,43.5,2.75,6.25,0.0,150.62,1.0,6551.97,2026-04-27,On Time,SAP-Style Time
LAB-004332,20260420,3,607,40.0,36.0,31.75,4.25,0.0,4.0,83.78,1.5,2660.02,2026-04-27,On Time,SAP-Style Time
LAB-004333,20260420,4,652,40.0,40.0,35.25,4.75,0.0,0.0,78.56,1.5,2769.24,2026-04-27,On Time,SAP-Style Time
LAB-004334,20260420,5,9,40.0,16.0,20.0,1.0,5.0,24.0,120.4,1.0,2408.0,2026-04-27,On Time,SAP-Style Time
LAB-004335,20260420,6,275,40.0,40.0,36.0,4.0,0.0,0.0,89.06,1.5,3206.16,2026-04-29,On Time,SAP-Style Time
LAB-004336,20260420,7,9,40.0,40.0,43.0,3.0,6.0,0.0,76.98,1.5,3541.08,2026-04-27,On Time,SAP-Style Time
LAB-004337,20260420,8,428,40.0,40.0,34.75,5.25,0.0,0.0,101.38,1.5,3522.96,2026-04-27,On Time,SAP-Style Time
LAB-004338,20260420,9,938,40.0,28.0,24.0,4.0,0.0,12.0,81.4,1.5,1953.6,2026-04-28,On Time,SAP-Style Time
LAB-004339,20260420,10,292,40.0,40.0,34.0,6.0,0.0,0.0,76.52,1.5,2601.68,2026-04-26,On Time,SAP-Style Time
LAB-004340,20260420,11,9,40.0,40.0,45.5,2.0,7.5,0.0,128.94,1.0,5866.77,2026-04-29,On Time,SAP-Style Time
LAB-004341,20260420,12,416,40.0,40.0,34.25,5.75,0.0,0.0,93.13,1.5,3189.7,2026-04-26,On Time,SAP-Style Time
LAB-004342,20260420,13,59,40.0,40.0,33.0,7.0,0.0,0.0,82.59,1.5,2725.47,2026-04-29,On Time,SAP-Style Time
LAB-004343,20260420,14,9,40.0,40.0,43.0,2.75,5.75,0.0,100.38,1.5,4604.93,2026-04-29,On Time,SAP-Style Time
LAB-004344,20260420,15,842,40.0,40.0,34.25,5.75,0.0,0.0,98.87,1.5,3386.3,2026-04-27,On Time,SAP-Style Time
LAB-004345,20260420,16,237,40.0,40.0,35.0,5.0,0.0,0.0,100.34,1.5,3511.9,2026-05-04,Late,SAP-Style Time
LAB-004346,20260420,17,23,40.0,40.0,36.75,3.25,0.0,0.0,88.53,1.5,3253.48,2026-04-27,On Time,SAP-Style Time
LAB-004347,20260420,18,491,40.0,40.0,35.0,5.0,0.0,0.0,89.32,1.5,3126.2,2026-04-27,On Time,SAP-Style Time
LAB-004348,20260420,19,792,40.0,40.0,35.25,4.75,0.0,0.0,91.26,1.5,3216.92,2026-04-28,On Time,SAP-Style Time
LAB-004349,20260420,20,528,40.0,40.0,35.0,5.0,0.0,0.0,77.3,1.5,2705.5,2026-04-27,On Time,SAP-Style Time
LAB-004350,20260420,21,9,40.0,40.0,43.75,2.0,5.75,0.0,77.07,1.5,3593.39,2026-04-28,On Time,SAP-Style Time
LAB-004351,20260420,22,586,40.0,40.0,35.25,4.75,0.0,0.0,102.23,1.5,3603.61,2026-04-29,On Time,SAP-Style Time
LAB-004352,20260420,23,401,40.0,40.0,35.25,4.75,0.0,0.0,85.0,1.5,2996.25,2026-04-26,On Time,SAP-Style Time
LAB-004353,20260420,24,840,40.0,40.0,35.0,5.0,0.0,0.0,81.27,1.5,2844.45,2026-04-29,On Time,SAP-Style Time
LAB-004354,20260420,25,9,40.0,40.0,41.25,2.5,3.75,0.0,102.16,1.0,4214.1,2026-04-28,On Time,SAP-Style Time
LAB-004355,20260420,26,440,40.0,40.0,35.5,4.5,0.0,0.0,85.79,1.5,3045.55,2026-04-27,On Time,Mobile Time Entry
LAB-004356,20260420,27,987,40.0,40.0,35.25,4.75,0.0,0.0,104.52,1.5,3684.33,2026-04-27,On Time,SAP-Style Time
LAB-004357,20260420,28,9,40.0,40.0,42.5,2.75,5.25,0.0,82.53,1.5,3724.17,2026-04-28,On Time,SAP-Style Time
LAB-004358,20260420,29,534,40.0,40.0,35.25,4.75,0.0,0.0,79.3,1.5,2795.33,2026-04-27,On Time,SAP-Style Time
LAB-004359,20260420,30,561,40.0,40.0,34.5,5.5,0.0,0.0,79.44,1.5,2740.68,2026-04-28,On Time,SAP-Style Time
LAB-004360,20260420,31,795,40.0,40.0,40.0,5.0,5.0,0.0,105.13,1.5,4468.03,2026-04-26,On Time,SAP-Style Time
LAB-004361,20260420,32,163,40.0,40.0,34.5,5.5,0.0,0.0,82.13,1.5,2833.48,2026-04-26,On Time,SAP-Style Time
LAB-004362,20260420,33,230,40.0,40.0,36.5,3.5,0.0,0.0,89.89,1.5,3280.99,2026-04-27,On Time,SAP-Style Time
LAB-004363,20260420,34,851,40.0,40.0,33.75,6.25,0.0,0.0,98.09,1.5,3310.54,2026-04-27,On Time,SAP-Style Time
LAB-004364,20260420,35,9,40.0,40.0,44.5,2.0,6.5,0.0,91.52,1.5,4370.08,2026-04-27,On Time,SAP-Style Time
LAB-004365,20260420,36,574,40.0,40.0,36.0,4.0,0.0,0.0,82.83,1.5,2981.88,2026-04-27,On Time,SAP-Style Time
LAB-004366,20260420,37,238,40.0,32.0,27.25,4.75,0.0,8.0,92.08,1.5,2509.18,2026-04-29,On Time,SAP-Style Time
LAB-004367,20260420,38,381,40.0,40.0,32.25,7.75,0.0,0.0,105.74,1.5,3410.12,2026-04-29,On Time,SAP-Style Time
LAB-004368,20260420,39,164,40.0,40.0,33.0,7.0,0.0,0.0,107.79,1.5,3557.07,2026-04-26,On Time,SAP-Style Time
LAB-004369,20260420,40,444,40.0,40.0,34.25,5.75,0.0,0.0,103.71,1.5,3552.07,2026-04-27,On Time,SAP-Style Time
LAB-004370,20260420,41,51,40.0,32.0,27.0,5.0,0.0,8.0,108.71,1.5,2935.17,2026-04-28,On Time,Mobile Time Entry
LAB-004371,20260420,42,1,40.0,40.0,40.75,3.75,4.5,0.0,149.01,1.0,6072.16,2026-04-29,On Time,SAP-Style Time
LAB-004372,20260420,43,689,40.0,40.0,36.75,7.5,4.25,0.0,106.75,1.5,4149.91,2026-05-04,Late,SAP-Style Time
LAB-004373,20260420,44,1,40.0,40.0,40.25,4.5,4.75,0.0,144.49,1.0,5815.72,2026-04-28,On Time,SAP-Style Time
LAB-004374,20260420,45,1,40.0,40.0,46.25,3.25,9.5,0.0,86.24,1.5,4398.24,2026-04-28,On Time,SAP-Style Time
LAB-004375,20260420,46,1,40.0,40.0,45.5,4.25,9.75,0.0,143.94,1.0,6549.27,2026-05-05,Late,SAP-Style Time
LAB-004376,20260420,47,527,40.0,40.0,34.5,5.5,0.0,0.0,106.76,1.5,3683.22,2026-04-28,On Time,SAP-Style Time
LAB-004377,20260420,48,755,40.0,40.0,33.25,6.75,0.0,0.0,87.87,1.5,2921.68,2026-04-27,On Time,SAP-Style Time
LAB-004378,20260420,49,949,40.0,32.0,26.25,5.75,0.0,8.0,83.27,1.5,2185.84,2026-04-27,On Time,SAP-Style Time
LAB-004379,20260420,50,707,40.0,28.0,23.5,4.5,0.0,12.0,101.97,1.5,2396.3,2026-05-04,Late,SAP-Style Time
LAB-004380,20260420,51,871,40.0,40.0,32.5,7.5,0.0,0.0,86.2,1.5,2801.5,2026-04-27,On Time,SAP-Style Time
LAB-004381,20260420,52,265,40.0,40.0,33.5,6.5,0.0,0.0,97.32,1.5,3260.22,2026-04-26,On Time,SAP-Style Time
LAB-004382,20260420,53,587,40.0,40.0,33.5,6.5,0.0,0.0,94.11,1.5,3152.69,2026-04-28,On Time,SAP-Style Time
LAB-004383,20260420,54,1,40.0,40.0,43.0,2.75,5.75,0.0,107.2,1.5,4917.8,2026-04-26,On Time,SAP-Style Time
LAB-004384,20260420,55,299,40.0,40.0,32.25,7.75,0.0,0.0,95.59,1.5,3082.78,2026-04-28,On Time,SAP-Style Time
LAB-004385,20260420,56,192,40.0,40.0,33.25,6.75,0.0,0.0,73.51,1.5,2444.21,2026-04-27,On Time,SAP-Style Time
LAB-004386,20260420,57,92,40.0,40.0,31.75,8.25,0.0,0.0,87.06,1.5,2764.16,2026-04-27,On Time,Mobile Time Entry
LAB-004387,20260420,58,1,40.0,40.0,42.0,4.5,6.5,0.0,119.87,1.0,5034.54,2026-04-28,On Time,SAP-Style Time
LAB-004388,20260420,59,509,40.0,40.0,32.75,7.25,0.0,0.0,83.18,1.5,2724.15,2026-04-26,On Time,SAP-Style Time
LAB-004389,20260420,60,99,40.0,40.0,32.0,8.0,0.0,0.0,86.44,1.5,2766.08,2026-04-28,On Time,SAP-Style Time
LAB-004390,20260420,61,431,28.0,28.0,22.5,5.5,0.0,0.0,83.96,1.5,1889.1,2026-04-27,On Time,SAP-Style Time
LAB-006413,20260420,61,598,12.0,12.0,9.5,2.5,0.0,0.0,83.96,1.5,797.62,2026-04-27,On Time,SAP-Style Time
LAB-004391,20260420,62,757,40.0,40.0,31.75,8.25,0.0,0.0,73.28,1.5,2326.64,2026-04-26,On Time,SAP-Style Time
LAB-004392,20260420,63,1,40.0,40.0,41.5,3.75,5.25,0.0,122.98,1.0,5103.67,2026-04-27,On Time,SAP-Style Time
LAB-004393,20260420,64,223,40.0,40.0,31.5,8.5,0.0,0.0,84.9,1.5,2674.35,2026-04-26,On Time,SAP-Style Time
LAB-004394,20260420,65,304,40.0,40.0,31.25,8.75,0.0,0.0,72.42,1.5,2263.13,2026-04-28,On Time,SAP-Style Time
LAB-004395,20260420,66,979,40.0,40.0,33.0,7.0,0.0,0.0,94.95,1.5,3133.35,2026-04-27,On Time,SAP-Style Time
LAB-004396,20260420,67,843,40.0,40.0,31.25,8.75,0.0,0.0,79.97,1.5,2499.06,2026-04-27,On Time,SAP-Style Time
LAB-004397,20260420,68,246,40.0,40.0,32.75,7.25,0.0,0.0,79.96,1.5,2618.69,2026-04-26,On Time,SAP-Style Time
LAB-004398,20260420,69,545,40.0,40.0,31.25,8.75,0.0,0.0,92.5,1.5,2890.63,2026-04-28,On Time,SAP-Style Time
LAB-004399,20260420,70,437,40.0,28.0,21.75,6.25,0.0,12.0,79.17,1.5,1721.95,2026-04-27,On Time,SAP-Style Time
LAB-004400,20260420,71,353,40.0,40.0,31.5,8.5,0.0,0.0,84.44,1.5,2659.86,2026-04-27,On Time,SAP-Style Time
LAB-004401,20260420,72,1,40.0,40.0,45.75,3.0,8.75,0.0,107.82,1.0,4932.76,2026-04-28,On Time,SAP-Style Time
LAB-004402,20260420,73,50,40.0,40.0,32.5,7.5,0.0,0.0,85.94,1.5,2793.05,2026-04-27,On Time,SAP-Style Time
LAB-004403,20260420,74,997,40.0,40.0,33.0,7.0,0.0,0.0,74.38,1.5,2454.54,2026-04-26,On Time,SAP-Style Time
LAB-004404,20260420,75,192,40.0,40.0,32.25,7.75,0.0,0.0,89.39,1.5,2882.83,2026-04-27,On Time,SAP-Style Time
LAB-004405,20260420,76,28,40.0,40.0,37.5,7.25,4.75,0.0,90.27,1.5,3599.52,2026-05-02,Late,SAP-Style Time
LAB-004406,20260420,77,453,40.0,40.0,32.5,7.5,0.0,0.0,89.33,1.5,2903.23,2026-04-28,On Time,Mobile Time Entry
LAB-004407,20260420,78,781,40.0,40.0,28.25,12.75,1.0,0.0,83.91,1.5,2412.41,2026-04-28,On Time,SAP-Style Time
LAB-004408,20260420,79,796,40.0,40.0,27.25,12.75,0.0,0.0,70.65,1.5,1925.21,2026-04-29,On Time,SAP-Style Time
LAB-004409,20260420,81,998,40.0,32.0,21.5,10.5,0.0,8.0,87.64,1.5,1884.26,2026-04-27,On Time,SAP-Style Time
LAB-004410,20260420,82,3,40.0,40.0,27.25,12.75,0.0,0.0,68.13,1.5,1856.54,2026-04-29,On Time,SAP-Style Time
LAB-004411,20260420,83,901,40.0,40.0,26.75,13.25,0.0,0.0,73.3,1.5,1960.77,2026-04-27,On Time,SAP-Style Time
LAB-004412,20260420,84,756,40.0,40.0,26.75,13.25,0.0,0.0,71.25,1.5,1905.94,2026-04-28,On Time,SAP-Style Time
LAB-004413,20260420,85,179,40.0,36.0,24.25,11.75,0.0,4.0,65.88,1.5,1597.59,2026-04-27,On Time,SAP-Style Time
LAB-004414,20260420,86,920,40.0,40.0,27.0,13.0,0.0,0.0,82.25,1.5,2220.75,2026-04-27,On Time,SAP-Style Time
LAB-004415,20260420,87,581,40.0,40.0,27.0,13.0,0.0,0.0,78.64,1.5,2123.28,2026-04-27,On Time,SAP-Style Time
LAB-004416,20260420,88,313,40.0,40.0,27.0,13.0,0.0,0.0,71.87,1.5,1940.49,2026-04-26,On Time,SAP-Style Time
LAB-004417,20260420,89,558,40.0,40.0,27.25,12.75,0.0,0.0,77.91,1.5,2123.05,2026-04-27,On Time,SAP-Style Time
LAB-004418,20260420,90,204,40.0,40.0,27.0,13.0,0.0,0.0,74.99,1.5,2024.73,2026-04-26,On Time,SAP-Style Time
LAB-004419,20260420,91,765,40.0,40.0,27.25,12.75,0.0,0.0,68.92,1.5,1878.07,2026-04-26,On Time,SAP-Style Time
LAB-004420,20260420,92,3,40.0,40.0,27.0,13.0,0.0,0.0,86.57,1.5,2337.39,2026-04-26,On Time,SAP-Style Time
LAB-004421,20260420,93,511,40.0,40.0,29.25,12.75,2.0,0.0,107.35,1.0,3139.99,2026-04-28,On Time,SAP-Style Time
LAB-004422,20260420,94,808,40.0,40.0,34.75,5.25,0.0,0.0,114.66,1.5,3984.44,2026-04-26,On Time,SAP-Style Time
LAB-004423,20260420,96,9,40.0,40.0,43.0,2.25,5.25,0.0,158.23,1.0,6803.89,2026-04-28,On Time,SAP-Style Time
LAB-004424,20260420,97,243,40.0,36.0,31.5,4.5,0.0,4.0,96.85,1.5,3050.77,2026-04-28,On Time,SAP-Style Time
LAB-004425,20260420,98,9,40.0,40.0,41.75,2.25,4.0,0.0,98.56,1.5,4312.0,2026-05-04,Late,Mobile Time Entry
LAB-004426,20260420,99,730,40.0,40.0,35.25,4.75,0.0,0.0,101.82,1.5,3589.15,2026-04-27,On Time,SAP-Style Time
LAB-004427,20260420,100,169,40.0,40.0,33.75,6.25,0.0,0.0,92.09,1.5,3108.04,2026-04-28,On Time,SAP-Style Time
LAB-004428,20260420,101,685,40.0,40.0,33.75,6.25,0.0,0.0,114.75,1.5,3872.81,2026-04-29,On Time,SAP-Style Time
LAB-004429,20260420,102,597,40.0,40.0,35.25,4.75,0.0,0.0,91.58,1.5,3228.2,2026-04-26,On Time,SAP-Style Time
LAB-004430,20260420,103,56,40.0,40.0,35.75,4.25,0.0,0.0,109.51,1.5,3914.98,2026-04-27,On Time,SAP-Style Time
LAB-004431,20260420,104,9,40.0,40.0,46.0,1.75,7.75,0.0,116.26,1.0,5347.96,2026-04-27,On Time,SAP-Style Time
LAB-004432,20260420,105,9,40.0,40.0,44.25,2.5,6.75,0.0,104.84,1.5,4993.01,2026-04-28,On Time,SAP-Style Time
LAB-004433,20260420,106,515,40.0,40.0,33.75,6.25,0.0,0.0,100.92,1.5,3406.05,2026-04-27,On Time,SAP-Style Time
LAB-004434,20260420,107,180,40.0,40.0,36.0,4.0,0.0,0.0,127.16,1.0,4577.76,2026-04-29,On Time,SAP-Style Time
LAB-004435,20260420,108,818,40.0,40.0,34.5,5.5,0.0,0.0,104.5,1.5,3605.25,2026-04-28,On Time,SAP-Style Time
LAB-004436,20260420,109,431,40.0,40.0,34.0,6.0,0.0,0.0,122.66,1.0,4170.44,2026-04-26,On Time,SAP-Style Time
LAB-004437,20260420,110,693,40.0,40.0,35.5,4.5,0.0,0.0,144.93,1.0,5145.02,2026-04-28,On Time,SAP-Style Time
LAB-004438,20260420,111,324,40.0,40.0,35.0,5.0,0.0,0.0,106.37,1.5,3722.95,2026-04-27,On Time,Mobile Time Entry
LAB-004439,20260420,112,886,40.0,40.0,35.0,5.0,0.0,0.0,93.17,1.5,3260.95,2026-04-28,On Time,SAP-Style Time
LAB-004440,20260420,113,922,40.0,40.0,35.0,5.0,0.0,0.0,97.98,1.5,3429.3,2026-04-27,On Time,SAP-Style Time
LAB-004441,20260420,114,752,40.0,40.0,28.75,11.25,0.0,0.0,97.72,1.5,2809.45,2026-04-26,On Time,SAP-Style Time
LAB-004442,20260420,115,927,40.0,40.0,29.0,11.0,0.0,0.0,89.67,1.5,2600.43,2026-04-28,On Time,SAP-Style Time
LAB-004443,20260420,116,778,40.0,40.0,30.0,10.0,0.0,0.0,131.09,1.0,3932.7,2026-04-28,On Time,SAP-Style Time
LAB-004444,20260420,118,293,40.0,40.0,30.5,9.5,0.0,0.0,123.33,1.0,3761.57,2026-04-28,On Time,SAP-Style Time
LAB-004445,20260420,119,302,40.0,40.0,29.75,10.25,0.0,0.0,98.99,1.5,2944.95,2026-04-27,On Time,SAP-Style Time
LAB-004446,20260420,120,819,40.0,40.0,31.0,9.0,0.0,0.0,79.77,1.5,2472.87,2026-04-26,On Time,SAP-Style Time
LAB-004447,20260427,1,632,40.0,32.0,28.0,4.0,0.0,8.0,100.39,1.5,2810.92,2026-05-04,On Time,SAP-Style Time
LAB-004448,20260427,2,9,40.0,36.0,40.5,1.5,6.0,4.0,150.62,1.0,6100.11,2026-05-04,On Time,SAP-Style Time
LAB-006404,20260427,3,29,14.0,14.0,12.25,1.75,0.0,0.0,83.78,1.5,1026.31,2026-05-04,On Time,SAP-Style Time
LAB-004449,20260427,3,932,26.0,26.0,23.0,3.0,0.0,0.0,83.78,1.5,1926.94,2026-05-04,On Time,SAP-Style Time
LAB-004450,20260427,4,748,40.0,40.0,35.5,4.5,0.0,0.0,78.56,1.5,2788.88,2026-05-04,On Time,SAP-Style Time
LAB-004451,20260427,5,9,40.0,28.0,32.75,2.25,7.0,12.0,120.4,1.0,3943.1,2026-05-04,On Time,Mobile Time Entry
LAB-004452,20260427,6,730,40.0,16.0,14.5,1.5,0.0,24.0,89.06,1.5,1291.37,2026-05-04,On Time,SAP-Style Time
LAB-004453,20260427,7,9,40.0,40.0,43.5,2.25,5.75,0.0,76.98,1.5,3569.95,2026-05-03,On Time,SAP-Style Time
LAB-004454,20260427,8,4,40.0,40.0,35.25,4.75,0.0,0.0,101.38,1.5,3573.65,2026-05-05,On Time,SAP-Style Time
LAB-004455,20260427,9,58,40.0,40.0,35.0,5.0,0.0,0.0,81.4,1.5,2849.0,2026-05-05,On Time,SAP-Style Time
LAB-004456,20260427,10,167,40.0,24.0,20.5,3.5,0.0,16.0,76.52,1.5,1568.66,2026-05-05,On Time,SAP-Style Time
LAB-004457,20260427,11,9,40.0,40.0,41.5,3.25,4.75,0.0,128.94,1.0,5351.01,2026-05-05,On Time,SAP-Style Time
LAB-004458,20260427,12,805,40.0,40.0,39.0,6.0,5.0,0.0,93.13,1.5,3864.9,2026-05-05,On Time,SAP-Style Time
LAB-004459,20260427,13,61,40.0,32.0,26.5,5.5,0.0,8.0,82.59,1.5,2188.64,2026-05-04,On Time,SAP-Style Time
LAB-004460,20260427,14,9,40.0,40.0,42.75,3.5,6.25,0.0,100.38,1.5,4604.93,2026-05-11,Late,SAP-Style Time
LAB-004461,20260427,15,196,40.0,40.0,34.5,5.5,0.0,0.0,98.87,1.5,3411.02,2026-05-04,On Time,SAP-Style Time
LAB-004462,20260427,16,454,40.0,40.0,39.75,4.25,4.0,0.0,100.34,1.5,4189.2,2026-05-12,Late,SAP-Style Time
LAB-004463,20260427,17,129,40.0,40.0,36.0,4.0,0.0,0.0,88.53,1.5,3187.08,2026-05-04,On Time,SAP-Style Time
LAB-004464,20260427,18,110,40.0,40.0,35.25,4.75,0.0,0.0,89.32,1.5,3148.53,2026-05-04,On Time,SAP-Style Time
LAB-004465,20260427,19,990,40.0,40.0,35.0,5.0,0.0,0.0,91.26,1.5,3194.1,2026-05-03,On Time,SAP-Style Time
LAB-004466,20260427,20,638,40.0,40.0,35.5,4.5,0.0,0.0,77.3,1.5,2744.15,2026-05-05,On Time,SAP-Style Time
LAB-004467,20260427,21,9,40.0,40.0,44.0,3.0,7.0,0.0,77.07,1.5,3660.83,2026-05-05,On Time,SAP-Style Time
LAB-004468,20260427,22,174,40.0,40.0,35.5,4.5,0.0,0.0,102.23,1.5,3629.17,2026-05-04,On Time,Mobile Time Entry
LAB-004469,20260427,23,882,40.0,40.0,34.0,6.0,0.0,0.0,85.0,1.5,2890.0,2026-05-05,On Time,Mobile Time Entry
LAB-004470,20260427,24,602,40.0,40.0,35.0,5.0,0.0,0.0,81.27,1.5,2844.45,2026-05-05,On Time,SAP-Style Time
LAB-004471,20260427,25,9,40.0,40.0,42.0,2.0,4.0,0.0,102.16,1.0,4290.72,2026-05-04,On Time,SAP-Style Time
LAB-004472,20260427,26,270,40.0,40.0,35.5,4.5,0.0,0.0,85.79,1.5,3045.55,2026-05-09,Late,SAP-Style Time
LAB-004473,20260427,27,86,40.0,40.0,34.25,5.75,0.0,0.0,104.52,1.5,3579.81,2026-05-05,On Time,SAP-Style Time
LAB-004474,20260427,28,9,40.0,40.0,43.0,1.75,4.75,0.0,82.53,1.5,3744.8,2026-05-03,On Time,SAP-Style Time
LAB-004475,20260427,29,861,40.0,40.0,34.5,5.5,0.0,0.0,79.3,1.5,2735.85,2026-05-04,On Time,Mobile Time Entry
LAB-004476,20260427,30,409,40.0,40.0,34.75,5.25,0.0,0.0,79.44,1.5,2760.54,2026-05-04,On Time,SAP-Style Time
LAB-004477,20260427,31,212,40.0,24.0,20.75,3.25,0.0,16.0,105.13,1.5,2181.45,2026-05-05,On Time,Mobile Time Entry
LAB-004478,20260427,32,608,40.0,40.0,34.25,5.75,0.0,0.0,82.13,1.5,2812.95,2026-05-06,On Time,SAP-Style Time
LAB-004479,20260427,33,251,40.0,40.0,36.0,4.0,0.0,0.0,89.89,1.5,3236.04,2026-05-05,On Time,SAP-Style Time
LAB-004480,20260427,34,884,40.0,40.0,34.0,6.0,0.0,0.0,98.09,1.5,3335.06,2026-05-05,On Time,Mobile Time Entry
LAB-004481,20260427,35,9,40.0,40.0,42.5,2.25,4.75,0.0,91.52,1.5,4106.96,2026-05-04,On Time,Mobile Time Entry
LAB-004482,20260427,36,215,40.0,40.0,36.25,3.75,0.0,0.0,82.83,1.5,3002.59,2026-05-05,On Time,SAP-Style Time
LAB-004483,20260427,37,657,40.0,40.0,34.0,6.0,0.0,0.0,92.08,1.5,3130.72,2026-05-04,On Time,SAP-Style Time
LAB-004484,20260427,38,453,40.0,36.0,29.5,6.5,0.0,4.0,105.74,1.5,3119.33,2026-05-04,On Time,SAP-Style Time
LAB-004485,20260427,39,590,40.0,28.0,23.0,5.0,0.0,12.0,107.79,1.5,2479.17,2026-05-08,Late,SAP-Style Time
LAB-004486,20260427,40,306,40.0,32.0,27.25,4.75,0.0,8.0,103.71,1.5,2826.1,2026-05-09,Late,SAP-Style Time
LAB-004487,20260427,41,422,40.0,40.0,34.0,6.0,0.0,0.0,108.71,1.5,3696.14,2026-05-04,On Time,SAP-Style Time
LAB-004488,20260427,42,1,40.0,40.0,46.0,4.0,10.0,0.0,149.01,1.0,6854.46,2026-05-03,On Time,SAP-Style Time
LAB-004489,20260427,43,689,40.0,40.0,34.0,7.75,1.75,0.0,106.75,1.5,3722.91,2026-05-04,On Time,SAP-Style Time
LAB-004490,20260427,44,1,40.0,40.0,42.0,3.75,5.75,0.0,144.49,1.0,6068.58,2026-05-05,On Time,SAP-Style Time
LAB-004491,20260427,45,1,40.0,40.0,46.25,3.0,9.25,0.0,86.24,1.5,4387.46,2026-05-04,On Time,SAP-Style Time
LAB-004492,20260427,46,1,40.0,40.0,43.25,3.25,6.5,0.0,143.94,1.0,6225.41,2026-05-03,On Time,SAP-Style Time
LAB-004493,20260427,47,239,40.0,40.0,35.0,5.0,0.0,0.0,106.76,1.5,3736.6,2026-05-03,On Time,SAP-Style Time
LAB-004494,20260427,48,651,40.0,40.0,32.5,7.5,0.0,0.0,87.87,1.5,2855.78,2026-05-03,On Time,SAP-Style Time
LAB-004495,20260427,49,251,40.0,40.0,33.25,6.75,0.0,0.0,83.27,1.5,2768.73,2026-05-09,Late,SAP-Style Time
LAB-004496,20260427,50,584,40.0,40.0,33.75,6.25,0.0,0.0,101.97,1.5,3441.49,2026-05-04,On Time,SAP-Style Time
LAB-004497,20260427,51,213,40.0,40.0,32.25,7.75,0.0,0.0,86.2,1.5,2779.95,2026-05-04,On Time,Mobile Time Entry
LAB-004498,20260427,52,512,40.0,40.0,33.25,6.75,0.0,0.0,97.32,1.5,3235.89,2026-05-05,On Time,SAP-Style Time
LAB-006319,20260427,53,251,16.0,16.0,13.25,2.75,0.0,0.0,94.11,1.5,1246.96,2026-05-05,On Time,SAP-Style Time
LAB-004499,20260427,53,668,24.0,24.0,20.0,4.0,0.0,0.0,94.11,1.5,1882.2,2026-05-05,On Time,SAP-Style Time
LAB-004500,20260427,54,1,40.0,40.0,43.5,3.75,7.25,0.0,107.2,1.5,5051.8,2026-05-03,On Time,SAP-Style Time
LAB-004501,20260427,55,166,40.0,40.0,32.0,8.0,0.0,0.0,95.59,1.5,3058.88,2026-05-06,On Time,SAP-Style Time
LAB-004502,20260427,56,937,40.0,40.0,32.5,7.5,0.0,0.0,73.51,1.5,2389.08,2026-05-05,On Time,SAP-Style Time
LAB-004503,20260427,57,128,40.0,40.0,31.75,8.25,0.0,0.0,87.06,1.5,2764.16,2026-05-03,On Time,SAP-Style Time
LAB-004504,20260427,58,1,40.0,40.0,42.25,3.0,5.25,0.0,119.87,1.0,5064.51,2026-05-04,On Time,SAP-Style Time
LAB-004505,20260427,59,980,40.0,28.0,22.5,5.5,0.0,12.0,83.18,1.5,1871.55,2026-05-05,On Time,SAP-Style Time
LAB-004506,20260427,60,835,40.0,40.0,31.5,8.5,0.0,0.0,86.44,1.5,2722.86,2026-05-04,On Time,SAP-Style Time
LAB-004507,20260427,61,502,40.0,40.0,32.25,7.75,0.0,0.0,83.96,1.5,2707.71,2026-05-06,On Time,SAP-Style Time
LAB-004508,20260427,62,158,40.0,40.0,31.75,8.25,0.0,0.0,73.28,1.5,2326.64,2026-05-04,On Time,SAP-Style Time
LAB-004509,20260427,63,1,40.0,32.0,37.5,3.5,9.0,8.0,122.98,1.0,4611.75,2026-05-12,Late,SAP-Style Time
LAB-004510,20260427,64,179,40.0,40.0,31.5,8.5,0.0,0.0,84.9,1.5,2674.35,2026-05-04,On Time,SAP-Style Time
LAB-004511,20260427,65,527,40.0,40.0,31.25,8.75,0.0,0.0,72.42,1.5,2263.13,2026-05-04,On Time,SAP-Style Time
LAB-004512,20260427,66,725,40.0,40.0,32.75,7.25,0.0,0.0,94.95,1.5,3109.61,2026-05-05,On Time,SAP-Style Time
LAB-004513,20260427,67,20,40.0,40.0,31.0,9.0,0.0,0.0,79.97,1.5,2479.07,2026-05-05,On Time,Mobile Time Entry
LAB-004514,20260427,68,963,40.0,40.0,33.0,7.0,0.0,0.0,79.96,1.5,2638.68,2026-05-04,On Time,SAP-Style Time
LAB-004515,20260427,69,272,40.0,40.0,32.0,8.0,0.0,0.0,92.5,1.5,2960.0,2026-05-03,On Time,SAP-Style Time
LAB-004516,20260427,70,939,40.0,40.0,31.0,9.0,0.0,0.0,79.17,1.5,2454.27,2026-05-05,On Time,SAP-Style Time
LAB-004517,20260427,71,627,40.0,40.0,31.5,8.5,0.0,0.0,84.44,1.5,2659.86,2026-05-10,Late,Mobile Time Entry
LAB-004518,20260427,72,1,40.0,32.0,33.5,2.75,4.25,8.0,107.82,1.0,3611.97,2026-05-04,On Time,SAP-Style Time
LAB-004519,20260427,73,742,40.0,40.0,32.5,7.5,0.0,0.0,85.94,1.5,2793.05,2026-05-04,On Time,SAP-Style Time
LAB-004520,20260427,74,843,40.0,40.0,32.75,7.25,0.0,0.0,74.38,1.5,2435.94,2026-05-05,On Time,SAP-Style Time
LAB-004521,20260427,75,592,40.0,40.0,32.25,7.75,0.0,0.0,89.39,1.5,2882.83,2026-05-04,On Time,SAP-Style Time
LAB-004522,20260427,76,880,40.0,40.0,32.0,8.0,0.0,0.0,90.27,1.5,2888.64,2026-05-04,On Time,SAP-Style Time
LAB-004523,20260427,77,196,40.0,40.0,32.75,7.25,0.0,0.0,89.33,1.5,2925.56,2026-05-05,On Time,SAP-Style Time
LAB-004524,20260427,78,298,40.0,36.0,24.5,11.5,0.0,4.0,83.91,1.5,2055.8,2026-05-05,On Time,SAP-Style Time
LAB-004525,20260427,79,658,40.0,36.0,24.5,11.5,0.0,4.0,70.65,1.5,1730.93,2026-05-06,On Time,SAP-Style Time
LAB-004526,20260427,81,735,40.0,40.0,27.25,12.75,0.0,0.0,87.64,1.5,2388.19,2026-05-05,On Time,SAP-Style Time
LAB-004527,20260427,82,587,40.0,40.0,27.25,12.75,0.0,0.0,68.13,1.5,1856.54,2026-05-06,On Time,Manager Adjustment
LAB-004528,20260427,83,836,40.0,40.0,27.25,12.75,0.0,0.0,73.3,1.5,1997.43,2026-05-03,On Time,SAP-Style Time
LAB-004529,20260427,84,743,40.0,40.0,27.25,12.75,0.0,0.0,71.25,1.5,1941.56,2026-05-04,On Time,SAP-Style Time
LAB-004530,20260427,85,803,40.0,40.0,27.25,12.75,0.0,0.0,65.88,1.5,1795.23,2026-05-06,On Time,SAP-Style Time
LAB-004531,20260427,86,131,40.0,40.0,27.5,12.5,0.0,0.0,82.25,1.5,2261.88,2026-05-04,On Time,SAP-Style Time
LAB-004532,20260427,87,914,40.0,36.0,24.75,11.25,0.0,4.0,78.64,1.5,1946.34,2026-05-05,On Time,Mobile Time Entry
LAB-004533,20260427,88,840,40.0,40.0,27.25,12.75,0.0,0.0,71.87,1.5,1958.46,2026-05-04,On Time,SAP-Style Time
LAB-004534,20260427,89,430,40.0,40.0,27.0,13.0,0.0,0.0,77.91,1.5,2103.57,2026-05-03,On Time,SAP-Style Time
LAB-004535,20260427,90,946,40.0,16.0,10.75,5.25,0.0,24.0,74.99,1.5,806.14,2026-05-05,On Time,SAP-Style Time
LAB-004536,20260427,91,79,40.0,40.0,27.25,12.75,0.0,0.0,68.92,1.5,1878.07,2026-05-04,On Time,SAP-Style Time
LAB-004537,20260427,92,816,40.0,16.0,11.0,5.0,0.0,24.0,86.57,1.5,952.27,2026-05-03,On Time,SAP-Style Time
LAB-004538,20260427,93,86,40.0,40.0,27.25,12.75,0.0,0.0,107.35,1.0,2925.29,2026-05-05,On Time,SAP-Style Time
LAB-004539,20260427,94,324,40.0,40.0,34.75,5.25,0.0,0.0,114.66,1.5,3984.44,2026-05-03,On Time,SAP-Style Time
LAB-004540,20260427,96,9,40.0,40.0,41.5,2.25,3.75,0.0,158.23,1.0,6566.55,2026-05-05,On Time,SAP-Style Time
LAB-004541,20260427,97,440,40.0,40.0,34.75,5.25,0.0,0.0,96.85,1.5,3365.54,2026-05-05,On Time,SAP-Style Time
LAB-004542,20260427,98,9,40.0,40.0,43.0,1.75,4.75,0.0,98.56,1.5,4472.16,2026-05-04,On Time,Mobile Time Entry
LAB-004543,20260427,99,383,40.0,40.0,35.0,5.0,0.0,0.0,101.82,1.5,3563.7,2026-05-03,On Time,SAP-Style Time
LAB-004544,20260427,100,264,40.0,40.0,34.25,5.75,0.0,0.0,92.09,1.5,3154.08,2026-05-04,On Time,SAP-Style Time
LAB-004545,20260427,101,927,40.0,40.0,34.75,5.25,0.0,0.0,114.75,1.5,3987.56,2026-05-05,On Time,SAP-Style Time
LAB-004546,20260427,102,329,40.0,40.0,36.0,4.0,0.0,0.0,91.58,1.5,3296.88,2026-05-04,On Time,SAP-Style Time
LAB-004547,20260427,103,836,40.0,40.0,36.0,4.0,0.0,0.0,109.51,1.5,3942.36,2026-05-05,On Time,SAP-Style Time
LAB-004548,20260427,104,9,40.0,40.0,42.75,1.75,4.5,0.0,116.26,1.0,4970.12,2026-05-05,On Time,SAP-Style Time
LAB-004549,20260427,105,9,40.0,40.0,41.5,2.5,4.0,0.0,104.84,1.5,4560.54,2026-05-04,On Time,SAP-Style Time
LAB-004550,20260427,106,514,40.0,40.0,34.0,6.0,0.0,0.0,100.92,1.5,3431.28,2026-05-04,On Time,SAP-Style Time
LAB-006506,20260427,106,514,40.0,40.0,34.0,6.0,0.0,0.0,100.92,1.5,3431.28,2026-05-04,On Time,SAP-Style Time
LAB-004551,20260427,107,433,40.0,40.0,35.75,4.25,0.0,0.0,127.16,1.0,4545.97,2026-05-04,On Time,SAP-Style Time
LAB-004552,20260427,108,498,40.0,40.0,34.75,5.25,0.0,0.0,104.5,1.5,3631.38,2026-05-04,On Time,SAP-Style Time
LAB-004553,20260427,109,689,40.0,40.0,34.0,6.0,0.0,0.0,122.66,1.0,4170.44,2026-05-12,Late,SAP-Style Time
LAB-004554,20260427,110,296,40.0,40.0,35.75,4.25,0.0,0.0,144.93,1.0,5181.25,2026-05-09,Late,SAP-Style Time
LAB-004555,20260427,111,420,40.0,40.0,34.5,5.5,0.0,0.0,106.37,1.5,3669.77,2026-05-04,On Time,SAP-Style Time
LAB-004556,20260427,112,267,40.0,40.0,35.5,4.5,0.0,0.0,93.17,1.5,3307.54,2026-05-04,On Time,Mobile Time Entry
LAB-004557,20260427,113,364,40.0,40.0,34.75,5.25,0.0,0.0,97.98,1.5,3404.81,2026-05-06,On Time,Mobile Time Entry
LAB-004558,20260427,114,149,40.0,40.0,29.0,11.0,0.0,0.0,97.72,1.5,2833.88,2026-05-04,On Time,SAP-Style Time
LAB-004559,20260427,115,587,40.0,40.0,29.25,10.75,0.0,0.0,89.67,1.5,2622.85,2026-05-03,On Time,SAP-Style Time
LAB-004560,20260427,116,196,40.0,40.0,30.25,9.75,0.0,0.0,131.09,1.0,3965.47,2026-05-04,On Time,SAP-Style Time
LAB-004561,20260427,118,591,40.0,40.0,30.25,9.75,0.0,0.0,123.33,1.0,3730.73,2026-05-04,On Time,SAP-Style Time
LAB-004562,20260427,119,735,40.0,40.0,30.5,9.5,0.0,0.0,98.99,1.5,3019.19,2026-05-05,On Time,SAP-Style Time
LAB-004563,20260427,120,528,40.0,40.0,30.75,9.25,0.0,0.0,79.77,1.5,2452.93,2026-05-04,On Time,SAP-Style Time
LAB-006378,20260504,1,334,12.0,12.0,10.5,1.5,0.0,0.0,100.39,1.5,1054.1,2026-05-12,On Time,SAP-Style Time
LAB-004564,20260504,1,355,28.0,28.0,24.25,3.75,0.0,0.0,100.39,1.5,2434.46,2026-05-12,On Time,SAP-Style Time
LAB-004565,20260504,2,9,40.0,40.0,44.5,2.75,7.25,0.0,150.62,1.0,6702.59,2026-05-12,On Time,SAP-Style Time
LAB-004566,20260504,3,237,40.0,40.0,35.25,4.75,0.0,0.0,83.78,1.5,2953.25,2026-05-12,On Time,SAP-Style Time
LAB-004567,20260504,4,147,40.0,40.0,35.25,4.75,0.0,0.0,78.56,1.5,2769.24,2026-05-12,On Time,SAP-Style Time
LAB-004568,20260504,5,9,40.0,40.0,41.75,1.75,3.5,0.0,120.4,1.0,5026.7,2026-05-17,Late,SAP-Style Time
LAB-004569,20260504,6,356,40.0,40.0,36.25,3.75,0.0,0.0,89.06,1.5,3228.43,2026-05-17,Late,Manager Adjustment
LAB-004570,20260504,7,9,40.0,40.0,41.5,2.75,4.25,0.0,76.98,1.5,3358.25,2026-05-13,On Time,SAP-Style Time
LAB-004571,20260504,8,30,40.0,40.0,39.0,4.75,3.75,0.0,101.38,1.5,4143.91,2026-05-13,On Time,SAP-Style Time
LAB-004572,20260504,9,342,40.0,24.0,21.0,3.0,0.0,16.0,81.4,1.5,1709.4,2026-05-13,On Time,SAP-Style Time
LAB-004573,20260504,10,922,40.0,40.0,34.0,6.0,0.0,0.0,76.52,1.5,2601.68,2026-05-11,On Time,SAP-Style Time
LAB-004574,20260504,11,9,40.0,40.0,43.5,2.75,6.25,0.0,128.94,1.0,5608.89,2026-05-13,On Time,SAP-Style Time
LAB-004575,20260504,12,467,40.0,40.0,34.5,5.5,0.0,0.0,93.13,1.5,3212.98,2026-05-11,On Time,SAP-Style Time
LAB-004576,20260504,13,886,40.0,40.0,34.0,6.0,0.0,0.0,82.59,1.5,2808.06,2026-05-10,On Time,SAP-Style Time
LAB-004577,20260504,14,9,40.0,40.0,43.75,2.0,5.75,0.0,100.38,1.5,4680.22,2026-05-12,On Time,SAP-Style Time
LAB-004578,20260504,15,226,40.0,40.0,33.75,6.25,0.0,0.0,98.87,1.5,3336.86,2026-05-12,On Time,SAP-Style Time
LAB-004579,20260504,16,816,40.0,40.0,36.0,4.0,0.0,0.0,100.34,1.5,3612.24,2026-05-11,On Time,Mobile Time Entry
LAB-004580,20260504,17,21,40.0,40.0,35.25,4.75,0.0,0.0,88.53,1.5,3120.68,2026-05-10,On Time,Mobile Time Entry
LAB-004581,20260504,18,773,40.0,40.0,35.5,4.5,0.0,0.0,89.32,1.5,3170.86,2026-05-11,On Time,SAP-Style Time
LAB-004582,20260504,19,708,40.0,40.0,34.75,5.25,0.0,0.0,91.26,1.5,3171.29,2026-05-10,On Time,SAP-Style Time
LAB-004583,20260504,20,114,40.0,40.0,34.5,5.5,0.0,0.0,77.3,1.5,2666.85,2026-05-11,On Time,SAP-Style Time
LAB-004584,20260504,21,9,40.0,32.0,34.75,1.75,4.5,8.0,77.07,1.5,2851.59,2026-05-12,On Time,SAP-Style Time
LAB-004585,20260504,22,924,40.0,40.0,34.75,5.25,0.0,0.0,102.23,1.5,3552.49,2026-05-10,On Time,SAP-Style Time
LAB-004586,20260504,23,818,40.0,40.0,33.5,6.5,0.0,0.0,85.0,1.5,2847.5,2026-05-12,On Time,SAP-Style Time
LAB-004587,20260504,24,322,40.0,40.0,36.0,5.0,1.0,0.0,81.27,1.5,2966.36,2026-05-11,On Time,SAP-Style Time
LAB-004588,20260504,25,9,40.0,40.0,44.0,2.5,6.5,0.0,102.16,1.0,4495.04,2026-05-11,On Time,SAP-Style Time
LAB-004589,20260504,26,717,40.0,24.0,21.25,2.75,0.0,16.0,85.79,1.5,1823.04,2026-05-12,On Time,SAP-Style Time
LAB-004590,20260504,27,396,40.0,40.0,34.5,5.5,0.0,0.0,104.52,1.5,3605.94,2026-05-12,On Time,SAP-Style Time
LAB-004591,20260504,28,9,40.0,40.0,45.25,2.75,8.0,0.0,82.53,1.5,4064.6,2026-05-11,On Time,SAP-Style Time
LAB-004592,20260504,29,461,40.0,40.0,35.75,5.75,1.5,0.0,79.3,1.5,2894.45,2026-05-11,On Time,SAP-Style Time
LAB-004593,20260504,30,714,40.0,32.0,27.75,4.25,0.0,8.0,79.44,1.5,2204.46,2026-05-12,On Time,SAP-Style Time
LAB-006374,20260504,31,170,16.0,16.0,14.0,2.0,0.0,0.0,105.13,1.5,1471.82,2026-05-12,On Time,SAP-Style Time
LAB-004594,20260504,31,465,24.0,24.0,21.25,2.75,0.0,0.0,105.13,1.5,2234.01,2026-05-12,On Time,SAP-Style Time
LAB-004595,20260504,32,416,40.0,40.0,34.25,5.75,0.0,0.0,82.13,1.5,2812.95,2026-05-17,Late,Mobile Time Entry
LAB-004596,20260504,33,755,40.0,40.0,36.0,4.0,0.0,0.0,89.89,1.5,3236.04,2026-05-10,On Time,SAP-Style Time
LAB-004597,20260504,34,857,40.0,40.0,34.25,5.75,0.0,0.0,98.09,1.5,3359.58,2026-05-12,On Time,SAP-Style Time
LAB-004598,20260504,35,9,40.0,40.0,44.75,2.25,7.0,0.0,91.52,1.5,4415.84,2026-05-11,On Time,SAP-Style Time
LAB-004599,20260504,36,648,40.0,40.0,35.0,5.0,0.0,0.0,82.83,1.5,2899.05,2026-05-10,On Time,SAP-Style Time
LAB-004600,20260504,37,648,40.0,40.0,33.25,6.75,0.0,0.0,92.08,1.5,3061.66,2026-05-11,On Time,SAP-Style Time
LAB-004601,20260504,38,361,40.0,40.0,33.0,7.0,0.0,0.0,105.74,1.5,3489.42,2026-05-11,On Time,SAP-Style Time
LAB-004602,20260504,39,401,40.0,40.0,33.75,6.25,0.0,0.0,107.79,1.5,3637.91,2026-05-11,On Time,SAP-Style Time
LAB-004603,20260504,40,365,40.0,40.0,33.75,6.25,0.0,0.0,103.71,1.5,3500.21,2026-05-11,On Time,SAP-Style Time
LAB-004604,20260504,41,439,40.0,40.0,37.75,6.25,4.0,0.0,108.71,1.5,4321.22,2026-05-11,On Time,SAP-Style Time
LAB-004605,20260504,42,1,40.0,40.0,41.75,3.0,4.75,0.0,149.01,1.0,6221.17,2026-05-20,Late,SAP-Style Time
LAB-004606,20260504,43,398,40.0,36.0,29.0,7.0,0.0,4.0,106.75,1.5,3095.75,2026-05-12,On Time,SAP-Style Time
LAB-004607,20260504,44,1,40.0,40.0,44.0,3.25,7.25,0.0,144.49,1.0,6357.56,2026-05-10,On Time,SAP-Style Time
LAB-004608,20260504,45,1,40.0,40.0,42.5,2.5,5.0,0.0,86.24,1.5,3880.8,2026-05-18,Late,SAP-Style Time
LAB-004609,20260504,46,1,40.0,40.0,42.75,2.25,5.0,0.0,143.94,1.0,6153.43,2026-05-12,On Time,SAP-Style Time
LAB-004610,20260504,47,770,40.0,40.0,34.5,5.5,0.0,0.0,106.76,1.5,3683.22,2026-05-11,On Time,SAP-Style Time
LAB-004611,20260504,48,509,40.0,40.0,32.25,7.75,0.0,0.0,87.87,1.5,2833.81,2026-05-11,On Time,SAP-Style Time
LAB-004612,20260504,49,422,40.0,40.0,32.75,7.25,0.0,0.0,83.27,1.5,2727.09,2026-05-11,On Time,SAP-Style Time
LAB-004613,20260504,50,290,40.0,40.0,33.75,6.25,0.0,0.0,101.97,1.5,3441.49,2026-05-12,On Time,SAP-Style Time
LAB-004614,20260504,51,122,40.0,40.0,31.75,8.25,0.0,0.0,86.2,1.5,2736.85,2026-05-11,On Time,SAP-Style Time
LAB-004615,20260504,52,813,40.0,40.0,33.5,6.5,0.0,0.0,97.32,1.5,3260.22,2026-05-11,On Time,SAP-Style Time
LAB-004616,20260504,53,591,40.0,40.0,33.75,6.25,0.0,0.0,94.11,1.5,3176.21,2026-05-12,On Time,SAP-Style Time
LAB-004617,20260504,54,1,40.0,40.0,45.25,3.5,8.75,0.0,107.2,1.5,5319.8,2026-05-11,On Time,SAP-Style Time
LAB-004618,20260504,55,651,40.0,40.0,31.5,8.5,0.0,0.0,95.59,1.5,3011.09,2026-05-12,On Time,SAP-Style Time
LAB-004619,20260504,56,231,40.0,40.0,32.25,7.75,0.0,0.0,73.51,1.5,2370.7,2026-05-10,On Time,SAP-Style Time
LAB-004620,20260504,57,616,40.0,40.0,31.75,8.25,0.0,0.0,87.06,1.5,2764.16,2026-05-15,Late,SAP-Style Time
LAB-004621,20260504,58,1,40.0,40.0,41.5,4.0,5.5,0.0,119.87,1.0,4974.61,2026-05-11,On Time,SAP-Style Time
LAB-004622,20260504,59,979,40.0,40.0,32.0,8.0,0.0,0.0,83.18,1.5,2661.76,2026-05-11,On Time,SAP-Style Time
LAB-004623,20260504,60,405,40.0,40.0,34.0,8.75,2.75,0.0,86.44,1.5,3057.82,2026-05-11,On Time,SAP-Style Time
LAB-004624,20260504,61,320,40.0,40.0,32.0,8.0,0.0,0.0,83.96,1.5,2686.72,2026-05-11,On Time,Mobile Time Entry
LAB-004625,20260504,62,20,40.0,40.0,32.0,8.0,0.0,0.0,73.28,1.5,2344.96,2026-05-11,On Time,SAP-Style Time
LAB-004626,20260504,63,1,40.0,40.0,42.75,3.5,6.25,0.0,122.98,1.0,5257.4,2026-05-11,On Time,SAP-Style Time
LAB-004627,20260504,64,214,40.0,40.0,32.0,8.0,0.0,0.0,84.9,1.5,2716.8,2026-05-10,On Time,SAP-Style Time
LAB-004628,20260504,65,993,40.0,40.0,31.25,8.75,0.0,0.0,72.42,1.5,2263.13,2026-05-10,On Time,SAP-Style Time
LAB-004629,20260504,66,365,40.0,40.0,33.0,7.0,0.0,0.0,94.95,1.5,3133.35,2026-05-12,On Time,SAP-Style Time
LAB-004630,20260504,67,290,40.0,40.0,31.25,8.75,0.0,0.0,79.97,1.5,2499.06,2026-05-10,On Time,Manager Adjustment
LAB-004631,20260504,68,381,40.0,40.0,32.25,7.75,0.0,0.0,79.96,1.5,2578.71,2026-05-11,On Time,SAP-Style Time
LAB-004632,20260504,69,342,40.0,40.0,31.5,8.5,0.0,0.0,92.5,1.5,2913.75,2026-05-12,On Time,SAP-Style Time
LAB-004633,20260504,70,482,40.0,40.0,32.0,9.25,1.25,0.0,79.17,1.5,2582.92,2026-05-12,On Time,SAP-Style Time
LAB-004634,20260504,71,486,40.0,40.0,31.25,8.75,0.0,0.0,84.44,1.5,2638.75,2026-05-11,On Time,SAP-Style Time
LAB-004635,20260504,72,1,40.0,40.0,41.75,4.25,6.0,0.0,107.82,1.0,4501.49,2026-05-10,On Time,SAP-Style Time
LAB-004636,20260504,73,716,40.0,40.0,31.75,8.25,0.0,0.0,85.94,1.5,2728.6,2026-05-10,On Time,SAP-Style Time
LAB-004637,20260504,74,700,40.0,40.0,32.75,7.25,0.0,0.0,74.38,1.5,2435.94,2026-05-11,On Time,SAP-Style Time
LAB-004638,20260504,75,802,40.0,40.0,32.25,7.75,0.0,0.0,89.39,1.5,2882.83,2026-05-10,On Time,SAP-Style Time
LAB-004639,20260504,76,756,40.0,40.0,32.0,8.0,0.0,0.0,90.27,1.5,2888.64,2026-05-12,On Time,SAP-Style Time
LAB-004640,20260504,77,332,40.0,40.0,37.5,8.0,5.5,0.0,89.33,1.5,3595.53,2026-05-16,Late,SAP-Style Time
LAB-004641,20260504,78,827,40.0,40.0,27.25,12.75,0.0,0.0,83.91,1.5,2286.55,2026-05-11,On Time,SAP-Style Time
LAB-004642,20260504,79,629,40.0,40.0,27.5,12.5,0.0,0.0,70.65,1.5,1942.88,2026-05-11,On Time,SAP-Style Time
LAB-004643,20260504,81,563,40.0,40.0,27.25,12.75,0.0,0.0,87.64,1.5,2388.19,2026-05-10,On Time,SAP-Style Time
LAB-004644,20260504,82,329,40.0,40.0,27.25,12.75,0.0,0.0,68.13,1.5,1856.54,2026-05-11,On Time,Mobile Time Entry
LAB-004645,20260504,83,202,40.0,16.0,11.0,5.0,0.0,24.0,73.3,1.5,806.3,2026-05-12,On Time,SAP-Style Time
LAB-004646,20260504,84,825,40.0,40.0,27.25,12.75,0.0,0.0,71.25,1.5,1941.56,2026-05-10,On Time,SAP-Style Time
LAB-004647,20260504,85,751,40.0,32.0,21.75,10.25,0.0,8.0,65.88,1.5,1432.89,2026-05-11,On Time,Mobile Time Entry
LAB-004648,20260504,86,528,40.0,40.0,27.25,12.75,0.0,0.0,82.25,1.5,2241.31,2026-05-11,On Time,SAP-Style Time
LAB-004649,20260504,87,861,40.0,40.0,26.75,13.25,0.0,0.0,78.64,1.5,2103.62,2026-05-11,On Time,SAP-Style Time
LAB-004650,20260504,88,376,40.0,40.0,27.25,12.75,0.0,0.0,71.87,1.5,1958.46,2026-05-12,On Time,SAP-Style Time
LAB-004651,20260504,89,59,40.0,32.0,22.0,10.0,0.0,8.0,77.91,1.5,1714.02,2026-05-12,On Time,SAP-Style Time
LAB-004652,20260504,90,651,40.0,40.0,27.25,12.75,0.0,0.0,74.99,1.5,2043.48,2026-05-11,On Time,Mobile Time Entry
LAB-004653,20260504,91,728,40.0,40.0,27.0,13.0,0.0,0.0,68.92,1.5,1860.84,2026-05-11,On Time,SAP-Style Time
LAB-004654,20260504,92,294,40.0,40.0,27.25,12.75,0.0,0.0,86.57,1.5,2359.03,2026-05-11,On Time,Mobile Time Entry
LAB-004655,20260504,93,356,40.0,28.0,19.0,9.0,0.0,12.0,107.35,1.0,2039.65,2026-05-11,On Time,SAP-Style Time
LAB-004656,20260504,94,451,40.0,40.0,34.25,5.75,0.0,0.0,114.66,1.5,3927.11,2026-05-11,On Time,Mobile Time Entry
LAB-004657,20260504,96,9,40.0,40.0,43.75,1.5,5.25,0.0,158.23,1.0,6922.56,2026-05-12,On Time,SAP-Style Time
LAB-004658,20260504,97,129,40.0,40.0,34.5,5.5,0.0,0.0,96.85,1.5,3341.33,2026-05-11,On Time,SAP-Style Time
LAB-004659,20260504,98,9,40.0,28.0,31.25,2.25,5.5,12.0,98.56,1.5,3351.04,2026-05-10,On Time,SAP-Style Time
LAB-004660,20260504,99,366,40.0,40.0,35.25,4.75,0.0,0.0,101.82,1.5,3589.15,2026-05-17,Late,Mobile Time Entry
LAB-004661,20260504,100,976,40.0,40.0,34.0,6.0,0.0,0.0,92.09,1.5,3131.06,2026-05-12,On Time,SAP-Style Time
LAB-004662,20260504,101,384,40.0,40.0,34.5,5.5,0.0,0.0,114.75,1.5,3958.88,2026-05-10,On Time,SAP-Style Time
LAB-004663,20260504,102,187,40.0,40.0,35.5,4.5,0.0,0.0,91.58,1.5,3251.09,2026-05-11,On Time,SAP-Style Time
LAB-004664,20260504,103,392,40.0,40.0,36.5,3.5,0.0,0.0,109.51,1.5,3997.12,2026-05-16,Late,SAP-Style Time
LAB-004665,20260504,104,9,40.0,40.0,42.25,3.25,5.5,0.0,116.26,1.0,4911.99,2026-05-11,On Time,SAP-Style Time
LAB-004666,20260504,105,9,40.0,36.0,41.0,1.5,6.5,4.0,104.84,1.5,4639.17,2026-05-12,On Time,Mobile Time Entry
LAB-004667,20260504,106,847,40.0,40.0,34.5,5.5,0.0,0.0,100.92,1.5,3481.74,2026-05-12,On Time,SAP-Style Time
LAB-004668,20260504,107,230,40.0,40.0,36.25,3.75,0.0,0.0,127.16,1.0,4609.55,2026-05-11,On Time,SAP-Style Time
LAB-004669,20260504,108,433,40.0,40.0,34.5,5.5,0.0,0.0,104.5,1.5,3605.25,2026-05-11,On Time,SAP-Style Time
LAB-004670,20260504,109,893,40.0,40.0,34.0,6.0,0.0,0.0,122.66,1.0,4170.44,2026-05-10,On Time,SAP-Style Time
LAB-004671,20260504,110,241,40.0,40.0,35.75,4.25,0.0,0.0,144.93,1.0,5181.25,2026-05-11,On Time,SAP-Style Time
LAB-004672,20260504,111,58,40.0,16.0,13.75,2.25,0.0,24.0,106.37,1.5,1462.59,2026-05-11,On Time,SAP-Style Time
LAB-004673,20260504,112,693,40.0,40.0,35.5,4.5,0.0,0.0,93.17,1.5,3307.54,2026-05-12,On Time,SAP-Style Time
LAB-004674,20260504,113,610,40.0,40.0,35.25,4.75,0.0,0.0,97.98,1.5,3453.8,2026-05-11,On Time,SAP-Style Time
LAB-004675,20260504,114,766,40.0,40.0,28.5,11.5,0.0,0.0,97.72,1.5,2785.02,2026-05-11,On Time,SAP-Style Time
LAB-004676,20260504,115,38,40.0,40.0,29.25,10.75,0.0,0.0,89.67,1.5,2622.85,2026-05-10,On Time,SAP-Style Time
LAB-004677,20260504,116,329,40.0,40.0,29.75,10.25,0.0,0.0,131.09,1.0,3899.93,2026-05-11,On Time,SAP-Style Time
LAB-004678,20260504,118,731,40.0,40.0,30.75,9.25,0.0,0.0,123.33,1.0,3792.4,2026-05-11,On Time,SAP-Style Time
LAB-004679,20260504,119,796,40.0,28.0,21.25,6.75,0.0,12.0,98.99,1.5,2103.54,2026-05-12,On Time,SAP-Style Time
LAB-004680,20260504,120,380,40.0,40.0,30.5,9.5,0.0,0.0,79.77,1.5,2432.98,2026-05-11,On Time,SAP-Style Time
LAB-004681,20260511,1,103,40.0,40.0,34.75,5.25,0.0,0.0,100.39,1.5,3488.55,2026-05-19,On Time,SAP-Style Time
LAB-004682,20260511,2,9,40.0,40.0,44.0,2.5,6.5,0.0,150.62,1.0,6627.28,2026-05-19,On Time,SAP-Style Time
LAB-004683,20260511,3,942,40.0,40.0,35.25,4.75,0.0,0.0,83.78,1.5,2953.25,2026-05-18,On Time,SAP-Style Time
LAB-004684,20260511,4,978,40.0,40.0,35.25,4.75,0.0,0.0,78.56,1.5,2769.24,2026-05-17,On Time,SAP-Style Time
LAB-004685,20260511,5,9,40.0,40.0,42.25,3.5,5.75,0.0,120.4,1.0,5086.9,2026-05-18,On Time,SAP-Style Time
LAB-004686,20260511,6,511,28.0,28.0,25.0,3.0,0.0,0.0,89.06,1.5,2226.5,2026-05-19,On Time,SAP-Style Time
LAB-006379,20260511,6,736,12.0,12.0,10.75,1.25,0.0,0.0,89.06,1.5,957.4,2026-05-19,On Time,SAP-Style Time
LAB-004687,20260511,7,9,40.0,40.0,43.5,3.0,6.5,0.0,76.98,1.5,3598.82,2026-05-27,Late,SAP-Style Time
LAB-004688,20260511,8,131,40.0,40.0,34.75,5.25,0.0,0.0,101.38,1.5,3522.96,2026-05-19,On Time,SAP-Style Time
LAB-004689,20260511,9,966,40.0,40.0,34.25,5.75,0.0,0.0,81.4,1.5,2787.95,2026-05-19,On Time,SAP-Style Time
LAB-004690,20260511,10,675,40.0,40.0,34.25,5.75,0.0,0.0,76.52,1.5,2620.81,2026-05-19,On Time,SAP-Style Time
LAB-004691,20260511,11,9,40.0,40.0,43.0,3.25,6.25,0.0,128.94,1.0,5544.42,2026-05-18,On Time,SAP-Style Time
LAB-004692,20260511,12,64,40.0,40.0,40.75,5.5,6.25,0.0,93.13,1.5,4086.08,2026-05-19,On Time,Manager Adjustment
LAB-004693,20260511,13,72,40.0,40.0,33.25,6.75,0.0,0.0,82.59,1.5,2746.12,2026-05-18,On Time,SAP-Style Time
LAB-004694,20260511,14,9,40.0,40.0,44.5,3.0,7.5,0.0,100.38,1.5,4843.34,2026-05-18,On Time,SAP-Style Time
LAB-004695,20260511,15,384,40.0,40.0,34.0,6.0,0.0,0.0,98.87,1.5,3361.58,2026-05-17,On Time,SAP-Style Time
LAB-004696,20260511,16,133,40.0,40.0,36.0,4.0,0.0,0.0,100.34,1.5,3612.24,2026-05-17,On Time,SAP-Style Time
LAB-004697,20260511,17,238,40.0,40.0,35.5,4.5,0.0,0.0,88.53,1.5,3142.82,2026-05-18,On Time,SAP-Style Time
LAB-004698,20260511,18,450,40.0,40.0,34.5,5.5,0.0,0.0,89.32,1.5,3081.54,2026-05-18,On Time,SAP-Style Time
LAB-004699,20260511,19,978,40.0,40.0,40.25,5.25,5.5,0.0,91.26,1.5,3924.18,2026-05-17,On Time,SAP-Style Time
LAB-004700,20260511,20,32,40.0,40.0,34.75,5.25,0.0,0.0,77.3,1.5,2686.17,2026-05-19,On Time,Mobile Time Entry
LAB-004701,20260511,21,9,40.0,40.0,41.5,2.25,3.75,0.0,77.07,1.5,3342.91,2026-05-19,On Time,SAP-Style Time
LAB-004702,20260511,22,572,40.0,40.0,35.25,4.75,0.0,0.0,102.23,1.5,3603.61,2026-05-17,On Time,SAP-Style Time
LAB-004703,20260511,23,105,40.0,40.0,34.25,5.75,0.0,0.0,85.0,1.5,2911.25,2026-05-17,On Time,SAP-Style Time
LAB-004704,20260511,24,993,40.0,40.0,34.5,5.5,0.0,0.0,81.27,1.5,2803.82,2026-05-19,On Time,SAP-Style Time
LAB-004705,20260511,25,9,40.0,40.0,41.0,2.75,3.75,0.0,102.16,1.0,4188.56,2026-05-18,On Time,SAP-Style Time
LAB-004706,20260511,26,629,40.0,40.0,35.25,4.75,0.0,0.0,85.79,1.5,3024.1,2026-05-19,On Time,SAP-Style Time
LAB-004707,20260511,27,181,40.0,40.0,34.25,5.75,0.0,0.0,104.52,1.5,3579.81,2026-05-19,On Time,SAP-Style Time
LAB-004708,20260511,28,9,40.0,40.0,45.0,3.0,8.0,0.0,82.53,1.5,4043.97,2026-05-18,On Time,SAP-Style Time
LAB-004709,20260511,29,218,40.0,40.0,34.5,5.5,0.0,0.0,79.3,1.5,2735.85,2026-05-18,On Time,Mobile Time Entry
LAB-004710,20260511,30,420,40.0,36.0,30.75,5.25,0.0,4.0,79.44,1.5,2442.78,2026-05-18,On Time,SAP-Style Time
LAB-004711,20260511,31,648,40.0,32.0,33.25,3.75,5.0,8.0,105.13,1.5,3758.4,2026-05-17,On Time,SAP-Style Time
LAB-004712,20260511,32,370,40.0,40.0,34.25,5.75,0.0,0.0,82.13,1.5,2812.95,2026-05-18,On Time,SAP-Style Time
LAB-004713,20260511,33,45,40.0,24.0,20.75,3.25,0.0,16.0,89.89,1.5,1865.22,2026-05-18,On Time,SAP-Style Time
LAB-004714,20260511,34,108,40.0,40.0,34.75,5.25,0.0,0.0,98.09,1.5,3408.63,2026-05-17,On Time,SAP-Style Time
LAB-004715,20260511,35,9,40.0,40.0,43.75,3.25,7.0,0.0,91.52,1.5,4324.32,2026-05-18,On Time,SAP-Style Time
LAB-004716,20260511,36,983,40.0,32.0,27.5,4.5,0.0,8.0,82.83,1.5,2277.83,2026-05-18,On Time,SAP-Style Time
LAB-004717,20260511,37,508,40.0,40.0,33.25,6.75,0.0,0.0,92.08,1.5,3061.66,2026-05-18,On Time,SAP-Style Time
LAB-004718,20260511,38,743,40.0,40.0,33.25,6.75,0.0,0.0,105.74,1.5,3515.86,2026-05-18,On Time,SAP-Style Time
LAB-004719,20260511,39,734,40.0,40.0,33.5,6.5,0.0,0.0,107.79,1.5,3610.97,2026-05-18,On Time,SAP-Style Time
LAB-004720,20260511,40,357,40.0,40.0,33.25,6.75,0.0,0.0,103.71,1.5,3448.36,2026-05-17,On Time,SAP-Style Time
LAB-004721,20260511,41,209,40.0,36.0,30.75,5.25,0.0,4.0,108.71,1.5,3342.83,2026-05-19,On Time,Mobile Time Entry
LAB-004722,20260511,42,1,40.0,40.0,40.75,4.5,5.25,0.0,149.01,1.0,6072.16,2026-05-19,On Time,SAP-Style Time
LAB-004723,20260511,43,888,40.0,40.0,32.75,7.25,0.0,0.0,106.75,1.5,3496.06,2026-05-19,On Time,SAP-Style Time
LAB-004724,20260511,44,1,40.0,40.0,42.75,2.75,5.5,0.0,144.49,1.0,6176.95,2026-05-18,On Time,SAP-Style Time
LAB-004725,20260511,45,1,40.0,40.0,41.75,4.25,6.0,0.0,86.24,1.5,3859.24,2026-05-19,On Time,Mobile Time Entry
LAB-004726,20260511,46,1,40.0,40.0,45.0,2.5,7.5,0.0,143.94,1.0,6477.3,2026-05-17,On Time,SAP-Style Time
LAB-004727,20260511,47,923,40.0,40.0,34.75,5.25,0.0,0.0,106.76,1.5,3709.91,2026-05-18,On Time,SAP-Style Time
LAB-004728,20260511,48,665,40.0,40.0,32.5,7.5,0.0,0.0,87.87,1.5,2855.78,2026-05-18,On Time,SAP-Style Time
LAB-004729,20260511,49,656,40.0,40.0,32.5,7.5,0.0,0.0,83.27,1.5,2706.28,2026-05-18,On Time,SAP-Style Time
LAB-004730,20260511,50,967,40.0,40.0,33.25,6.75,0.0,0.0,101.97,1.5,3390.5,2026-05-19,On Time,Mobile Time Entry
LAB-004731,20260511,51,46,40.0,40.0,32.25,7.75,0.0,0.0,86.2,1.5,2779.95,2026-05-19,On Time,SAP-Style Time
LAB-004732,20260511,52,807,40.0,40.0,33.25,6.75,0.0,0.0,97.32,1.5,3235.89,2026-05-23,Late,SAP-Style Time
LAB-004733,20260511,53,987,40.0,40.0,33.5,6.5,0.0,0.0,94.11,1.5,3152.69,2026-05-19,On Time,SAP-Style Time
LAB-004734,20260511,54,1,40.0,40.0,44.5,4.5,9.0,0.0,107.2,1.5,5252.8,2026-05-18,On Time,SAP-Style Time
LAB-004735,20260511,55,170,40.0,32.0,25.25,6.75,0.0,8.0,95.59,1.5,2413.65,2026-05-17,On Time,SAP-Style Time
LAB-004736,20260511,56,798,40.0,40.0,32.25,7.75,0.0,0.0,73.51,1.5,2370.7,2026-05-23,Late,SAP-Style Time
LAB-004737,20260511,57,6,30.0,30.0,24.0,6.0,0.0,0.0,87.06,1.5,2089.44,2026-05-20,On Time,Mobile Time Entry
LAB-006386,20260511,57,879,10.0,10.0,8.0,2.0,0.0,0.0,87.06,1.5,696.48,2026-05-20,On Time,Mobile Time Entry
LAB-004738,20260511,58,1,40.0,40.0,44.5,4.25,8.75,0.0,119.87,1.0,5334.22,2026-05-25,Late,SAP-Style Time
LAB-004739,20260511,59,805,40.0,40.0,32.5,7.5,0.0,0.0,83.18,1.5,2703.35,2026-05-18,On Time,SAP-Style Time
LAB-004740,20260511,60,89,28.0,28.0,22.25,5.75,0.0,0.0,86.44,1.5,1923.29,2026-05-17,On Time,SAP-Style Time
LAB-006400,20260511,60,157,12.0,12.0,9.5,2.5,0.0,0.0,86.44,1.5,821.18,2026-05-17,On Time,SAP-Style Time
LAB-004741,20260511,61,134,40.0,40.0,32.25,7.75,0.0,0.0,83.96,1.5,2707.71,2026-05-18,On Time,SAP-Style Time
LAB-004742,20260511,62,638,40.0,40.0,38.5,7.75,6.25,0.0,73.28,1.5,3050.28,2026-05-25,Late,SAP-Style Time
LAB-004743,20260511,63,1,40.0,40.0,41.5,4.5,6.0,0.0,122.98,1.0,5103.67,2026-05-19,On Time,SAP-Style Time
LAB-004744,20260511,64,767,40.0,28.0,22.0,6.0,0.0,12.0,84.9,1.5,1867.8,2026-05-18,On Time,SAP-Style Time
LAB-004745,20260511,65,725,40.0,40.0,31.25,8.75,0.0,0.0,72.42,1.5,2263.13,2026-05-17,On Time,SAP-Style Time
LAB-004746,20260511,66,335,40.0,40.0,33.25,6.75,0.0,0.0,94.95,1.5,3157.09,2026-05-19,On Time,SAP-Style Time
LAB-004747,20260511,67,607,40.0,40.0,30.5,9.5,0.0,0.0,79.97,1.5,2439.09,2026-05-18,On Time,SAP-Style Time
LAB-004748,20260511,68,65,40.0,40.0,32.75,7.25,0.0,0.0,79.96,1.5,2618.69,2026-05-19,On Time,SAP-Style Time
LAB-004749,20260511,69,389,40.0,40.0,31.0,9.0,0.0,0.0,92.5,1.5,2867.5,2026-05-18,On Time,SAP-Style Time
LAB-004750,20260511,70,482,40.0,40.0,30.75,9.25,0.0,0.0,79.17,1.5,2434.48,2026-05-19,On Time,SAP-Style Time
LAB-004751,20260511,71,850,40.0,40.0,31.75,8.25,0.0,0.0,84.44,1.5,2680.97,2026-05-17,On Time,SAP-Style Time
LAB-004752,20260511,72,1,40.0,40.0,41.5,3.25,4.75,0.0,107.82,1.0,4474.53,2026-05-19,On Time,SAP-Style Time
LAB-004753,20260511,73,108,40.0,36.0,28.75,7.25,0.0,4.0,85.94,1.5,2470.78,2026-05-17,On Time,SAP-Style Time
LAB-004754,20260511,74,621,40.0,40.0,32.25,7.75,0.0,0.0,74.38,1.5,2398.75,2026-05-18,On Time,SAP-Style Time
LAB-004755,20260511,75,994,40.0,32.0,25.75,6.25,0.0,8.0,89.39,1.5,2301.79,2026-05-18,On Time,SAP-Style Time
LAB-004756,20260511,76,615,40.0,40.0,32.5,7.5,0.0,0.0,90.27,1.5,2933.78,2026-05-19,On Time,SAP-Style Time
LAB-004757,20260511,77,636,40.0,40.0,31.75,8.25,0.0,0.0,89.33,1.5,2836.23,2026-05-18,On Time,SAP-Style Time
LAB-004758,20260511,78,572,40.0,40.0,32.5,12.75,5.25,0.0,83.91,1.5,2947.34,2026-05-18,On Time,SAP-Style Time
LAB-004759,20260511,79,987,40.0,40.0,27.25,12.75,0.0,0.0,70.65,1.5,1925.21,2026-05-18,On Time,SAP-Style Time
LAB-004760,20260511,81,360,40.0,40.0,27.0,13.0,0.0,0.0,87.64,1.5,2366.28,2026-05-19,On Time,SAP-Style Time
LAB-004761,20260511,82,865,40.0,40.0,27.25,12.75,0.0,0.0,68.13,1.5,1856.54,2026-05-19,On Time,SAP-Style Time
LAB-004762,20260511,83,123,40.0,32.0,21.25,10.75,0.0,8.0,73.3,1.5,1557.63,2026-05-19,On Time,SAP-Style Time
LAB-004763,20260511,84,711,40.0,28.0,18.75,9.25,0.0,12.0,71.25,1.5,1335.94,2026-05-19,On Time,SAP-Style Time
LAB-004764,20260511,85,849,40.0,40.0,26.75,13.25,0.0,0.0,65.88,1.5,1762.29,2026-05-19,On Time,Mobile Time Entry
LAB-004765,20260511,86,339,40.0,40.0,27.25,12.75,0.0,0.0,82.25,1.5,2241.31,2026-05-18,On Time,SAP-Style Time
LAB-004766,20260511,87,367,40.0,40.0,27.25,12.75,0.0,0.0,78.64,1.5,2142.94,2026-05-19,On Time,SAP-Style Time
LAB-004767,20260511,88,718,40.0,40.0,27.25,12.75,0.0,0.0,71.87,1.5,1958.46,2026-05-17,On Time,SAP-Style Time
LAB-004768,20260511,89,446,40.0,40.0,27.25,12.75,0.0,0.0,77.91,1.5,2123.05,2026-05-28,Late,SAP-Style Time
LAB-004769,20260511,90,420,40.0,40.0,27.5,12.5,0.0,0.0,74.99,1.5,2062.23,2026-05-18,On Time,SAP-Style Time
LAB-004770,20260511,91,998,40.0,40.0,26.75,13.25,0.0,0.0,68.92,1.5,1843.61,2026-05-18,On Time,Mobile Time Entry
LAB-004771,20260511,92,247,40.0,40.0,27.25,12.75,0.0,0.0,86.57,1.5,2359.03,2026-05-18,On Time,SAP-Style Time
LAB-004772,20260511,93,972,40.0,40.0,27.0,13.0,0.0,0.0,107.35,1.0,2898.45,2026-05-18,On Time,SAP-Style Time
LAB-004773,20260511,94,917,40.0,40.0,34.5,5.5,0.0,0.0,114.66,1.5,3955.77,2026-05-18,On Time,Mobile Time Entry
LAB-004774,20260511,96,9,40.0,40.0,41.0,3.25,4.25,0.0,158.23,1.0,6487.43,2026-05-18,On Time,SAP-Style Time
LAB-004775,20260511,97,61,40.0,40.0,34.75,5.25,0.0,0.0,96.85,1.5,3365.54,2026-05-18,On Time,SAP-Style Time
LAB-004776,20260511,98,9,40.0,40.0,43.25,2.5,5.75,0.0,98.56,1.5,4546.08,2026-05-17,On Time,SAP-Style Time
LAB-004777,20260511,99,456,40.0,40.0,34.75,5.25,0.0,0.0,101.82,1.5,3538.25,2026-05-19,On Time,Mobile Time Entry
LAB-004778,20260511,100,219,40.0,40.0,37.0,5.75,2.75,0.0,92.09,1.5,3533.95,2026-05-18,On Time,SAP-Style Time
LAB-004779,20260511,101,49,40.0,40.0,36.75,6.0,2.75,0.0,114.75,1.5,4374.84,2026-05-17,On Time,SAP-Style Time
LAB-004780,20260511,102,842,40.0,40.0,35.25,4.75,0.0,0.0,91.58,1.5,3228.2,2026-05-19,On Time,SAP-Style Time
LAB-004781,20260511,103,572,40.0,40.0,35.75,4.25,0.0,0.0,109.51,1.5,3914.98,2026-05-18,On Time,SAP-Style Time
LAB-004782,20260511,104,9,40.0,40.0,44.25,1.5,5.75,0.0,116.26,1.0,5144.51,2026-05-19,On Time,SAP-Style Time
LAB-004783,20260511,105,9,40.0,40.0,43.0,2.0,5.0,0.0,104.84,1.5,4770.22,2026-05-19,On Time,SAP-Style Time
LAB-004784,20260511,106,11,40.0,24.0,20.5,3.5,0.0,16.0,100.92,1.5,2068.86,2026-05-18,On Time,SAP-Style Time
LAB-004785,20260511,107,537,40.0,40.0,35.75,4.25,0.0,0.0,127.16,1.0,4545.97,2026-05-18,On Time,SAP-Style Time
LAB-004786,20260511,108,269,40.0,40.0,35.5,5.75,1.25,0.0,104.5,1.5,3775.06,2026-05-17,On Time,SAP-Style Time
LAB-004787,20260511,109,903,40.0,40.0,33.25,6.75,0.0,0.0,122.66,1.0,4078.44,2026-05-18,On Time,Mobile Time Entry
LAB-006468,20260511,110,548,12.0,12.0,10.75,1.25,0.0,0.0,144.93,1.0,1558.0,2026-05-17,On Time,SAP-Style Time
LAB-004788,20260511,110,782,28.0,28.0,24.75,3.25,0.0,0.0,144.93,1.0,3587.02,2026-05-17,On Time,SAP-Style Time
LAB-004789,20260511,111,463,40.0,40.0,34.75,5.25,0.0,0.0,106.37,1.5,3696.36,2026-05-19,On Time,SAP-Style Time
LAB-004790,20260511,112,249,40.0,40.0,36.25,3.75,0.0,0.0,93.17,1.5,3377.41,2026-05-19,On Time,SAP-Style Time
LAB-004791,20260511,113,629,40.0,40.0,34.75,5.25,0.0,0.0,97.98,1.5,3404.81,2026-05-19,On Time,SAP-Style Time
LAB-004792,20260511,114,704,40.0,40.0,27.75,12.25,0.0,0.0,97.72,1.5,2711.73,2026-05-18,On Time,SAP-Style Time
LAB-004793,20260511,115,23,40.0,40.0,29.5,10.5,0.0,0.0,89.67,1.5,2645.27,2026-05-18,On Time,SAP-Style Time
LAB-004794,20260511,116,118,40.0,40.0,29.5,10.5,0.0,0.0,131.09,1.0,3867.16,2026-05-18,On Time,SAP-Style Time
LAB-004795,20260511,118,484,40.0,40.0,31.5,8.5,0.0,0.0,123.33,1.0,3884.9,2026-05-18,On Time,SAP-Style Time
LAB-004796,20260511,119,84,40.0,40.0,30.25,9.75,0.0,0.0,98.99,1.5,2994.45,2026-05-18,On Time,SAP-Style Time
LAB-004797,20260511,120,278,40.0,40.0,30.25,9.75,0.0,0.0,79.77,1.5,2413.04,2026-05-19,On Time,SAP-Style Time
LAB-004798,20260518,1,578,40.0,40.0,34.25,5.75,0.0,0.0,100.39,1.5,3438.36,2026-05-26,On Time,SAP-Style Time
LAB-004799,20260518,2,9,40.0,40.0,43.25,2.25,5.5,0.0,150.62,1.0,6514.32,2026-05-25,On Time,SAP-Style Time
LAB-006357,20260518,3,323,10.0,10.0,8.75,1.25,0.0,0.0,83.78,1.5,733.08,2026-05-26,On Time,SAP-Style Time
LAB-004800,20260518,3,900,30.0,30.0,26.25,3.75,0.0,0.0,83.78,1.5,2199.23,2026-05-26,On Time,SAP-Style Time
LAB-004801,20260518,4,523,40.0,40.0,35.25,4.75,0.0,0.0,78.56,1.5,2769.24,2026-05-25,On Time,SAP-Style Time
LAB-004802,20260518,5,9,40.0,40.0,45.0,1.75,6.75,0.0,120.4,1.0,5418.0,2026-05-25,On Time,SAP-Style Time
LAB-004803,20260518,6,543,40.0,32.0,28.25,3.75,0.0,8.0,89.06,1.5,2515.95,2026-05-25,On Time,SAP-Style Time
LAB-004804,20260518,7,9,40.0,32.0,35.5,2.0,5.5,8.0,76.98,1.5,2944.49,2026-05-26,On Time,SAP-Style Time
LAB-004805,20260518,8,183,40.0,40.0,41.25,5.0,6.25,0.0,101.38,1.5,4498.74,2026-06-06,Late,SAP-Style Time
LAB-004806,20260518,9,994,40.0,40.0,35.0,5.0,0.0,0.0,81.4,1.5,2849.0,2026-05-25,On Time,SAP-Style Time
LAB-006485,20260518,10,393,16.0,16.0,14.0,2.0,0.0,0.0,76.52,1.5,1071.28,2026-05-26,On Time,SAP-Style Time
LAB-004807,20260518,10,917,24.0,24.0,20.75,3.25,0.0,0.0,76.52,1.5,1587.79,2026-05-26,On Time,SAP-Style Time
LAB-004808,20260518,11,9,40.0,40.0,44.75,2.5,7.25,0.0,128.94,1.0,5770.07,2026-05-27,On Time,SAP-Style Time
LAB-004809,20260518,12,361,40.0,40.0,34.0,6.0,0.0,0.0,93.13,1.5,3166.42,2026-05-25,On Time,SAP-Style Time
LAB-004810,20260518,13,729,40.0,40.0,34.0,6.0,0.0,0.0,82.59,1.5,2808.06,2026-05-30,Late,SAP-Style Time
LAB-004811,20260518,14,9,40.0,40.0,41.75,2.5,4.25,0.0,100.38,1.5,4404.17,2026-05-24,On Time,SAP-Style Time
LAB-004812,20260518,15,849,40.0,40.0,34.75,5.25,0.0,0.0,98.87,1.5,3435.73,2026-05-26,On Time,SAP-Style Time
LAB-004813,20260518,16,720,40.0,36.0,33.75,4.0,1.75,4.0,100.34,1.5,3474.27,2026-05-27,On Time,SAP-Style Time
LAB-004814,20260518,17,467,40.0,40.0,35.5,4.5,0.0,0.0,88.53,1.5,3142.82,2026-06-02,Late,Mobile Time Entry
LAB-004815,20260518,18,823,40.0,40.0,34.25,5.75,0.0,0.0,89.32,1.5,3059.21,2026-05-24,On Time,SAP-Style Time
LAB-004816,20260518,19,110,40.0,40.0,34.5,5.5,0.0,0.0,91.26,1.5,3148.47,2026-05-27,On Time,Mobile Time Entry
LAB-004817,20260518,20,363,40.0,36.0,31.5,4.5,0.0,4.0,77.3,1.5,2434.95,2026-05-24,On Time,SAP-Style Time
LAB-004818,20260518,21,9,40.0,40.0,46.5,1.75,8.25,0.0,77.07,1.5,3901.67,2026-05-26,On Time,Mobile Time Entry
LAB-006444,20260518,22,483,16.0,14.5,12.5,2.0,0.0,1.5,102.23,1.5,1277.88,2026-05-25,On Time,SAP-Style Time
LAB-004819,20260518,22,671,24.0,21.5,18.75,2.75,0.0,2.5,102.23,1.5,1916.81,2026-05-25,On Time,SAP-Style Time
LAB-004820,20260518,23,565,40.0,40.0,40.5,5.75,6.25,0.0,85.0,1.5,3708.13,2026-05-25,On Time,SAP-Style Time
LAB-004821,20260518,24,10,40.0,40.0,40.25,4.75,5.0,0.0,81.27,1.5,3474.29,2026-05-25,On Time,SAP-Style Time
LAB-004822,20260518,25,9,40.0,40.0,45.25,2.0,7.25,0.0,102.16,1.0,4622.74,2026-05-25,On Time,Mobile Time Entry
LAB-004823,20260518,26,825,40.0,36.0,31.75,4.25,0.0,4.0,85.79,1.5,2723.83,2026-05-25,On Time,SAP-Style Time
LAB-004824,20260518,27,807,40.0,40.0,34.25,5.75,0.0,0.0,104.52,1.5,3579.81,2026-05-25,On Time,SAP-Style Time
LAB-004825,20260518,28,9,40.0,40.0,41.25,3.25,4.5,0.0,82.53,1.5,3590.06,2026-05-26,On Time,SAP-Style Time
LAB-004826,20260518,29,41,40.0,40.0,34.75,5.25,0.0,0.0,79.3,1.5,2755.67,2026-05-25,On Time,Mobile Time Entry
LAB-004827,20260518,30,700,40.0,40.0,35.0,5.0,0.0,0.0,79.44,1.5,2780.4,2026-05-24,On Time,SAP-Style Time
LAB-004828,20260518,31,997,40.0,40.0,35.0,5.0,0.0,0.0,105.13,1.5,3679.55,2026-05-26,On Time,SAP-Style Time
LAB-004829,20260518,32,862,40.0,40.0,35.0,5.0,0.0,0.0,82.13,1.5,2874.55,2026-05-26,On Time,SAP-Style Time
LAB-004830,20260518,33,588,40.0,40.0,33.75,6.25,0.0,0.0,89.89,1.5,3033.79,2026-05-25,On Time,SAP-Style Time
LAB-004831,20260518,34,272,40.0,40.0,34.0,6.0,0.0,0.0,98.09,1.5,3335.06,2026-05-25,On Time,SAP-Style Time
LAB-004832,20260518,35,9,40.0,40.0,41.5,2.0,3.5,0.0,91.52,1.5,3958.24,2026-05-25,On Time,SAP-Style Time
LAB-004833,20260518,36,630,40.0,40.0,34.5,5.5,0.0,0.0,82.83,1.5,2857.63,2026-05-26,On Time,Mobile Time Entry
LAB-004834,20260518,37,763,40.0,40.0,33.25,6.75,0.0,0.0,92.08,1.5,3061.66,2026-05-25,On Time,SAP-Style Time
LAB-004835,20260518,38,653,40.0,40.0,32.75,7.25,0.0,0.0,105.74,1.5,3462.98,2026-05-25,On Time,SAP-Style Time
LAB-004836,20260518,39,670,40.0,36.0,30.0,6.0,0.0,4.0,107.79,1.5,3233.7,2026-05-25,On Time,SAP-Style Time
LAB-004837,20260518,40,433,40.0,40.0,33.25,6.75,0.0,0.0,103.71,1.5,3448.36,2026-05-29,Late,SAP-Style Time
LAB-004838,20260518,41,220,40.0,40.0,33.75,6.25,0.0,0.0,108.71,1.5,3668.96,2026-05-26,On Time,SAP-Style Time
LAB-004839,20260518,42,1,40.0,40.0,42.75,4.5,7.25,0.0,149.01,1.0,6370.18,2026-05-26,On Time,SAP-Style Time
LAB-004840,20260518,43,483,40.0,40.0,32.5,7.5,0.0,0.0,106.75,1.5,3469.38,2026-05-26,On Time,SAP-Style Time
LAB-004841,20260518,44,1,40.0,40.0,41.5,2.5,4.0,0.0,144.49,1.0,5996.34,2026-05-24,On Time,SAP-Style Time
LAB-004842,20260518,45,1,40.0,40.0,41.0,3.75,4.75,0.0,86.24,1.5,3740.66,2026-05-25,On Time,SAP-Style Time
LAB-004843,20260518,46,1,40.0,24.0,30.25,2.25,8.5,16.0,143.94,1.0,4354.19,2026-05-25,On Time,Mobile Time Entry
LAB-004844,20260518,47,707,40.0,16.0,13.75,2.25,0.0,24.0,106.76,1.5,1467.95,2026-05-24,On Time,SAP-Style Time
LAB-004845,20260518,48,756,40.0,40.0,32.25,7.75,0.0,0.0,87.87,1.5,2833.81,2026-05-26,On Time,SAP-Style Time
LAB-004846,20260518,49,689,40.0,40.0,32.25,7.75,0.0,0.0,83.27,1.5,2685.46,2026-05-24,On Time,SAP-Style Time
LAB-004847,20260518,50,805,40.0,40.0,32.75,7.25,0.0,0.0,101.97,1.5,3339.52,2026-05-27,On Time,Mobile Time Entry
LAB-004848,20260518,51,457,40.0,40.0,32.75,7.25,0.0,0.0,86.2,1.5,2823.05,2026-05-25,On Time,Mobile Time Entry
LAB-004849,20260518,52,267,40.0,40.0,33.5,6.5,0.0,0.0,97.32,1.5,3260.22,2026-05-26,On Time,SAP-Style Time
LAB-004850,20260518,53,803,40.0,40.0,33.5,6.5,0.0,0.0,94.11,1.5,3152.69,2026-05-24,On Time,SAP-Style Time
LAB-004851,20260518,54,1,40.0,32.0,34.5,3.5,6.0,8.0,107.2,1.5,4020.0,2026-05-25,On Time,SAP-Style Time
LAB-004852,20260518,55,391,40.0,16.0,12.75,3.25,0.0,24.0,95.59,1.5,1218.77,2026-05-25,On Time,SAP-Style Time
LAB-004853,20260518,56,353,40.0,40.0,31.5,8.5,0.0,0.0,73.51,1.5,2315.57,2026-05-25,On Time,SAP-Style Time
LAB-004854,20260518,57,767,40.0,40.0,31.75,8.25,0.0,0.0,87.06,1.5,2764.16,2026-05-25,On Time,SAP-Style Time
LAB-004855,20260518,58,1,40.0,36.0,40.5,3.0,7.5,4.0,119.87,1.0,4854.74,2026-05-25,On Time,SAP-Style Time
LAB-004856,20260518,59,27,40.0,40.0,32.5,7.5,0.0,0.0,83.18,1.5,2703.35,2026-05-26,On Time,SAP-Style Time
LAB-004857,20260518,60,394,40.0,40.0,31.5,8.5,0.0,0.0,86.44,1.5,2722.86,2026-05-26,On Time,SAP-Style Time
LAB-006447,20260518,61,39,10.0,7.0,5.5,1.5,0.0,3.0,83.96,1.5,461.78,2026-05-24,On Time,SAP-Style Time
LAB-004858,20260518,61,134,30.0,21.0,16.5,4.5,0.0,9.0,83.96,1.5,1385.34,2026-05-24,On Time,SAP-Style Time
LAB-004859,20260518,62,325,40.0,40.0,32.0,8.0,0.0,0.0,73.28,1.5,2344.96,2026-05-24,On Time,SAP-Style Time
LAB-004860,20260518,63,1,40.0,40.0,43.0,2.25,5.25,0.0,122.98,1.0,5288.14,2026-05-24,On Time,Mobile Time Entry
LAB-004861,20260518,64,941,40.0,40.0,31.5,8.5,0.0,0.0,84.9,1.5,2674.35,2026-05-25,On Time,SAP-Style Time
LAB-004862,20260518,65,290,40.0,40.0,30.5,9.5,0.0,0.0,72.42,1.5,2208.81,2026-05-25,On Time,Mobile Time Entry
LAB-004863,20260518,66,312,40.0,40.0,33.5,6.5,0.0,0.0,94.95,1.5,3180.83,2026-05-24,On Time,SAP-Style Time
LAB-004864,20260518,67,848,40.0,40.0,30.25,9.75,0.0,0.0,79.97,1.5,2419.09,2026-05-25,On Time,SAP-Style Time
LAB-004865,20260518,68,589,40.0,36.0,29.5,6.5,0.0,4.0,79.96,1.5,2358.82,2026-05-25,On Time,SAP-Style Time
LAB-004866,20260518,69,394,40.0,40.0,31.5,8.5,0.0,0.0,92.5,1.5,2913.75,2026-05-25,On Time,SAP-Style Time
LAB-004867,20260518,70,680,40.0,40.0,31.0,9.0,0.0,0.0,79.17,1.5,2454.27,2026-05-25,On Time,SAP-Style Time
LAB-004868,20260518,71,778,40.0,40.0,32.25,7.75,0.0,0.0,84.44,1.5,2723.19,2026-05-25,On Time,SAP-Style Time
LAB-004869,20260518,72,1,40.0,40.0,44.75,2.75,7.5,0.0,107.82,1.0,4824.95,2026-05-25,On Time,SAP-Style Time
LAB-004870,20260518,73,325,40.0,28.0,22.5,5.5,0.0,12.0,85.94,1.5,1933.65,2026-05-26,On Time,Mobile Time Entry
LAB-004871,20260518,74,966,40.0,36.0,29.5,6.5,0.0,4.0,74.38,1.5,2194.21,2026-05-24,On Time,SAP-Style Time
LAB-004872,20260518,75,943,40.0,40.0,31.75,8.25,0.0,0.0,89.39,1.5,2838.13,2026-05-26,On Time,SAP-Style Time
LAB-004873,20260518,76,704,40.0,40.0,32.75,7.25,0.0,0.0,90.27,1.5,2956.34,2026-05-25,On Time,SAP-Style Time
LAB-004874,20260518,77,289,40.0,40.0,32.0,8.0,0.0,0.0,89.33,1.5,2858.56,2026-05-24,On Time,SAP-Style Time
LAB-004875,20260518,78,3,40.0,40.0,27.0,13.0,0.0,0.0,83.91,1.5,2265.57,2026-05-24,On Time,Mobile Time Entry
LAB-004876,20260518,79,910,40.0,40.0,27.0,13.0,0.0,0.0,70.65,1.5,1907.55,2026-05-26,On Time,SAP-Style Time
LAB-004877,20260518,81,13,40.0,40.0,27.25,12.75,0.0,0.0,87.64,1.5,2388.19,2026-05-26,On Time,SAP-Style Time
LAB-004878,20260518,82,753,40.0,16.0,11.0,5.0,0.0,24.0,68.13,1.5,749.43,2026-05-25,On Time,SAP-Style Time
LAB-004879,20260518,83,903,40.0,40.0,27.0,13.0,0.0,0.0,73.3,1.5,1979.1,2026-05-25,On Time,SAP-Style Time
LAB-004880,20260518,84,569,40.0,40.0,27.25,12.75,0.0,0.0,71.25,1.5,1941.56,2026-05-25,On Time,Mobile Time Entry
LAB-004881,20260518,85,239,40.0,40.0,26.75,13.25,0.0,0.0,65.88,1.5,1762.29,2026-05-25,On Time,SAP-Style Time
LAB-004882,20260518,86,830,40.0,40.0,27.0,13.0,0.0,0.0,82.25,1.5,2220.75,2026-05-26,On Time,SAP-Style Time
LAB-004883,20260518,87,511,40.0,40.0,27.25,12.75,0.0,0.0,78.64,1.5,2142.94,2026-05-24,On Time,SAP-Style Time
LAB-004884,20260518,88,2,40.0,40.0,27.25,12.75,0.0,0.0,71.87,1.5,1958.46,2026-05-25,On Time,SAP-Style Time
LAB-004885,20260518,89,798,40.0,40.0,27.0,13.0,0.0,0.0,77.91,1.5,2103.57,2026-06-04,Late,SAP-Style Time
LAB-004886,20260518,90,226,40.0,40.0,27.0,13.0,0.0,0.0,74.99,1.5,2024.73,2026-05-24,On Time,SAP-Style Time
LAB-004887,20260518,91,179,40.0,36.0,24.5,11.5,0.0,4.0,68.92,1.5,1688.54,2026-05-26,On Time,SAP-Style Time
LAB-004888,20260518,92,152,40.0,36.0,24.5,11.5,0.0,4.0,86.57,1.5,2120.96,2026-05-26,On Time,SAP-Style Time
LAB-004889,20260518,93,154,40.0,40.0,27.25,12.75,0.0,0.0,107.35,1.0,2925.29,2026-05-27,On Time,SAP-Style Time
LAB-004890,20260518,94,213,40.0,40.0,34.5,5.5,0.0,0.0,114.66,1.5,3955.77,2026-05-24,On Time,SAP-Style Time
LAB-004891,20260518,96,9,40.0,40.0,43.5,2.5,6.0,0.0,158.23,1.0,6883.01,2026-05-26,On Time,SAP-Style Time
LAB-004892,20260518,97,581,40.0,40.0,34.75,5.25,0.0,0.0,96.85,1.5,3365.54,2026-05-31,Late,SAP-Style Time
LAB-004893,20260518,98,9,40.0,40.0,43.0,1.75,4.75,0.0,98.56,1.5,4472.16,2026-05-25,On Time,SAP-Style Time
LAB-004894,20260518,99,417,40.0,40.0,34.75,5.25,0.0,0.0,101.82,1.5,3538.25,2026-05-26,On Time,SAP-Style Time
LAB-004895,20260518,100,4,40.0,40.0,34.5,5.5,0.0,0.0,92.09,1.5,3177.11,2026-05-25,On Time,SAP-Style Time
LAB-004896,20260518,101,194,40.0,40.0,34.25,5.75,0.0,0.0,114.75,1.5,3930.19,2026-05-24,On Time,SAP-Style Time
LAB-004897,20260518,102,424,40.0,32.0,28.5,3.5,0.0,8.0,91.58,1.5,2610.03,2026-05-25,On Time,SAP-Style Time
LAB-004898,20260518,103,818,40.0,40.0,35.75,4.25,0.0,0.0,109.51,1.5,3914.98,2026-05-26,On Time,SAP-Style Time
LAB-004899,20260518,104,9,40.0,40.0,42.5,2.5,5.0,0.0,116.26,1.0,4941.05,2026-06-03,Late,SAP-Style Time
LAB-004900,20260518,105,9,40.0,40.0,44.25,3.25,7.5,0.0,104.84,1.5,5032.32,2026-05-26,On Time,SAP-Style Time
LAB-004901,20260518,106,93,40.0,40.0,34.25,5.75,0.0,0.0,100.92,1.5,3456.51,2026-05-25,On Time,SAP-Style Time
LAB-004902,20260518,107,242,40.0,40.0,35.5,4.5,0.0,0.0,127.16,1.0,4514.18,2026-05-25,On Time,Mobile Time Entry
LAB-004903,20260518,108,428,40.0,40.0,34.5,5.5,0.0,0.0,104.5,1.5,3605.25,2026-05-25,On Time,SAP-Style Time
LAB-004904,20260518,109,229,40.0,40.0,33.25,6.75,0.0,0.0,122.66,1.0,4078.44,2026-05-24,On Time,SAP-Style Time
LAB-004905,20260518,110,589,40.0,40.0,34.75,5.25,0.0,0.0,144.93,1.0,5036.32,2026-05-24,On Time,SAP-Style Time
LAB-004906,20260518,111,433,40.0,40.0,39.5,5.25,4.75,0.0,106.37,1.5,4454.24,2026-05-25,On Time,SAP-Style Time
LAB-004907,20260518,112,844,40.0,40.0,35.5,4.5,0.0,0.0,93.17,1.5,3307.54,2026-05-25,On Time,SAP-Style Time
LAB-004908,20260518,113,72,40.0,40.0,34.5,5.5,0.0,0.0,97.98,1.5,3380.31,2026-05-25,On Time,SAP-Style Time
LAB-004909,20260518,114,126,40.0,40.0,33.5,12.25,5.75,0.0,97.72,1.5,3554.57,2026-05-25,On Time,Mobile Time Entry
LAB-004910,20260518,115,283,40.0,40.0,29.25,10.75,0.0,0.0,89.67,1.5,2622.85,2026-05-24,On Time,SAP-Style Time
LAB-004911,20260518,116,251,40.0,40.0,29.75,10.25,0.0,0.0,131.09,1.0,3899.93,2026-05-26,On Time,SAP-Style Time
LAB-004912,20260518,118,518,40.0,40.0,31.25,8.75,0.0,0.0,123.33,1.0,3854.06,2026-05-25,On Time,SAP-Style Time
LAB-004913,20260518,119,467,40.0,40.0,30.0,10.0,0.0,0.0,98.99,1.5,2969.7,2026-05-25,On Time,SAP-Style Time
LAB-004914,20260518,120,129,40.0,40.0,30.25,9.75,0.0,0.0,79.77,1.5,2413.04,2026-05-25,On Time,SAP-Style Time
LAB-004915,20260525,1,359,40.0,40.0,34.0,6.0,0.0,0.0,100.39,1.5,3413.26,2026-06-01,On Time,SAP-Style Time
LAB-004916,20260525,2,9,40.0,40.0,41.0,3.0,4.0,0.0,150.62,1.0,6175.42,2026-06-01,On Time,Mobile Time Entry
LAB-004917,20260525,3,65,40.0,40.0,34.5,5.5,0.0,0.0,83.78,1.5,2890.41,2026-06-01,On Time,SAP-Style Time
LAB-004918,20260525,4,767,40.0,40.0,34.5,5.5,0.0,0.0,78.56,1.5,2710.32,2026-06-02,On Time,SAP-Style Time
LAB-004919,20260525,5,9,40.0,40.0,44.75,2.75,7.5,0.0,120.4,1.0,5387.9,2026-06-01,On Time,Mobile Time Entry
LAB-004920,20260525,6,572,40.0,40.0,35.25,4.75,0.0,0.0,89.06,1.5,3139.37,2026-06-01,On Time,SAP-Style Time
LAB-004921,20260525,7,9,40.0,40.0,46.0,1.5,7.5,0.0,76.98,1.5,3829.76,2026-06-02,On Time,SAP-Style Time
LAB-004922,20260525,8,420,40.0,32.0,28.25,3.75,0.0,8.0,101.38,1.5,2863.98,2026-06-02,On Time,Mobile Time Entry
LAB-004923,20260525,9,633,40.0,40.0,34.25,5.75,0.0,0.0,81.4,1.5,2787.95,2026-06-03,On Time,SAP-Style Time
LAB-004924,20260525,10,39,40.0,40.0,35.25,4.75,0.0,0.0,76.52,1.5,2697.33,2026-06-02,On Time,SAP-Style Time
LAB-004925,20260525,11,9,40.0,40.0,42.25,1.5,3.75,0.0,128.94,1.0,5447.71,2026-06-01,On Time,SAP-Style Time
LAB-004926,20260525,12,449,40.0,40.0,33.75,6.25,0.0,0.0,93.13,1.5,3143.14,2026-05-31,On Time,SAP-Style Time
LAB-004927,20260525,13,172,40.0,40.0,34.75,5.25,0.0,0.0,82.59,1.5,2870.0,2026-06-01,On Time,SAP-Style Time
LAB-004928,20260525,14,9,40.0,40.0,43.0,3.25,6.25,0.0,100.38,1.5,4630.03,2026-05-31,On Time,SAP-Style Time
LAB-004929,20260525,15,702,40.0,36.0,31.0,5.0,0.0,4.0,98.87,1.5,3064.97,2026-06-02,On Time,SAP-Style Time
LAB-004930,20260525,16,325,40.0,40.0,38.5,4.25,2.75,0.0,100.34,1.5,4001.06,2026-06-02,On Time,SAP-Style Time
LAB-004931,20260525,17,783,40.0,40.0,36.0,4.0,0.0,0.0,88.53,1.5,3187.08,2026-06-01,On Time,SAP-Style Time
LAB-004932,20260525,18,807,40.0,32.0,27.25,4.75,0.0,8.0,89.32,1.5,2433.97,2026-06-01,On Time,Mobile Time Entry
LAB-004933,20260525,19,419,40.0,40.0,40.25,5.5,5.75,0.0,91.26,1.5,3935.59,2026-06-01,On Time,SAP-Style Time
LAB-004934,20260525,20,301,40.0,40.0,35.25,4.75,0.0,0.0,77.3,1.5,2724.83,2026-06-01,On Time,SAP-Style Time
LAB-004935,20260525,21,9,40.0,40.0,44.75,2.5,7.25,0.0,77.07,1.5,3728.26,2026-06-02,On Time,Mobile Time Entry
LAB-004936,20260525,22,202,40.0,40.0,34.75,5.25,0.0,0.0,102.23,1.5,3552.49,2026-06-01,On Time,SAP-Style Time
LAB-004937,20260525,23,217,40.0,40.0,34.5,5.5,0.0,0.0,85.0,1.5,2932.5,2026-06-02,On Time,SAP-Style Time
LAB-004938,20260525,24,256,40.0,40.0,38.5,4.75,3.25,0.0,81.27,1.5,3260.96,2026-05-31,On Time,SAP-Style Time
LAB-004939,20260525,25,9,40.0,40.0,40.25,3.5,3.75,0.0,102.16,1.0,4111.94,2026-05-31,On Time,SAP-Style Time
LAB-004940,20260525,26,866,40.0,36.0,32.25,3.75,0.0,4.0,85.79,1.5,2766.73,2026-06-03,On Time,SAP-Style Time
LAB-004941,20260525,27,133,40.0,40.0,34.75,5.25,0.0,0.0,104.52,1.5,3632.07,2026-06-01,On Time,SAP-Style Time
LAB-004942,20260525,28,9,40.0,40.0,44.5,2.75,7.25,0.0,82.53,1.5,3971.76,2026-06-01,On Time,SAP-Style Time
LAB-004943,20260525,29,361,40.0,40.0,34.75,5.25,0.0,0.0,79.3,1.5,2755.67,2026-06-01,On Time,Mobile Time Entry
LAB-004944,20260525,30,623,40.0,40.0,38.75,4.5,3.25,0.0,79.44,1.5,3207.39,2026-05-31,On Time,SAP-Style Time
LAB-004945,20260525,31,469,40.0,40.0,35.0,5.0,0.0,0.0,105.13,1.5,3679.55,2026-06-01,On Time,SAP-Style Time
LAB-004946,20260525,32,828,40.0,40.0,35.0,5.0,0.0,0.0,82.13,1.5,2874.55,2026-06-01,On Time,SAP-Style Time
LAB-004947,20260525,33,220,40.0,40.0,34.25,5.75,0.0,0.0,89.89,1.5,3078.73,2026-06-02,On Time,Mobile Time Entry
LAB-004948,20260525,34,367,40.0,40.0,33.75,6.25,0.0,0.0,98.09,1.5,3310.54,2026-06-02,On Time,SAP-Style Time
LAB-004949,20260525,35,9,40.0,40.0,46.5,1.5,8.0,0.0,91.52,1.5,4621.76,2026-05-31,On Time,SAP-Style Time
LAB-004950,20260525,36,172,40.0,28.0,26.5,3.75,2.25,12.0,82.83,1.5,2288.18,2026-06-02,On Time,SAP-Style Time
LAB-004951,20260525,37,683,40.0,40.0,32.0,8.0,0.0,0.0,92.08,1.5,2946.56,2026-06-02,On Time,SAP-Style Time
LAB-004952,20260525,38,327,40.0,40.0,32.5,7.5,0.0,0.0,105.74,1.5,3436.55,2026-06-02,On Time,SAP-Style Time
LAB-004953,20260525,39,77,40.0,40.0,34.0,6.0,0.0,0.0,107.79,1.5,3664.86,2026-06-02,On Time,SAP-Style Time
LAB-004954,20260525,40,369,40.0,40.0,33.25,6.75,0.0,0.0,103.71,1.5,3448.36,2026-06-09,Late,SAP-Style Time
LAB-004955,20260525,41,906,40.0,40.0,33.0,7.0,0.0,0.0,108.71,1.5,3587.43,2026-06-02,On Time,SAP-Style Time
LAB-004956,20260525,42,1,40.0,40.0,43.0,3.5,6.5,0.0,149.01,1.0,6407.43,2026-06-01,On Time,SAP-Style Time
LAB-004957,20260525,43,668,40.0,40.0,32.5,7.5,0.0,0.0,106.75,1.5,3469.38,2026-06-01,On Time,SAP-Style Time
LAB-004958,20260525,44,1,40.0,40.0,43.25,2.5,5.75,0.0,144.49,1.0,6249.19,2026-06-02,On Time,SAP-Style Time
LAB-004959,20260525,45,1,40.0,40.0,45.0,3.75,8.75,0.0,86.24,1.5,4258.1,2026-05-31,On Time,SAP-Style Time
LAB-004960,20260525,46,1,40.0,40.0,45.75,4.0,9.75,0.0,143.94,1.0,6585.26,2026-06-01,On Time,SAP-Style Time
LAB-004961,20260525,47,822,40.0,40.0,,5.5,0.0,0.0,106.76,1.5,,2026-06-01,On Time,SAP-Style Time
LAB-004962,20260525,48,396,40.0,40.0,32.5,7.5,0.0,0.0,87.87,1.5,2855.78,2026-05-31,On Time,SAP-Style Time
LAB-004963,20260525,49,626,40.0,40.0,32.25,7.75,0.0,0.0,83.27,1.5,2685.46,2026-05-31,On Time,Mobile Time Entry
LAB-004964,20260525,50,306,40.0,40.0,33.25,6.75,0.0,0.0,101.97,1.5,3390.5,2026-06-02,On Time,SAP-Style Time
LAB-004965,20260525,51,416,40.0,40.0,33.25,6.75,0.0,0.0,86.2,1.5,2866.15,2026-06-02,On Time,SAP-Style Time
LAB-004966,20260525,52,45,40.0,40.0,33.5,6.5,0.0,0.0,97.32,1.5,3260.22,2026-06-01,On Time,SAP-Style Time
LAB-004967,20260525,53,578,40.0,40.0,34.0,6.0,0.0,0.0,94.11,1.5,3199.74,2026-05-31,On Time,SAP-Style Time
LAB-004968,20260525,54,1,40.0,40.0,42.75,4.25,7.0,0.0,107.2,1.5,4958.0,2026-06-03,On Time,SAP-Style Time
LAB-004969,20260525,55,401,40.0,40.0,32.0,8.0,0.0,0.0,95.59,1.5,3058.88,2026-06-01,On Time,SAP-Style Time
LAB-004970,20260525,56,252,40.0,32.0,25.75,6.25,0.0,8.0,73.51,1.5,1892.88,2026-06-01,On Time,SAP-Style Time
LAB-004971,20260525,57,64,40.0,40.0,31.75,8.25,0.0,0.0,87.06,1.5,2764.16,2026-06-01,On Time,SAP-Style Time
LAB-004972,20260525,58,1,40.0,40.0,46.25,3.25,9.5,0.0,119.87,1.0,5543.99,2026-06-03,On Time,SAP-Style Time
LAB-004973,20260525,59,190,40.0,40.0,31.75,8.25,0.0,0.0,83.18,1.5,2640.97,2026-06-02,On Time,Mobile Time Entry
LAB-004974,20260525,60,910,40.0,40.0,31.25,8.75,0.0,0.0,86.44,1.5,2701.25,2026-06-02,On Time,SAP-Style Time
LAB-004975,20260525,61,593,40.0,40.0,31.5,8.5,0.0,0.0,83.96,1.5,2644.74,2026-06-02,On Time,SAP-Style Time
LAB-004976,20260525,62,353,40.0,40.0,32.25,7.75,0.0,0.0,73.28,1.5,2363.28,2026-06-01,On Time,SAP-Style Time
LAB-004977,20260525,63,1,40.0,40.0,45.5,2.5,8.0,0.0,122.98,1.0,5595.59,2026-05-31,On Time,SAP-Style Time
LAB-004978,20260525,64,289,40.0,40.0,31.0,9.0,0.0,0.0,84.9,1.5,2631.9,2026-06-03,On Time,SAP-Style Time
LAB-004979,20260525,65,44,40.0,40.0,31.25,8.75,0.0,0.0,72.42,1.5,2263.13,2026-06-02,On Time,SAP-Style Time
LAB-004980,20260525,66,549,40.0,40.0,33.25,6.75,0.0,0.0,94.95,1.5,3157.09,2026-06-01,On Time,Mobile Time Entry
LAB-004981,20260525,67,339,40.0,32.0,24.5,7.5,0.0,8.0,79.97,1.5,1959.26,2026-06-01,On Time,SAP-Style Time
LAB-004982,20260525,68,502,40.0,40.0,33.5,6.5,0.0,0.0,79.96,1.5,2678.66,2026-05-31,On Time,SAP-Style Time
LAB-004983,20260525,69,515,40.0,40.0,31.25,8.75,0.0,0.0,92.5,1.5,2890.63,2026-06-01,On Time,Mobile Time Entry
LAB-004984,20260525,70,685,40.0,40.0,30.25,9.75,0.0,0.0,79.17,1.5,2394.89,2026-06-01,On Time,SAP-Style Time
LAB-004985,20260525,71,251,40.0,40.0,32.25,7.75,0.0,0.0,84.44,1.5,2723.19,2026-06-01,On Time,SAP-Style Time
LAB-004986,20260525,72,1,40.0,40.0,43.5,4.5,8.0,0.0,107.82,1.0,4690.17,2026-06-03,On Time,SAP-Style Time
LAB-004987,20260525,73,864,40.0,40.0,32.25,7.75,0.0,0.0,85.94,1.5,2771.57,2026-06-01,On Time,SAP-Style Time
LAB-004988,20260525,74,629,40.0,40.0,31.5,8.5,0.0,0.0,74.38,1.5,2342.97,2026-06-02,On Time,SAP-Style Time
LAB-004989,20260525,75,433,40.0,40.0,31.5,8.5,0.0,0.0,89.39,1.5,2815.79,2026-06-02,On Time,SAP-Style Time
LAB-004990,20260525,76,327,40.0,40.0,32.75,7.25,0.0,0.0,90.27,1.5,2956.34,2026-06-01,On Time,SAP-Style Time
LAB-004991,20260525,77,725,40.0,36.0,28.75,7.25,0.0,4.0,89.33,1.5,2568.24,2026-06-02,On Time,SAP-Style Time
LAB-004992,20260525,78,352,40.0,40.0,27.25,12.75,0.0,0.0,83.91,1.5,2286.55,2026-06-01,On Time,Mobile Time Entry
LAB-004993,20260525,79,809,40.0,36.0,24.5,11.5,0.0,4.0,70.65,1.5,1730.93,2026-06-01,On Time,SAP-Style Time
LAB-004994,20260525,81,558,40.0,36.0,24.25,11.75,0.0,4.0,87.64,1.5,2125.27,2026-05-31,On Time,SAP-Style Time
LAB-004995,20260525,82,272,40.0,40.0,27.0,13.0,0.0,0.0,68.13,1.5,1839.51,2026-06-03,On Time,Mobile Time Entry
LAB-004996,20260525,83,317,40.0,40.0,27.25,12.75,0.0,0.0,73.3,1.5,1997.43,2026-06-01,On Time,SAP-Style Time
LAB-004997,20260525,84,371,40.0,40.0,28.5,13.0,1.5,0.0,71.25,1.5,2084.06,2026-06-02,On Time,SAP-Style Time
LAB-004998,20260525,85,837,40.0,40.0,27.0,13.0,0.0,0.0,65.88,1.5,1778.76,2026-06-02,On Time,SAP-Style Time
LAB-004999,20260525,86,227,40.0,40.0,26.75,13.25,0.0,0.0,82.25,1.5,2200.19,2026-06-02,On Time,Mobile Time Entry
LAB-005000,20260525,87,245,40.0,40.0,30.0,12.75,2.75,0.0,78.64,1.5,2467.33,2026-06-02,On Time,SAP-Style Time
LAB-005001,20260525,88,106,40.0,40.0,26.75,13.25,0.0,0.0,71.87,1.5,1922.52,2026-06-01,On Time,SAP-Style Time
LAB-005002,20260525,89,213,40.0,40.0,32.75,13.0,5.75,0.0,77.91,1.5,2775.54,2026-06-01,On Time,SAP-Style Time
LAB-005003,20260525,90,203,40.0,36.0,24.5,11.5,0.0,4.0,74.99,1.5,1837.25,2026-06-01,On Time,SAP-Style Time
LAB-005004,20260525,91,728,40.0,40.0,27.0,13.0,0.0,0.0,68.92,1.5,1860.84,2026-06-01,On Time,SAP-Style Time
LAB-005005,20260525,92,484,40.0,36.0,24.25,11.75,0.0,4.0,86.57,1.5,2099.32,2026-06-01,On Time,SAP-Style Time
LAB-005006,20260525,93,3,40.0,40.0,27.0,13.0,0.0,0.0,107.35,1.0,2898.45,2026-06-01,On Time,Mobile Time Entry
LAB-005007,20260525,94,699,40.0,40.0,35.0,5.0,0.0,0.0,114.66,1.5,4013.1,2026-06-02,On Time,SAP-Style Time
LAB-005008,20260525,96,9,40.0,40.0,42.25,2.25,4.5,0.0,158.23,1.0,6685.22,2026-05-31,On Time,SAP-Style Time
LAB-005009,20260525,97,879,40.0,40.0,35.0,5.0,0.0,0.0,96.85,1.5,3389.75,2026-06-01,On Time,SAP-Style Time
LAB-005010,20260525,98,9,40.0,32.0,36.5,2.75,7.25,8.0,98.56,1.5,3954.72,2026-06-01,On Time,SAP-Style Time
LAB-005011,20260525,99,359,40.0,40.0,34.5,5.5,0.0,0.0,101.82,1.5,3512.79,2026-05-31,On Time,SAP-Style Time
LAB-005012,20260525,100,110,40.0,40.0,35.0,5.0,0.0,0.0,92.09,1.5,3223.15,2026-06-02,On Time,SAP-Style Time
LAB-005013,20260525,101,126,40.0,32.0,27.0,5.0,0.0,8.0,114.75,1.5,3098.25,2026-06-08,Late,SAP-Style Time
LAB-005014,20260525,102,55,30.0,30.0,26.0,4.0,0.0,0.0,91.58,1.5,2381.08,2026-06-01,On Time,SAP-Style Time
LAB-006321,20260525,102,570,10.0,10.0,8.5,1.5,0.0,0.0,91.58,1.5,778.43,2026-06-01,On Time,SAP-Style Time
LAB-005015,20260525,103,960,40.0,40.0,35.75,4.25,0.0,0.0,109.51,1.5,3914.98,2026-05-31,On Time,SAP-Style Time
LAB-005016,20260525,104,9,40.0,40.0,43.5,2.0,5.5,0.0,116.26,1.0,5057.31,2026-06-07,Late,SAP-Style Time
LAB-005017,20260525,105,9,40.0,40.0,43.5,3.25,6.75,0.0,104.84,1.5,4914.38,2026-06-02,On Time,SAP-Style Time
LAB-005018,20260525,106,28,40.0,40.0,34.5,5.5,0.0,0.0,100.92,1.5,3481.74,2026-06-02,On Time,SAP-Style Time
LAB-006333,20260525,107,44,10.0,10.0,8.75,1.25,0.0,0.0,127.16,1.0,1112.65,2026-06-02,On Time,SAP-Style Time
LAB-005019,20260525,107,864,30.0,30.0,26.0,4.0,0.0,0.0,127.16,1.0,3306.16,2026-06-02,On Time,SAP-Style Time
LAB-005020,20260525,108,864,40.0,40.0,34.25,5.75,0.0,0.0,104.5,1.5,3579.13,2026-05-31,On Time,SAP-Style Time
LAB-005021,20260525,109,883,40.0,40.0,34.25,5.75,0.0,0.0,122.66,1.0,4201.11,2026-06-02,On Time,SAP-Style Time
LAB-005022,20260525,110,866,40.0,40.0,35.0,5.0,0.0,0.0,144.93,1.0,5072.55,2026-06-03,On Time,SAP-Style Time
LAB-005023,20260525,111,621,40.0,40.0,34.25,5.75,0.0,0.0,106.37,1.5,3643.17,2026-06-01,On Time,SAP-Style Time
LAB-005024,20260525,112,523,40.0,40.0,35.0,5.0,0.0,0.0,93.17,1.5,3260.95,2026-05-31,On Time,SAP-Style Time
LAB-005025,20260525,113,808,40.0,40.0,34.0,6.0,0.0,0.0,97.98,1.5,3331.32,2026-06-01,On Time,SAP-Style Time
LAB-005026,20260525,114,970,40.0,40.0,28.25,11.75,0.0,0.0,97.72,1.5,2760.59,2026-05-31,On Time,SAP-Style Time
LAB-005027,20260525,115,908,40.0,40.0,28.75,11.25,0.0,0.0,89.67,1.5,2578.01,2026-06-01,On Time,SAP-Style Time
LAB-005028,20260525,116,373,40.0,40.0,29.75,10.25,0.0,0.0,131.09,1.0,3899.93,2026-05-31,On Time,SAP-Style Time
LAB-005029,20260525,118,699,40.0,32.0,24.5,7.5,0.0,8.0,123.33,1.0,3021.59,2026-06-02,On Time,SAP-Style Time
LAB-005030,20260525,119,72,40.0,36.0,30.25,8.75,3.0,4.0,98.99,1.5,3142.93,2026-06-01,On Time,SAP-Style Time
LAB-005031,20260525,120,263,40.0,40.0,29.5,10.5,0.0,0.0,79.77,1.5,2353.21,2026-05-31,On Time,SAP-Style Time
LAB-005032,20260601,1,928,40.0,40.0,37.5,5.0,2.5,0.0,100.39,1.5,3890.11,2026-06-08,On Time,SAP-Style Time
LAB-005033,20260601,2,9,40.0,40.0,42.25,2.0,4.25,0.0,150.62,1.0,6363.7,2026-06-10,On Time,SAP-Style Time
LAB-005034,20260601,3,866,40.0,24.0,20.75,3.25,0.0,16.0,83.78,1.5,1738.44,2026-06-08,On Time,SAP-Style Time
LAB-005035,20260601,4,666,40.0,32.0,28.0,4.0,0.0,8.0,78.56,1.5,2199.68,2026-06-08,On Time,SAP-Style Time
LAB-005036,20260601,5,9,40.0,40.0,43.0,3.25,6.25,0.0,120.4,1.0,5177.2,2026-06-07,On Time,SAP-Style Time
LAB-005037,20260601,6,383,40.0,40.0,35.5,4.5,0.0,0.0,89.06,1.5,3161.63,2026-06-08,On Time,SAP-Style Time
LAB-005038,20260601,7,9,40.0,40.0,44.75,3.0,7.75,0.0,76.98,1.5,3743.15,2026-06-10,On Time,SAP-Style Time
LAB-005039,20260601,8,536,40.0,40.0,35.0,5.0,0.0,0.0,101.38,1.5,3548.3,2026-06-10,On Time,SAP-Style Time
LAB-005040,20260601,9,676,40.0,40.0,35.0,5.0,0.0,0.0,81.4,1.5,2849.0,2026-06-08,On Time,Mobile Time Entry
LAB-005041,20260601,10,700,40.0,40.0,35.5,4.5,0.0,0.0,76.52,1.5,2716.46,2026-06-09,On Time,SAP-Style Time
LAB-005042,20260601,11,9,40.0,40.0,42.0,3.25,5.25,0.0,128.94,1.0,5415.48,2026-06-09,On Time,SAP-Style Time
LAB-005043,20260601,12,97,40.0,40.0,34.5,5.5,0.0,0.0,93.13,1.5,3212.98,2026-06-07,On Time,SAP-Style Time
LAB-005044,20260601,13,844,40.0,40.0,34.5,5.5,0.0,0.0,82.59,1.5,2849.36,2026-06-09,On Time,SAP-Style Time
LAB-005045,20260601,14,9,40.0,32.0,34.25,1.25,3.5,8.0,100.38,1.5,3613.68,2026-06-09,On Time,SAP-Style Time
LAB-005046,20260601,15,663,40.0,40.0,34.75,5.25,0.0,0.0,98.87,1.5,3435.73,2026-06-07,On Time,SAP-Style Time
LAB-005047,20260601,16,523,40.0,40.0,34.75,5.25,0.0,0.0,100.34,1.5,3486.82,2026-06-09,On Time,Mobile Time Entry
LAB-005048,20260601,17,727,40.0,40.0,36.25,3.75,0.0,0.0,88.53,1.5,3209.21,2026-06-09,On Time,SAP-Style Time
LAB-005049,20260601,18,83,28.0,28.0,24.0,4.0,0.0,0.0,89.32,1.5,2143.68,2026-06-19,Late,SAP-Style Time
LAB-006463,20260601,18,90,12.0,12.0,10.25,1.75,0.0,0.0,89.32,1.5,915.53,2026-06-19,Late,SAP-Style Time
LAB-005050,20260601,19,496,40.0,40.0,34.75,5.25,0.0,0.0,91.26,1.5,3171.29,2026-06-07,On Time,SAP-Style Time
LAB-005051,20260601,20,183,40.0,40.0,34.75,5.25,0.0,0.0,77.3,1.5,2686.17,2026-06-07,On Time,SAP-Style Time
LAB-005052,20260601,21,9,40.0,40.0,44.0,3.5,7.5,0.0,77.07,1.5,3680.09,2026-06-10,On Time,SAP-Style Time
LAB-005053,20260601,22,80,40.0,32.0,28.0,4.0,0.0,8.0,102.23,1.5,2862.44,2026-06-09,On Time,SAP-Style Time
LAB-005054,20260601,23,702,40.0,40.0,34.75,5.25,0.0,0.0,85.0,1.5,2953.75,2026-06-07,On Time,SAP-Style Time
LAB-005055,20260601,24,345,40.0,40.0,35.0,5.0,0.0,0.0,81.27,1.5,2844.45,2026-06-09,On Time,Mobile Time Entry
LAB-005056,20260601,25,9,40.0,40.0,41.25,3.25,4.5,0.0,102.16,1.0,4214.1,2026-06-09,On Time,SAP-Style Time
LAB-005057,20260601,26,103,40.0,40.0,35.0,5.0,0.0,0.0,85.79,1.5,3002.65,2026-06-10,On Time,Mobile Time Entry
LAB-005058,20260601,27,881,40.0,40.0,35.0,5.0,0.0,0.0,104.52,1.5,3658.2,2026-06-07,On Time,SAP-Style Time
LAB-005059,20260601,28,9,40.0,40.0,45.75,2.0,7.75,0.0,82.53,1.5,4095.55,2026-06-08,On Time,SAP-Style Time
LAB-005060,20260601,29,757,40.0,40.0,34.75,5.25,0.0,0.0,79.3,1.5,2755.67,2026-06-07,On Time,SAP-Style Time
LAB-005061,20260601,30,881,40.0,40.0,35.0,5.0,0.0,0.0,79.44,1.5,2780.4,2026-06-09,On Time,SAP-Style Time
LAB-005062,20260601,31,259,40.0,28.0,24.0,4.0,0.0,12.0,105.13,1.5,2523.12,2026-06-09,On Time,SAP-Style Time
LAB-005063,20260601,32,342,40.0,40.0,35.0,5.0,0.0,0.0,82.13,1.5,2874.55,2026-06-09,On Time,SAP-Style Time
LAB-005064,20260601,33,881,40.0,28.0,24.25,3.75,0.0,12.0,89.89,1.5,2179.83,2026-06-09,On Time,SAP-Style Time
LAB-005065,20260601,34,857,40.0,40.0,33.5,6.5,0.0,0.0,98.09,1.5,3286.02,2026-06-14,Late,SAP-Style Time
LAB-005066,20260601,35,9,40.0,40.0,44.25,1.5,5.75,0.0,91.52,1.5,4312.88,2026-06-08,On Time,SAP-Style Time
LAB-005067,20260601,36,296,40.0,40.0,34.5,5.5,0.0,0.0,82.83,1.5,2857.63,2026-06-08,On Time,SAP-Style Time
LAB-005068,20260601,37,763,40.0,40.0,32.0,8.0,0.0,0.0,92.08,1.5,2946.56,2026-06-09,On Time,SAP-Style Time
LAB-005069,20260601,38,327,40.0,40.0,32.75,7.25,0.0,0.0,105.74,1.5,3462.98,2026-06-10,On Time,SAP-Style Time
LAB-005070,20260601,39,906,40.0,36.0,30.5,5.5,0.0,4.0,107.79,1.5,3287.6,2026-06-08,On Time,SAP-Style Time
LAB-005071,20260601,40,896,40.0,40.0,33.25,6.75,0.0,0.0,103.71,1.5,3448.36,2026-06-10,On Time,SAP-Style Time
LAB-005072,20260601,41,899,40.0,36.0,29.5,6.5,0.0,4.0,108.71,1.5,3206.94,2026-06-08,On Time,Mobile Time Entry
LAB-005073,20260601,42,1,40.0,40.0,46.25,2.75,9.0,0.0,149.01,1.0,6891.71,2026-06-08,On Time,SAP-Style Time
LAB-005074,20260601,43,149,40.0,40.0,33.0,7.0,0.0,0.0,106.75,1.5,3522.75,2026-06-07,On Time,SAP-Style Time
LAB-005075,20260601,44,1,40.0,40.0,44.0,3.5,7.5,0.0,144.49,1.0,6357.56,2026-06-10,On Time,SAP-Style Time
LAB-005076,20260601,45,1,40.0,40.0,42.25,3.75,6.0,0.0,86.24,1.5,3902.36,2026-06-09,On Time,SAP-Style Time
LAB-005077,20260601,46,1,40.0,32.0,35.25,1.75,5.0,8.0,143.94,1.0,5073.88,2026-06-08,On Time,SAP-Style Time
LAB-005078,20260601,47,121,40.0,40.0,33.25,6.75,0.0,0.0,106.76,1.5,3549.77,2026-06-08,On Time,SAP-Style Time
LAB-005079,20260601,48,422,40.0,32.0,26.0,6.0,0.0,8.0,87.87,1.5,2284.62,2026-06-08,On Time,SAP-Style Time
LAB-005080,20260601,49,456,40.0,40.0,32.5,7.5,0.0,0.0,83.27,1.5,2706.28,2026-06-08,On Time,SAP-Style Time
LAB-005081,20260601,50,695,40.0,40.0,32.75,7.25,0.0,0.0,101.97,1.5,3339.52,2026-06-09,On Time,SAP-Style Time
LAB-005082,20260601,51,207,40.0,40.0,32.5,7.5,0.0,0.0,86.2,1.5,2801.5,2026-06-08,On Time,SAP-Style Time
LAB-005083,20260601,52,973,40.0,40.0,33.25,6.75,0.0,0.0,97.32,1.5,3235.89,2026-06-08,On Time,SAP-Style Time
LAB-005084,20260601,53,394,26.0,26.0,22.5,3.5,0.0,0.0,94.11,1.5,2117.48,2026-06-08,On Time,SAP-Style Time
LAB-006482,20260601,53,395,14.0,14.0,12.0,2.0,0.0,0.0,94.11,1.5,1129.32,2026-06-08,On Time,SAP-Style Time
LAB-005085,20260601,54,1,40.0,32.0,34.75,3.25,6.0,8.0,107.2,1.5,4046.8,2026-06-09,On Time,SAP-Style Time
LAB-005086,20260601,55,462,40.0,40.0,32.5,7.5,0.0,0.0,95.59,1.5,3106.68,2026-06-08,On Time,SAP-Style Time
LAB-005087,20260601,56,450,40.0,40.0,32.25,7.75,0.0,0.0,73.51,1.5,2370.7,2026-06-08,On Time,Mobile Time Entry
LAB-005088,20260601,57,134,40.0,40.0,32.0,8.0,0.0,0.0,87.06,1.5,2785.92,2026-06-12,Late,SAP-Style Time
LAB-005089,20260601,58,1,40.0,40.0,40.5,3.75,4.25,0.0,119.87,1.0,4854.74,2026-06-08,On Time,SAP-Style Time
LAB-005090,20260601,59,511,40.0,32.0,25.75,6.25,0.0,8.0,83.18,1.5,2141.89,2026-06-08,On Time,SAP-Style Time
LAB-005091,20260601,60,887,40.0,40.0,32.25,7.75,0.0,0.0,86.44,1.5,2787.69,2026-06-10,On Time,SAP-Style Time
LAB-005092,20260601,61,759,40.0,40.0,31.75,8.25,0.0,0.0,83.96,1.5,2665.73,2026-06-08,On Time,SAP-Style Time
LAB-005093,20260601,62,94,40.0,40.0,32.25,7.75,0.0,0.0,73.28,1.5,2363.28,2026-06-09,On Time,SAP-Style Time
LAB-005094,20260601,63,1,40.0,40.0,42.5,3.75,6.25,0.0,122.98,1.0,5226.65,2026-06-07,On Time,SAP-Style Time
LAB-005095,20260601,64,581,40.0,40.0,31.5,8.5,0.0,0.0,84.9,1.5,2674.35,2026-06-07,On Time,SAP-Style Time
LAB-005096,20260601,65,925,40.0,32.0,24.75,7.25,0.0,8.0,72.42,1.5,1792.4,2026-06-07,On Time,SAP-Style Time
LAB-005097,20260601,66,730,40.0,40.0,33.75,6.25,0.0,0.0,94.95,1.5,3204.56,2026-06-08,On Time,SAP-Style Time
LAB-005098,20260601,67,124,40.0,40.0,31.25,8.75,0.0,0.0,79.97,1.5,2499.06,2026-06-08,On Time,SAP-Style Time
LAB-005099,20260601,68,370,40.0,40.0,33.75,6.25,0.0,0.0,79.96,1.5,2698.65,2026-06-08,On Time,SAP-Style Time
LAB-005100,20260601,69,930,40.0,40.0,31.0,9.0,0.0,0.0,92.5,1.5,2867.5,2026-06-08,On Time,SAP-Style Time
LAB-005101,20260601,70,790,40.0,40.0,30.5,9.5,0.0,0.0,79.17,1.5,2414.69,2026-06-09,On Time,SAP-Style Time
LAB-005102,20260601,71,899,40.0,32.0,25.75,6.25,0.0,8.0,84.44,1.5,2174.33,2026-06-08,On Time,SAP-Style Time
LAB-005103,20260601,72,1,40.0,40.0,45.25,4.5,9.75,0.0,107.82,1.0,4878.86,2026-06-08,On Time,SAP-Style Time
LAB-005104,20260601,73,152,40.0,36.0,29.0,7.0,0.0,4.0,85.94,1.5,2492.26,2026-06-07,On Time,SAP-Style Time
LAB-005105,20260601,74,803,40.0,40.0,31.5,8.5,0.0,0.0,74.38,1.5,2342.97,2026-06-08,On Time,SAP-Style Time
LAB-005106,20260601,75,248,40.0,40.0,32.25,7.75,0.0,0.0,89.39,1.5,2882.83,2026-06-09,On Time,SAP-Style Time
LAB-005107,20260601,76,836,40.0,40.0,32.25,7.75,0.0,0.0,90.27,1.5,2911.21,2026-06-09,On Time,SAP-Style Time
LAB-005108,20260601,77,633,40.0,40.0,31.75,8.25,0.0,0.0,89.33,1.5,2836.23,2026-06-08,On Time,SAP-Style Time
LAB-005109,20260601,78,319,40.0,24.0,16.25,7.75,0.0,16.0,83.91,1.5,1363.54,2026-06-08,On Time,SAP-Style Time
LAB-005110,20260601,79,36,40.0,40.0,27.5,12.5,0.0,0.0,70.65,1.5,1942.88,2026-06-08,On Time,SAP-Style Time
LAB-005111,20260601,81,868,40.0,40.0,27.0,13.0,0.0,0.0,87.64,1.5,2366.28,2026-06-07,On Time,SAP-Style Time
LAB-005112,20260601,82,756,40.0,40.0,27.0,13.0,0.0,0.0,68.13,1.5,1839.51,2026-06-10,On Time,SAP-Style Time
LAB-005113,20260601,83,671,40.0,40.0,26.75,13.25,0.0,0.0,73.3,1.5,1960.77,2026-06-08,On Time,SAP-Style Time
LAB-005114,20260601,84,998,40.0,40.0,27.0,13.0,0.0,0.0,71.25,1.5,1923.75,2026-06-08,On Time,SAP-Style Time
LAB-005115,20260601,85,348,40.0,40.0,27.0,13.0,0.0,0.0,65.88,1.5,1778.76,2026-06-08,On Time,Mobile Time Entry
LAB-005116,20260601,86,1000,40.0,40.0,27.0,13.0,0.0,0.0,82.25,1.5,2220.75,2026-06-10,On Time,SAP-Style Time
LAB-005117,20260601,87,204,40.0,40.0,27.0,13.0,0.0,0.0,78.64,1.5,2123.28,2026-06-08,On Time,SAP-Style Time
LAB-005118,20260601,88,73,40.0,40.0,27.25,12.75,0.0,0.0,71.87,1.5,1958.46,2026-06-08,On Time,SAP-Style Time
LAB-005119,20260601,89,451,40.0,40.0,27.25,12.75,0.0,0.0,77.91,1.5,2123.05,2026-06-09,On Time,SAP-Style Time
LAB-005120,20260601,90,739,40.0,40.0,27.0,13.0,0.0,0.0,74.99,1.5,2024.73,2026-06-09,On Time,SAP-Style Time
LAB-005121,20260601,91,208,40.0,40.0,27.0,13.0,0.0,0.0,68.92,1.5,1860.84,2026-06-07,On Time,SAP-Style Time
LAB-006341,20260601,92,617,10.0,10.0,6.75,3.25,0.0,0.0,86.57,1.5,584.35,2026-06-07,On Time,SAP-Style Time
LAB-005122,20260601,92,838,30.0,30.0,20.25,9.75,0.0,0.0,86.57,1.5,1753.04,2026-06-07,On Time,SAP-Style Time
LAB-005123,20260601,93,302,40.0,24.0,16.25,7.75,0.0,16.0,107.35,1.0,1744.44,2026-06-08,On Time,SAP-Style Time
LAB-005124,20260601,94,43,40.0,40.0,34.75,5.25,0.0,0.0,114.66,1.5,3984.44,2026-06-07,On Time,SAP-Style Time
LAB-005125,20260601,96,9,40.0,24.0,28.0,2.0,6.0,16.0,158.23,1.0,4430.44,2026-06-07,On Time,Mobile Time Entry
LAB-005126,20260601,97,188,40.0,40.0,34.75,5.25,0.0,0.0,96.85,1.5,3365.54,2026-06-09,On Time,SAP-Style Time
LAB-005127,20260601,98,9,40.0,40.0,45.0,2.5,7.5,0.0,98.56,1.5,4804.8,2026-06-07,On Time,SAP-Style Time
LAB-005128,20260601,99,859,40.0,40.0,35.25,4.75,0.0,0.0,101.82,1.5,3589.15,2026-06-08,On Time,SAP-Style Time
LAB-005129,20260601,100,446,40.0,40.0,35.75,4.25,0.0,0.0,92.09,1.5,3292.22,2026-06-09,On Time,SAP-Style Time
LAB-005130,20260601,101,356,40.0,40.0,34.0,6.0,0.0,0.0,114.75,1.5,3901.5,2026-06-08,On Time,Mobile Time Entry
LAB-005131,20260601,102,491,40.0,40.0,34.0,6.0,0.0,0.0,91.58,1.5,3113.72,2026-06-09,On Time,SAP-Style Time
LAB-005132,20260601,103,617,40.0,40.0,36.0,4.0,0.0,0.0,109.51,1.5,3942.36,2026-06-09,On Time,SAP-Style Time
LAB-005133,20260601,104,9,40.0,40.0,43.25,2.0,5.25,0.0,116.26,1.0,5028.25,2026-06-09,On Time,SAP-Style Time
LAB-005134,20260601,105,9,40.0,40.0,41.75,3.25,5.0,0.0,104.84,1.5,4639.17,2026-06-08,On Time,SAP-Style Time
LAB-005135,20260601,106,622,40.0,40.0,34.75,5.25,0.0,0.0,100.92,1.5,3506.97,2026-06-09,On Time,SAP-Style Time
LAB-005136,20260601,107,867,40.0,40.0,34.75,5.25,0.0,0.0,127.16,1.0,4418.81,2026-06-09,On Time,SAP-Style Time
LAB-005137,20260601,108,739,40.0,40.0,34.0,6.0,0.0,0.0,104.5,1.5,3553.0,2026-06-08,On Time,SAP-Style Time
LAB-005138,20260601,109,372,40.0,40.0,34.25,5.75,0.0,0.0,122.66,1.0,4201.11,2026-06-19,Late,SAP-Style Time
LAB-005139,20260601,110,583,28.0,28.0,24.25,3.75,0.0,0.0,144.93,1.0,3514.55,2026-06-09,On Time,SAP-Style Time
LAB-006425,20260601,110,657,12.0,12.0,10.25,1.75,0.0,0.0,144.93,1.0,1485.53,2026-06-09,On Time,SAP-Style Time
LAB-005140,20260601,111,467,40.0,40.0,34.5,5.5,0.0,0.0,106.37,1.5,3669.77,2026-06-09,On Time,SAP-Style Time
LAB-005141,20260601,112,194,40.0,40.0,35.25,4.75,0.0,0.0,93.17,1.5,3284.24,2026-06-09,On Time,SAP-Style Time
LAB-005142,20260601,113,420,40.0,40.0,33.75,6.25,0.0,0.0,97.98,1.5,3306.83,2026-06-10,On Time,SAP-Style Time
LAB-005143,20260601,114,395,40.0,40.0,28.0,12.0,0.0,0.0,97.72,1.5,2736.16,2026-06-09,On Time,SAP-Style Time
LAB-005144,20260601,115,268,40.0,40.0,28.25,11.75,0.0,0.0,89.67,1.5,2533.18,2026-06-10,On Time,SAP-Style Time
LAB-005145,20260601,116,897,40.0,40.0,29.75,10.25,0.0,0.0,131.09,1.0,3899.93,2026-06-09,On Time,SAP-Style Time
LAB-005146,20260601,118,149,40.0,40.0,30.5,9.5,0.0,0.0,123.33,1.0,3761.57,2026-06-08,On Time,SAP-Style Time
LAB-005147,20260601,119,946,40.0,40.0,29.75,10.25,0.0,0.0,98.99,1.5,2944.95,2026-06-08,On Time,SAP-Style Time
LAB-006455,20260601,120,399,16.0,14.5,10.5,4.0,0.0,1.5,79.77,1.5,837.58,2026-06-08,On Time,SAP-Style Time
LAB-005148,20260601,120,488,24.0,21.5,16.0,5.5,0.0,2.5,79.77,1.5,1276.32,2026-06-08,On Time,SAP-Style Time
LAB-005149,20260608,1,928,40.0,40.0,34.5,5.5,0.0,0.0,100.39,1.5,3463.46,2026-06-17,On Time,Mobile Time Entry
LAB-005150,20260608,2,9,40.0,40.0,43.0,2.75,5.75,0.0,150.62,1.0,6476.66,2026-06-15,On Time,Manager Adjustment
LAB-005151,20260608,3,793,40.0,40.0,34.5,5.5,0.0,0.0,83.78,1.5,2890.41,2026-06-14,On Time,SAP-Style Time
LAB-005152,20260608,4,817,40.0,40.0,34.5,5.5,0.0,0.0,78.56,1.5,2710.32,2026-06-14,On Time,SAP-Style Time
LAB-005153,20260608,5,9,40.0,40.0,45.75,2.0,7.75,0.0,120.4,1.0,5508.3,2026-06-17,On Time,SAP-Style Time
LAB-005154,20260608,6,828,40.0,40.0,41.0,5.0,6.0,0.0,89.06,1.5,3918.64,2026-06-14,On Time,SAP-Style Time
LAB-005155,20260608,7,9,40.0,40.0,44.25,2.0,6.25,0.0,76.98,1.5,3646.93,2026-06-16,On Time,SAP-Style Time
LAB-006399,20260608,8,416,12.0,10.75,9.5,1.25,0.0,1.25,101.38,1.5,963.11,2026-06-15,On Time,SAP-Style Time
LAB-005156,20260608,8,882,28.0,25.25,21.75,3.5,0.0,2.75,101.38,1.5,2205.02,2026-06-15,On Time,SAP-Style Time
LAB-005157,20260608,9,914,40.0,40.0,35.0,5.0,0.0,0.0,81.4,1.5,2849.0,2026-06-17,On Time,SAP-Style Time
LAB-005158,20260608,10,139,40.0,40.0,35.5,4.5,0.0,0.0,76.52,1.5,2716.46,2026-06-14,On Time,SAP-Style Time
LAB-005159,20260608,11,9,40.0,40.0,42.5,3.0,5.5,0.0,128.94,1.0,5479.95,2026-06-17,On Time,SAP-Style Time
LAB-005160,20260608,12,740,40.0,40.0,34.75,5.25,0.0,0.0,93.13,1.5,3236.27,2026-06-17,On Time,SAP-Style Time
LAB-005161,20260608,13,326,40.0,16.0,13.5,2.5,0.0,24.0,82.59,1.5,1114.97,2026-06-15,On Time,SAP-Style Time
LAB-005162,20260608,14,9,40.0,32.0,35.25,1.5,4.75,8.0,100.38,1.5,3776.8,2026-06-15,On Time,Mobile Time Entry
LAB-005163,20260608,15,526,40.0,40.0,35.0,5.0,0.0,0.0,98.87,1.5,3460.45,2026-06-15,On Time,SAP-Style Time
LAB-005164,20260608,16,741,40.0,40.0,35.0,5.0,0.0,0.0,100.34,1.5,3511.9,2026-06-17,On Time,SAP-Style Time
LAB-005165,20260608,17,287,40.0,32.0,29.0,3.0,0.0,8.0,88.53,1.5,2567.37,2026-06-16,On Time,SAP-Style Time
LAB-005166,20260608,18,593,40.0,28.0,24.0,4.0,0.0,12.0,89.32,1.5,2143.68,2026-06-15,On Time,SAP-Style Time
LAB-005167,20260608,19,149,40.0,40.0,34.5,5.5,0.0,0.0,91.26,1.5,3148.47,2026-06-15,On Time,SAP-Style Time
LAB-005168,20260608,20,133,40.0,40.0,34.75,5.25,0.0,0.0,77.3,1.5,2686.17,2026-06-16,On Time,SAP-Style Time
LAB-005169,20260608,21,9,40.0,40.0,40.75,3.5,4.25,0.0,77.07,1.5,3304.38,2026-06-15,On Time,Mobile Time Entry
LAB-005170,20260608,22,431,40.0,40.0,35.0,5.0,0.0,0.0,102.23,1.5,3578.05,2026-06-15,On Time,SAP-Style Time
LAB-005171,20260608,23,356,40.0,28.0,24.5,3.5,0.0,12.0,85.0,1.5,2082.5,2026-06-15,On Time,SAP-Style Time
LAB-005172,20260608,24,476,40.0,40.0,35.0,5.0,0.0,0.0,81.27,1.5,2844.45,2026-06-17,On Time,SAP-Style Time
LAB-005173,20260608,25,9,40.0,28.0,32.5,2.25,6.75,12.0,102.16,1.0,3320.2,2026-06-14,On Time,SAP-Style Time
LAB-005174,20260608,26,655,40.0,40.0,34.5,5.5,0.0,0.0,85.79,1.5,2959.76,2026-06-15,On Time,Mobile Time Entry
LAB-005175,20260608,27,574,40.0,40.0,34.5,5.5,0.0,0.0,104.52,1.5,3605.94,2026-06-16,On Time,SAP-Style Time
LAB-005176,20260608,28,9,40.0,40.0,44.0,3.25,7.25,0.0,82.53,1.5,3930.49,2026-06-15,On Time,SAP-Style Time
LAB-005177,20260608,29,799,40.0,40.0,34.5,5.5,0.0,0.0,79.3,1.5,2735.85,2026-06-14,On Time,SAP-Style Time
LAB-005178,20260608,30,423,40.0,40.0,34.75,5.25,0.0,0.0,79.44,1.5,2760.54,2026-06-16,On Time,Mobile Time Entry
LAB-005179,20260608,31,59,40.0,40.0,34.0,6.0,0.0,0.0,105.13,1.5,3574.42,2026-06-17,On Time,Mobile Time Entry
LAB-005180,20260608,32,733,40.0,40.0,35.0,5.0,0.0,0.0,82.13,1.5,2874.55,2026-06-14,On Time,Mobile Time Entry
LAB-005181,20260608,33,402,40.0,40.0,34.5,5.5,0.0,0.0,89.89,1.5,3101.21,2026-06-15,On Time,Mobile Time Entry
LAB-005182,20260608,34,588,40.0,40.0,34.0,6.0,0.0,0.0,98.09,1.5,3335.06,2026-06-16,On Time,SAP-Style Time
LAB-005183,20260608,35,9,40.0,40.0,44.5,2.5,7.0,0.0,91.52,1.5,4392.96,2026-06-15,On Time,SAP-Style Time
LAB-005184,20260608,36,329,40.0,40.0,34.75,5.25,0.0,0.0,82.83,1.5,2878.34,2026-06-15,On Time,SAP-Style Time
LAB-005185,20260608,37,845,40.0,40.0,32.75,7.25,0.0,0.0,92.08,1.5,3015.62,2026-06-14,On Time,SAP-Style Time
LAB-005186,20260608,38,828,40.0,40.0,32.0,8.0,0.0,0.0,105.74,1.5,3383.68,2026-06-16,On Time,SAP-Style Time
LAB-005187,20260608,39,537,40.0,40.0,33.5,6.5,0.0,0.0,107.79,1.5,3610.97,2026-06-15,On Time,SAP-Style Time
LAB-005188,20260608,40,80,40.0,40.0,33.5,6.5,0.0,0.0,103.71,1.5,3474.29,2026-06-16,On Time,SAP-Style Time
LAB-005189,20260608,41,804,40.0,40.0,32.75,7.25,0.0,0.0,108.71,1.5,3560.25,2026-06-14,On Time,SAP-Style Time
LAB-005190,20260608,42,1,40.0,40.0,45.5,4.25,9.75,0.0,149.01,1.0,6779.96,2026-06-15,On Time,Mobile Time Entry
LAB-005191,20260608,43,791,40.0,40.0,32.75,7.25,0.0,0.0,106.75,1.5,3496.06,2026-06-16,On Time,SAP-Style Time
LAB-005192,20260608,44,1,40.0,40.0,40.25,4.5,4.75,0.0,144.49,1.0,5815.72,2026-06-16,On Time,SAP-Style Time
LAB-005193,20260608,45,1,40.0,28.0,30.5,3.25,5.75,12.0,86.24,1.5,2878.26,2026-06-15,On Time,SAP-Style Time
LAB-005194,20260608,46,1,40.0,40.0,43.5,4.25,7.75,0.0,143.94,1.0,6261.39,2026-06-15,On Time,SAP-Style Time
LAB-005195,20260608,47,612,40.0,40.0,33.75,6.25,0.0,0.0,106.76,1.5,3603.15,2026-06-16,On Time,SAP-Style Time
LAB-005196,20260608,48,416,40.0,40.0,33.0,7.0,0.0,0.0,87.87,1.5,2899.71,2026-06-16,On Time,SAP-Style Time
LAB-005197,20260608,49,606,40.0,40.0,33.0,7.0,0.0,0.0,83.27,1.5,2747.91,2026-06-16,On Time,SAP-Style Time
LAB-005198,20260608,50,328,40.0,40.0,32.75,7.25,0.0,0.0,101.97,1.5,3339.52,2026-06-15,On Time,SAP-Style Time
LAB-005199,20260608,51,971,40.0,40.0,32.5,7.5,0.0,0.0,86.2,1.5,2801.5,2026-06-15,On Time,SAP-Style Time
LAB-005200,20260608,52,227,40.0,40.0,36.5,6.75,3.25,0.0,97.32,1.5,3710.33,2026-06-14,On Time,SAP-Style Time
LAB-005201,20260608,53,817,40.0,36.0,30.0,6.0,0.0,4.0,94.11,1.5,2823.3,2026-06-14,On Time,SAP-Style Time
LAB-005202,20260608,54,1,40.0,40.0,41.0,3.75,4.75,0.0,107.2,1.5,4649.8,2026-06-15,On Time,SAP-Style Time
LAB-005203,20260608,55,278,40.0,32.0,26.25,5.75,0.0,8.0,95.59,1.5,2509.24,2026-06-16,On Time,SAP-Style Time
LAB-005204,20260608,56,128,40.0,40.0,32.75,7.25,0.0,0.0,73.51,1.5,2407.45,2026-06-15,On Time,SAP-Style Time
LAB-006350,20260608,57,163,12.0,12.0,9.75,2.25,0.0,0.0,87.06,1.5,848.84,2026-06-16,On Time,SAP-Style Time
LAB-005205,20260608,57,607,28.0,28.0,22.75,5.25,0.0,0.0,87.06,1.5,1980.62,2026-06-16,On Time,SAP-Style Time
LAB-005206,20260608,58,1,40.0,40.0,43.0,3.75,6.75,0.0,119.87,1.0,5154.41,2026-06-14,On Time,SAP-Style Time
LAB-005207,20260608,59,156,40.0,40.0,31.75,8.25,0.0,0.0,83.18,1.5,2640.97,2026-06-15,On Time,SAP-Style Time
LAB-005208,20260608,60,230,40.0,40.0,31.25,8.75,0.0,0.0,86.44,1.5,2701.25,2026-06-15,On Time,SAP-Style Time
LAB-005209,20260608,61,88,40.0,40.0,31.25,8.75,0.0,0.0,83.96,1.5,2623.75,2026-06-16,On Time,SAP-Style Time
LAB-005210,20260608,62,579,40.0,36.0,28.5,7.5,0.0,4.0,73.28,1.5,2088.48,2026-06-17,On Time,SAP-Style Time
LAB-005211,20260608,63,1,40.0,40.0,44.75,4.0,8.75,0.0,122.98,1.0,5503.36,2026-06-15,On Time,Mobile Time Entry
LAB-005212,20260608,64,810,40.0,28.0,26.75,5.25,4.0,12.0,84.9,1.5,2440.88,2026-06-15,On Time,SAP-Style Time
LAB-005213,20260608,65,736,40.0,40.0,31.75,8.25,0.0,0.0,72.42,1.5,2299.34,2026-06-15,On Time,SAP-Style Time
LAB-005214,20260608,66,383,40.0,40.0,32.75,7.25,0.0,0.0,94.95,1.5,3109.61,2026-06-16,On Time,SAP-Style Time
LAB-005215,20260608,67,993,40.0,32.0,25.75,6.25,0.0,8.0,79.97,1.5,2059.23,2026-06-15,On Time,SAP-Style Time
LAB-005216,20260608,68,387,40.0,40.0,34.25,5.75,0.0,0.0,79.96,1.5,2738.63,2026-06-21,Late,SAP-Style Time
LAB-005217,20260608,69,118,40.0,40.0,30.75,9.25,0.0,0.0,92.5,1.5,2844.38,2026-06-16,On Time,SAP-Style Time
LAB-005218,20260608,70,600,40.0,40.0,30.25,9.75,0.0,0.0,79.17,1.5,2394.89,2026-06-14,On Time,SAP-Style Time
LAB-005219,20260608,71,290,40.0,36.0,29.25,6.75,0.0,4.0,84.44,1.5,2469.87,2026-06-17,On Time,SAP-Style Time
LAB-005220,20260608,72,1,40.0,40.0,40.5,4.25,4.75,0.0,107.82,1.0,4366.71,2026-06-14,On Time,SAP-Style Time
LAB-005221,20260608,73,993,40.0,40.0,32.0,8.0,0.0,0.0,85.94,1.5,2750.08,2026-06-15,On Time,SAP-Style Time
LAB-005222,20260608,74,846,40.0,40.0,31.5,8.5,0.0,0.0,74.38,1.5,2342.97,2026-06-15,On Time,SAP-Style Time
LAB-005223,20260608,75,627,40.0,40.0,32.25,7.75,0.0,0.0,89.39,1.5,2882.83,2026-06-15,On Time,SAP-Style Time
LAB-005224,20260608,76,94,40.0,40.0,32.25,7.75,0.0,0.0,90.27,1.5,2911.21,2026-06-14,On Time,SAP-Style Time
LAB-005225,20260608,77,931,40.0,36.0,28.5,7.5,0.0,4.0,89.33,1.5,2545.9,2026-06-15,On Time,Mobile Time Entry
LAB-005226,20260608,78,818,40.0,40.0,27.25,12.75,0.0,0.0,83.91,1.5,2286.55,2026-06-15,On Time,SAP-Style Time
LAB-005227,20260608,79,69,40.0,40.0,30.25,12.75,3.0,0.0,70.65,1.5,2243.14,2026-06-15,On Time,SAP-Style Time
LAB-005228,20260608,81,203,40.0,40.0,27.0,13.0,0.0,0.0,87.64,1.5,2366.28,2026-06-15,On Time,SAP-Style Time
LAB-005229,20260608,82,908,40.0,40.0,27.25,12.75,0.0,0.0,68.13,1.5,1856.54,2026-06-16,On Time,SAP-Style Time
LAB-005230,20260608,83,524,40.0,40.0,27.25,12.75,0.0,0.0,73.3,1.5,1997.43,2026-06-24,Late,SAP-Style Time
LAB-005231,20260608,84,875,40.0,40.0,26.75,13.25,0.0,0.0,71.25,1.5,1905.94,2026-06-17,On Time,SAP-Style Time
LAB-005232,20260608,85,22,40.0,40.0,27.25,12.75,0.0,0.0,65.88,1.5,1795.23,2026-06-15,On Time,SAP-Style Time
LAB-005233,20260608,86,851,40.0,40.0,27.25,12.75,0.0,0.0,82.25,1.5,2241.31,2026-06-14,On Time,SAP-Style Time
LAB-005234,20260608,87,428,40.0,40.0,27.0,13.0,0.0,0.0,78.64,1.5,2123.28,2026-06-16,On Time,SAP-Style Time
LAB-005235,20260608,88,67,40.0,40.0,27.25,12.75,0.0,0.0,71.87,1.5,1958.46,2026-06-15,On Time,SAP-Style Time
LAB-005236,20260608,89,735,40.0,40.0,27.25,12.75,0.0,0.0,77.91,1.5,2123.05,2026-06-16,On Time,SAP-Style Time
LAB-005237,20260608,90,774,40.0,32.0,21.75,10.25,0.0,8.0,74.99,1.5,1631.03,2026-06-16,On Time,SAP-Style Time
LAB-005238,20260608,91,809,40.0,40.0,27.0,13.0,0.0,0.0,68.92,1.5,1860.84,2026-06-15,On Time,SAP-Style Time
LAB-005239,20260608,92,872,40.0,40.0,27.0,13.0,0.0,0.0,86.57,1.5,2337.39,2026-06-14,On Time,SAP-Style Time
LAB-005240,20260608,93,662,40.0,40.0,26.75,13.25,0.0,0.0,107.35,1.0,2871.61,2026-06-14,On Time,SAP-Style Time
LAB-005241,20260608,94,609,40.0,40.0,35.0,5.0,0.0,0.0,114.66,1.5,4013.1,2026-06-15,On Time,SAP-Style Time
LAB-005242,20260608,96,9,40.0,28.0,31.5,2.0,5.5,12.0,158.23,1.0,4984.25,2026-06-15,On Time,SAP-Style Time
LAB-005243,20260608,97,185,40.0,40.0,34.75,5.25,0.0,0.0,96.85,1.5,3365.54,2026-06-15,On Time,SAP-Style Time
LAB-005244,20260608,98,9,40.0,40.0,41.25,2.25,3.5,0.0,98.56,1.5,4238.08,2026-06-16,On Time,SAP-Style Time
LAB-005245,20260608,99,933,40.0,40.0,35.0,5.0,0.0,0.0,101.82,1.5,3563.7,2026-06-16,On Time,SAP-Style Time
LAB-005246,20260608,100,957,40.0,40.0,35.75,4.25,0.0,0.0,92.09,1.5,3292.22,2026-06-16,On Time,SAP-Style Time
LAB-005247,20260608,101,86,40.0,40.0,34.25,5.75,0.0,0.0,114.75,1.5,3930.19,2026-06-15,On Time,SAP-Style Time
LAB-005248,20260608,102,581,40.0,40.0,34.0,6.0,0.0,0.0,91.58,1.5,3113.72,2026-06-16,On Time,SAP-Style Time
LAB-005249,20260608,103,949,40.0,36.0,32.0,4.0,0.0,4.0,109.51,1.5,3504.32,2026-06-16,On Time,SAP-Style Time
LAB-005250,20260608,104,9,40.0,40.0,42.5,3.5,6.0,0.0,116.26,1.0,4941.05,2026-06-16,On Time,SAP-Style Time
LAB-005251,20260608,105,9,40.0,40.0,43.25,2.75,6.0,0.0,104.84,1.5,4848.85,2026-06-14,On Time,SAP-Style Time
LAB-005252,20260608,106,733,40.0,40.0,34.25,5.75,0.0,0.0,100.92,1.5,3456.51,2026-06-16,On Time,SAP-Style Time
LAB-005253,20260608,107,91,40.0,40.0,35.0,5.0,0.0,0.0,127.16,1.0,4450.6,2026-06-16,On Time,SAP-Style Time
LAB-005254,20260608,108,413,40.0,40.0,33.75,6.25,0.0,0.0,104.5,1.5,3526.88,2026-06-15,On Time,Mobile Time Entry
LAB-005255,20260608,109,318,40.0,36.0,30.0,6.0,0.0,4.0,122.66,1.0,3679.8,2026-06-15,On Time,SAP-Style Time
LAB-005256,20260608,110,628,40.0,40.0,34.0,6.0,0.0,0.0,144.93,1.0,4927.62,2026-06-16,On Time,SAP-Style Time
LAB-005257,20260608,111,86,40.0,40.0,34.5,5.5,0.0,0.0,106.37,1.5,3669.77,2026-06-17,On Time,SAP-Style Time
LAB-005258,20260608,112,757,40.0,40.0,39.25,4.75,4.0,0.0,93.17,1.5,3843.26,2026-06-15,On Time,SAP-Style Time
LAB-005259,20260608,113,288,40.0,40.0,33.5,6.5,0.0,0.0,97.98,1.5,3282.33,2026-06-15,On Time,SAP-Style Time
LAB-005260,20260608,114,434,40.0,40.0,28.75,11.25,0.0,0.0,97.72,1.5,2809.45,2026-06-15,On Time,SAP-Style Time
LAB-005261,20260608,115,750,40.0,40.0,28.5,11.5,0.0,0.0,89.67,1.5,2555.6,2026-06-15,On Time,SAP-Style Time
LAB-005262,20260608,116,55,40.0,40.0,29.5,10.5,0.0,0.0,131.09,1.0,3867.16,2026-06-14,On Time,SAP-Style Time
LAB-005263,20260608,118,575,40.0,40.0,30.75,9.25,0.0,0.0,123.33,1.0,3792.4,2026-06-16,On Time,Mobile Time Entry
LAB-005264,20260608,119,258,40.0,16.0,11.75,4.25,0.0,24.0,98.99,1.5,1163.13,2026-06-15,On Time,Mobile Time Entry
LAB-005265,20260608,120,311,40.0,40.0,29.75,10.25,0.0,0.0,79.77,1.5,2373.16,2026-06-15,On Time,SAP-Style Time
LAB-005266,20260615,1,582,40.0,40.0,34.5,5.5,0.0,0.0,100.39,1.5,3463.46,2026-06-22,On Time,Mobile Time Entry
LAB-005267,20260615,2,9,40.0,40.0,42.25,2.5,4.75,0.0,150.62,1.0,6363.7,2026-06-21,On Time,SAP-Style Time
LAB-005268,20260615,3,43,40.0,40.0,35.0,5.0,0.0,0.0,83.78,1.5,2932.3,2026-06-22,On Time,SAP-Style Time
LAB-005269,20260615,4,983,40.0,40.0,35.0,5.0,0.0,0.0,78.56,1.5,2749.6,2026-06-23,On Time,SAP-Style Time
LAB-005270,20260615,5,9,40.0,40.0,45.25,1.5,6.75,0.0,120.4,1.0,5448.1,2026-06-21,On Time,Mobile Time Entry
LAB-005271,20260615,6,593,40.0,40.0,35.0,5.0,0.0,0.0,89.06,1.5,3117.1,2026-06-23,On Time,SAP-Style Time
LAB-005272,20260615,7,9,40.0,40.0,45.25,2.5,7.75,0.0,76.98,1.5,3781.64,2026-06-24,On Time,SAP-Style Time
LAB-005273,20260615,8,474,40.0,40.0,34.5,5.5,0.0,0.0,101.38,1.5,3497.61,2026-06-30,Late,SAP-Style Time
LAB-005274,20260615,9,19,40.0,40.0,34.5,5.5,0.0,0.0,81.4,1.5,2808.3,2026-06-22,On Time,SAP-Style Time
LAB-005275,20260615,10,331,40.0,40.0,34.75,5.25,0.0,0.0,76.52,1.5,2659.07,2026-06-22,On Time,SAP-Style Time
LAB-005276,20260615,11,9,40.0,40.0,40.75,2.75,3.5,0.0,128.94,1.0,5254.31,2026-06-23,On Time,SAP-Style Time
LAB-005277,20260615,12,739,40.0,40.0,34.0,6.0,0.0,0.0,93.13,1.5,3166.42,2026-06-22,On Time,SAP-Style Time
LAB-005278,20260615,13,714,40.0,40.0,34.0,6.0,0.0,0.0,82.59,1.5,2808.06,2026-06-23,On Time,Mobile Time Entry
LAB-005279,20260615,14,9,40.0,40.0,41.5,2.25,3.75,0.0,100.38,1.5,4353.98,2026-06-21,On Time,Mobile Time Entry
LAB-005280,20260615,15,978,40.0,40.0,40.25,5.25,5.5,0.0,98.87,1.5,4251.41,2026-06-21,On Time,SAP-Style Time
LAB-005281,20260615,16,277,40.0,40.0,34.5,5.5,0.0,0.0,100.34,1.5,3461.73,2026-06-22,On Time,Mobile Time Entry
LAB-005282,20260615,17,846,40.0,40.0,36.75,3.25,0.0,0.0,88.53,1.5,3253.48,2026-06-21,On Time,SAP-Style Time
LAB-005283,20260615,18,729,40.0,40.0,38.5,5.75,4.25,0.0,89.32,1.5,3628.62,2026-06-22,On Time,SAP-Style Time
LAB-005284,20260615,19,43,40.0,40.0,34.75,5.25,0.0,0.0,91.26,1.5,3171.29,2026-06-21,On Time,SAP-Style Time
LAB-005285,20260615,20,543,40.0,40.0,34.75,5.25,0.0,0.0,77.3,1.5,2686.17,2026-06-24,On Time,SAP-Style Time
LAB-005286,20260615,21,9,40.0,40.0,44.75,1.5,6.25,0.0,77.07,1.5,3689.73,2026-06-22,On Time,SAP-Style Time
LAB-005287,20260615,22,544,40.0,40.0,34.75,5.25,0.0,0.0,102.23,1.5,3552.49,2026-06-23,On Time,SAP-Style Time
LAB-005288,20260615,23,200,40.0,40.0,34.5,5.5,0.0,0.0,85.0,1.5,2932.5,2026-06-22,On Time,SAP-Style Time
LAB-005289,20260615,24,277,40.0,40.0,35.5,4.5,0.0,0.0,81.27,1.5,2885.09,2026-06-22,On Time,Mobile Time Entry
LAB-005290,20260615,25,9,40.0,40.0,41.25,2.25,3.5,0.0,102.16,1.0,4214.1,2026-06-22,On Time,SAP-Style Time
LAB-005291,20260615,26,218,40.0,40.0,34.75,5.25,0.0,0.0,85.79,1.5,2981.2,2026-06-24,On Time,SAP-Style Time
LAB-005292,20260615,27,869,40.0,40.0,34.0,6.0,0.0,0.0,104.52,1.5,3553.68,2026-06-22,On Time,SAP-Style Time
LAB-005293,20260615,28,9,40.0,40.0,41.75,3.25,5.0,0.0,82.53,1.5,3651.95,2026-06-22,On Time,SAP-Style Time
LAB-005294,20260615,29,610,40.0,40.0,34.25,5.75,0.0,0.0,79.3,1.5,2716.03,2026-06-23,On Time,SAP-Style Time
LAB-005295,20260615,30,364,40.0,36.0,31.5,4.5,0.0,4.0,79.44,1.5,2502.36,2026-06-22,On Time,SAP-Style Time
LAB-005296,20260615,31,24,40.0,40.0,34.25,5.75,0.0,0.0,105.13,1.5,3600.7,2026-06-22,On Time,SAP-Style Time
LAB-005297,20260615,32,936,40.0,40.0,34.75,5.25,0.0,0.0,82.13,1.5,2854.02,2026-06-22,On Time,SAP-Style Time
LAB-005298,20260615,33,582,40.0,32.0,28.0,4.0,0.0,8.0,89.89,1.5,2516.92,2026-06-22,On Time,SAP-Style Time
LAB-005299,20260615,34,613,40.0,40.0,37.25,5.5,2.75,0.0,98.09,1.5,3788.73,2026-06-22,On Time,SAP-Style Time
LAB-005300,20260615,35,9,40.0,40.0,43.5,3.25,6.75,0.0,91.52,1.5,4290.0,2026-06-22,On Time,SAP-Style Time
LAB-005301,20260615,36,403,40.0,40.0,35.0,5.0,0.0,0.0,82.83,1.5,2899.05,2026-06-22,On Time,SAP-Style Time
LAB-005302,20260615,37,9,40.0,40.0,33.25,6.75,0.0,0.0,92.08,1.5,3061.66,2026-06-21,On Time,Manager Adjustment
LAB-005303,20260615,38,663,40.0,40.0,32.25,7.75,0.0,0.0,105.74,1.5,3410.12,2026-06-21,On Time,SAP-Style Time
LAB-006423,20260615,39,48,14.0,14.0,11.75,2.25,0.0,0.0,107.79,1.5,1266.53,2026-06-23,On Time,SAP-Style Time
LAB-005304,20260615,39,838,26.0,26.0,22.0,4.0,0.0,0.0,107.79,1.5,2371.38,2026-06-23,On Time,SAP-Style Time
LAB-005305,20260615,40,753,40.0,40.0,33.75,6.25,0.0,0.0,103.71,1.5,3500.21,2026-06-23,On Time,SAP-Style Time
LAB-005306,20260615,41,668,40.0,40.0,33.5,6.5,0.0,0.0,108.71,1.5,3641.79,2026-06-22,On Time,SAP-Style Time
LAB-005307,20260615,42,1,40.0,40.0,44.75,3.5,8.25,0.0,149.01,1.0,6668.2,2026-06-22,On Time,Mobile Time Entry
LAB-005308,20260615,43,417,40.0,40.0,32.25,7.75,0.0,0.0,106.75,1.5,3442.69,2026-06-23,On Time,SAP-Style Time
LAB-005309,20260615,44,1,40.0,40.0,43.25,2.75,6.0,0.0,144.49,1.0,6249.19,2026-06-22,On Time,SAP-Style Time
LAB-005310,20260615,45,1,40.0,40.0,45.75,4.25,10.0,0.0,86.24,1.5,4376.68,2026-06-23,On Time,Mobile Time Entry
LAB-005311,20260615,46,1,40.0,40.0,43.5,3.75,7.25,0.0,143.94,1.0,6261.39,2026-06-23,On Time,SAP-Style Time
LAB-005312,20260615,47,737,40.0,40.0,33.5,6.5,0.0,0.0,106.76,1.5,3576.46,2026-06-22,On Time,SAP-Style Time
LAB-005313,20260615,48,66,40.0,40.0,31.75,8.25,0.0,0.0,87.87,1.5,2789.87,2026-06-22,On Time,SAP-Style Time
LAB-005314,20260615,49,262,40.0,36.0,29.5,6.5,0.0,4.0,83.27,1.5,2456.46,2026-06-23,On Time,SAP-Style Time
LAB-005315,20260615,50,184,40.0,40.0,32.75,7.25,0.0,0.0,101.97,1.5,3339.52,2026-06-23,On Time,SAP-Style Time
LAB-006432,20260615,51,63,16.0,12.75,10.5,2.25,0.0,3.25,86.2,1.5,905.1,2026-06-23,On Time,SAP-Style Time
LAB-005316,20260615,51,987,24.0,19.25,15.5,3.75,0.0,4.75,86.2,1.5,1336.1,2026-06-23,On Time,SAP-Style Time
LAB-005317,20260615,52,457,40.0,40.0,34.0,6.0,0.0,0.0,97.32,1.5,3308.88,2026-06-22,On Time,SAP-Style Time
LAB-005318,20260615,53,527,40.0,40.0,32.75,7.25,0.0,0.0,94.11,1.5,3082.1,2026-06-22,On Time,SAP-Style Time
LAB-005319,20260615,54,1,40.0,40.0,43.75,2.5,6.25,0.0,107.2,1.5,5025.0,2026-06-21,On Time,SAP-Style Time
LAB-005320,20260615,55,44,40.0,40.0,32.75,7.25,0.0,0.0,95.59,1.5,3130.57,2026-06-21,On Time,SAP-Style Time
LAB-005321,20260615,56,543,40.0,40.0,33.0,7.0,0.0,0.0,73.51,1.5,2425.83,2026-06-22,On Time,SAP-Style Time
LAB-005322,20260615,57,756,40.0,40.0,32.5,7.5,0.0,0.0,87.06,1.5,2829.45,2026-06-22,On Time,SAP-Style Time
LAB-005323,20260615,58,1,40.0,40.0,46.25,3.25,9.5,0.0,119.87,1.0,5543.99,2026-06-24,On Time,SAP-Style Time
LAB-005324,20260615,59,461,40.0,36.0,28.75,7.25,0.0,4.0,83.18,1.5,2391.43,2026-06-23,On Time,Mobile Time Entry
LAB-005325,20260615,60,856,40.0,32.0,24.75,7.25,0.0,8.0,86.44,1.5,2139.39,2026-06-23,On Time,SAP-Style Time
LAB-005326,20260615,61,134,40.0,40.0,31.5,8.5,0.0,0.0,83.96,1.5,2644.74,2026-06-22,On Time,SAP-Style Time
LAB-005327,20260615,62,756,40.0,40.0,31.0,9.0,0.0,0.0,73.28,1.5,2271.68,2026-06-22,On Time,SAP-Style Time
LAB-006508,20260615,62,756,40.0,40.0,31.0,9.0,0.0,0.0,73.28,1.5,2271.68,2026-06-22,On Time,SAP-Style Time
LAB-005328,20260615,63,1,40.0,40.0,44.75,3.75,8.5,0.0,122.98,1.0,5503.36,2026-06-22,On Time,SAP-Style Time
LAB-005329,20260615,64,21,40.0,40.0,32.5,7.5,0.0,0.0,84.9,1.5,2759.25,2026-06-22,On Time,SAP-Style Time
LAB-005330,20260615,65,27,40.0,40.0,32.0,8.0,0.0,0.0,72.42,1.5,2317.44,2026-06-23,On Time,SAP-Style Time
LAB-005331,20260615,66,502,40.0,40.0,32.25,7.75,0.0,0.0,94.95,1.5,3062.14,2026-06-22,On Time,SAP-Style Time
LAB-005332,20260615,67,73,40.0,40.0,31.75,8.25,0.0,0.0,79.97,1.5,2539.05,2026-06-24,On Time,SAP-Style Time
LAB-005333,20260615,68,643,40.0,40.0,34.0,6.0,0.0,0.0,79.96,1.5,2718.64,2026-06-21,On Time,Manager Adjustment
LAB-005334,20260615,69,350,40.0,40.0,31.25,8.75,0.0,0.0,92.5,1.5,2890.63,2026-06-23,On Time,SAP-Style Time
LAB-005335,20260615,70,879,40.0,40.0,30.75,9.25,0.0,0.0,79.17,1.5,2434.48,2026-06-22,On Time,SAP-Style Time
LAB-005336,20260615,71,454,40.0,40.0,32.5,7.5,0.0,0.0,84.44,1.5,2744.3,2026-07-01,Late,SAP-Style Time
LAB-005337,20260615,72,1,40.0,40.0,43.25,2.75,6.0,0.0,107.82,1.0,4663.21,2026-06-22,On Time,SAP-Style Time
LAB-005338,20260615,73,56,40.0,36.0,28.75,7.25,0.0,4.0,85.94,1.5,2470.78,2026-06-22,On Time,SAP-Style Time
LAB-005339,20260615,74,893,40.0,40.0,32.0,8.0,0.0,0.0,74.38,1.5,2380.16,2026-06-23,On Time,SAP-Style Time
LAB-005340,20260615,75,28,40.0,40.0,31.0,9.0,0.0,0.0,89.39,1.5,2771.09,2026-06-23,On Time,SAP-Style Time
LAB-005341,20260615,76,54,40.0,40.0,32.25,7.75,0.0,0.0,90.27,1.5,2911.21,2026-06-22,On Time,SAP-Style Time
LAB-005342,20260615,77,480,40.0,32.0,24.75,7.25,0.0,8.0,89.33,1.5,2210.92,2026-06-21,On Time,SAP-Style Time
LAB-006334,20260615,78,711,10.0,10.0,6.75,3.25,0.0,0.0,83.91,1.5,566.39,2026-06-22,On Time,SAP-Style Time
LAB-005343,20260615,78,763,30.0,30.0,20.25,9.75,0.0,0.0,83.91,1.5,1699.18,2026-06-22,On Time,SAP-Style Time
LAB-005344,20260615,79,943,40.0,40.0,27.0,13.0,0.0,0.0,70.65,1.5,1907.55,2026-06-22,On Time,SAP-Style Time
LAB-005345,20260615,81,446,40.0,40.0,27.0,13.0,0.0,0.0,87.64,1.5,2366.28,2026-06-23,On Time,SAP-Style Time
LAB-005346,20260615,82,875,40.0,40.0,27.25,12.75,0.0,0.0,68.13,1.5,1856.54,2026-06-23,On Time,SAP-Style Time
LAB-005347,20260615,83,897,40.0,40.0,27.25,12.75,0.0,0.0,73.3,1.5,1997.43,2026-06-22,On Time,SAP-Style Time
LAB-005348,20260615,84,540,40.0,40.0,27.25,12.75,0.0,0.0,71.25,1.5,1941.56,2026-06-23,On Time,Mobile Time Entry
LAB-005349,20260615,85,180,40.0,40.0,27.0,13.0,0.0,0.0,65.88,1.5,1778.76,2026-06-23,On Time,SAP-Style Time
LAB-005350,20260615,86,214,40.0,36.0,24.5,11.5,0.0,4.0,82.25,1.5,2015.13,2026-06-23,On Time,Mobile Time Entry
LAB-005351,20260615,87,711,40.0,40.0,27.0,13.0,0.0,0.0,78.64,1.5,2123.28,2026-06-24,On Time,Mobile Time Entry
LAB-005352,20260615,88,603,40.0,40.0,27.0,13.0,0.0,0.0,71.87,1.5,1940.49,2026-06-23,On Time,SAP-Style Time
LAB-005353,20260615,89,701,40.0,40.0,27.0,13.0,0.0,0.0,77.91,1.5,2103.57,2026-06-23,On Time,SAP-Style Time
LAB-005354,20260615,90,265,40.0,40.0,27.25,12.75,0.0,0.0,74.99,1.5,2043.48,2026-06-22,On Time,SAP-Style Time
LAB-005355,20260615,91,227,40.0,40.0,27.5,12.5,0.0,0.0,68.92,1.5,1895.3,2026-06-21,On Time,SAP-Style Time
LAB-005356,20260615,92,319,40.0,36.0,24.25,11.75,0.0,4.0,86.57,1.5,2099.32,2026-06-21,On Time,SAP-Style Time
LAB-005357,20260615,93,455,40.0,40.0,27.25,12.75,0.0,0.0,107.35,1.0,2925.29,2026-06-30,Late,SAP-Style Time
LAB-005358,20260615,94,147,40.0,32.0,27.75,4.25,0.0,8.0,114.66,1.5,3181.82,2026-06-21,On Time,SAP-Style Time
LAB-005359,20260615,96,9,40.0,40.0,44.5,2.0,6.5,0.0,158.23,1.0,7041.24,2026-06-23,On Time,SAP-Style Time
LAB-006487,20260615,97,202,14.0,14.0,12.0,2.0,0.0,0.0,96.85,1.5,1162.2,2026-06-26,Late,SAP-Style Time
LAB-005360,20260615,97,433,26.0,26.0,22.0,4.0,0.0,0.0,96.85,1.5,2130.7,2026-06-26,Late,SAP-Style Time
LAB-005361,20260615,98,9,40.0,40.0,42.5,1.75,4.25,0.0,98.56,1.5,4398.24,2026-06-24,On Time,SAP-Style Time
LAB-005362,20260615,99,983,40.0,40.0,35.0,5.0,0.0,0.0,101.82,1.5,3563.7,2026-06-23,On Time,Manager Adjustment
LAB-005363,20260615,100,459,40.0,40.0,35.5,4.5,0.0,0.0,92.09,1.5,3269.2,2026-06-24,On Time,SAP-Style Time
LAB-005364,20260615,101,617,40.0,40.0,34.5,5.5,0.0,0.0,114.75,1.5,3958.88,2026-06-23,On Time,SAP-Style Time
LAB-005365,20260615,102,419,40.0,40.0,34.75,5.25,0.0,0.0,91.58,1.5,3182.4,2026-06-22,On Time,SAP-Style Time
LAB-005366,20260615,103,486,40.0,40.0,35.0,5.0,0.0,0.0,109.51,1.5,3832.85,2026-06-23,On Time,SAP-Style Time
LAB-005367,20260615,104,9,40.0,28.0,30.75,2.0,4.75,12.0,116.26,1.0,3575.0,2026-06-22,On Time,Mobile Time Entry
LAB-005368,20260615,105,9,40.0,40.0,40.25,3.25,3.5,0.0,104.84,1.5,4403.28,2026-06-22,On Time,SAP-Style Time
LAB-005369,20260615,106,889,40.0,36.0,30.25,5.75,0.0,4.0,100.92,1.5,3052.83,2026-06-22,On Time,SAP-Style Time
LAB-005370,20260615,107,926,40.0,40.0,38.25,5.25,3.5,0.0,127.16,1.0,4863.87,2026-06-23,On Time,Mobile Time Entry
LAB-005371,20260615,108,813,40.0,40.0,34.5,5.5,0.0,0.0,104.5,1.5,3605.25,2026-06-27,Late,SAP-Style Time
LAB-005372,20260615,109,596,40.0,16.0,13.25,2.75,0.0,24.0,122.66,1.0,1625.25,2026-06-22,On Time,SAP-Style Time
LAB-005373,20260615,110,195,40.0,40.0,34.0,6.0,0.0,0.0,144.93,1.0,4927.62,2026-07-04,Late,SAP-Style Time
LAB-005374,20260615,111,49,40.0,40.0,34.75,5.25,0.0,0.0,106.37,1.5,3696.36,2026-06-22,On Time,SAP-Style Time
LAB-005375,20260615,112,279,40.0,40.0,35.5,4.5,0.0,0.0,93.17,1.5,3307.54,2026-06-23,On Time,SAP-Style Time
LAB-005376,20260615,113,777,40.0,40.0,33.75,6.25,0.0,0.0,97.98,1.5,3306.83,2026-06-23,On Time,SAP-Style Time
LAB-005377,20260615,114,54,40.0,40.0,28.25,11.75,0.0,0.0,97.72,1.5,2760.59,2026-06-22,On Time,SAP-Style Time
LAB-006450,20260615,115,18,16.0,14.5,10.5,4.0,0.0,1.5,89.67,1.5,941.54,2026-06-24,On Time,Mobile Time Entry
LAB-005378,20260615,115,196,24.0,21.5,15.5,6.0,0.0,2.5,89.67,1.5,1389.89,2026-06-24,On Time,Mobile Time Entry
LAB-006480,20260615,116,180,16.0,16.0,13.0,4.0,1.0,0.0,131.09,1.0,1704.17,2026-06-22,On Time,SAP-Style Time
LAB-005379,20260615,116,810,24.0,24.0,19.25,6.25,1.5,0.0,131.09,1.0,2523.48,2026-06-22,On Time,SAP-Style Time
LAB-005380,20260615,118,98,40.0,40.0,30.75,9.25,0.0,0.0,123.33,1.0,3792.4,2026-06-22,On Time,SAP-Style Time
LAB-005381,20260615,119,565,40.0,40.0,29.75,10.25,0.0,0.0,98.99,1.5,2944.95,2026-06-22,On Time,SAP-Style Time
LAB-005382,20260615,120,402,40.0,40.0,30.0,10.0,0.0,0.0,79.77,1.5,2393.1,2026-06-21,On Time,SAP-Style Time
LAB-005383,20260622,1,447,40.0,16.0,14.0,2.0,0.0,24.0,100.39,1.5,1405.46,2026-06-30,On Time,SAP-Style Time
LAB-005384,20260622,2,9,40.0,40.0,46.0,1.5,7.5,0.0,150.62,1.0,6928.52,2026-06-28,On Time,SAP-Style Time
LAB-005385,20260622,3,691,40.0,40.0,36.25,5.0,1.25,0.0,83.78,1.5,3089.39,2026-06-29,On Time,SAP-Style Time
LAB-005386,20260622,4,750,40.0,40.0,34.5,5.5,0.0,0.0,78.56,1.5,2710.32,2026-06-28,On Time,SAP-Style Time
LAB-005387,20260622,5,9,40.0,40.0,45.5,1.5,7.0,0.0,120.4,1.0,5478.2,2026-06-30,On Time,Mobile Time Entry
LAB-005388,20260622,6,286,40.0,40.0,35.0,5.0,0.0,0.0,89.06,1.5,3117.1,2026-07-05,Late,SAP-Style Time
LAB-005389,20260622,7,9,40.0,40.0,43.5,2.25,5.75,0.0,76.98,1.5,3569.95,2026-06-29,On Time,SAP-Style Time
LAB-005390,20260622,8,688,40.0,40.0,35.0,5.0,0.0,0.0,101.38,1.5,3548.3,2026-06-29,On Time,SAP-Style Time
LAB-005391,20260622,9,472,40.0,40.0,34.25,5.75,0.0,0.0,81.4,1.5,2787.95,2026-07-09,Late,SAP-Style Time
LAB-005392,20260622,10,739,40.0,40.0,34.75,5.25,0.0,0.0,76.52,1.5,2659.07,2026-06-28,On Time,SAP-Style Time
LAB-005393,20260622,11,9,40.0,40.0,42.75,1.5,4.25,0.0,128.94,1.0,5512.18,2026-06-30,On Time,SAP-Style Time
LAB-005394,20260622,12,372,40.0,40.0,34.75,5.25,0.0,0.0,93.13,1.5,3236.27,2026-07-01,On Time,SAP-Style Time
LAB-005395,20260622,13,383,40.0,40.0,34.0,6.0,0.0,0.0,82.59,1.5,2808.06,2026-07-04,Late,Mobile Time Entry
LAB-005396,20260622,14,9,40.0,40.0,41.75,2.75,4.5,0.0,100.38,1.5,4416.72,2026-06-30,On Time,SAP-Style Time
LAB-005397,20260622,15,353,40.0,32.0,28.0,4.0,0.0,8.0,98.87,1.5,2768.36,2026-07-01,On Time,SAP-Style Time
LAB-005398,20260622,16,90,40.0,40.0,33.75,6.25,0.0,0.0,100.34,1.5,3386.48,2026-06-29,On Time,SAP-Style Time
LAB-005399,20260622,17,873,40.0,40.0,36.75,3.25,0.0,0.0,88.53,1.5,3253.48,2026-06-30,On Time,SAP-Style Time
LAB-005400,20260622,18,126,40.0,40.0,33.75,6.25,0.0,0.0,89.32,1.5,3014.55,2026-06-28,On Time,SAP-Style Time
LAB-005401,20260622,19,356,40.0,40.0,35.25,4.75,0.0,0.0,91.26,1.5,3216.92,2026-06-30,On Time,SAP-Style Time
LAB-005402,20260622,20,376,40.0,40.0,35.0,5.0,0.0,0.0,77.3,1.5,2705.5,2026-06-30,On Time,SAP-Style Time
LAB-005403,20260622,21,9,40.0,40.0,42.75,2.75,5.5,0.0,77.07,1.5,3506.68,2026-06-29,On Time,SAP-Style Time
LAB-005404,20260622,22,782,40.0,40.0,34.75,5.25,0.0,0.0,102.23,1.5,3552.49,2026-06-29,On Time,SAP-Style Time
LAB-005405,20260622,23,126,40.0,36.0,31.5,4.5,0.0,4.0,85.0,1.5,2677.5,2026-06-30,On Time,SAP-Style Time
LAB-005406,20260622,24,960,40.0,40.0,35.75,4.25,0.0,0.0,81.27,1.5,2905.4,2026-06-30,On Time,SAP-Style Time
LAB-005407,20260622,25,9,40.0,36.0,40.5,2.0,6.5,4.0,102.16,1.0,4137.48,2026-06-29,On Time,SAP-Style Time
LAB-005408,20260622,26,976,40.0,40.0,35.0,5.0,0.0,0.0,85.79,1.5,3002.65,2026-06-30,On Time,SAP-Style Time
LAB-005409,20260622,27,701,40.0,40.0,34.25,5.75,0.0,0.0,104.52,1.5,3579.81,2026-06-29,On Time,SAP-Style Time
LAB-005410,20260622,28,9,40.0,40.0,41.0,2.5,3.5,0.0,82.53,1.5,3528.16,2026-06-29,On Time,Mobile Time Entry
LAB-005411,20260622,29,759,40.0,40.0,34.0,6.0,0.0,0.0,79.3,1.5,2696.2,2026-06-29,On Time,SAP-Style Time
LAB-005412,20260622,30,939,40.0,40.0,34.75,5.25,0.0,0.0,79.44,1.5,2760.54,2026-06-30,On Time,SAP-Style Time
LAB-006486,20260622,31,229,16.0,16.0,13.75,2.25,0.0,0.0,105.13,1.5,1445.54,2026-06-29,On Time,SAP-Style Time
LAB-005413,20260622,31,623,24.0,24.0,20.5,3.5,0.0,0.0,105.13,1.5,2155.17,2026-06-29,On Time,SAP-Style Time
LAB-005414,20260622,32,328,40.0,40.0,34.75,5.25,0.0,0.0,82.13,1.5,2854.02,2026-06-30,On Time,SAP-Style Time
LAB-006406,20260622,33,39,12.0,12.0,11.75,1.5,1.25,0.0,89.89,1.5,1112.39,2026-06-28,On Time,SAP-Style Time
LAB-005415,20260622,33,574,28.0,28.0,27.25,3.5,2.75,0.0,89.89,1.5,2573.1,2026-06-28,On Time,SAP-Style Time
LAB-005416,20260622,34,346,40.0,40.0,34.25,5.75,0.0,0.0,98.09,1.5,3359.58,2026-06-29,On Time,SAP-Style Time
LAB-005417,20260622,35,9,40.0,40.0,46.0,2.25,8.25,0.0,91.52,1.5,4587.44,2026-06-29,On Time,Mobile Time Entry
LAB-005418,20260622,36,276,40.0,24.0,21.25,2.75,0.0,16.0,82.83,1.5,1760.14,2026-06-29,On Time,SAP-Style Time
LAB-005419,20260622,37,440,40.0,32.0,26.5,5.5,0.0,8.0,92.08,1.5,2440.12,2026-06-30,On Time,SAP-Style Time
LAB-005420,20260622,38,860,40.0,40.0,32.75,7.25,0.0,0.0,105.74,1.5,3462.98,2026-06-29,On Time,SAP-Style Time
LAB-005421,20260622,39,73,40.0,36.0,30.5,5.5,0.0,4.0,107.79,1.5,3287.6,2026-06-30,On Time,SAP-Style Time
LAB-005422,20260622,40,71,40.0,40.0,33.5,6.5,0.0,0.0,103.71,1.5,3474.29,2026-06-30,On Time,SAP-Style Time
LAB-005423,20260622,41,299,40.0,36.0,30.0,6.0,0.0,4.0,108.71,1.5,3261.3,2026-06-30,On Time,SAP-Style Time
LAB-005424,20260622,42,1,40.0,28.0,31.0,1.75,4.75,12.0,149.01,1.0,4619.31,2026-06-29,On Time,SAP-Style Time
LAB-005425,20260622,43,38,40.0,40.0,32.5,7.5,0.0,0.0,106.75,1.5,3469.38,2026-06-30,On Time,SAP-Style Time
LAB-005426,20260622,44,1,40.0,40.0,43.25,3.25,6.5,0.0,144.49,1.0,6249.19,2026-06-30,On Time,Mobile Time Entry
LAB-005427,20260622,45,1,40.0,40.0,41.25,2.75,4.0,0.0,86.24,1.5,3729.88,2026-06-28,On Time,SAP-Style Time
LAB-005428,20260622,46,1,40.0,40.0,44.0,3.0,7.0,0.0,143.94,1.0,6333.36,2026-07-01,On Time,SAP-Style Time
LAB-005429,20260622,47,365,40.0,40.0,34.0,6.0,0.0,0.0,106.76,1.5,3629.84,2026-06-28,On Time,SAP-Style Time
LAB-005430,20260622,48,859,40.0,40.0,32.25,7.75,0.0,0.0,87.87,1.5,2833.81,2026-06-30,On Time,SAP-Style Time
LAB-005431,20260622,49,637,40.0,40.0,32.25,7.75,0.0,0.0,83.27,1.5,2685.46,2026-06-28,On Time,Mobile Time Entry
LAB-005432,20260622,50,871,40.0,40.0,32.0,8.0,0.0,0.0,101.97,1.5,3263.04,2026-07-01,On Time,SAP-Style Time
LAB-005433,20260622,51,192,40.0,40.0,32.5,7.5,0.0,0.0,86.2,1.5,2801.5,2026-07-04,Late,SAP-Style Time
LAB-005434,20260622,52,651,40.0,40.0,33.25,6.75,0.0,0.0,97.32,1.5,3235.89,2026-06-29,On Time,SAP-Style Time
LAB-005435,20260622,53,753,40.0,40.0,37.0,6.75,3.75,0.0,94.11,1.5,3658.53,2026-07-01,On Time,SAP-Style Time
LAB-005436,20260622,54,1,40.0,16.0,23.75,1.5,9.25,24.0,107.2,1.5,3041.8,2026-06-30,On Time,SAP-Style Time
LAB-005437,20260622,55,813,40.0,36.0,29.5,6.5,0.0,4.0,95.59,1.5,2819.91,2026-06-30,On Time,SAP-Style Time
LAB-005438,20260622,56,91,40.0,16.0,13.0,3.0,0.0,24.0,73.51,1.5,955.63,2026-06-30,On Time,SAP-Style Time
LAB-005439,20260622,57,375,40.0,40.0,32.25,7.75,0.0,0.0,87.06,1.5,2807.69,2026-06-30,On Time,SAP-Style Time
LAB-005440,20260622,58,1,40.0,40.0,42.5,2.25,4.75,0.0,119.87,1.0,5094.47,2026-06-29,On Time,SAP-Style Time
LAB-005441,20260622,59,497,40.0,40.0,34.0,7.75,1.75,0.0,83.18,1.5,2900.9,2026-06-29,On Time,SAP-Style Time
LAB-005442,20260622,60,645,40.0,40.0,30.75,9.25,0.0,0.0,86.44,1.5,2658.03,2026-06-30,On Time,SAP-Style Time
LAB-005443,20260622,61,162,40.0,40.0,31.0,9.0,0.0,0.0,83.96,1.5,2602.76,2026-07-01,On Time,SAP-Style Time
LAB-005444,20260622,62,139,40.0,40.0,31.25,8.75,0.0,0.0,73.28,1.5,2290.0,2026-06-30,On Time,SAP-Style Time
LAB-005445,20260622,63,1,40.0,40.0,44.0,3.25,7.25,0.0,122.98,1.0,5411.12,2026-06-29,On Time,SAP-Style Time
LAB-005446,20260622,64,244,30.0,30.0,24.5,5.5,0.0,0.0,84.9,1.5,2080.05,2026-07-03,Late,SAP-Style Time
LAB-006369,20260622,64,664,10.0,10.0,8.25,1.75,0.0,0.0,84.9,1.5,700.43,2026-07-03,Late,SAP-Style Time
LAB-005447,20260622,65,383,40.0,40.0,32.25,7.75,0.0,0.0,72.42,1.5,2335.55,2026-06-29,On Time,Mobile Time Entry
LAB-005448,20260622,66,474,40.0,36.0,29.0,7.0,0.0,4.0,94.95,1.5,2753.55,2026-06-29,On Time,SAP-Style Time
LAB-005449,20260622,67,353,40.0,40.0,31.75,8.25,0.0,0.0,79.97,1.5,2539.05,2026-06-29,On Time,SAP-Style Time
LAB-005450,20260622,68,496,40.0,40.0,33.75,6.25,0.0,0.0,79.96,1.5,2698.65,2026-06-28,On Time,SAP-Style Time
LAB-005451,20260622,69,858,40.0,28.0,21.25,6.75,0.0,12.0,92.5,1.5,1965.63,2026-06-29,On Time,SAP-Style Time
LAB-005452,20260622,70,129,40.0,40.0,31.75,8.25,0.0,0.0,79.17,1.5,2513.65,2026-06-29,On Time,SAP-Style Time
LAB-005453,20260622,71,964,40.0,40.0,32.75,7.25,0.0,0.0,84.44,1.5,2765.41,2026-06-29,On Time,SAP-Style Time
LAB-005454,20260622,72,1,40.0,40.0,45.25,4.5,9.75,0.0,107.82,1.0,4878.86,2026-06-28,On Time,SAP-Style Time
LAB-005455,20260622,73,402,40.0,36.0,28.5,7.5,0.0,4.0,85.94,1.5,2449.29,2026-06-29,On Time,SAP-Style Time
LAB-005456,20260622,74,550,40.0,40.0,31.5,8.5,0.0,0.0,74.38,1.5,2342.97,2026-07-05,Late,SAP-Style Time
LAB-005457,20260622,75,950,40.0,40.0,30.75,9.25,0.0,0.0,89.39,1.5,2748.74,2026-07-08,Late,SAP-Style Time
LAB-005458,20260622,76,843,40.0,40.0,32.0,8.0,0.0,0.0,90.27,1.5,2888.64,2026-06-30,On Time,SAP-Style Time
LAB-005459,20260622,77,75,40.0,40.0,32.0,8.0,0.0,0.0,89.33,1.5,2858.56,2026-06-28,On Time,SAP-Style Time
LAB-005460,20260622,78,860,40.0,40.0,27.25,12.75,0.0,0.0,83.91,1.5,2286.55,2026-06-28,On Time,SAP-Style Time
LAB-005461,20260622,79,883,40.0,40.0,27.0,13.0,0.0,0.0,70.65,1.5,1907.55,2026-06-29,On Time,SAP-Style Time
LAB-005462,20260622,81,440,40.0,40.0,27.25,12.75,0.0,0.0,87.64,1.5,2388.19,2026-06-28,On Time,Manager Adjustment
LAB-005463,20260622,82,864,40.0,40.0,27.25,12.75,0.0,0.0,68.13,1.5,1856.54,2026-06-28,On Time,SAP-Style Time
LAB-005464,20260622,83,570,40.0,40.0,27.0,13.0,0.0,0.0,73.3,1.5,1979.1,2026-06-29,On Time,SAP-Style Time
LAB-005465,20260622,84,350,40.0,40.0,27.0,13.0,0.0,0.0,71.25,1.5,1923.75,2026-06-29,On Time,SAP-Style Time
LAB-005466,20260622,85,828,40.0,36.0,24.75,11.25,0.0,4.0,65.88,1.5,1630.53,2026-06-29,On Time,SAP-Style Time
LAB-005467,20260622,86,520,40.0,28.0,19.0,9.0,0.0,12.0,82.25,1.5,1562.75,2026-06-29,On Time,SAP-Style Time
LAB-005468,20260622,87,529,40.0,40.0,27.25,12.75,0.0,0.0,78.64,1.5,2142.94,2026-06-30,On Time,SAP-Style Time
LAB-005469,20260622,88,163,40.0,40.0,27.25,12.75,0.0,0.0,71.87,1.5,1958.46,2026-06-28,On Time,SAP-Style Time
LAB-005470,20260622,89,496,40.0,40.0,27.0,13.0,0.0,0.0,77.91,1.5,2103.57,2026-06-30,On Time,SAP-Style Time
LAB-005471,20260622,90,168,40.0,24.0,16.25,7.75,0.0,16.0,74.99,1.5,1218.59,2026-06-29,On Time,SAP-Style Time
LAB-005472,20260622,91,191,40.0,40.0,27.25,12.75,0.0,0.0,68.92,1.5,1878.07,2026-06-29,On Time,SAP-Style Time
LAB-005473,20260622,92,16,40.0,40.0,27.0,13.0,0.0,0.0,86.57,1.5,2337.39,2026-06-29,On Time,SAP-Style Time
LAB-005474,20260622,93,945,40.0,40.0,27.0,13.0,0.0,0.0,107.35,1.0,2898.45,2026-06-30,On Time,SAP-Style Time
LAB-005475,20260622,94,901,40.0,40.0,34.5,5.5,0.0,0.0,114.66,1.5,3955.77,2026-06-29,On Time,SAP-Style Time
LAB-005476,20260622,96,9,40.0,40.0,42.5,2.75,5.25,0.0,158.23,1.0,6724.78,2026-06-28,On Time,SAP-Style Time
LAB-005477,20260622,97,466,40.0,32.0,27.75,4.25,0.0,8.0,96.85,1.5,2687.59,2026-06-30,On Time,SAP-Style Time
LAB-005478,20260622,98,9,40.0,40.0,44.5,1.5,6.0,0.0,98.56,1.5,4681.6,2026-06-28,On Time,SAP-Style Time
LAB-005479,20260622,99,62,40.0,40.0,35.25,4.75,0.0,0.0,101.82,1.5,3589.15,2026-06-30,On Time,Mobile Time Entry
LAB-005480,20260622,100,355,40.0,40.0,35.25,4.75,0.0,0.0,92.09,1.5,3246.17,2026-06-28,On Time,SAP-Style Time
LAB-005481,20260622,101,9,40.0,40.0,34.0,6.0,0.0,0.0,114.75,1.5,3901.5,2026-06-29,On Time,SAP-Style Time
LAB-005482,20260622,102,402,40.0,40.0,35.25,4.75,0.0,0.0,91.58,1.5,3228.2,2026-06-29,On Time,SAP-Style Time
LAB-005483,20260622,103,683,40.0,40.0,35.25,4.75,0.0,0.0,109.51,1.5,3860.23,2026-06-30,On Time,SAP-Style Time
LAB-005484,20260622,104,9,40.0,40.0,41.25,3.5,4.75,0.0,116.26,1.0,4795.72,2026-06-29,On Time,SAP-Style Time
LAB-005485,20260622,105,9,40.0,40.0,45.0,2.5,7.5,0.0,104.84,1.5,5110.95,2026-06-30,On Time,SAP-Style Time
LAB-005486,20260622,106,161,40.0,40.0,33.0,7.0,0.0,0.0,100.92,1.5,3330.36,2026-06-28,On Time,SAP-Style Time
LAB-005487,20260622,107,683,40.0,40.0,35.25,4.75,0.0,0.0,127.16,1.0,4482.39,2026-06-29,On Time,SAP-Style Time
LAB-005488,20260622,108,488,40.0,40.0,34.0,6.0,0.0,0.0,104.5,1.5,3553.0,2026-06-29,On Time,SAP-Style Time
LAB-005489,20260622,109,675,40.0,40.0,33.75,6.25,0.0,0.0,122.66,1.0,4139.78,2026-06-29,On Time,SAP-Style Time
LAB-005490,20260622,110,567,40.0,40.0,34.5,5.5,0.0,0.0,144.93,1.0,5000.09,2026-06-28,On Time,SAP-Style Time
LAB-005491,20260622,111,113,40.0,28.0,24.0,4.0,0.0,12.0,106.37,1.5,2552.88,2026-06-28,On Time,SAP-Style Time
LAB-005492,20260622,112,948,40.0,40.0,35.5,4.5,0.0,0.0,93.17,1.5,3307.54,2026-06-29,On Time,Mobile Time Entry
LAB-005493,20260622,113,562,40.0,40.0,34.0,6.0,0.0,0.0,97.98,1.5,3331.32,2026-07-03,Late,SAP-Style Time
LAB-005494,20260622,114,783,40.0,40.0,28.5,11.5,0.0,0.0,97.72,1.5,2785.02,2026-06-29,On Time,SAP-Style Time
LAB-005495,20260622,115,889,40.0,40.0,28.25,11.75,0.0,0.0,89.67,1.5,2533.18,2026-06-29,On Time,SAP-Style Time
LAB-005496,20260622,116,542,40.0,40.0,29.5,10.5,0.0,0.0,131.09,1.0,3867.16,2026-06-28,On Time,SAP-Style Time
LAB-005497,20260622,118,733,40.0,40.0,31.25,8.75,0.0,0.0,123.33,1.0,3854.06,2026-06-28,On Time,SAP-Style Time
LAB-006438,20260622,119,80,16.0,16.0,11.5,4.5,0.0,0.0,98.99,1.5,1138.39,2026-06-30,On Time,SAP-Style Time
LAB-005498,20260622,119,304,24.0,24.0,17.5,6.5,0.0,0.0,98.99,1.5,1732.32,2026-06-30,On Time,SAP-Style Time
LAB-005499,20260622,120,654,40.0,32.0,24.0,8.0,0.0,8.0,79.77,1.5,1914.48,2026-06-29,On Time,SAP-Style Time
LAB-005500,20260629,1,748,40.0,40.0,35.5,4.5,0.0,0.0,100.39,1.5,3563.85,2026-07-06,On Time,SAP-Style Time
LAB-005501,20260629,2,9,40.0,40.0,42.5,3.0,5.5,0.0,150.62,1.0,6401.35,2026-07-06,On Time,SAP-Style Time
LAB-005502,20260629,3,791,40.0,40.0,40.0,5.25,5.25,0.0,83.78,1.5,3571.12,2026-07-05,On Time,Mobile Time Entry
LAB-005503,20260629,4,637,40.0,40.0,34.5,5.5,0.0,0.0,78.56,1.5,2710.32,2026-07-05,On Time,SAP-Style Time
LAB-005504,20260629,5,9,40.0,28.0,34.5,1.0,7.5,12.0,120.4,1.0,4153.8,2026-07-07,On Time,SAP-Style Time
LAB-005505,20260629,6,959,40.0,40.0,34.75,5.25,0.0,0.0,89.06,1.5,3094.84,2026-07-06,On Time,SAP-Style Time
LAB-005506,20260629,7,9,40.0,40.0,45.25,2.75,8.0,0.0,76.98,1.5,3791.27,2026-07-06,On Time,SAP-Style Time
LAB-005507,20260629,8,612,40.0,40.0,34.5,5.5,0.0,0.0,101.38,1.5,3497.61,2026-07-05,On Time,SAP-Style Time
LAB-005508,20260629,9,73,40.0,40.0,34.0,6.0,0.0,0.0,81.4,1.5,2767.6,2026-07-06,On Time,SAP-Style Time
LAB-005509,20260629,10,99,40.0,40.0,34.5,5.5,0.0,0.0,76.52,1.5,2639.94,2026-07-05,On Time,SAP-Style Time
LAB-005510,20260629,11,9,40.0,40.0,41.75,1.75,3.5,0.0,128.94,1.0,5383.25,2026-07-05,On Time,SAP-Style Time
LAB-005511,20260629,12,981,40.0,28.0,23.75,4.25,0.0,12.0,93.13,1.5,2211.84,2026-07-07,On Time,SAP-Style Time
LAB-005512,20260629,13,714,40.0,40.0,34.0,6.0,0.0,0.0,82.59,1.5,2808.06,2026-07-07,On Time,SAP-Style Time
LAB-005513,20260629,14,9,40.0,40.0,43.75,2.25,6.0,0.0,100.38,1.5,4692.76,2026-07-06,On Time,SAP-Style Time
LAB-005514,20260629,15,900,40.0,40.0,35.0,5.0,0.0,0.0,98.87,1.5,3460.45,2026-07-06,On Time,SAP-Style Time
LAB-005515,20260629,16,230,40.0,40.0,34.0,6.0,0.0,0.0,100.34,1.5,3411.56,2026-07-07,On Time,SAP-Style Time
LAB-005516,20260629,17,874,40.0,40.0,36.0,4.0,0.0,0.0,88.53,1.5,3187.08,2026-07-07,On Time,Mobile Time Entry
LAB-005517,20260629,18,325,40.0,40.0,34.25,5.75,0.0,0.0,89.32,1.5,3059.21,2026-07-06,On Time,SAP-Style Time
LAB-005518,20260629,19,892,40.0,40.0,34.5,5.5,0.0,0.0,91.26,1.5,3148.47,2026-07-06,On Time,Mobile Time Entry
LAB-005519,20260629,20,691,40.0,40.0,34.25,5.75,0.0,0.0,77.3,1.5,2647.53,2026-07-06,On Time,SAP-Style Time
LAB-005520,20260629,21,9,40.0,40.0,43.75,1.75,5.5,0.0,77.07,1.5,3583.75,2026-07-07,On Time,SAP-Style Time
LAB-005521,20260629,22,470,40.0,40.0,34.75,5.25,0.0,0.0,102.23,1.5,3552.49,2026-07-06,On Time,SAP-Style Time
LAB-005522,20260629,23,98,40.0,40.0,36.5,5.0,1.5,0.0,85.0,1.5,3166.25,2026-07-06,On Time,SAP-Style Time
LAB-005523,20260629,24,180,40.0,40.0,35.75,4.25,0.0,0.0,81.27,1.5,2905.4,2026-07-06,On Time,Mobile Time Entry
LAB-005524,20260629,25,9,40.0,40.0,44.5,1.5,6.0,0.0,102.16,1.0,4546.12,2026-07-06,On Time,SAP-Style Time
LAB-005525,20260629,26,409,40.0,40.0,34.75,5.25,0.0,0.0,85.79,1.5,2981.2,2026-07-06,On Time,SAP-Style Time
LAB-005526,20260629,27,911,40.0,40.0,34.0,6.0,0.0,0.0,104.52,1.5,3553.68,2026-07-13,Late,SAP-Style Time
LAB-005527,20260629,28,9,40.0,40.0,42.25,3.0,5.25,0.0,82.53,1.5,3703.53,2026-07-07,On Time,SAP-Style Time
LAB-005528,20260629,29,547,40.0,40.0,35.0,5.0,0.0,0.0,79.3,1.5,2775.5,2026-07-05,On Time,Mobile Time Entry
LAB-005529,20260629,30,774,40.0,40.0,34.25,5.75,0.0,0.0,79.44,1.5,2720.82,2026-07-05,On Time,SAP-Style Time
LAB-005530,20260629,31,269,40.0,40.0,34.75,5.25,0.0,0.0,105.13,1.5,3653.27,2026-07-08,On Time,SAP-Style Time
LAB-005531,20260629,32,722,40.0,32.0,28.0,4.0,0.0,8.0,82.13,1.5,2299.64,2026-07-06,On Time,Mobile Time Entry
LAB-005532,20260629,33,152,40.0,40.0,34.5,5.5,0.0,0.0,89.89,1.5,3101.21,2026-07-05,On Time,SAP-Style Time
LAB-005533,20260629,34,483,24.0,24.0,20.5,3.5,0.0,0.0,98.09,1.5,2010.85,2026-07-06,On Time,SAP-Style Time
LAB-006489,20260629,34,883,16.0,16.0,13.75,2.25,0.0,0.0,98.09,1.5,1348.74,2026-07-06,On Time,SAP-Style Time
LAB-005534,20260629,35,9,40.0,40.0,44.25,2.25,6.5,0.0,91.52,1.5,4347.2,2026-07-07,On Time,SAP-Style Time
LAB-005535,20260629,36,209,40.0,36.0,32.5,3.5,0.0,4.0,82.83,1.5,2691.98,2026-07-06,On Time,SAP-Style Time
LAB-005536,20260629,37,812,40.0,40.0,33.75,6.25,0.0,0.0,92.08,1.5,3107.7,2026-07-06,On Time,SAP-Style Time
LAB-005537,20260629,38,55,40.0,40.0,33.25,6.75,0.0,0.0,105.74,1.5,3515.86,2026-07-05,On Time,SAP-Style Time
LAB-005538,20260629,39,250,40.0,36.0,30.5,5.5,0.0,4.0,107.79,1.5,3287.6,2026-07-06,On Time,SAP-Style Time
LAB-005539,20260629,40,888,40.0,40.0,33.5,6.5,0.0,0.0,103.71,1.5,3474.29,2026-07-07,On Time,Mobile Time Entry
LAB-005540,20260629,41,6,40.0,40.0,32.75,7.25,0.0,0.0,108.71,1.5,3560.25,2026-07-11,Late,Manager Adjustment
LAB-005541,20260629,42,1,40.0,40.0,45.0,2.25,7.25,0.0,149.01,1.0,6705.45,2026-07-06,On Time,SAP-Style Time
LAB-005542,20260629,43,851,40.0,36.0,29.0,7.0,0.0,4.0,106.75,1.5,3095.75,2026-07-06,On Time,SAP-Style Time
LAB-005543,20260629,44,1,40.0,40.0,40.0,4.5,4.5,0.0,144.49,1.0,5779.6,2026-07-06,On Time,SAP-Style Time
LAB-005544,20260629,45,1,40.0,40.0,43.5,2.25,5.75,0.0,86.24,1.5,3999.38,2026-07-07,On Time,SAP-Style Time
LAB-005545,20260629,46,1,40.0,32.0,34.25,2.0,4.25,8.0,143.94,1.0,4929.95,2026-07-06,On Time,SAP-Style Time
LAB-005546,20260629,47,72,40.0,40.0,32.75,7.25,0.0,0.0,106.76,1.5,3496.39,2026-07-06,On Time,SAP-Style Time
LAB-005547,20260629,48,469,40.0,40.0,37.0,7.5,4.5,0.0,87.87,1.5,3448.9,2026-07-06,On Time,SAP-Style Time
LAB-005548,20260629,49,932,40.0,40.0,35.75,7.75,3.5,0.0,83.27,1.5,3122.63,2026-07-06,On Time,SAP-Style Time
LAB-005549,20260629,50,791,40.0,40.0,31.75,8.25,0.0,0.0,101.97,1.5,3237.55,2026-07-13,Late,SAP-Style Time
LAB-005550,20260629,51,930,40.0,40.0,32.0,8.0,0.0,0.0,86.2,1.5,2758.4,2026-07-06,On Time,SAP-Style Time
LAB-005551,20260629,52,71,40.0,40.0,34.0,6.0,0.0,0.0,97.32,1.5,3308.88,2026-07-06,On Time,SAP-Style Time
LAB-005552,20260629,53,622,40.0,40.0,32.75,7.25,0.0,0.0,94.11,1.5,3082.1,2026-07-05,On Time,SAP-Style Time
LAB-005553,20260629,54,1,40.0,40.0,45.25,2.5,7.75,0.0,107.2,1.5,5266.2,2026-07-06,On Time,SAP-Style Time
LAB-005554,20260629,55,33,40.0,40.0,33.5,6.5,0.0,0.0,95.59,1.5,3202.27,2026-07-06,On Time,SAP-Style Time
LAB-005555,20260629,56,691,40.0,40.0,32.25,7.75,0.0,0.0,73.51,1.5,2370.7,2026-07-06,On Time,SAP-Style Time
LAB-005556,20260629,57,378,40.0,24.0,19.0,5.0,0.0,16.0,87.06,1.5,1654.14,2026-07-10,Late,SAP-Style Time
LAB-005557,20260629,58,1,40.0,40.0,42.0,4.25,6.25,0.0,119.87,1.0,5034.54,2026-07-07,On Time,Mobile Time Entry
LAB-005558,20260629,59,637,40.0,40.0,32.75,7.25,0.0,0.0,83.18,1.5,2724.15,2026-07-06,On Time,SAP-Style Time
LAB-005559,20260629,60,753,40.0,40.0,30.5,9.5,0.0,0.0,86.44,1.5,2636.42,2026-07-06,On Time,SAP-Style Time
LAB-005560,20260629,61,592,40.0,32.0,24.75,7.25,0.0,8.0,83.96,1.5,2078.01,2026-07-07,On Time,SAP-Style Time
LAB-005561,20260629,62,296,40.0,40.0,31.5,8.5,0.0,0.0,73.28,1.5,2308.32,2026-07-08,On Time,SAP-Style Time
LAB-005562,20260629,63,1,40.0,40.0,46.0,2.5,8.5,0.0,122.98,1.0,5657.08,2026-07-06,On Time,Mobile Time Entry
LAB-005563,20260629,64,528,40.0,40.0,32.75,7.25,0.0,0.0,84.9,1.5,2780.48,2026-07-10,Late,SAP-Style Time
LAB-005564,20260629,65,381,40.0,40.0,31.75,8.25,0.0,0.0,72.42,1.5,2299.34,2026-07-07,On Time,SAP-Style Time
LAB-005565,20260629,66,262,40.0,40.0,33.0,7.0,0.0,0.0,94.95,1.5,3133.35,2026-07-07,On Time,SAP-Style Time
LAB-005566,20260629,67,880,40.0,36.0,28.0,8.0,0.0,4.0,79.97,1.5,2239.16,2026-07-08,On Time,SAP-Style Time
LAB-005567,20260629,68,609,40.0,40.0,39.0,6.25,5.25,0.0,79.96,1.5,3328.33,2026-07-05,On Time,SAP-Style Time
LAB-005568,20260629,69,621,40.0,40.0,30.0,10.0,0.0,0.0,92.5,1.5,2775.0,2026-07-05,On Time,Mobile Time Entry
LAB-005569,20260629,70,345,40.0,40.0,31.75,8.25,0.0,0.0,79.17,1.5,2513.65,2026-07-05,On Time,SAP-Style Time
LAB-005570,20260629,71,770,40.0,40.0,32.25,7.75,0.0,0.0,84.44,1.5,2723.19,2026-07-07,On Time,SAP-Style Time
LAB-005571,20260629,72,1,40.0,40.0,41.5,2.75,4.25,0.0,107.82,1.0,4474.53,2026-07-06,On Time,SAP-Style Time
LAB-005572,20260629,73,860,40.0,32.0,25.0,7.0,0.0,8.0,85.94,1.5,2148.5,2026-07-08,On Time,SAP-Style Time
LAB-005573,20260629,74,345,40.0,40.0,31.25,8.75,0.0,0.0,74.38,1.5,2324.38,2026-07-06,On Time,SAP-Style Time
LAB-005574,20260629,75,595,40.0,36.0,28.0,8.0,0.0,4.0,89.39,1.5,2502.92,2026-07-07,On Time,SAP-Style Time
LAB-005575,20260629,76,689,40.0,40.0,32.5,7.5,0.0,0.0,90.27,1.5,2933.78,2026-07-06,On Time,SAP-Style Time
LAB-006340,20260629,77,370,14.0,14.0,11.0,3.0,0.0,0.0,89.33,1.5,982.63,2026-07-06,On Time,SAP-Style Time
LAB-005576,20260629,77,433,26.0,26.0,20.5,5.5,0.0,0.0,89.33,1.5,1831.26,2026-07-06,On Time,SAP-Style Time
LAB-005577,20260629,78,312,40.0,32.0,21.75,10.25,0.0,8.0,83.91,1.5,1825.04,2026-07-05,On Time,SAP-Style Time
LAB-005578,20260629,79,590,40.0,40.0,26.75,13.25,0.0,0.0,70.65,1.5,1889.89,2026-07-06,On Time,SAP-Style Time
LAB-005579,20260629,81,850,40.0,40.0,27.0,13.0,0.0,0.0,87.64,1.5,2366.28,2026-07-07,On Time,SAP-Style Time
LAB-005580,20260629,82,851,40.0,40.0,27.0,13.0,0.0,0.0,68.13,1.5,1839.51,2026-07-07,On Time,SAP-Style Time
LAB-005581,20260629,83,362,40.0,36.0,24.5,11.5,0.0,4.0,73.3,1.5,1795.85,2026-07-07,On Time,Mobile Time Entry
LAB-005582,20260629,84,249,40.0,40.0,27.0,13.0,0.0,0.0,71.25,1.5,1923.75,2026-07-06,On Time,SAP-Style Time
LAB-005583,20260629,85,925,40.0,40.0,27.25,12.75,0.0,0.0,65.88,1.5,1795.23,2026-07-07,On Time,SAP-Style Time
LAB-005584,20260629,86,348,40.0,40.0,27.25,12.75,0.0,0.0,82.25,1.5,2241.31,2026-07-06,On Time,Manager Adjustment
LAB-005585,20260629,87,958,40.0,28.0,19.0,9.0,0.0,12.0,78.64,1.5,1494.16,2026-07-05,On Time,SAP-Style Time
LAB-005586,20260629,88,289,40.0,40.0,27.25,12.75,0.0,0.0,71.87,1.5,1958.46,2026-07-06,On Time,SAP-Style Time
LAB-005587,20260629,89,460,40.0,40.0,27.25,12.75,0.0,0.0,77.91,1.5,2123.05,2026-07-08,On Time,SAP-Style Time
LAB-005588,20260629,90,813,40.0,40.0,27.25,12.75,0.0,0.0,74.99,1.5,2043.48,2026-07-05,On Time,SAP-Style Time
LAB-005589,20260629,91,786,40.0,40.0,27.0,13.0,0.0,0.0,68.92,1.5,1860.84,2026-07-06,On Time,SAP-Style Time
LAB-005590,20260629,92,759,40.0,40.0,27.0,13.0,0.0,0.0,86.57,1.5,2337.39,2026-07-06,On Time,SAP-Style Time
LAB-005591,20260629,93,241,40.0,40.0,27.0,13.0,0.0,0.0,107.35,1.0,2898.45,2026-07-07,On Time,Mobile Time Entry
LAB-005592,20260629,94,416,40.0,40.0,34.5,5.5,0.0,0.0,114.66,1.5,3955.77,2026-07-06,On Time,SAP-Style Time
LAB-005593,20260629,96,9,40.0,40.0,42.5,3.0,5.5,0.0,158.23,1.0,6724.78,2026-07-06,On Time,SAP-Style Time
LAB-005594,20260629,97,191,40.0,40.0,34.75,5.25,0.0,0.0,96.85,1.5,3365.54,2026-07-05,On Time,SAP-Style Time
LAB-005595,20260629,98,9,40.0,40.0,42.75,1.75,4.5,0.0,98.56,1.5,4435.2,2026-07-11,Late,Manager Adjustment
LAB-005596,20260629,99,982,40.0,32.0,28.25,3.75,0.0,8.0,101.82,1.5,2876.42,2026-07-06,On Time,SAP-Style Time
LAB-005597,20260629,100,542,40.0,36.0,31.75,4.25,0.0,4.0,92.09,1.5,2923.86,2026-07-06,On Time,SAP-Style Time
LAB-005598,20260629,101,966,40.0,40.0,34.25,5.75,0.0,0.0,114.75,1.5,3930.19,2026-07-05,On Time,Mobile Time Entry
LAB-005599,20260629,102,475,40.0,40.0,35.5,4.5,0.0,0.0,91.58,1.5,3251.09,2026-07-06,On Time,SAP-Style Time
LAB-005600,20260629,103,486,40.0,40.0,34.75,5.25,0.0,0.0,109.51,1.5,3805.47,2026-07-05,On Time,SAP-Style Time
LAB-005601,20260629,104,9,40.0,40.0,42.0,1.75,3.75,0.0,116.26,1.0,4882.92,2026-07-05,On Time,SAP-Style Time
LAB-005602,20260629,105,9,40.0,36.0,40.0,1.75,5.75,4.0,104.84,1.5,4495.02,2026-07-09,Late,SAP-Style Time
LAB-005603,20260629,106,694,40.0,40.0,32.75,7.25,0.0,0.0,100.92,1.5,3305.13,2026-07-06,On Time,SAP-Style Time
LAB-005604,20260629,107,456,40.0,40.0,34.75,5.25,0.0,0.0,127.16,1.0,4418.81,2026-07-07,On Time,SAP-Style Time
LAB-005605,20260629,108,959,40.0,40.0,33.75,6.25,0.0,0.0,104.5,1.5,3526.88,2026-07-07,On Time,SAP-Style Time
LAB-005606,20260629,109,857,40.0,36.0,30.0,6.0,0.0,4.0,122.66,1.0,3679.8,2026-07-15,Late,SAP-Style Time
LAB-005607,20260629,110,971,40.0,40.0,41.25,5.25,6.5,0.0,144.93,1.0,5978.36,2026-07-06,On Time,Mobile Time Entry
LAB-005608,20260629,111,610,40.0,40.0,35.0,5.0,0.0,0.0,106.37,1.5,3722.95,2026-07-07,On Time,SAP-Style Time
LAB-005609,20260629,112,84,40.0,40.0,35.25,4.75,0.0,0.0,93.17,1.5,3284.24,2026-07-05,On Time,SAP-Style Time
LAB-005610,20260629,113,821,40.0,40.0,34.25,5.75,0.0,0.0,97.98,1.5,3355.82,2026-07-07,On Time,Mobile Time Entry
LAB-005611,20260629,114,757,40.0,40.0,28.75,11.25,0.0,0.0,97.72,1.5,2809.45,2026-07-07,On Time,SAP-Style Time
LAB-005612,20260629,115,229,40.0,40.0,28.25,11.75,0.0,0.0,89.67,1.5,2533.18,2026-07-06,On Time,SAP-Style Time
LAB-005613,20260629,116,712,40.0,40.0,29.75,10.25,0.0,0.0,131.09,1.0,3899.93,2026-07-07,On Time,SAP-Style Time
LAB-005614,20260629,118,966,40.0,40.0,30.75,9.25,0.0,0.0,123.33,1.0,3792.4,2026-07-08,On Time,Mobile Time Entry
LAB-005615,20260629,119,54,40.0,40.0,29.75,10.25,0.0,0.0,98.99,1.5,2944.95,2026-07-07,On Time,SAP-Style Time
LAB-005616,20260629,120,548,40.0,28.0,20.75,7.25,0.0,12.0,79.77,1.5,1655.23,2026-07-07,On Time,SAP-Style Time
LAB-005617,20260706,1,286,40.0,40.0,34.75,5.25,0.0,0.0,100.39,1.5,3488.55,2026-07-12,On Time,SAP-Style Time
LAB-005618,20260706,2,9,40.0,40.0,43.25,2.5,5.75,0.0,150.62,1.0,6514.32,2026-07-14,On Time,SAP-Style Time
LAB-005619,20260706,3,958,40.0,40.0,34.0,6.0,0.0,0.0,83.78,1.5,2848.52,2026-07-14,On Time,SAP-Style Time
LAB-005620,20260706,4,771,40.0,40.0,34.5,5.5,0.0,0.0,78.56,1.5,2710.32,2026-07-15,On Time,SAP-Style Time
LAB-005621,20260706,5,9,40.0,40.0,43.75,2.5,6.25,0.0,120.4,1.0,5267.5,2026-07-12,On Time,SAP-Style Time
LAB-005622,20260706,6,10,40.0,40.0,35.25,4.75,0.0,0.0,89.06,1.5,3139.37,2026-07-13,On Time,SAP-Style Time
LAB-005623,20260706,7,9,40.0,40.0,42.75,2.25,5.0,0.0,76.98,1.5,3483.35,2026-07-14,On Time,SAP-Style Time
LAB-005624,20260706,8,215,40.0,40.0,34.25,5.75,0.0,0.0,101.38,1.5,3472.27,2026-07-12,On Time,SAP-Style Time
LAB-005625,20260706,9,496,40.0,40.0,34.0,6.0,0.0,0.0,81.4,1.5,2767.6,2026-07-15,On Time,SAP-Style Time
LAB-005626,20260706,10,998,40.0,40.0,34.25,5.75,0.0,0.0,76.52,1.5,2620.81,2026-07-13,On Time,SAP-Style Time
LAB-005627,20260706,11,9,40.0,36.0,42.0,1.5,7.5,4.0,128.94,1.0,5415.48,2026-07-13,On Time,SAP-Style Time
LAB-005628,20260706,12,921,40.0,40.0,33.75,6.25,0.0,0.0,93.13,1.5,3143.14,2026-07-15,On Time,SAP-Style Time
LAB-005629,20260706,13,279,40.0,32.0,27.0,5.0,0.0,8.0,82.59,1.5,2229.93,2026-07-12,On Time,SAP-Style Time
LAB-005630,20260706,14,9,40.0,40.0,42.75,3.5,6.25,0.0,100.38,1.5,4604.93,2026-07-14,On Time,SAP-Style Time
LAB-005631,20260706,15,342,40.0,40.0,34.75,5.25,0.0,0.0,98.87,1.5,3435.73,2026-07-12,On Time,SAP-Style Time
LAB-005632,20260706,16,575,40.0,28.0,23.75,4.25,0.0,12.0,100.34,1.5,2383.08,2026-07-13,On Time,SAP-Style Time
LAB-005633,20260706,17,378,40.0,40.0,36.5,3.5,0.0,0.0,88.53,1.5,3231.35,2026-07-13,On Time,SAP-Style Time
LAB-005634,20260706,18,896,40.0,40.0,34.25,5.75,0.0,0.0,89.32,1.5,3059.21,2026-07-13,On Time,Mobile Time Entry
LAB-005635,20260706,19,678,40.0,40.0,33.75,6.25,0.0,0.0,91.26,1.5,3080.03,2026-07-12,On Time,SAP-Style Time
LAB-005636,20260706,20,618,40.0,36.0,33.25,5.25,2.5,4.0,77.3,1.5,2666.85,2026-07-13,On Time,SAP-Style Time
LAB-005637,20260706,21,9,40.0,40.0,45.75,2.25,8.0,0.0,77.07,1.5,3834.23,2026-07-14,On Time,SAP-Style Time
LAB-005638,20260706,22,340,40.0,40.0,40.0,5.75,5.75,0.0,102.23,1.5,4383.11,2026-07-13,On Time,SAP-Style Time
LAB-005639,20260706,23,718,40.0,24.0,20.75,3.25,0.0,16.0,85.0,1.5,1763.75,2026-07-13,On Time,SAP-Style Time
LAB-005640,20260706,24,675,40.0,16.0,14.25,1.75,0.0,24.0,81.27,1.5,1158.1,2026-07-13,On Time,SAP-Style Time
LAB-005641,20260706,25,9,40.0,32.0,36.0,1.25,5.25,8.0,102.16,1.0,3677.76,2026-07-15,On Time,Mobile Time Entry
LAB-005642,20260706,26,492,40.0,40.0,34.5,5.5,0.0,0.0,85.79,1.5,2959.76,2026-07-13,On Time,SAP-Style Time
LAB-005643,20260706,27,858,40.0,40.0,32.5,7.5,0.0,0.0,104.52,1.5,3396.9,2026-07-12,On Time,SAP-Style Time
LAB-005644,20260706,28,9,40.0,36.0,41.0,1.5,6.5,4.0,82.53,1.5,3651.95,2026-07-13,On Time,SAP-Style Time
LAB-005645,20260706,29,416,40.0,40.0,35.25,4.75,0.0,0.0,79.3,1.5,2795.33,2026-07-15,On Time,SAP-Style Time
LAB-005646,20260706,30,387,40.0,40.0,34.75,5.25,0.0,0.0,79.44,1.5,2760.54,2026-07-13,On Time,SAP-Style Time
LAB-005647,20260706,31,14,40.0,32.0,27.5,4.5,0.0,8.0,105.13,1.5,2891.08,2026-07-13,On Time,SAP-Style Time
LAB-005648,20260706,32,3,40.0,32.0,28.0,4.0,0.0,8.0,82.13,1.5,2299.64,2026-07-14,On Time,SAP-Style Time
LAB-005649,20260706,33,249,40.0,40.0,34.5,5.5,0.0,0.0,89.89,1.5,3101.21,2026-07-13,On Time,SAP-Style Time
LAB-005650,20260706,34,722,40.0,40.0,34.5,5.5,0.0,0.0,98.09,1.5,3384.11,2026-07-14,On Time,SAP-Style Time
LAB-005651,20260706,35,9,40.0,40.0,42.25,2.75,5.0,0.0,91.52,1.5,4095.52,2026-07-13,On Time,Mobile Time Entry
LAB-005652,20260706,36,941,40.0,40.0,35.25,4.75,0.0,0.0,82.83,1.5,2919.76,2026-07-13,On Time,SAP-Style Time
LAB-005653,20260706,37,118,40.0,16.0,13.25,2.75,0.0,24.0,92.08,1.5,1220.06,2026-07-13,On Time,SAP-Style Time
LAB-005654,20260706,38,495,40.0,40.0,32.25,7.75,0.0,0.0,105.74,1.5,3410.12,2026-07-13,On Time,Mobile Time Entry
LAB-005655,20260706,39,529,28.0,28.0,23.75,4.25,0.0,0.0,107.79,1.5,2560.01,2026-07-13,On Time,SAP-Style Time
LAB-006393,20260706,39,795,12.0,12.0,10.25,1.75,0.0,0.0,107.79,1.5,1104.85,2026-07-13,On Time,SAP-Style Time
LAB-005656,20260706,40,420,40.0,40.0,33.0,7.0,0.0,0.0,103.71,1.5,3422.43,2026-07-12,On Time,SAP-Style Time
LAB-005657,20260706,41,396,40.0,16.0,13.0,3.0,0.0,24.0,108.71,1.5,1413.23,2026-07-13,On Time,SAP-Style Time
LAB-005658,20260706,42,1,40.0,40.0,42.25,4.5,6.75,0.0,149.01,1.0,6295.67,2026-07-13,On Time,SAP-Style Time
LAB-005659,20260706,43,528,40.0,40.0,31.5,8.5,0.0,0.0,106.75,1.5,3362.63,2026-07-12,On Time,Mobile Time Entry
LAB-005660,20260706,44,1,40.0,40.0,42.0,2.75,4.75,0.0,144.49,1.0,6068.58,2026-07-14,On Time,SAP-Style Time
LAB-005661,20260706,45,1,40.0,40.0,45.5,3.75,9.25,0.0,86.24,1.5,4322.78,2026-07-14,On Time,SAP-Style Time
LAB-005662,20260706,46,1,40.0,36.0,40.5,3.75,8.25,4.0,143.94,1.0,5829.57,2026-07-13,On Time,SAP-Style Time
LAB-005663,20260706,47,77,40.0,40.0,32.5,7.5,0.0,0.0,106.76,1.5,3469.7,2026-07-13,On Time,Mobile Time Entry
LAB-005664,20260706,48,409,40.0,40.0,32.0,8.0,0.0,0.0,87.87,1.5,2811.84,2026-07-14,On Time,SAP-Style Time
LAB-005665,20260706,49,11,40.0,32.0,26.0,6.0,0.0,8.0,83.27,1.5,2165.02,2026-07-13,On Time,SAP-Style Time
LAB-005666,20260706,50,38,40.0,40.0,32.75,7.25,0.0,0.0,101.97,1.5,3339.52,2026-07-13,On Time,SAP-Style Time
LAB-005667,20260706,51,591,40.0,40.0,32.75,7.25,0.0,0.0,86.2,1.5,2823.05,2026-07-14,On Time,SAP-Style Time
LAB-005668,20260706,52,481,40.0,40.0,33.75,6.25,0.0,0.0,97.32,1.5,3284.55,2026-07-14,On Time,SAP-Style Time
LAB-005669,20260706,53,39,40.0,40.0,32.75,7.25,0.0,0.0,94.11,1.5,3082.1,2026-07-13,On Time,SAP-Style Time
LAB-005670,20260706,54,1,40.0,40.0,42.5,2.75,5.25,0.0,107.2,1.5,4837.4,2026-07-14,On Time,SAP-Style Time
LAB-005671,20260706,55,899,40.0,40.0,32.0,8.0,0.0,0.0,95.59,1.5,3058.88,2026-07-13,On Time,SAP-Style Time
LAB-005672,20260706,56,595,40.0,40.0,31.75,8.25,0.0,0.0,73.51,1.5,2333.94,2026-07-13,On Time,SAP-Style Time
LAB-005673,20260706,57,356,40.0,40.0,31.5,8.5,0.0,0.0,87.06,1.5,2742.39,2026-07-13,On Time,SAP-Style Time
LAB-005674,20260706,58,1,40.0,40.0,45.75,3.5,9.25,0.0,119.87,1.0,5484.05,2026-07-17,Late,SAP-Style Time
LAB-005675,20260706,59,520,40.0,40.0,32.5,7.5,0.0,0.0,83.18,1.5,2703.35,2026-07-12,On Time,SAP-Style Time
LAB-005676,20260706,60,621,40.0,40.0,30.75,9.25,0.0,0.0,86.44,1.5,2658.03,2026-07-13,On Time,SAP-Style Time
LAB-005677,20260706,61,332,40.0,40.0,30.5,9.5,0.0,0.0,83.96,1.5,2560.78,2026-07-13,On Time,SAP-Style Time
LAB-005678,20260706,62,110,40.0,40.0,31.5,8.5,0.0,0.0,73.28,1.5,2308.32,2026-07-12,On Time,SAP-Style Time
LAB-005679,20260706,63,1,40.0,40.0,43.0,2.5,5.5,0.0,122.98,1.0,5288.14,2026-07-13,On Time,SAP-Style Time
LAB-005680,20260706,64,372,40.0,40.0,32.25,7.75,0.0,0.0,84.9,1.5,2738.03,2026-07-13,On Time,Mobile Time Entry
LAB-005681,20260706,65,9,40.0,40.0,31.0,9.0,0.0,0.0,72.42,1.5,2245.02,2026-07-14,On Time,SAP-Style Time
LAB-005682,20260706,66,941,40.0,40.0,32.25,7.75,0.0,0.0,94.95,1.5,3062.14,2026-07-14,On Time,SAP-Style Time
LAB-005683,20260706,67,305,40.0,24.0,20.75,5.25,2.0,16.0,79.97,1.5,1739.35,2026-07-13,On Time,SAP-Style Time
LAB-005684,20260706,68,196,40.0,40.0,33.25,6.75,0.0,0.0,79.96,1.5,2658.67,2026-07-12,On Time,SAP-Style Time
LAB-005685,20260706,69,772,40.0,40.0,30.75,9.25,0.0,0.0,92.5,1.5,2844.38,2026-07-18,Late,SAP-Style Time
LAB-005686,20260706,70,843,40.0,40.0,32.0,8.0,0.0,0.0,79.17,1.5,2533.44,2026-07-14,On Time,Mobile Time Entry
LAB-005687,20260706,71,304,40.0,40.0,31.5,8.5,0.0,0.0,84.44,1.5,2659.86,2026-07-13,On Time,SAP-Style Time
LAB-005688,20260706,72,1,40.0,36.0,41.5,3.0,8.5,4.0,107.82,1.0,4474.53,2026-07-14,On Time,SAP-Style Time
LAB-005689,20260706,73,104,40.0,36.0,27.75,8.25,0.0,4.0,85.94,1.5,2384.84,2026-07-13,On Time,SAP-Style Time
LAB-005690,20260706,74,528,40.0,40.0,31.0,9.0,0.0,0.0,74.38,1.5,2305.78,2026-07-13,On Time,SAP-Style Time
LAB-005691,20260706,75,706,40.0,40.0,31.75,8.25,0.0,0.0,89.39,1.5,2838.13,2026-07-12,On Time,SAP-Style Time
LAB-005692,20260706,76,691,40.0,40.0,32.25,7.75,0.0,0.0,90.27,1.5,2911.21,2026-07-13,On Time,SAP-Style Time
LAB-005693,20260706,77,701,40.0,40.0,32.0,8.0,0.0,0.0,89.33,1.5,2858.56,2026-07-13,On Time,SAP-Style Time
LAB-005694,20260706,78,500,40.0,40.0,27.5,12.5,0.0,0.0,83.91,1.5,2307.53,2026-07-15,On Time,SAP-Style Time
LAB-005695,20260706,79,589,40.0,40.0,27.25,12.75,0.0,0.0,70.65,1.5,1925.21,2026-07-14,On Time,Mobile Time Entry
LAB-005696,20260706,81,562,40.0,40.0,27.25,12.75,0.0,0.0,87.64,1.5,2388.19,2026-07-14,On Time,SAP-Style Time
LAB-005697,20260706,82,828,40.0,40.0,27.5,12.5,0.0,0.0,68.13,1.5,1873.57,2026-07-14,On Time,SAP-Style Time
LAB-005698,20260706,83,626,40.0,40.0,27.5,12.5,0.0,0.0,73.3,1.5,2015.75,2026-07-14,On Time,Mobile Time Entry
LAB-005699,20260706,84,654,40.0,40.0,27.25,12.75,0.0,0.0,71.25,1.5,1941.56,2026-07-14,On Time,SAP-Style Time
LAB-005700,20260706,85,423,40.0,40.0,27.0,13.0,0.0,0.0,65.88,1.5,1778.76,2026-07-13,On Time,SAP-Style Time
LAB-005701,20260706,86,648,40.0,40.0,27.0,13.0,0.0,0.0,82.25,1.5,2220.75,2026-07-13,On Time,SAP-Style Time
LAB-005702,20260706,87,122,40.0,40.0,27.5,12.5,0.0,0.0,78.64,1.5,2162.6,2026-07-13,On Time,SAP-Style Time
LAB-005703,20260706,88,566,40.0,40.0,27.0,13.0,0.0,0.0,71.87,1.5,1940.49,2026-07-13,On Time,SAP-Style Time
LAB-005704,20260706,89,424,40.0,40.0,27.25,12.75,0.0,0.0,77.91,1.5,2123.05,2026-07-18,Late,SAP-Style Time
LAB-005705,20260706,90,633,40.0,40.0,27.0,13.0,0.0,0.0,74.99,1.5,2024.73,2026-07-13,On Time,SAP-Style Time
LAB-005706,20260706,91,998,40.0,40.0,27.25,12.75,0.0,0.0,68.92,1.5,1878.07,2026-07-13,On Time,SAP-Style Time
LAB-005707,20260706,92,799,40.0,40.0,27.0,13.0,0.0,0.0,86.57,1.5,2337.39,2026-07-14,On Time,SAP-Style Time
LAB-005708,20260706,93,577,40.0,40.0,27.25,12.75,0.0,0.0,107.35,1.0,2925.29,2026-07-13,On Time,SAP-Style Time
LAB-005709,20260706,94,249,40.0,40.0,34.75,5.25,0.0,0.0,114.66,1.5,3984.44,2026-07-14,On Time,SAP-Style Time
LAB-005710,20260706,96,9,40.0,40.0,41.5,2.0,3.5,0.0,158.23,1.0,6566.55,2026-07-12,On Time,SAP-Style Time
LAB-005711,20260706,97,456,40.0,40.0,34.75,5.25,0.0,0.0,96.85,1.5,3365.54,2026-07-13,On Time,SAP-Style Time
LAB-005712,20260706,98,9,40.0,40.0,41.75,2.25,4.0,0.0,98.56,1.5,4312.0,2026-07-13,On Time,Mobile Time Entry
LAB-005713,20260706,99,689,40.0,32.0,27.75,4.25,0.0,8.0,101.82,1.5,2825.5,2026-07-14,On Time,SAP-Style Time
LAB-006328,20260706,100,67,12.0,12.0,10.25,1.75,0.0,0.0,92.09,1.5,943.92,2026-07-14,On Time,SAP-Style Time
LAB-005714,20260706,100,99,28.0,28.0,24.0,4.0,0.0,0.0,92.09,1.5,2210.16,2026-07-14,On Time,SAP-Style Time
LAB-005715,20260706,101,484,40.0,40.0,34.5,5.5,0.0,0.0,114.75,1.5,3958.88,2026-07-12,On Time,Mobile Time Entry
LAB-005716,20260706,102,876,40.0,40.0,35.5,4.5,0.0,0.0,91.58,1.5,3251.09,2026-07-14,On Time,SAP-Style Time
LAB-005717,20260706,103,912,40.0,40.0,34.75,5.25,0.0,0.0,109.51,1.5,3805.47,2026-07-13,On Time,SAP-Style Time
LAB-005718,20260706,104,9,40.0,40.0,41.5,3.0,4.5,0.0,116.26,1.0,4824.79,2026-07-13,On Time,SAP-Style Time
LAB-005719,20260706,105,9,40.0,40.0,44.5,3.25,7.75,0.0,104.84,1.5,5071.64,2026-07-13,On Time,SAP-Style Time
LAB-005720,20260706,106,275,40.0,32.0,26.75,5.25,0.0,8.0,100.92,1.5,2699.61,2026-07-13,On Time,SAP-Style Time
LAB-005721,20260706,107,127,40.0,40.0,34.5,5.5,0.0,0.0,127.16,1.0,4387.02,2026-07-13,On Time,SAP-Style Time
LAB-005722,20260706,108,701,40.0,40.0,33.0,7.0,0.0,0.0,104.5,1.5,3448.5,2026-07-13,On Time,SAP-Style Time
LAB-005723,20260706,109,387,40.0,40.0,34.0,6.0,0.0,0.0,122.66,1.0,4170.44,2026-07-13,On Time,SAP-Style Time
LAB-005724,20260706,110,726,40.0,40.0,35.0,5.0,0.0,0.0,144.93,1.0,5072.55,2026-07-14,On Time,SAP-Style Time
LAB-005725,20260706,111,57,40.0,40.0,34.25,5.75,0.0,0.0,106.37,1.5,3643.17,2026-07-13,On Time,SAP-Style Time
LAB-006474,20260706,112,477,12.0,12.0,10.5,1.5,0.0,0.0,93.17,1.5,978.29,2026-07-14,On Time,SAP-Style Time
LAB-005726,20260706,112,678,28.0,28.0,24.5,3.5,0.0,0.0,93.17,1.5,2282.67,2026-07-14,On Time,SAP-Style Time
LAB-005727,20260706,113,900,40.0,40.0,34.0,6.0,0.0,0.0,97.98,1.5,3331.32,2026-07-13,On Time,SAP-Style Time
LAB-005728,20260706,114,591,40.0,40.0,28.0,12.0,0.0,0.0,97.72,1.5,2736.16,2026-07-14,On Time,SAP-Style Time
LAB-005729,20260706,115,876,40.0,24.0,17.25,6.75,0.0,16.0,89.67,1.5,1546.81,2026-07-17,Late,SAP-Style Time
LAB-005730,20260706,116,704,40.0,40.0,29.75,10.25,0.0,0.0,131.09,1.0,3899.93,2026-07-14,On Time,Mobile Time Entry
LAB-005731,20260706,118,750,40.0,40.0,30.0,10.0,0.0,0.0,123.33,1.0,3699.9,2026-07-13,On Time,SAP-Style Time
LAB-005732,20260706,119,455,40.0,40.0,30.25,11.0,1.25,0.0,98.99,1.5,3056.32,2026-07-15,On Time,Mobile Time Entry
LAB-005733,20260706,120,932,40.0,24.0,17.5,6.5,0.0,16.0,79.77,1.5,1395.98,2026-07-13,On Time,SAP-Style Time
LAB-005734,20260713,1,899,40.0,40.0,34.75,5.25,0.0,0.0,100.39,1.5,3488.55,2026-07-19,On Time,SAP-Style Time
LAB-005735,20260713,2,9,40.0,40.0,42.25,2.75,5.0,0.0,150.62,1.0,6363.7,2026-07-20,On Time,SAP-Style Time
LAB-005736,20260713,3,701,40.0,40.0,34.75,5.25,0.0,0.0,83.78,1.5,2911.36,2026-07-21,On Time,Mobile Time Entry
LAB-005737,20260713,4,983,40.0,40.0,34.75,5.25,0.0,0.0,78.56,1.5,2729.96,2026-07-21,On Time,SAP-Style Time
LAB-005738,20260713,5,9,40.0,40.0,42.5,1.75,4.25,0.0,120.4,1.0,5117.0,2026-07-20,On Time,SAP-Style Time
LAB-005739,20260713,6,200,40.0,40.0,35.75,4.25,0.0,0.0,89.06,1.5,3183.9,2026-07-20,On Time,Mobile Time Entry
LAB-005740,20260713,7,9,40.0,40.0,42.5,3.25,5.75,0.0,76.98,1.5,3492.97,2026-07-19,On Time,SAP-Style Time
LAB-005741,20260713,8,186,40.0,40.0,35.0,5.0,0.0,0.0,101.38,1.5,3548.3,2026-07-20,On Time,SAP-Style Time
LAB-005742,20260713,9,128,40.0,40.0,34.0,6.0,0.0,0.0,81.4,1.5,2767.6,2026-07-21,On Time,SAP-Style Time
LAB-005743,20260713,10,561,40.0,40.0,34.25,5.75,0.0,0.0,76.52,1.5,2620.81,2026-07-19,On Time,SAP-Style Time
LAB-005744,20260713,11,9,40.0,40.0,43.75,2.25,6.0,0.0,128.94,1.0,5641.13,2026-07-21,On Time,SAP-Style Time
LAB-005745,20260713,12,806,40.0,40.0,33.0,7.0,0.0,0.0,93.13,1.5,3073.29,2026-07-20,On Time,SAP-Style Time
LAB-005746,20260713,13,901,40.0,40.0,34.0,6.0,0.0,0.0,82.59,1.5,2808.06,2026-07-20,On Time,SAP-Style Time
LAB-005747,20260713,14,9,40.0,40.0,42.0,1.75,3.75,0.0,100.38,1.5,4404.17,2026-07-20,On Time,SAP-Style Time
LAB-005748,20260713,15,55,40.0,40.0,34.75,5.25,0.0,0.0,98.87,1.5,3435.73,2026-07-19,On Time,SAP-Style Time
LAB-005749,20260713,16,801,40.0,32.0,27.0,5.0,0.0,8.0,100.34,1.5,2709.18,2026-07-20,On Time,SAP-Style Time
LAB-005750,20260713,17,172,40.0,40.0,35.5,4.5,0.0,0.0,88.53,1.5,3142.82,2026-07-20,On Time,SAP-Style Time
LAB-005751,20260713,18,270,40.0,16.0,13.75,2.25,0.0,24.0,89.32,1.5,1228.15,2026-07-22,On Time,SAP-Style Time
LAB-005752,20260713,19,738,40.0,40.0,33.75,6.25,0.0,0.0,91.26,1.5,3080.03,2026-07-22,On Time,SAP-Style Time
LAB-005753,20260713,20,900,40.0,40.0,33.5,6.5,0.0,0.0,77.3,1.5,2589.55,2026-07-20,On Time,SAP-Style Time
LAB-005754,20260713,21,9,40.0,40.0,45.0,2.0,7.0,0.0,77.07,1.5,3737.9,2026-07-26,Late,SAP-Style Time
LAB-005755,20260713,22,576,40.0,40.0,34.75,5.25,0.0,0.0,102.23,1.5,3552.49,2026-07-21,On Time,SAP-Style Time
LAB-005756,20260713,23,35,40.0,40.0,33.75,6.25,0.0,0.0,85.0,1.5,2868.75,2026-07-20,On Time,SAP-Style Time
LAB-005757,20260713,24,931,40.0,40.0,34.5,5.5,0.0,0.0,81.27,1.5,2803.82,2026-07-21,On Time,SAP-Style Time
LAB-005758,20260713,25,9,40.0,40.0,45.5,2.0,7.5,0.0,102.16,1.0,4648.28,2026-07-21,On Time,SAP-Style Time
LAB-005759,20260713,26,561,40.0,40.0,34.0,6.0,0.0,0.0,85.79,1.5,2916.86,2026-07-21,On Time,SAP-Style Time
LAB-005760,20260713,27,658,40.0,40.0,32.5,7.5,0.0,0.0,104.52,1.5,3396.9,2026-07-21,On Time,Mobile Time Entry
LAB-005761,20260713,28,9,40.0,40.0,42.0,3.5,5.5,0.0,82.53,1.5,3693.22,2026-07-25,Late,SAP-Style Time
LAB-005762,20260713,29,590,40.0,40.0,35.0,5.0,0.0,0.0,79.3,1.5,2775.5,2026-07-21,On Time,SAP-Style Time
LAB-005763,20260713,30,313,40.0,40.0,34.5,5.5,0.0,0.0,79.44,1.5,2740.68,2026-07-20,On Time,SAP-Style Time
LAB-005764,20260713,31,710,40.0,40.0,33.75,6.25,0.0,0.0,105.13,1.5,3548.14,2026-07-21,On Time,SAP-Style Time
LAB-005765,20260713,32,508,40.0,40.0,35.25,4.75,0.0,0.0,82.13,1.5,2895.08,2026-07-20,On Time,SAP-Style Time
LAB-005766,20260713,33,805,40.0,40.0,35.0,5.0,0.0,0.0,89.89,1.5,3146.15,2026-07-21,On Time,Mobile Time Entry
LAB-005767,20260713,34,187,40.0,40.0,33.75,6.25,0.0,0.0,98.09,1.5,3310.54,2026-07-20,On Time,SAP-Style Time
LAB-005768,20260713,35,9,40.0,40.0,45.0,1.75,6.75,0.0,91.52,1.5,4427.28,2026-07-19,On Time,SAP-Style Time
LAB-005769,20260713,36,943,40.0,40.0,35.25,4.75,0.0,0.0,82.83,1.5,2919.76,2026-07-20,On Time,SAP-Style Time
LAB-005770,20260713,37,883,40.0,40.0,33.0,7.0,0.0,0.0,92.08,1.5,3038.64,2026-07-21,On Time,SAP-Style Time
LAB-005771,20260713,38,779,40.0,40.0,32.25,7.75,0.0,0.0,105.74,1.5,3410.12,2026-07-20,On Time,SAP-Style Time
LAB-005772,20260713,39,362,40.0,40.0,37.75,6.5,4.25,0.0,107.79,1.5,4298.13,2026-07-20,On Time,SAP-Style Time
LAB-006336,20260713,40,171,14.0,8.5,7.0,1.5,0.0,5.5,103.71,1.5,725.97,2026-07-19,On Time,SAP-Style Time
LAB-005773,20260713,40,570,26.0,15.5,13.0,2.5,0.0,10.5,103.71,1.5,1348.23,2026-07-19,On Time,SAP-Style Time
LAB-005774,20260713,41,353,40.0,32.0,25.75,6.25,0.0,8.0,108.71,1.5,2799.28,2026-07-19,On Time,SAP-Style Time
LAB-005775,20260713,42,1,40.0,40.0,42.75,3.75,6.5,0.0,149.01,1.0,6370.18,2026-07-20,On Time,SAP-Style Time
LAB-005776,20260713,43,27,40.0,40.0,31.25,8.75,0.0,0.0,106.75,1.5,3335.94,2026-07-20,On Time,SAP-Style Time
LAB-005777,20260713,44,1,40.0,40.0,41.75,3.0,4.75,0.0,144.49,1.0,6032.46,2026-07-31,Late,SAP-Style Time
LAB-005778,20260713,45,1,40.0,40.0,44.75,3.0,7.75,0.0,86.24,1.5,4193.42,2026-07-20,On Time,SAP-Style Time
LAB-005779,20260713,46,1,40.0,40.0,44.75,2.5,7.25,0.0,143.94,1.0,6441.32,2026-07-20,On Time,SAP-Style Time
LAB-005780,20260713,47,27,40.0,40.0,32.25,7.75,0.0,0.0,106.76,1.5,3443.01,2026-07-22,On Time,SAP-Style Time
LAB-005781,20260713,48,1000,40.0,40.0,32.0,8.0,0.0,0.0,87.87,1.5,2811.84,2026-07-21,On Time,SAP-Style Time
LAB-005782,20260713,49,25,40.0,40.0,32.5,7.5,0.0,0.0,83.27,1.5,2706.28,2026-07-20,On Time,SAP-Style Time
LAB-005783,20260713,50,138,40.0,28.0,23.25,4.75,0.0,12.0,101.97,1.5,2370.8,2026-07-20,On Time,SAP-Style Time
LAB-005784,20260713,51,413,40.0,36.0,29.5,6.5,0.0,4.0,86.2,1.5,2542.9,2026-07-20,On Time,SAP-Style Time
LAB-005785,20260713,52,18,40.0,32.0,26.75,5.25,0.0,8.0,97.32,1.5,2603.31,2026-07-19,On Time,SAP-Style Time
LAB-005786,20260713,53,35,40.0,40.0,33.75,6.25,0.0,0.0,94.11,1.5,3176.21,2026-07-20,On Time,SAP-Style Time
LAB-005787,20260713,54,1,40.0,40.0,45.5,4.25,9.75,0.0,107.2,1.5,5400.2,2026-07-20,On Time,SAP-Style Time
LAB-005788,20260713,55,945,40.0,40.0,32.0,8.0,0.0,0.0,95.59,1.5,3058.88,2026-07-20,On Time,SAP-Style Time
LAB-005789,20260713,56,683,40.0,40.0,32.0,8.0,0.0,0.0,73.51,1.5,2352.32,2026-07-20,On Time,SAP-Style Time
LAB-005790,20260713,57,290,40.0,40.0,31.0,9.0,0.0,0.0,87.06,1.5,2698.86,2026-07-30,Late,SAP-Style Time
LAB-005791,20260713,58,1,40.0,40.0,43.25,2.75,6.0,0.0,119.87,1.0,5184.38,2026-07-20,On Time,SAP-Style Time
LAB-005792,20260713,59,661,40.0,40.0,31.75,8.25,0.0,0.0,83.18,1.5,2640.97,2026-07-19,On Time,SAP-Style Time
LAB-005793,20260713,60,772,40.0,40.0,31.25,8.75,0.0,0.0,86.44,1.5,2701.25,2026-07-21,On Time,SAP-Style Time
LAB-005794,20260713,61,97,40.0,40.0,30.25,9.75,0.0,0.0,83.96,1.5,2539.79,2026-07-22,On Time,SAP-Style Time
LAB-005795,20260713,62,932,40.0,28.0,22.0,6.0,0.0,12.0,73.28,1.5,1612.16,2026-07-21,On Time,SAP-Style Time
LAB-005796,20260713,63,1,40.0,40.0,39.75,4.5,4.25,0.0,122.98,1.0,4888.46,2026-07-21,On Time,Mobile Time Entry
LAB-005797,20260713,64,329,40.0,28.0,22.5,5.5,0.0,12.0,84.9,1.5,1910.25,2026-07-21,On Time,SAP-Style Time
LAB-005798,20260713,65,94,40.0,40.0,31.75,8.25,0.0,0.0,72.42,1.5,2299.34,2026-07-20,On Time,SAP-Style Time
LAB-005799,20260713,66,19,40.0,40.0,32.75,7.25,0.0,0.0,94.95,1.5,3109.61,2026-07-20,On Time,SAP-Style Time
LAB-005800,20260713,67,325,40.0,40.0,30.5,9.5,0.0,0.0,79.97,1.5,2439.09,2026-07-21,On Time,SAP-Style Time
LAB-005801,20260713,68,469,40.0,40.0,33.25,6.75,0.0,0.0,79.96,1.5,2658.67,2026-07-19,On Time,SAP-Style Time
LAB-005802,20260713,69,33,40.0,40.0,31.5,8.5,0.0,0.0,92.5,1.5,2913.75,2026-07-20,On Time,SAP-Style Time
LAB-005803,20260713,70,275,28.0,28.0,22.0,6.0,0.0,0.0,79.17,1.5,1741.74,2026-07-20,On Time,SAP-Style Time
LAB-006451,20260713,70,733,12.0,12.0,9.5,2.5,0.0,0.0,79.17,1.5,752.12,2026-07-20,On Time,SAP-Style Time
LAB-005804,20260713,71,740,40.0,40.0,31.0,9.0,0.0,0.0,84.44,1.5,2617.64,2026-07-20,On Time,SAP-Style Time
LAB-005805,20260713,72,1,40.0,40.0,42.5,4.0,6.5,0.0,107.82,1.0,4582.35,2026-07-19,On Time,SAP-Style Time
LAB-005806,20260713,73,609,40.0,40.0,33.75,9.0,2.75,0.0,85.94,1.5,3018.64,2026-07-22,On Time,SAP-Style Time
LAB-005807,20260713,74,619,40.0,40.0,30.25,9.75,0.0,0.0,74.38,1.5,2250.0,2026-07-19,On Time,SAP-Style Time
LAB-005808,20260713,75,682,40.0,40.0,31.25,8.75,0.0,0.0,89.39,1.5,2793.44,2026-07-21,On Time,SAP-Style Time
LAB-005809,20260713,76,497,40.0,40.0,31.75,8.25,0.0,0.0,90.27,1.5,2866.07,2026-07-21,On Time,SAP-Style Time
LAB-005810,20260713,77,124,40.0,28.0,22.0,6.0,0.0,12.0,89.33,1.5,1965.26,2026-07-20,On Time,SAP-Style Time
LAB-005811,20260713,78,806,40.0,40.0,27.0,13.0,0.0,0.0,83.91,1.5,2265.57,2026-07-20,On Time,SAP-Style Time
LAB-005812,20260713,79,171,40.0,40.0,27.0,13.0,0.0,0.0,70.65,1.5,1907.55,2026-07-19,On Time,SAP-Style Time
LAB-005813,20260713,81,208,40.0,40.0,27.25,12.75,0.0,0.0,87.64,1.5,2388.19,2026-07-21,On Time,SAP-Style Time
LAB-005814,20260713,82,249,40.0,36.0,24.25,11.75,0.0,4.0,68.13,1.5,1652.15,2026-07-21,On Time,SAP-Style Time
LAB-005815,20260713,83,613,40.0,40.0,27.25,12.75,0.0,0.0,73.3,1.5,1997.43,2026-07-21,On Time,SAP-Style Time
LAB-005816,20260713,84,811,40.0,40.0,27.0,13.0,0.0,0.0,71.25,1.5,1923.75,2026-07-20,On Time,SAP-Style Time
LAB-005817,20260713,85,948,40.0,40.0,33.25,12.75,6.0,0.0,65.88,1.5,2388.15,2026-07-21,On Time,SAP-Style Time
LAB-005818,20260713,86,353,40.0,40.0,27.25,12.75,0.0,0.0,82.25,1.5,2241.31,2026-07-20,On Time,SAP-Style Time
LAB-005819,20260713,87,733,40.0,40.0,27.0,13.0,0.0,0.0,78.64,1.5,2123.28,2026-07-28,Late,SAP-Style Time
LAB-005820,20260713,88,476,40.0,40.0,27.25,12.75,0.0,0.0,71.87,1.5,1958.46,2026-07-25,Late,SAP-Style Time
LAB-005821,20260713,89,488,40.0,40.0,27.0,13.0,0.0,0.0,77.91,1.5,2103.57,2026-07-21,On Time,SAP-Style Time
LAB-005822,20260713,90,5,40.0,40.0,27.0,13.0,0.0,0.0,74.99,1.5,2024.73,2026-07-21,On Time,SAP-Style Time
LAB-005823,20260713,91,998,40.0,40.0,27.0,13.0,0.0,0.0,68.92,1.5,1860.84,2026-07-22,On Time,SAP-Style Time
LAB-005824,20260713,92,857,40.0,40.0,27.25,12.75,0.0,0.0,86.57,1.5,2359.03,2026-07-19,On Time,SAP-Style Time
LAB-005825,20260713,93,192,40.0,24.0,16.25,7.75,0.0,16.0,107.35,1.0,1744.44,2026-07-20,On Time,SAP-Style Time
LAB-005826,20260713,94,968,40.0,40.0,34.5,5.5,0.0,0.0,114.66,1.5,3955.77,2026-07-20,On Time,SAP-Style Time
LAB-005827,20260713,96,9,40.0,40.0,43.5,3.5,7.0,0.0,158.23,1.0,6883.0,2026-07-21,On Time,SAP-Style Time
LAB-005828,20260713,97,450,40.0,40.0,35.0,5.0,0.0,0.0,96.85,1.5,3389.75,2026-07-21,On Time,SAP-Style Time
LAB-005829,20260713,98,9,40.0,16.0,18.75,1.25,4.0,24.0,98.56,1.5,2045.12,2026-07-21,On Time,SAP-Style Time
LAB-005830,20260713,99,402,40.0,40.0,34.5,5.5,0.0,0.0,101.82,1.5,3512.79,2026-07-20,On Time,SAP-Style Time
LAB-005831,20260713,100,705,40.0,40.0,34.25,5.75,0.0,0.0,92.09,1.5,3154.08,2026-07-21,On Time,SAP-Style Time
LAB-005832,20260713,101,139,40.0,40.0,34.0,6.0,0.0,0.0,114.75,1.5,3901.5,2026-07-20,On Time,SAP-Style Time
LAB-005833,20260713,102,150,26.0,26.0,22.75,3.25,0.0,0.0,91.58,1.5,2083.45,2026-07-20,On Time,SAP-Style Time
LAB-006412,20260713,102,858,14.0,14.0,12.25,1.75,0.0,0.0,91.58,1.5,1121.86,2026-07-20,On Time,SAP-Style Time
LAB-005834,20260713,103,906,40.0,40.0,35.0,5.0,0.0,0.0,109.51,1.5,3832.85,2026-07-29,Late,SAP-Style Time
LAB-005835,20260713,104,9,40.0,40.0,43.25,2.0,5.25,0.0,116.26,1.0,5028.25,2026-07-20,On Time,Mobile Time Entry
LAB-005836,20260713,105,9,40.0,32.0,36.25,1.75,6.0,8.0,104.84,1.5,4114.97,2026-07-20,On Time,SAP-Style Time
LAB-005837,20260713,106,530,40.0,28.0,22.75,5.25,0.0,12.0,100.92,1.5,2295.93,2026-07-22,On Time,SAP-Style Time
LAB-005838,20260713,107,566,40.0,40.0,34.25,5.75,0.0,0.0,127.16,1.0,4355.23,2026-07-20,On Time,SAP-Style Time
LAB-005839,20260713,108,283,40.0,40.0,32.75,7.25,0.0,0.0,104.5,1.5,3422.38,2026-07-19,On Time,SAP-Style Time
LAB-005840,20260713,109,72,40.0,40.0,33.5,6.5,0.0,0.0,122.66,1.0,4109.11,2026-07-25,Late,SAP-Style Time
LAB-005841,20260713,110,718,40.0,40.0,35.0,5.0,0.0,0.0,144.93,1.0,5072.55,2026-07-20,On Time,SAP-Style Time
LAB-005842,20260713,111,549,40.0,40.0,34.25,5.75,0.0,0.0,106.37,1.5,3643.17,2026-07-19,On Time,SAP-Style Time
LAB-005843,20260713,112,977,40.0,40.0,35.25,4.75,0.0,0.0,93.17,1.5,3284.24,2026-07-21,On Time,Mobile Time Entry
LAB-005844,20260713,113,665,40.0,40.0,34.0,6.0,0.0,0.0,97.98,1.5,3331.32,2026-07-19,On Time,SAP-Style Time
LAB-005845,20260713,114,440,40.0,40.0,28.0,12.0,0.0,0.0,97.72,1.5,2736.16,2026-07-20,On Time,SAP-Style Time
LAB-005846,20260713,115,960,40.0,28.0,19.75,8.25,0.0,12.0,89.67,1.5,1770.98,2026-07-19,On Time,SAP-Style Time
LAB-005847,20260713,116,18,40.0,40.0,29.0,11.0,0.0,0.0,131.09,1.0,3801.61,2026-07-22,On Time,SAP-Style Time
LAB-005848,20260713,118,112,40.0,40.0,29.5,10.5,0.0,0.0,123.33,1.0,3638.24,2026-07-20,On Time,SAP-Style Time
LAB-005849,20260713,119,566,40.0,40.0,29.25,10.75,0.0,0.0,98.99,1.5,2895.46,2026-07-20,On Time,Mobile Time Entry
LAB-005850,20260713,120,458,40.0,40.0,32.0,11.25,3.25,0.0,79.77,1.5,2682.27,2026-07-19,On Time,Mobile Time Entry
LAB-005851,20260720,1,349,40.0,40.0,33.5,6.5,0.0,0.0,100.39,1.5,3363.07,2026-07-27,On Time,SAP-Style Time
LAB-005852,20260720,2,9,40.0,40.0,41.0,3.0,4.0,0.0,150.62,1.0,6175.42,2026-07-27,On Time,SAP-Style Time
LAB-005853,20260720,3,444,40.0,40.0,34.5,5.5,0.0,0.0,83.78,1.5,2890.41,2026-07-27,On Time,SAP-Style Time
LAB-005854,20260720,4,512,40.0,40.0,34.0,6.0,0.0,0.0,78.56,1.5,2671.04,2026-07-27,On Time,SAP-Style Time
LAB-005855,20260720,5,9,40.0,40.0,42.75,2.5,5.25,0.0,120.4,1.0,5147.1,2026-07-28,On Time,SAP-Style Time
LAB-005856,20260720,6,896,40.0,40.0,35.75,4.25,0.0,0.0,89.06,1.5,3183.9,2026-07-27,On Time,SAP-Style Time
LAB-005857,20260720,7,9,40.0,40.0,43.25,3.25,6.5,0.0,76.98,1.5,3579.57,2026-07-27,On Time,SAP-Style Time
LAB-005858,20260720,8,124,40.0,40.0,34.75,5.25,0.0,0.0,101.38,1.5,3522.96,2026-07-26,On Time,Mobile Time Entry
LAB-005859,20260720,9,561,40.0,40.0,34.25,5.75,0.0,0.0,81.4,1.5,2787.95,2026-07-27,On Time,Mobile Time Entry
LAB-005860,20260720,10,846,40.0,40.0,34.5,5.5,0.0,0.0,76.52,1.5,2639.94,2026-07-28,On Time,SAP-Style Time
LAB-005861,20260720,11,9,40.0,40.0,45.75,2.25,8.0,0.0,128.94,1.0,5899.0,2026-07-28,On Time,SAP-Style Time
LAB-005862,20260720,12,110,40.0,40.0,33.0,7.0,0.0,0.0,93.13,1.5,3073.29,2026-08-02,Late,Mobile Time Entry
LAB-005863,20260720,13,945,40.0,40.0,33.5,6.5,0.0,0.0,82.59,1.5,2766.77,2026-07-27,On Time,SAP-Style Time
LAB-005864,20260720,14,9,40.0,36.0,42.0,1.5,7.5,4.0,100.38,1.5,4592.38,2026-07-28,On Time,SAP-Style Time
LAB-005865,20260720,15,256,40.0,32.0,27.75,4.25,0.0,8.0,98.87,1.5,2743.64,2026-07-28,On Time,SAP-Style Time
LAB-005866,20260720,16,818,40.0,28.0,24.0,4.0,0.0,12.0,100.34,1.5,2408.16,2026-07-27,On Time,SAP-Style Time
LAB-005867,20260720,17,846,40.0,40.0,35.25,4.75,0.0,0.0,88.53,1.5,3120.68,2026-07-27,On Time,SAP-Style Time
LAB-006417,20260720,18,171,10.0,9.0,7.75,1.25,0.0,1.0,89.32,1.5,692.23,2026-07-28,On Time,SAP-Style Time
LAB-005868,20260720,18,354,30.0,27.0,23.25,3.75,0.0,3.0,89.32,1.5,2076.69,2026-07-28,On Time,SAP-Style Time
LAB-005869,20260720,19,800,40.0,40.0,34.0,6.0,0.0,0.0,91.26,1.5,3102.84,2026-07-27,On Time,SAP-Style Time
LAB-005870,20260720,20,64,40.0,40.0,34.25,5.75,0.0,0.0,77.3,1.5,2647.53,2026-07-27,On Time,SAP-Style Time
LAB-005871,20260720,21,9,40.0,40.0,44.25,2.75,7.0,0.0,77.07,1.5,3680.09,2026-07-27,On Time,SAP-Style Time
LAB-005872,20260720,22,593,40.0,40.0,34.25,5.75,0.0,0.0,102.23,1.5,3501.38,2026-07-28,On Time,SAP-Style Time
LAB-005873,20260720,23,57,40.0,40.0,34.5,5.5,0.0,0.0,85.0,1.5,2932.5,2026-07-28,On Time,SAP-Style Time
LAB-005874,20260720,24,603,40.0,40.0,35.0,5.0,0.0,0.0,81.27,1.5,2844.45,2026-07-26,On Time,Mobile Time Entry
LAB-005875,20260720,25,9,40.0,36.0,38.25,1.5,3.75,4.0,102.16,1.0,3907.62,2026-07-27,On Time,SAP-Style Time
LAB-005876,20260720,26,83,40.0,40.0,33.75,6.25,0.0,0.0,85.79,1.5,2895.41,2026-07-29,On Time,SAP-Style Time
LAB-005877,20260720,27,520,40.0,40.0,32.75,7.25,0.0,0.0,104.52,1.5,3423.03,2026-07-27,On Time,SAP-Style Time
LAB-005878,20260720,28,9,40.0,40.0,43.25,2.25,5.5,0.0,82.53,1.5,3796.38,2026-07-26,On Time,SAP-Style Time
LAB-005879,20260720,29,828,40.0,40.0,34.75,5.25,0.0,0.0,79.3,1.5,2755.67,2026-07-29,On Time,Mobile Time Entry
LAB-005880,20260720,30,566,40.0,40.0,34.5,5.5,0.0,0.0,79.44,1.5,2740.68,2026-07-28,On Time,SAP-Style Time
LAB-005881,20260720,31,5,40.0,40.0,33.75,6.25,0.0,0.0,105.13,1.5,3548.14,2026-07-27,On Time,SAP-Style Time
LAB-006381,20260720,32,578,10.0,9.0,8.0,1.0,0.0,1.0,82.13,1.5,657.04,2026-07-28,On Time,Mobile Time Entry
LAB-005882,20260720,32,953,30.0,27.0,23.5,3.5,0.0,3.0,82.13,1.5,1930.05,2026-07-28,On Time,Mobile Time Entry
LAB-005883,20260720,33,666,40.0,36.0,31.5,4.5,0.0,4.0,89.89,1.5,2831.54,2026-07-27,On Time,SAP-Style Time
LAB-005884,20260720,34,472,40.0,40.0,33.0,7.0,0.0,0.0,98.09,1.5,3236.97,2026-07-28,On Time,SAP-Style Time
LAB-005885,20260720,35,9,40.0,40.0,45.25,2.0,7.25,0.0,91.52,1.5,4473.04,2026-07-26,On Time,SAP-Style Time
LAB-005886,20260720,36,722,40.0,40.0,35.25,4.75,0.0,0.0,82.83,1.5,2919.76,2026-07-26,On Time,SAP-Style Time
LAB-005887,20260720,37,311,40.0,40.0,32.75,7.25,0.0,0.0,92.08,1.5,3015.62,2026-07-27,On Time,SAP-Style Time
LAB-005888,20260720,38,159,40.0,40.0,32.25,7.75,0.0,0.0,105.74,1.5,3410.12,2026-08-03,Late,Mobile Time Entry
LAB-005889,20260720,39,401,40.0,40.0,33.0,7.0,0.0,0.0,107.79,1.5,3557.07,2026-07-27,On Time,SAP-Style Time
LAB-005890,20260720,40,484,40.0,40.0,34.5,7.0,1.5,0.0,103.71,1.5,3655.78,2026-07-26,On Time,SAP-Style Time
LAB-005891,20260720,41,788,40.0,40.0,32.25,7.75,0.0,0.0,108.71,1.5,3505.9,2026-07-27,On Time,SAP-Style Time
LAB-005892,20260720,42,1,40.0,40.0,46.75,2.75,9.5,0.0,149.01,1.0,6966.22,2026-07-27,On Time,SAP-Style Time
LAB-005893,20260720,43,212,40.0,28.0,22.25,5.75,0.0,12.0,106.75,1.5,2375.19,2026-07-27,On Time,Mobile Time Entry
LAB-005894,20260720,44,1,40.0,40.0,43.25,3.0,6.25,0.0,144.49,1.0,6249.19,2026-07-26,On Time,SAP-Style Time
LAB-005895,20260720,45,1,40.0,40.0,41.75,2.75,4.5,0.0,86.24,1.5,3794.56,2026-07-27,On Time,SAP-Style Time
LAB-005896,20260720,46,1,40.0,40.0,40.5,4.25,4.75,0.0,143.94,1.0,5829.57,2026-07-27,On Time,SAP-Style Time
LAB-005897,20260720,47,351,40.0,40.0,32.75,7.25,0.0,0.0,106.76,1.5,3496.39,2026-07-28,On Time,Mobile Time Entry
LAB-005898,20260720,48,585,40.0,40.0,31.5,8.5,0.0,0.0,87.87,1.5,2767.91,2026-07-27,On Time,SAP-Style Time
LAB-005899,20260720,49,212,40.0,24.0,19.5,4.5,0.0,16.0,83.27,1.5,1623.76,2026-07-26,On Time,SAP-Style Time
LAB-005900,20260720,50,557,40.0,40.0,33.25,6.75,0.0,0.0,101.97,1.5,3390.5,2026-07-27,On Time,SAP-Style Time
LAB-005901,20260720,51,727,40.0,40.0,32.5,7.5,0.0,0.0,86.2,1.5,2801.5,2026-07-27,On Time,SAP-Style Time
LAB-005902,20260720,52,753,40.0,40.0,33.25,6.75,0.0,0.0,97.32,1.5,3235.89,2026-07-27,On Time,SAP-Style Time
LAB-005903,20260720,53,210,40.0,40.0,33.5,6.5,0.0,0.0,94.11,1.5,3152.69,2026-07-28,On Time,SAP-Style Time
LAB-005904,20260720,54,1,40.0,40.0,41.75,4.25,6.0,0.0,107.2,1.5,4797.2,2026-07-27,On Time,SAP-Style Time
LAB-005905,20260720,55,241,40.0,40.0,31.25,8.75,0.0,0.0,95.59,1.5,2987.19,2026-07-28,On Time,SAP-Style Time
LAB-005906,20260720,56,815,40.0,40.0,31.25,8.75,0.0,0.0,73.51,1.5,2297.19,2026-07-27,On Time,SAP-Style Time
LAB-005907,20260720,57,72,40.0,40.0,31.0,9.0,0.0,0.0,87.06,1.5,2698.86,2026-07-26,On Time,SAP-Style Time
LAB-005908,20260720,58,1,40.0,32.0,35.75,3.5,7.25,8.0,119.87,1.0,4285.35,2026-07-28,On Time,SAP-Style Time
LAB-005909,20260720,59,349,40.0,40.0,31.5,8.5,0.0,0.0,83.18,1.5,2620.17,2026-07-28,On Time,SAP-Style Time
LAB-005910,20260720,60,150,40.0,40.0,31.0,9.0,0.0,0.0,86.44,1.5,2679.64,2026-07-27,On Time,SAP-Style Time
LAB-005911,20260720,61,356,40.0,40.0,30.0,10.0,0.0,0.0,83.96,1.5,2518.8,2026-07-27,On Time,SAP-Style Time
LAB-005912,20260720,62,411,40.0,40.0,31.5,8.5,0.0,0.0,73.28,1.5,2308.32,2026-07-28,On Time,SAP-Style Time
LAB-005913,20260720,63,1,40.0,40.0,43.75,3.75,7.5,0.0,122.98,1.0,5380.38,2026-07-26,On Time,SAP-Style Time
LAB-005914,20260720,64,229,40.0,40.0,32.25,7.75,0.0,0.0,84.9,1.5,2738.03,2026-07-27,On Time,SAP-Style Time
LAB-005915,20260720,65,549,40.0,40.0,32.25,7.75,0.0,0.0,72.42,1.5,2335.55,2026-07-27,On Time,SAP-Style Time
LAB-005916,20260720,66,887,40.0,40.0,32.25,7.75,0.0,0.0,94.95,1.5,3062.14,2026-07-28,On Time,SAP-Style Time
LAB-005917,20260720,67,481,40.0,40.0,30.5,9.5,0.0,0.0,79.97,1.5,2439.09,2026-07-27,On Time,SAP-Style Time
LAB-005918,20260720,68,985,40.0,40.0,33.25,6.75,0.0,0.0,79.96,1.5,2658.67,2026-07-28,On Time,SAP-Style Time
LAB-005919,20260720,69,55,40.0,40.0,31.0,9.0,0.0,0.0,92.5,1.5,2867.5,2026-07-29,On Time,SAP-Style Time
LAB-005920,20260720,70,52,40.0,40.0,31.5,8.5,0.0,0.0,79.17,1.5,2493.86,2026-07-27,On Time,Mobile Time Entry
LAB-006462,20260720,71,405,10.0,10.0,7.75,2.25,0.0,0.0,84.44,1.5,654.41,2026-07-28,On Time,Manager Adjustment
LAB-005921,20260720,71,942,30.0,30.0,23.5,6.5,0.0,0.0,84.44,1.5,1984.34,2026-07-28,On Time,Manager Adjustment
LAB-005922,20260720,72,1,40.0,40.0,43.5,4.25,7.75,0.0,107.82,1.0,4690.17,2026-08-01,Late,SAP-Style Time
LAB-005923,20260720,73,795,40.0,40.0,31.25,8.75,0.0,0.0,85.94,1.5,2685.63,2026-07-28,On Time,SAP-Style Time
LAB-005924,20260720,74,881,40.0,40.0,30.5,9.5,0.0,0.0,74.38,1.5,2268.59,2026-07-28,On Time,Mobile Time Entry
LAB-005925,20260720,75,350,40.0,40.0,31.0,9.0,0.0,0.0,89.39,1.5,2771.09,2026-07-27,On Time,SAP-Style Time
LAB-005926,20260720,76,774,40.0,40.0,32.5,7.5,0.0,0.0,90.27,1.5,2933.78,2026-07-27,On Time,Mobile Time Entry
LAB-005927,20260720,77,777,40.0,40.0,30.5,9.5,0.0,0.0,89.33,1.5,2724.57,2026-07-27,On Time,SAP-Style Time
LAB-005928,20260720,78,629,40.0,40.0,27.0,13.0,0.0,0.0,83.91,1.5,2265.57,2026-07-28,On Time,SAP-Style Time
LAB-005929,20260720,79,571,40.0,40.0,27.25,12.75,0.0,0.0,70.65,1.5,1925.21,2026-07-26,On Time,SAP-Style Time
LAB-005930,20260720,81,653,40.0,40.0,26.75,13.25,0.0,0.0,87.64,1.5,2344.37,2026-07-26,On Time,SAP-Style Time
LAB-005931,20260720,82,931,40.0,40.0,27.25,12.75,0.0,0.0,68.13,1.5,1856.54,2026-07-27,On Time,SAP-Style Time
LAB-005932,20260720,83,815,40.0,32.0,21.75,10.25,0.0,8.0,73.3,1.5,1594.27,2026-07-28,On Time,SAP-Style Time
LAB-005933,20260720,84,507,40.0,40.0,27.0,13.0,0.0,0.0,71.25,1.5,1923.75,2026-07-26,On Time,SAP-Style Time
LAB-005934,20260720,85,141,40.0,40.0,27.25,12.75,0.0,0.0,65.88,1.5,1795.23,2026-07-28,On Time,SAP-Style Time
LAB-005935,20260720,86,764,40.0,40.0,27.25,12.75,0.0,0.0,82.25,1.5,2241.31,2026-07-27,On Time,Mobile Time Entry
LAB-005936,20260720,87,27,40.0,36.0,24.25,11.75,0.0,4.0,78.64,1.5,1907.02,2026-07-26,On Time,SAP-Style Time
LAB-005937,20260720,88,689,40.0,40.0,27.0,13.0,0.0,0.0,71.87,1.5,1940.49,2026-07-27,On Time,SAP-Style Time
LAB-005938,20260720,89,779,40.0,28.0,19.0,9.0,0.0,12.0,77.91,1.5,1480.29,2026-07-27,On Time,SAP-Style Time
LAB-005939,20260720,90,985,40.0,40.0,27.0,13.0,0.0,0.0,74.99,1.5,2024.73,2026-07-27,On Time,SAP-Style Time
LAB-005940,20260720,91,658,40.0,40.0,26.75,13.25,0.0,0.0,68.92,1.5,1843.61,2026-07-27,On Time,SAP-Style Time
LAB-005941,20260720,92,450,40.0,40.0,27.0,13.0,0.0,0.0,86.57,1.5,2337.39,2026-08-01,Late,Mobile Time Entry
LAB-005942,20260720,93,110,40.0,40.0,27.25,12.75,0.0,0.0,107.35,1.0,2925.29,2026-07-27,On Time,SAP-Style Time
LAB-005943,20260720,94,102,40.0,40.0,34.25,5.75,0.0,0.0,114.66,1.5,3927.11,2026-07-27,On Time,SAP-Style Time
LAB-005944,20260720,96,9,40.0,40.0,44.5,1.5,6.0,0.0,158.23,1.0,7041.24,2026-07-26,On Time,SAP-Style Time
LAB-005945,20260720,97,7,40.0,40.0,35.0,5.0,0.0,0.0,96.85,1.5,3389.75,2026-07-26,On Time,SAP-Style Time
LAB-005946,20260720,98,9,40.0,40.0,42.5,2.0,4.5,0.0,98.56,1.5,4410.56,2026-07-27,On Time,SAP-Style Time
LAB-005947,20260720,99,132,40.0,40.0,35.0,5.0,0.0,0.0,101.82,1.5,3563.7,2026-07-28,On Time,SAP-Style Time
LAB-005948,20260720,100,141,40.0,36.0,30.75,5.25,0.0,4.0,92.09,1.5,2831.77,2026-07-27,On Time,Mobile Time Entry
LAB-005949,20260720,101,547,40.0,40.0,34.0,6.0,0.0,0.0,114.75,1.5,3901.5,2026-07-27,On Time,SAP-Style Time
LAB-005950,20260720,102,67,40.0,40.0,34.5,5.5,0.0,0.0,91.58,1.5,3159.51,2026-07-27,On Time,Mobile Time Entry
LAB-005951,20260720,103,191,40.0,40.0,35.75,4.25,0.0,0.0,109.51,1.5,3914.98,2026-07-27,On Time,SAP-Style Time
LAB-005952,20260720,104,9,40.0,36.0,40.25,3.0,7.25,4.0,116.26,1.0,4679.47,2026-07-26,On Time,Mobile Time Entry
LAB-005953,20260720,105,9,40.0,40.0,44.75,2.75,7.5,0.0,104.84,1.5,5084.74,2026-07-27,On Time,Mobile Time Entry
LAB-005954,20260720,106,196,40.0,40.0,31.75,8.25,0.0,0.0,100.92,1.5,3204.21,2026-07-28,On Time,SAP-Style Time
LAB-005955,20260720,107,766,40.0,40.0,34.5,5.5,0.0,0.0,127.16,1.0,4387.02,2026-07-27,On Time,SAP-Style Time
LAB-005956,20260720,108,91,40.0,28.0,22.75,5.25,0.0,12.0,104.5,1.5,2377.38,2026-07-28,On Time,SAP-Style Time
LAB-005957,20260720,109,530,40.0,32.0,27.0,5.0,0.0,8.0,122.66,1.0,3311.82,2026-07-27,On Time,SAP-Style Time
LAB-005958,20260720,110,259,40.0,40.0,34.0,6.0,0.0,0.0,144.93,1.0,4927.62,2026-07-27,On Time,SAP-Style Time
LAB-005959,20260720,111,241,40.0,40.0,33.25,6.75,0.0,0.0,106.37,1.5,3536.8,2026-07-27,On Time,SAP-Style Time
LAB-005960,20260720,112,834,40.0,40.0,35.0,5.0,0.0,0.0,93.17,1.5,3260.95,2026-07-27,On Time,Mobile Time Entry
LAB-005961,20260720,113,402,40.0,40.0,34.25,5.75,0.0,0.0,97.98,1.5,3355.82,2026-07-28,On Time,Mobile Time Entry
LAB-005962,20260720,114,356,40.0,40.0,27.25,12.75,0.0,0.0,97.72,1.5,2662.87,2026-07-29,On Time,SAP-Style Time
LAB-005963,20260720,115,791,40.0,40.0,27.75,12.25,0.0,0.0,89.67,1.5,2488.34,2026-07-26,On Time,SAP-Style Time
LAB-005964,20260720,116,18,30.0,30.0,22.0,8.0,0.0,0.0,131.09,1.0,2883.98,2026-07-29,On Time,SAP-Style Time
LAB-006477,20260720,116,64,10.0,10.0,7.25,2.75,0.0,0.0,131.09,1.0,950.4,2026-07-29,On Time,SAP-Style Time
LAB-005965,20260720,118,550,40.0,40.0,29.5,10.5,0.0,0.0,123.33,1.0,3638.24,2026-07-27,On Time,SAP-Style Time
LAB-005966,20260720,119,957,40.0,40.0,29.25,10.75,0.0,0.0,98.99,1.5,2895.46,2026-08-01,Late,SAP-Style Time
LAB-005967,20260720,120,45,40.0,40.0,28.75,11.25,0.0,0.0,79.77,1.5,2293.39,2026-07-27,On Time,SAP-Style Time
LAB-005968,20260727,1,126,40.0,40.0,33.75,6.25,0.0,0.0,100.39,1.5,3388.16,2026-08-03,On Time,SAP-Style Time
LAB-005969,20260727,2,9,40.0,40.0,44.5,2.0,6.5,0.0,150.62,1.0,6702.59,2026-08-03,On Time,Mobile Time Entry
LAB-005970,20260727,3,494,40.0,40.0,33.75,6.25,0.0,0.0,83.78,1.5,2827.58,2026-08-04,On Time,Mobile Time Entry
LAB-005971,20260727,4,150,40.0,40.0,34.25,5.75,0.0,0.0,78.56,1.5,2690.68,2026-08-03,On Time,SAP-Style Time
LAB-005972,20260727,5,9,40.0,24.0,28.75,1.25,6.0,16.0,120.4,1.0,3461.5,2026-08-03,On Time,Mobile Time Entry
LAB-005973,20260727,6,165,40.0,32.0,28.5,3.5,0.0,8.0,89.06,1.5,2538.21,2026-08-04,On Time,SAP-Style Time
LAB-005974,20260727,7,9,40.0,36.0,41.0,2.0,7.0,4.0,76.98,1.5,3425.61,2026-08-03,On Time,SAP-Style Time
LAB-005975,20260727,8,123,40.0,40.0,34.75,5.25,0.0,0.0,101.38,1.5,3522.96,2026-08-05,On Time,Mobile Time Entry
LAB-005976,20260727,9,10,40.0,40.0,34.0,6.0,0.0,0.0,81.4,1.5,2767.6,2026-08-04,On Time,SAP-Style Time
LAB-005977,20260727,10,987,40.0,40.0,34.5,5.5,0.0,0.0,76.52,1.5,2639.94,2026-08-03,On Time,SAP-Style Time
LAB-005978,20260727,11,9,40.0,40.0,44.25,1.75,6.0,0.0,128.94,1.0,5705.6,2026-08-04,On Time,SAP-Style Time
LAB-005979,20260727,12,288,40.0,40.0,34.25,5.75,0.0,0.0,93.13,1.5,3189.7,2026-08-03,On Time,SAP-Style Time
LAB-005980,20260727,13,750,40.0,40.0,33.5,6.5,0.0,0.0,82.59,1.5,2766.77,2026-08-02,On Time,Mobile Time Entry
LAB-005981,20260727,14,9,40.0,36.0,38.25,1.5,3.75,4.0,100.38,1.5,4027.75,2026-08-03,On Time,SAP-Style Time
LAB-005982,20260727,15,835,40.0,32.0,27.75,4.25,0.0,8.0,98.87,1.5,2743.64,2026-08-03,On Time,SAP-Style Time
LAB-005983,20260727,16,167,40.0,40.0,34.0,6.0,0.0,0.0,100.34,1.5,3411.56,2026-08-03,On Time,SAP-Style Time
LAB-005984,20260727,17,115,40.0,32.0,28.5,3.5,0.0,8.0,88.53,1.5,2523.11,2026-08-02,On Time,SAP-Style Time
LAB-005985,20260727,18,964,40.0,40.0,34.0,6.0,0.0,0.0,89.32,1.5,3036.88,2026-08-03,On Time,SAP-Style Time
LAB-005986,20260727,19,31,40.0,40.0,39.75,5.5,5.25,0.0,91.26,1.5,3867.14,2026-08-04,On Time,SAP-Style Time
LAB-005987,20260727,20,450,40.0,40.0,34.25,5.75,0.0,0.0,77.3,1.5,2647.53,2026-08-04,On Time,SAP-Style Time
LAB-005988,20260727,21,9,40.0,40.0,42.0,2.0,4.0,0.0,77.07,1.5,3391.08,2026-08-02,On Time,SAP-Style Time
LAB-005989,20260727,22,801,40.0,40.0,35.0,5.0,0.0,0.0,102.23,1.5,3578.05,2026-08-02,On Time,SAP-Style Time
LAB-005990,20260727,23,760,40.0,40.0,34.5,5.5,0.0,0.0,85.0,1.5,2932.5,2026-08-03,On Time,SAP-Style Time
LAB-005991,20260727,24,507,40.0,40.0,,5.25,0.0,0.0,81.27,1.5,,2026-08-03,On Time,SAP-Style Time
LAB-005992,20260727,25,9,40.0,40.0,45.0,1.75,6.75,0.0,102.16,1.0,4597.2,2026-08-03,On Time,SAP-Style Time
LAB-005993,20260727,26,99,40.0,40.0,33.5,6.5,0.0,0.0,85.79,1.5,2873.97,2026-08-03,On Time,SAP-Style Time
LAB-005994,20260727,27,760,40.0,40.0,33.0,7.0,0.0,0.0,104.52,1.5,3449.16,2026-08-05,On Time,Mobile Time Entry
LAB-005995,20260727,28,9,40.0,40.0,44.75,1.75,6.5,0.0,82.53,1.5,3961.44,2026-08-03,On Time,SAP-Style Time
LAB-005996,20260727,29,413,40.0,40.0,34.75,5.25,0.0,0.0,79.3,1.5,2755.67,2026-08-02,On Time,SAP-Style Time
LAB-005997,20260727,30,126,40.0,40.0,36.5,5.25,1.75,0.0,79.44,1.5,2969.07,2026-08-13,Late,SAP-Style Time
LAB-005998,20260727,31,475,40.0,40.0,33.75,6.25,0.0,0.0,105.13,1.5,3548.14,2026-08-04,On Time,SAP-Style Time
LAB-005999,20260727,32,574,40.0,28.0,24.75,3.25,0.0,12.0,82.13,1.5,2032.72,2026-08-04,On Time,SAP-Style Time
LAB-006000,20260727,33,288,40.0,40.0,34.5,5.5,0.0,0.0,89.89,1.5,3101.21,2026-08-03,On Time,Mobile Time Entry
LAB-006001,20260727,34,408,40.0,40.0,33.5,6.5,0.0,0.0,98.09,1.5,3286.02,2026-08-08,Late,SAP-Style Time
LAB-006002,20260727,35,9,40.0,40.0,42.0,3.25,5.25,0.0,91.52,1.5,4084.08,2026-08-03,On Time,SAP-Style Time
LAB-006003,20260727,36,950,40.0,40.0,34.75,5.25,0.0,0.0,82.83,1.5,2878.34,2026-08-03,On Time,SAP-Style Time
LAB-006004,20260727,37,239,40.0,40.0,31.75,8.25,0.0,0.0,92.08,1.5,2923.54,2026-08-03,On Time,SAP-Style Time
LAB-006005,20260727,38,115,40.0,40.0,33.0,7.0,0.0,0.0,105.74,1.5,3489.42,2026-08-04,On Time,SAP-Style Time
LAB-006006,20260727,39,697,28.0,28.0,23.5,4.5,0.0,0.0,107.79,1.5,2533.07,2026-08-03,On Time,SAP-Style Time
LAB-006433,20260727,39,971,12.0,12.0,10.0,2.0,0.0,0.0,107.79,1.5,1077.9,2026-08-03,On Time,SAP-Style Time
LAB-006007,20260727,40,593,40.0,40.0,32.75,7.25,0.0,0.0,103.71,1.5,3396.5,2026-08-02,On Time,SAP-Style Time
LAB-006008,20260727,41,655,40.0,36.0,29.0,7.0,0.0,4.0,108.71,1.5,3152.59,2026-08-03,On Time,SAP-Style Time
LAB-006009,20260727,42,1,40.0,40.0,44.25,4.0,8.25,0.0,149.01,1.0,6593.69,2026-08-03,On Time,Mobile Time Entry
LAB-006010,20260727,43,87,40.0,40.0,32.0,8.0,0.0,0.0,106.75,1.5,3416.0,2026-08-03,On Time,SAP-Style Time
LAB-006011,20260727,44,1,40.0,40.0,46.75,2.75,9.5,0.0,144.49,1.0,6754.91,2026-08-03,On Time,Mobile Time Entry
LAB-006012,20260727,45,1,40.0,40.0,45.75,2.25,8.0,0.0,86.24,1.5,4290.44,2026-08-03,On Time,SAP-Style Time
LAB-006013,20260727,46,1,40.0,40.0,41.5,4.0,5.5,0.0,143.94,1.0,5973.51,2026-08-05,On Time,SAP-Style Time
LAB-006014,20260727,47,515,40.0,40.0,33.75,6.25,0.0,0.0,106.76,1.5,3603.15,2026-08-03,On Time,SAP-Style Time
LAB-006015,20260727,48,617,40.0,40.0,31.5,8.5,0.0,0.0,87.87,1.5,2767.91,2026-08-03,On Time,SAP-Style Time
LAB-006016,20260727,49,578,40.0,40.0,31.75,8.25,0.0,0.0,83.27,1.5,2643.82,2026-08-03,On Time,SAP-Style Time
LAB-006017,20260727,50,11,40.0,40.0,33.75,6.25,0.0,0.0,101.97,1.5,3441.49,2026-08-03,On Time,SAP-Style Time
LAB-006504,20260727,50,11,40.0,40.0,33.75,6.25,0.0,0.0,101.97,1.5,3441.49,2026-08-03,On Time,SAP-Style Time
LAB-006018,20260727,51,454,40.0,40.0,32.5,7.5,0.0,0.0,86.2,1.5,2801.5,2026-08-04,On Time,Mobile Time Entry
LAB-006019,20260727,52,267,40.0,32.0,26.25,5.75,0.0,8.0,97.32,1.5,2554.65,2026-08-03,On Time,Mobile Time Entry
LAB-006020,20260727,53,115,40.0,40.0,33.75,6.25,0.0,0.0,94.11,1.5,3176.21,2026-08-02,On Time,SAP-Style Time
LAB-006021,20260727,54,1,40.0,40.0,46.0,2.75,8.75,0.0,107.2,1.5,5400.2,2026-08-02,On Time,SAP-Style Time
LAB-006022,20260727,55,6,40.0,36.0,28.5,7.5,0.0,4.0,95.59,1.5,2724.32,2026-08-04,On Time,SAP-Style Time
LAB-006023,20260727,56,129,40.0,40.0,30.75,9.25,0.0,0.0,73.51,1.5,2260.43,2026-08-03,On Time,SAP-Style Time
LAB-006024,20260727,57,618,40.0,40.0,31.25,8.75,0.0,0.0,87.06,1.5,2720.63,2026-08-02,On Time,Mobile Time Entry
LAB-006025,20260727,58,1,40.0,40.0,41.5,4.0,5.5,0.0,119.87,1.0,4974.61,2026-08-03,On Time,SAP-Style Time
LAB-006026,20260727,59,736,40.0,40.0,31.5,8.5,0.0,0.0,83.18,1.5,2620.17,2026-08-03,On Time,SAP-Style Time
LAB-006027,20260727,60,353,40.0,40.0,31.5,8.5,0.0,0.0,86.44,1.5,2722.86,2026-08-04,On Time,SAP-Style Time
LAB-006028,20260727,61,409,40.0,40.0,30.0,10.0,0.0,0.0,83.96,1.5,2518.8,2026-08-04,On Time,SAP-Style Time
LAB-006029,20260727,62,114,40.0,40.0,31.0,9.0,0.0,0.0,73.28,1.5,2271.68,2026-08-03,On Time,SAP-Style Time
LAB-006030,20260727,63,1,40.0,40.0,41.0,3.5,4.5,0.0,122.98,1.0,5042.18,2026-08-04,On Time,SAP-Style Time
LAB-006031,20260727,64,801,40.0,32.0,25.5,6.5,0.0,8.0,84.9,1.5,2164.95,2026-08-03,On Time,SAP-Style Time
LAB-006032,20260727,65,98,40.0,40.0,31.25,8.75,0.0,0.0,72.42,1.5,2263.13,2026-08-04,On Time,SAP-Style Time
LAB-006033,20260727,66,379,40.0,40.0,32.25,7.75,0.0,0.0,94.95,1.5,3062.14,2026-08-03,On Time,SAP-Style Time
LAB-006034,20260727,67,226,40.0,40.0,30.5,9.5,0.0,0.0,79.97,1.5,2439.09,2026-08-11,Late,SAP-Style Time
LAB-006035,20260727,68,723,40.0,40.0,32.75,7.25,0.0,0.0,79.96,1.5,2618.69,2026-08-03,On Time,SAP-Style Time
LAB-006036,20260727,69,215,40.0,40.0,30.5,9.5,0.0,0.0,92.5,1.5,2821.25,2026-08-04,On Time,SAP-Style Time
LAB-006037,20260727,70,590,40.0,40.0,31.25,8.75,0.0,0.0,79.17,1.5,2474.06,2026-08-02,On Time,SAP-Style Time
LAB-006038,20260727,71,190,40.0,36.0,27.25,8.75,0.0,4.0,84.44,1.5,2300.99,2026-08-03,On Time,SAP-Style Time
LAB-006039,20260727,72,1,40.0,40.0,46.75,2.25,9.0,0.0,107.82,1.0,5040.59,2026-08-04,On Time,SAP-Style Time
LAB-006040,20260727,73,967,40.0,40.0,31.0,9.0,0.0,0.0,85.94,1.5,2664.14,2026-08-04,On Time,SAP-Style Time
LAB-006041,20260727,74,81,40.0,40.0,31.0,9.0,0.0,0.0,74.38,1.5,2305.78,2026-08-03,On Time,Mobile Time Entry
LAB-006042,20260727,75,630,40.0,40.0,31.25,8.75,0.0,0.0,89.39,1.5,2793.44,2026-08-04,On Time,SAP-Style Time
LAB-006043,20260727,76,959,40.0,40.0,32.0,8.0,0.0,0.0,90.27,1.5,2888.64,2026-08-04,On Time,SAP-Style Time
LAB-006044,20260727,77,461,40.0,40.0,30.75,9.25,0.0,0.0,89.33,1.5,2746.9,2026-08-13,Late,SAP-Style Time
LAB-006045,20260727,78,190,40.0,40.0,27.25,12.75,0.0,0.0,83.91,1.5,2286.55,2026-08-03,On Time,SAP-Style Time
LAB-006046,20260727,79,423,40.0,40.0,27.0,13.0,0.0,0.0,70.65,1.5,1907.55,2026-08-03,On Time,SAP-Style Time
LAB-006047,20260727,81,744,40.0,40.0,27.0,13.0,0.0,0.0,87.64,1.5,2366.28,2026-08-02,On Time,SAP-Style Time
LAB-006048,20260727,82,799,40.0,40.0,27.0,13.0,0.0,0.0,68.13,1.5,1839.51,2026-08-05,On Time,SAP-Style Time
LAB-006049,20260727,83,685,40.0,40.0,27.25,12.75,0.0,0.0,73.3,1.5,1997.43,2026-08-03,On Time,SAP-Style Time
LAB-006050,20260727,84,2,40.0,40.0,27.25,12.75,0.0,0.0,71.25,1.5,1941.56,2026-08-05,On Time,Manager Adjustment
LAB-006051,20260727,85,778,40.0,40.0,27.25,12.75,0.0,0.0,65.88,1.5,1795.23,2026-08-03,On Time,SAP-Style Time
LAB-006052,20260727,86,170,40.0,40.0,27.25,12.75,0.0,0.0,82.25,1.5,2241.31,2026-08-03,On Time,SAP-Style Time
LAB-006053,20260727,87,283,40.0,40.0,27.0,13.0,0.0,0.0,78.64,1.5,2123.28,2026-08-03,On Time,SAP-Style Time
LAB-006054,20260727,88,158,40.0,40.0,27.25,12.75,0.0,0.0,71.87,1.5,1958.46,2026-08-03,On Time,SAP-Style Time
LAB-006055,20260727,89,428,40.0,40.0,27.25,12.75,0.0,0.0,77.91,1.5,2123.05,2026-08-03,On Time,SAP-Style Time
LAB-006056,20260727,90,735,40.0,40.0,27.25,12.75,0.0,0.0,74.99,1.5,2043.48,2026-08-02,On Time,Mobile Time Entry
LAB-006057,20260727,91,349,40.0,40.0,27.25,12.75,0.0,0.0,68.92,1.5,1878.07,2026-08-03,On Time,SAP-Style Time
LAB-006058,20260727,92,794,40.0,40.0,27.25,12.75,0.0,0.0,86.57,1.5,2359.03,2026-08-04,On Time,SAP-Style Time
LAB-006059,20260727,93,722,40.0,40.0,27.0,13.0,0.0,0.0,107.35,1.0,2898.45,2026-08-02,On Time,SAP-Style Time
LAB-006060,20260727,94,669,40.0,28.0,24.0,4.0,0.0,12.0,114.66,1.5,2751.84,2026-08-04,On Time,SAP-Style Time
LAB-006061,20260727,96,9,40.0,40.0,44.0,1.5,5.5,0.0,158.23,1.0,6962.12,2026-08-03,On Time,SAP-Style Time
LAB-006062,20260727,97,530,40.0,40.0,34.25,5.75,0.0,0.0,96.85,1.5,3317.11,2026-08-03,On Time,Mobile Time Entry
LAB-006063,20260727,98,9,40.0,24.0,30.25,1.75,8.0,16.0,98.56,1.5,3375.68,2026-08-02,On Time,SAP-Style Time
LAB-006064,20260727,99,826,40.0,40.0,34.5,5.5,0.0,0.0,101.82,1.5,3512.79,2026-08-04,On Time,SAP-Style Time
LAB-006065,20260727,100,595,40.0,40.0,34.75,5.25,0.0,0.0,92.09,1.5,3200.13,2026-08-03,On Time,Mobile Time Entry
LAB-006066,20260727,101,25,40.0,32.0,27.25,4.75,0.0,8.0,114.75,1.5,3126.94,2026-08-03,On Time,Mobile Time Entry
LAB-006067,20260727,102,807,40.0,40.0,33.75,6.25,0.0,0.0,91.58,1.5,3090.83,2026-08-04,On Time,SAP-Style Time
LAB-006068,20260727,103,906,40.0,40.0,35.25,4.75,0.0,0.0,109.51,1.5,3860.23,2026-08-08,Late,SAP-Style Time
LAB-006069,20260727,104,9,40.0,40.0,45.0,2.0,7.0,0.0,116.26,1.0,5231.7,2026-08-04,On Time,SAP-Style Time
LAB-006070,20260727,105,9,40.0,40.0,44.5,2.25,6.75,0.0,104.84,1.5,5019.22,2026-08-04,On Time,SAP-Style Time
LAB-006071,20260727,106,817,40.0,40.0,32.25,7.75,0.0,0.0,100.92,1.5,3254.67,2026-08-08,Late,Manager Adjustment
LAB-006072,20260727,107,815,40.0,40.0,34.5,5.5,0.0,0.0,127.16,1.0,4387.02,2026-08-14,Late,SAP-Style Time
LAB-006073,20260727,108,216,40.0,40.0,33.5,6.5,0.0,0.0,104.5,1.5,3500.75,2026-08-07,Late,SAP-Style Time
LAB-006074,20260727,109,63,40.0,40.0,33.75,6.25,0.0,0.0,122.66,1.0,4139.78,2026-08-04,On Time,SAP-Style Time
LAB-006075,20260727,110,708,40.0,40.0,34.0,6.0,0.0,0.0,144.93,1.0,4927.62,2026-08-04,On Time,SAP-Style Time
LAB-006076,20260727,111,88,40.0,36.0,30.75,5.25,0.0,4.0,106.37,1.5,3270.88,2026-08-03,On Time,SAP-Style Time
LAB-006077,20260727,112,502,40.0,40.0,34.5,5.5,0.0,0.0,93.17,1.5,3214.37,2026-08-04,On Time,SAP-Style Time
LAB-006078,20260727,113,778,40.0,40.0,34.25,5.75,0.0,0.0,97.98,1.5,3355.82,2026-08-02,On Time,SAP-Style Time
LAB-006079,20260727,114,451,40.0,40.0,27.0,13.0,0.0,0.0,97.72,1.5,2638.44,2026-08-04,On Time,SAP-Style Time
LAB-006080,20260727,115,791,40.0,40.0,27.75,12.25,0.0,0.0,89.67,1.5,2488.34,2026-08-03,On Time,SAP-Style Time
LAB-006081,20260727,116,202,26.0,26.0,18.75,7.25,0.0,0.0,131.09,1.0,2457.94,2026-08-02,On Time,SAP-Style Time
LAB-006380,20260727,116,765,14.0,14.0,10.0,4.0,0.0,0.0,131.09,1.0,1310.9,2026-08-02,On Time,SAP-Style Time
LAB-006082,20260727,118,608,40.0,40.0,29.25,10.75,0.0,0.0,123.33,1.0,3607.4,2026-08-04,On Time,SAP-Style Time
LAB-006083,20260727,119,456,40.0,40.0,29.25,10.75,0.0,0.0,98.99,1.5,2895.46,2026-08-02,On Time,SAP-Style Time
LAB-006084,20260727,120,360,40.0,40.0,28.75,11.25,0.0,0.0,79.77,1.5,2293.39,2026-08-04,On Time,SAP-Style Time
LAB-006085,20260803,1,996,40.0,40.0,33.5,6.5,0.0,0.0,100.39,1.5,3363.07,2026-08-11,On Time,SAP-Style Time
LAB-006086,20260803,2,9,40.0,40.0,46.25,1.75,8.0,0.0,150.62,1.0,6966.18,2026-08-10,On Time,Mobile Time Entry
LAB-006087,20260803,3,951,40.0,40.0,33.75,6.25,0.0,0.0,83.78,1.5,2827.58,2026-08-10,On Time,SAP-Style Time
LAB-006088,20260803,4,99,40.0,40.0,34.25,5.75,0.0,0.0,78.56,1.5,2690.68,2026-08-11,On Time,SAP-Style Time
LAB-006089,20260803,5,9,40.0,40.0,43.75,1.5,5.25,0.0,120.4,1.0,5267.5,2026-08-11,On Time,SAP-Style Time
LAB-006090,20260803,6,326,40.0,40.0,35.75,4.25,0.0,0.0,89.06,1.5,3183.9,2026-08-11,On Time,SAP-Style Time
LAB-006091,20260803,7,9,40.0,40.0,45.0,1.75,6.75,0.0,76.98,1.5,3723.91,2026-08-09,On Time,SAP-Style Time
LAB-006092,20260803,8,703,40.0,32.0,27.75,4.25,0.0,8.0,101.38,1.5,2813.3,2026-08-17,Late,SAP-Style Time
LAB-006093,20260803,9,959,40.0,40.0,38.0,5.5,3.5,0.0,81.4,1.5,3235.65,2026-08-09,On Time,SAP-Style Time
LAB-006094,20260803,10,627,40.0,40.0,34.5,5.5,0.0,0.0,76.52,1.5,2639.94,2026-08-10,On Time,SAP-Style Time
LAB-006095,20260803,11,9,40.0,40.0,40.25,3.5,3.75,0.0,128.94,1.0,5189.83,2026-08-10,On Time,SAP-Style Time
LAB-006096,20260803,12,816,40.0,40.0,34.0,6.0,0.0,0.0,93.13,1.5,3166.42,2026-08-12,On Time,SAP-Style Time
LAB-006097,20260803,13,832,40.0,40.0,33.25,6.75,0.0,0.0,82.59,1.5,2746.12,2026-08-14,Late,SAP-Style Time
LAB-006098,20260803,14,9,40.0,40.0,44.5,2.0,6.5,0.0,100.38,1.5,4793.14,2026-08-10,On Time,Mobile Time Entry
LAB-006099,20260803,15,494,40.0,40.0,34.25,5.75,0.0,0.0,98.87,1.5,3386.3,2026-08-10,On Time,SAP-Style Time
LAB-006501,20260803,15,494,40.0,40.0,34.25,5.75,0.0,0.0,98.87,1.5,3386.3,2026-08-10,On Time,SAP-Style Time
LAB-006100,20260803,16,35,40.0,40.0,34.25,5.75,0.0,0.0,100.34,1.5,3436.65,2026-08-09,On Time,SAP-Style Time
LAB-006101,20260803,17,365,40.0,40.0,35.0,5.0,0.0,0.0,88.53,1.5,3098.55,2026-08-09,On Time,SAP-Style Time
LAB-006102,20260803,18,872,40.0,40.0,34.0,6.0,0.0,0.0,89.32,1.5,3036.88,2026-08-10,On Time,SAP-Style Time
LAB-006103,20260803,19,362,40.0,40.0,34.5,5.5,0.0,0.0,91.26,1.5,3148.47,2026-08-11,On Time,SAP-Style Time
LAB-006104,20260803,20,419,40.0,32.0,27.0,5.0,0.0,8.0,77.3,1.5,2087.1,2026-08-12,On Time,SAP-Style Time
LAB-006105,20260803,21,9,40.0,40.0,45.25,1.75,7.0,0.0,77.07,1.5,3757.16,2026-08-11,On Time,Mobile Time Entry
LAB-006106,20260803,22,407,40.0,40.0,35.25,4.75,0.0,0.0,102.23,1.5,3603.61,2026-08-11,On Time,SAP-Style Time
LAB-006107,20260803,23,931,40.0,40.0,34.75,5.25,0.0,0.0,85.0,1.5,2953.75,2026-08-20,Late,SAP-Style Time
LAB-006108,20260803,24,525,40.0,40.0,34.75,5.25,0.0,0.0,81.27,1.5,2824.13,2026-08-11,On Time,SAP-Style Time
LAB-006109,20260803,25,9,40.0,40.0,43.0,1.75,4.75,0.0,102.16,1.0,4392.88,2026-08-11,On Time,SAP-Style Time
LAB-006110,20260803,26,634,40.0,40.0,34.0,6.0,0.0,0.0,85.79,1.5,2916.86,2026-08-11,On Time,SAP-Style Time
LAB-006111,20260803,27,475,40.0,40.0,33.0,7.0,0.0,0.0,104.52,1.5,3449.16,2026-08-10,On Time,SAP-Style Time
LAB-006112,20260803,28,9,40.0,40.0,43.25,1.75,5.0,0.0,82.53,1.5,3775.75,2026-08-10,On Time,SAP-Style Time
LAB-006113,20260803,29,779,40.0,40.0,34.75,5.25,0.0,0.0,79.3,1.5,2755.67,2026-08-10,On Time,SAP-Style Time
LAB-006114,20260803,30,678,40.0,40.0,34.25,5.75,0.0,0.0,79.44,1.5,2720.82,2026-08-10,On Time,SAP-Style Time
LAB-006115,20260803,31,159,40.0,40.0,33.75,6.25,0.0,0.0,105.13,1.5,3548.14,2026-08-10,On Time,SAP-Style Time
LAB-006116,20260803,32,463,40.0,40.0,34.5,5.5,0.0,0.0,82.13,1.5,2833.48,2026-08-10,On Time,SAP-Style Time
LAB-006117,20260803,33,483,40.0,40.0,34.0,6.0,0.0,0.0,89.89,1.5,3056.26,2026-08-10,On Time,SAP-Style Time
LAB-006118,20260803,34,494,40.0,40.0,33.5,6.5,0.0,0.0,98.09,1.5,3286.02,2026-08-11,On Time,SAP-Style Time
LAB-006119,20260803,35,9,40.0,40.0,42.0,3.5,5.5,0.0,91.52,1.5,4095.52,2026-08-10,On Time,SAP-Style Time
LAB-006120,20260803,36,155,40.0,40.0,35.25,4.75,0.0,0.0,82.83,1.5,2919.76,2026-08-11,On Time,SAP-Style Time
LAB-006121,20260803,37,631,40.0,40.0,31.75,8.25,0.0,0.0,92.08,1.5,2923.54,2026-08-12,On Time,Mobile Time Entry
LAB-006122,20260803,38,800,40.0,40.0,33.25,6.75,0.0,0.0,105.74,1.5,3515.86,2026-08-09,On Time,SAP-Style Time
LAB-006123,20260803,39,629,40.0,40.0,33.25,6.75,0.0,0.0,107.79,1.5,3584.02,2026-08-11,On Time,SAP-Style Time
LAB-006124,20260803,40,648,40.0,40.0,32.5,7.5,0.0,0.0,103.71,1.5,3370.58,2026-08-11,On Time,SAP-Style Time
LAB-006371,20260803,41,50,10.0,10.0,8.0,2.0,0.0,0.0,108.71,1.5,869.68,2026-08-10,On Time,SAP-Style Time
LAB-006125,20260803,41,139,30.0,30.0,24.25,5.75,0.0,0.0,108.71,1.5,2636.22,2026-08-10,On Time,SAP-Style Time
LAB-006126,20260803,42,1,40.0,40.0,42.75,4.25,7.0,0.0,149.01,1.0,6370.18,2026-08-10,On Time,SAP-Style Time
LAB-006127,20260803,43,595,40.0,40.0,32.25,7.75,0.0,0.0,106.75,1.5,3442.69,2026-08-10,On Time,SAP-Style Time
LAB-006128,20260803,44,1,40.0,40.0,46.75,3.0,9.75,0.0,144.49,1.0,6754.91,2026-08-10,On Time,SAP-Style Time
LAB-006129,20260803,45,1,40.0,40.0,43.25,2.25,5.5,0.0,86.24,1.5,3967.04,2026-08-09,On Time,SAP-Style Time
LAB-006130,20260803,46,1,40.0,40.0,43.25,3.25,6.5,0.0,143.94,1.0,6225.41,2026-08-10,On Time,SAP-Style Time
LAB-006131,20260803,47,635,40.0,40.0,39.0,6.25,5.25,0.0,106.76,1.5,4443.89,2026-08-10,On Time,Mobile Time Entry
LAB-006132,20260803,48,665,40.0,16.0,12.5,3.5,0.0,24.0,87.87,1.5,1098.38,2026-08-10,On Time,SAP-Style Time
LAB-006133,20260803,49,32,40.0,40.0,31.75,8.25,0.0,0.0,83.27,1.5,2643.82,2026-08-12,On Time,SAP-Style Time
LAB-006134,20260803,50,592,40.0,40.0,32.75,7.25,0.0,0.0,101.97,1.5,3339.52,2026-08-09,On Time,SAP-Style Time
LAB-006135,20260803,51,388,40.0,40.0,32.5,7.5,0.0,0.0,86.2,1.5,2801.5,2026-08-11,On Time,SAP-Style Time
LAB-006136,20260803,52,973,40.0,40.0,32.75,7.25,0.0,0.0,97.32,1.5,3187.23,2026-08-10,On Time,SAP-Style Time
LAB-006137,20260803,53,294,40.0,40.0,33.25,6.75,0.0,0.0,94.11,1.5,3129.16,2026-08-11,On Time,SAP-Style Time
LAB-006138,20260803,54,1,40.0,40.0,44.75,2.25,7.0,0.0,107.2,1.5,5172.4,2026-08-10,On Time,SAP-Style Time
LAB-006139,20260803,55,360,40.0,32.0,25.0,7.0,0.0,8.0,95.59,1.5,2389.75,2026-08-11,On Time,SAP-Style Time
LAB-006140,20260803,56,839,40.0,40.0,31.0,9.0,0.0,0.0,73.51,1.5,2278.81,2026-08-11,On Time,SAP-Style Time
LAB-006141,20260803,57,685,40.0,40.0,31.0,9.0,0.0,0.0,87.06,1.5,2698.86,2026-08-12,On Time,SAP-Style Time
LAB-006142,20260803,58,1,40.0,40.0,44.25,3.0,7.25,0.0,119.87,1.0,5304.25,2026-08-09,On Time,SAP-Style Time
LAB-006143,20260803,59,765,40.0,40.0,31.5,8.5,0.0,0.0,83.18,1.5,2620.17,2026-08-11,On Time,SAP-Style Time
LAB-006144,20260803,60,860,40.0,40.0,31.25,8.75,0.0,0.0,86.44,1.5,2701.25,2026-08-10,On Time,SAP-Style Time
LAB-006145,20260803,61,716,40.0,40.0,29.75,10.25,0.0,0.0,83.96,1.5,2497.81,2026-08-10,On Time,SAP-Style Time
LAB-006146,20260803,62,345,40.0,40.0,31.25,8.75,0.0,0.0,73.28,1.5,2290.0,2026-08-10,On Time,SAP-Style Time
LAB-006147,20260803,63,1,40.0,40.0,43.25,4.0,7.25,0.0,122.98,1.0,5318.89,2026-08-11,On Time,SAP-Style Time
LAB-006148,20260803,64,537,40.0,40.0,32.0,8.0,0.0,0.0,84.9,1.5,2716.8,2026-08-11,On Time,SAP-Style Time
LAB-006149,20260803,65,419,40.0,40.0,31.75,8.25,0.0,0.0,72.42,1.5,2299.34,2026-08-11,On Time,SAP-Style Time
LAB-006150,20260803,66,433,40.0,40.0,32.75,7.25,0.0,0.0,94.95,1.5,3109.61,2026-08-09,On Time,SAP-Style Time
LAB-006151,20260803,67,535,40.0,40.0,31.0,9.0,0.0,0.0,79.97,1.5,2479.07,2026-08-10,On Time,SAP-Style Time
LAB-006152,20260803,68,492,40.0,40.0,32.25,7.75,0.0,0.0,79.96,1.5,2578.71,2026-08-12,On Time,SAP-Style Time
LAB-006153,20260803,69,647,40.0,40.0,30.5,9.5,0.0,0.0,92.5,1.5,2821.25,2026-08-10,On Time,SAP-Style Time
LAB-006154,20260803,70,762,40.0,40.0,30.75,9.25,0.0,0.0,79.17,1.5,2434.48,2026-08-10,On Time,SAP-Style Time
LAB-006155,20260803,71,736,40.0,40.0,31.25,8.75,0.0,0.0,84.44,1.5,2638.75,2026-08-09,On Time,SAP-Style Time
LAB-006156,20260803,72,1,40.0,40.0,43.5,4.0,7.5,0.0,107.82,1.0,4690.17,2026-08-11,On Time,SAP-Style Time
LAB-006157,20260803,73,899,40.0,40.0,30.25,9.75,0.0,0.0,85.94,1.5,2599.69,2026-08-11,On Time,SAP-Style Time
LAB-006158,20260803,74,673,40.0,40.0,30.75,9.25,0.0,0.0,74.38,1.5,2287.19,2026-08-12,On Time,Mobile Time Entry
LAB-006159,20260803,75,648,40.0,40.0,31.5,8.5,0.0,0.0,89.39,1.5,2815.79,2026-08-12,On Time,Mobile Time Entry
LAB-006160,20260803,76,581,40.0,36.0,28.75,7.25,0.0,4.0,90.27,1.5,2595.26,2026-08-22,Late,SAP-Style Time
LAB-006161,20260803,77,984,40.0,40.0,30.75,9.25,0.0,0.0,89.33,1.5,2746.9,2026-08-09,On Time,SAP-Style Time
LAB-006162,20260803,78,325,40.0,40.0,29.25,10.75,0.0,0.0,83.91,1.5,2454.37,2026-08-09,On Time,SAP-Style Time
LAB-006163,20260803,79,794,40.0,40.0,28.5,11.5,0.0,0.0,70.65,1.5,2013.53,2026-08-12,On Time,SAP-Style Time
LAB-006164,20260803,81,813,40.0,40.0,29.0,11.0,0.0,0.0,87.64,1.5,2541.56,2026-08-10,On Time,SAP-Style Time
LAB-006165,20260803,82,353,40.0,40.0,29.25,10.75,0.0,0.0,68.13,1.5,1992.8,2026-08-17,Late,SAP-Style Time
LAB-006166,20260803,83,27,40.0,40.0,29.5,10.5,0.0,0.0,73.3,1.5,2162.35,2026-08-11,On Time,Mobile Time Entry
LAB-006167,20260803,84,714,40.0,40.0,30.0,10.0,0.0,0.0,71.25,1.5,2137.5,2026-08-09,On Time,SAP-Style Time
LAB-006168,20260803,85,972,40.0,40.0,30.0,10.0,0.0,0.0,65.88,1.5,1976.4,2026-08-11,On Time,SAP-Style Time
LAB-006169,20260803,86,525,40.0,40.0,29.5,10.5,0.0,0.0,82.25,1.5,2426.38,2026-08-11,On Time,SAP-Style Time
LAB-006170,20260803,87,379,40.0,32.0,23.0,9.0,0.0,8.0,78.64,1.5,1808.72,2026-08-17,Late,SAP-Style Time
LAB-006171,20260803,88,239,40.0,40.0,32.5,10.0,2.5,0.0,71.87,1.5,2425.61,2026-08-10,On Time,Mobile Time Entry
LAB-006172,20260803,89,140,40.0,40.0,29.5,10.5,0.0,0.0,77.91,1.5,2298.35,2026-08-10,On Time,SAP-Style Time
LAB-006507,20260803,89,140,40.0,40.0,29.5,10.5,0.0,0.0,77.91,1.5,2298.35,2026-08-10,On Time,SAP-Style Time
LAB-006173,20260803,90,317,40.0,40.0,29.5,10.5,0.0,0.0,74.99,1.5,2212.21,2026-08-11,On Time,Mobile Time Entry
LAB-006174,20260803,91,227,40.0,40.0,29.5,10.5,0.0,0.0,68.92,1.5,2033.14,2026-08-12,On Time,SAP-Style Time
LAB-006175,20260803,92,799,40.0,40.0,29.25,10.75,0.0,0.0,86.57,1.5,2532.17,2026-08-10,On Time,Mobile Time Entry
LAB-006176,20260803,93,283,40.0,40.0,29.0,11.0,0.0,0.0,107.35,1.0,3113.15,2026-08-09,On Time,SAP-Style Time
LAB-006177,20260803,94,996,40.0,36.0,31.0,5.0,0.0,4.0,114.66,1.5,3554.46,2026-08-11,On Time,SAP-Style Time
LAB-006178,20260803,96,9,40.0,40.0,44.75,1.5,6.25,0.0,158.23,1.0,7080.79,2026-08-11,On Time,SAP-Style Time
LAB-006179,20260803,97,823,40.0,40.0,33.25,6.75,0.0,0.0,96.85,1.5,3220.26,2026-08-10,On Time,SAP-Style Time
LAB-006180,20260803,98,9,40.0,40.0,42.5,3.5,6.0,0.0,98.56,1.5,4484.48,2026-08-11,On Time,SAP-Style Time
LAB-006181,20260803,99,325,40.0,40.0,33.75,6.25,0.0,0.0,101.82,1.5,3436.42,2026-08-11,On Time,SAP-Style Time
LAB-006182,20260803,100,482,40.0,40.0,34.25,5.75,0.0,0.0,92.09,1.5,3154.08,2026-08-11,On Time,SAP-Style Time
LAB-006183,20260803,101,152,40.0,40.0,34.0,6.0,0.0,0.0,114.75,1.5,3901.5,2026-08-09,On Time,SAP-Style Time
LAB-006184,20260803,102,597,40.0,40.0,34.25,5.75,0.0,0.0,91.58,1.5,3136.62,2026-08-22,Late,SAP-Style Time
LAB-006185,20260803,103,953,40.0,40.0,35.25,4.75,0.0,0.0,109.51,1.5,3860.23,2026-08-12,On Time,SAP-Style Time
LAB-006186,20260803,104,9,40.0,40.0,42.5,2.75,5.25,0.0,116.26,1.0,4941.05,2026-08-10,On Time,SAP-Style Time
LAB-006187,20260803,105,9,40.0,40.0,43.75,2.0,5.75,0.0,104.84,1.5,4888.17,2026-08-11,On Time,SAP-Style Time
LAB-006188,20260803,106,138,40.0,40.0,32.5,7.5,0.0,0.0,100.92,1.5,3279.9,2026-08-10,On Time,SAP-Style Time
LAB-006189,20260803,107,950,40.0,40.0,35.25,4.75,0.0,0.0,127.16,1.0,4482.39,2026-08-10,On Time,SAP-Style Time
LAB-006190,20260803,108,673,40.0,40.0,33.0,7.0,0.0,0.0,104.5,1.5,3448.5,2026-08-09,On Time,SAP-Style Time
LAB-006191,20260803,109,325,40.0,40.0,38.25,6.25,4.5,0.0,122.66,1.0,4691.75,2026-08-10,On Time,SAP-Style Time
LAB-006192,20260803,110,932,40.0,40.0,34.25,5.75,0.0,0.0,144.93,1.0,4963.85,2026-08-12,On Time,SAP-Style Time
LAB-006193,20260803,111,318,40.0,40.0,36.0,6.25,2.25,0.0,106.37,1.5,3948.99,2026-08-09,On Time,SAP-Style Time
LAB-006194,20260803,112,726,40.0,40.0,34.0,6.0,0.0,0.0,93.17,1.5,3167.78,2026-08-11,On Time,SAP-Style Time
LAB-006195,20260803,113,966,40.0,40.0,33.75,6.25,0.0,0.0,97.98,1.5,3306.83,2026-08-10,On Time,Mobile Time Entry
LAB-006196,20260803,114,876,40.0,40.0,27.0,13.0,0.0,0.0,97.72,1.5,2638.44,2026-08-11,On Time,SAP-Style Time
LAB-006197,20260803,115,202,40.0,40.0,30.0,12.0,2.0,0.0,89.67,1.5,2779.77,2026-08-11,On Time,SAP-Style Time
LAB-006198,20260803,116,786,40.0,40.0,28.75,11.25,0.0,0.0,131.09,1.0,3768.84,2026-08-12,On Time,SAP-Style Time
LAB-006199,20260803,118,11,40.0,32.0,23.5,8.5,0.0,8.0,123.33,1.0,2898.26,2026-08-10,On Time,SAP-Style Time
LAB-006200,20260803,119,655,40.0,28.0,20.0,8.0,0.0,12.0,98.99,1.5,1979.8,2026-08-10,On Time,SAP-Style Time
LAB-006201,20260803,120,96,40.0,40.0,29.5,10.5,0.0,0.0,79.77,1.5,2353.21,2026-08-11,On Time,SAP-Style Time
LAB-006202,20260810,1,878,16.0,16.0,13.25,2.75,0.0,0.0,100.39,1.5,1330.17,2026-08-18,On Time,SAP-Style Time
LAB-006203,20260810,2,9,16.0,8.0,12.25,0.5,4.75,8.0,150.62,1.0,1845.1,2026-08-16,On Time,SAP-Style Time
LAB-006204,20260810,3,959,16.0,16.0,13.75,2.25,0.0,0.0,83.78,1.5,1151.98,2026-08-18,On Time,SAP-Style Time
LAB-006205,20260810,4,80,16.0,16.0,13.75,2.25,0.0,0.0,78.56,1.5,1080.2,2026-08-16,On Time,SAP-Style Time
LAB-006206,20260810,5,9,16.0,16.0,20.25,1.0,5.25,0.0,120.4,1.0,2438.1,2026-08-17,On Time,SAP-Style Time
LAB-006207,20260810,6,155,16.0,12.0,10.75,1.25,0.0,4.0,89.06,1.5,957.4,2026-08-17,On Time,SAP-Style Time
LAB-006208,20260810,7,9,16.0,16.0,19.25,0.75,4.0,0.0,76.98,1.5,1635.83,2026-08-16,On Time,SAP-Style Time
LAB-006209,20260810,8,366,16.0,8.0,7.0,1.0,0.0,8.0,101.38,1.5,709.66,2026-08-16,On Time,SAP-Style Time
LAB-006210,20260810,9,621,16.0,16.0,13.5,2.5,0.0,0.0,81.4,1.5,1098.9,2026-08-16,On Time,Mobile Time Entry
LAB-006211,20260810,10,378,16.0,8.0,7.0,1.0,0.0,8.0,76.52,1.5,535.64,2026-08-17,On Time,SAP-Style Time
LAB-006212,20260810,11,9,16.0,16.0,19.0,0.75,3.75,0.0,128.94,1.0,2449.86,2026-08-18,On Time,SAP-Style Time
LAB-006213,20260810,12,85,16.0,16.0,13.75,2.25,0.0,0.0,93.13,1.5,1280.54,2026-08-17,On Time,SAP-Style Time
LAB-006214,20260810,13,581,16.0,16.0,13.5,2.5,0.0,0.0,82.59,1.5,1114.97,2026-08-18,On Time,SAP-Style Time
LAB-006215,20260810,14,9,16.0,16.0,19.0,1.5,4.5,0.0,100.38,1.5,2133.08,2026-08-17,On Time,SAP-Style Time
LAB-006216,20260810,15,414,16.0,16.0,13.75,2.25,0.0,0.0,98.87,1.5,1359.46,2026-08-17,On Time,SAP-Style Time
LAB-006217,20260810,16,882,16.0,8.0,7.0,1.0,0.0,8.0,100.34,1.5,702.38,2026-08-16,On Time,SAP-Style Time
LAB-006218,20260810,17,381,16.0,16.0,13.75,2.25,0.0,0.0,88.53,1.5,1217.29,2026-08-18,On Time,SAP-Style Time
LAB-006219,20260810,18,50,16.0,16.0,13.5,2.5,0.0,0.0,89.32,1.5,1205.82,2026-08-18,On Time,SAP-Style Time
LAB-006220,20260810,19,896,16.0,8.0,6.75,1.25,0.0,8.0,91.26,1.5,616.01,2026-08-16,On Time,SAP-Style Time
LAB-006221,20260810,20,582,16.0,16.0,13.25,2.75,0.0,0.0,77.3,1.5,1024.23,2026-08-17,On Time,SAP-Style Time
LAB-006222,20260810,21,9,16.0,16.0,20.0,1.0,5.0,0.0,77.07,1.5,1734.07,2026-08-17,On Time,SAP-Style Time
LAB-006223,20260810,22,793,16.0,12.0,10.75,1.25,0.0,4.0,102.23,1.5,1098.97,2026-08-17,On Time,SAP-Style Time
LAB-006224,20260810,23,951,16.0,16.0,13.5,2.5,0.0,0.0,85.0,1.5,1147.5,2026-08-17,On Time,SAP-Style Time
LAB-006225,20260810,24,896,16.0,16.0,13.75,2.25,0.0,0.0,81.27,1.5,1117.46,2026-08-17,On Time,SAP-Style Time
LAB-006226,20260810,25,9,16.0,16.0,21.75,1.25,7.0,0.0,102.16,1.0,2221.98,2026-08-16,On Time,SAP-Style Time
LAB-006227,20260810,26,588,16.0,16.0,13.5,2.5,0.0,0.0,85.79,1.5,1158.17,2026-08-16,On Time,SAP-Style Time
LAB-006228,20260810,27,372,16.0,16.0,13.0,3.0,0.0,0.0,104.52,1.5,1358.76,2026-08-16,On Time,Mobile Time Entry
LAB-006229,20260810,28,9,16.0,16.0,23.25,0.75,8.0,0.0,82.53,1.5,2248.94,2026-08-16,On Time,SAP-Style Time
LAB-006230,20260810,29,750,16.0,8.0,7.0,1.0,0.0,8.0,79.3,1.5,555.1,2026-08-23,Late,SAP-Style Time
LAB-006231,20260810,30,807,16.0,16.0,13.75,2.25,0.0,0.0,79.44,1.5,1092.3,2026-08-17,On Time,SAP-Style Time
LAB-006232,20260810,31,665,16.0,16.0,13.25,2.75,0.0,0.0,105.13,1.5,1392.97,2026-08-17,On Time,SAP-Style Time
LAB-006233,20260810,32,883,16.0,8.0,6.75,1.25,0.0,8.0,82.13,1.5,554.38,2026-08-17,On Time,SAP-Style Time
LAB-006234,20260810,33,247,16.0,16.0,13.5,2.5,0.0,0.0,89.89,1.5,1213.52,2026-08-16,On Time,SAP-Style Time
LAB-006235,20260810,34,810,16.0,16.0,13.5,2.5,0.0,0.0,98.09,1.5,1324.22,2026-08-17,On Time,Mobile Time Entry
LAB-006236,20260810,35,9,16.0,16.0,23.0,1.0,8.0,0.0,91.52,1.5,2471.04,2026-08-16,On Time,SAP-Style Time
LAB-006237,20260810,36,112,16.0,8.0,7.0,1.0,0.0,8.0,82.83,1.5,579.81,2026-08-18,On Time,SAP-Style Time
LAB-006238,20260810,37,542,16.0,12.0,9.75,2.25,0.0,4.0,92.08,1.5,897.78,2026-08-18,On Time,SAP-Style Time
LAB-006239,20260810,38,869,16.0,16.0,13.0,3.0,0.0,0.0,105.74,1.5,1374.62,2026-08-16,On Time,SAP-Style Time
LAB-006240,20260810,39,85,16.0,16.0,13.25,2.75,0.0,0.0,107.79,1.5,1428.22,2026-08-17,On Time,SAP-Style Time
LAB-006241,20260810,40,581,16.0,16.0,13.0,3.0,0.0,0.0,103.71,1.5,1348.23,2026-08-16,On Time,Mobile Time Entry
LAB-006242,20260810,41,170,16.0,16.0,12.75,3.25,0.0,0.0,108.71,1.5,1386.05,2026-08-18,On Time,SAP-Style Time
LAB-006243,20260810,42,1,16.0,16.0,19.75,1.25,5.0,0.0,149.01,1.0,2942.95,2026-08-16,On Time,SAP-Style Time
LAB-006244,20260810,43,668,16.0,16.0,13.0,3.0,0.0,0.0,106.75,1.5,1387.75,2026-08-17,On Time,SAP-Style Time
LAB-006245,20260810,44,1,16.0,16.0,22.0,1.5,7.5,0.0,144.49,1.0,3178.78,2026-08-16,On Time,SAP-Style Time
LAB-006246,20260810,45,1,16.0,16.0,19.5,1.25,4.75,0.0,86.24,1.5,1886.5,2026-08-18,On Time,SAP-Style Time
LAB-006247,20260810,46,1,16.0,8.0,15.25,0.5,7.75,8.0,143.94,1.0,2195.09,2026-08-19,On Time,SAP-Style Time
LAB-006248,20260810,47,129,16.0,16.0,13.0,3.0,0.0,0.0,106.76,1.5,1387.88,2026-08-17,On Time,Mobile Time Entry
LAB-006249,20260810,48,990,16.0,16.0,12.75,3.25,0.0,0.0,87.87,1.5,1120.34,2026-08-19,On Time,SAP-Style Time
LAB-006250,20260810,49,45,16.0,16.0,12.5,3.5,0.0,0.0,83.27,1.5,1040.88,2026-08-17,On Time,SAP-Style Time
LAB-006251,20260810,50,560,16.0,16.0,13.0,3.0,0.0,0.0,101.97,1.5,1325.61,2026-08-16,On Time,SAP-Style Time
LAB-006252,20260810,51,326,16.0,16.0,13.0,3.0,0.0,0.0,86.2,1.5,1120.6,2026-08-17,On Time,Mobile Time Entry
LAB-006253,20260810,52,578,16.0,16.0,13.0,3.0,0.0,0.0,97.32,1.5,1265.16,2026-08-24,Late,SAP-Style Time
LAB-006254,20260810,53,72,16.0,16.0,13.0,3.0,0.0,0.0,94.11,1.5,1223.43,2026-08-18,On Time,SAP-Style Time
LAB-006255,20260810,54,1,16.0,16.0,19.75,1.5,5.25,0.0,107.2,1.5,2398.6,2026-08-17,On Time,SAP-Style Time
LAB-006256,20260810,55,461,16.0,16.0,12.5,3.5,0.0,0.0,95.59,1.5,1194.88,2026-08-16,On Time,SAP-Style Time
LAB-006257,20260810,56,381,16.0,16.0,12.5,3.5,0.0,0.0,73.51,1.5,918.88,2026-08-18,On Time,SAP-Style Time
LAB-006258,20260810,57,115,16.0,16.0,12.5,3.5,0.0,0.0,87.06,1.5,1088.25,2026-08-17,On Time,SAP-Style Time
LAB-006259,20260810,58,1,16.0,16.0,23.75,1.75,9.5,0.0,119.87,1.0,2846.91,2026-08-18,On Time,SAP-Style Time
LAB-006260,20260810,59,110,16.0,16.0,12.25,3.75,0.0,0.0,83.18,1.5,1018.96,2026-08-19,On Time,SAP-Style Time
LAB-006261,20260810,60,647,16.0,8.0,6.25,1.75,0.0,8.0,86.44,1.5,540.25,2026-08-17,On Time,SAP-Style Time
LAB-006262,20260810,61,298,16.0,16.0,12.25,3.75,0.0,0.0,83.96,1.5,1028.51,2026-08-17,On Time,SAP-Style Time
LAB-006263,20260810,62,465,16.0,16.0,12.25,3.75,0.0,0.0,73.28,1.5,897.68,2026-08-16,On Time,SAP-Style Time
LAB-006264,20260810,63,1,16.0,16.0,24.25,1.75,10.0,0.0,122.98,1.0,2982.27,2026-08-19,On Time,SAP-Style Time
LAB-006265,20260810,64,286,16.0,16.0,12.75,3.25,0.0,0.0,84.9,1.5,1082.48,2026-08-19,On Time,Manager Adjustment
LAB-006266,20260810,65,121,16.0,16.0,12.25,3.75,0.0,0.0,72.42,1.5,887.15,2026-08-18,On Time,SAP-Style Time
LAB-006267,20260810,66,788,16.0,16.0,13.0,3.0,0.0,0.0,94.95,1.5,1234.35,2026-08-17,On Time,SAP-Style Time
LAB-006268,20260810,67,231,16.0,16.0,12.5,3.5,0.0,0.0,79.97,1.5,999.63,2026-08-18,On Time,SAP-Style Time
LAB-006269,20260810,68,102,16.0,8.0,6.5,1.5,0.0,8.0,79.96,1.5,519.74,2026-08-18,On Time,SAP-Style Time
LAB-006270,20260810,69,753,16.0,16.0,12.25,3.75,0.0,0.0,92.5,1.5,1133.13,2026-08-18,On Time,SAP-Style Time
LAB-006271,20260810,70,110,16.0,16.0,12.25,3.75,0.0,0.0,79.17,1.5,969.83,2026-08-16,On Time,SAP-Style Time
LAB-006272,20260810,71,548,16.0,16.0,12.25,3.75,0.0,0.0,84.44,1.5,1034.39,2026-08-18,On Time,SAP-Style Time
LAB-006273,20260810,72,1,16.0,16.0,24.0,1.5,9.5,0.0,107.82,1.0,2587.68,2026-08-16,On Time,SAP-Style Time
LAB-006274,20260810,73,986,16.0,8.0,6.25,1.75,0.0,8.0,85.94,1.5,537.13,2026-08-16,On Time,Mobile Time Entry
LAB-006275,20260810,74,152,16.0,16.0,12.5,3.5,0.0,0.0,74.38,1.5,929.75,2026-08-17,On Time,SAP-Style Time
LAB-006276,20260810,75,405,16.0,16.0,12.5,3.5,0.0,0.0,89.39,1.5,1117.38,2026-08-18,On Time,SAP-Style Time
LAB-006277,20260810,76,289,16.0,16.0,12.75,3.25,0.0,0.0,90.27,1.5,1150.94,2026-08-17,On Time,Manager Adjustment
LAB-006278,20260810,77,846,16.0,16.0,12.25,3.75,0.0,0.0,89.33,1.5,1094.29,2026-08-17,On Time,Mobile Time Entry
LAB-006279,20260810,78,59,16.0,16.0,12.25,3.75,0.0,0.0,83.91,1.5,1027.9,2026-08-16,On Time,Mobile Time Entry
LAB-006280,20260810,79,80,16.0,16.0,12.0,4.0,0.0,0.0,70.65,1.5,847.8,2026-08-17,On Time,SAP-Style Time
LAB-006281,20260810,81,794,16.0,16.0,12.25,3.75,0.0,0.0,87.64,1.5,1073.59,2026-08-17,On Time,SAP-Style Time
LAB-006282,20260810,82,820,16.0,16.0,12.0,4.0,0.0,0.0,68.13,1.5,817.56,2026-08-18,On Time,SAP-Style Time
LAB-006283,20260810,83,1000,16.0,16.0,12.0,4.0,0.0,0.0,73.3,1.5,879.6,2026-08-17,On Time,Mobile Time Entry
LAB-006284,20260810,84,127,16.0,16.0,12.75,3.25,0.0,0.0,71.25,1.5,908.44,2026-08-18,On Time,SAP-Style Time
LAB-006285,20260810,85,44,16.0,16.0,12.5,3.5,0.0,0.0,65.88,1.5,823.5,2026-08-17,On Time,SAP-Style Time
LAB-006286,20260810,86,247,16.0,16.0,12.25,3.75,0.0,0.0,82.25,1.5,1007.56,2026-08-16,On Time,SAP-Style Time
LAB-006287,20260810,87,726,16.0,16.0,11.75,4.25,0.0,0.0,78.64,1.5,924.02,2026-08-18,On Time,SAP-Style Time
LAB-006288,20260810,88,106,16.0,16.0,12.25,3.75,0.0,0.0,71.87,1.5,880.41,2026-08-17,On Time,SAP-Style Time
LAB-006289,20260810,89,160,16.0,16.0,12.25,3.75,0.0,0.0,77.91,1.5,954.4,2026-08-18,On Time,SAP-Style Time
LAB-006290,20260810,90,558,16.0,16.0,12.5,3.5,0.0,0.0,74.99,1.5,937.37,2026-08-16,On Time,SAP-Style Time
LAB-006291,20260810,91,909,16.0,16.0,12.25,3.75,0.0,0.0,68.92,1.5,844.27,2026-08-17,On Time,SAP-Style Time
LAB-006292,20260810,92,469,16.0,16.0,12.5,3.5,0.0,0.0,86.57,1.5,1082.13,2026-08-25,Late,SAP-Style Time
LAB-006293,20260810,93,22,16.0,16.0,12.0,4.0,0.0,0.0,107.35,1.0,1288.2,2026-08-16,On Time,SAP-Style Time
LAB-006294,20260810,94,668,16.0,16.0,13.75,2.25,0.0,0.0,114.66,1.5,1576.58,2026-08-22,Late,SAP-Style Time
LAB-006295,20260810,96,9,16.0,8.0,13.75,0.5,6.25,8.0,158.23,1.0,2175.66,2026-08-17,On Time,SAP-Style Time
LAB-006296,20260810,97,859,16.0,16.0,13.5,2.5,0.0,0.0,96.85,1.5,1307.48,2026-08-17,On Time,SAP-Style Time
LAB-006297,20260810,98,9,16.0,16.0,23.25,1.0,8.25,0.0,98.56,1.5,2698.08,2026-08-17,On Time,Mobile Time Entry
LAB-006298,20260810,99,140,16.0,8.0,7.0,1.0,0.0,8.0,101.82,1.5,712.74,2026-08-19,On Time,SAP-Style Time
LAB-006299,20260810,100,329,16.0,16.0,13.75,2.25,0.0,0.0,92.09,1.5,1266.24,2026-08-17,On Time,SAP-Style Time
LAB-006300,20260810,101,14,16.0,16.0,13.75,2.25,0.0,0.0,114.75,1.5,1577.81,2026-08-17,On Time,SAP-Style Time
LAB-006301,20260810,102,266,16.0,16.0,14.0,2.0,0.0,0.0,91.58,1.5,1282.12,2026-08-18,On Time,SAP-Style Time
LAB-006302,20260810,103,917,16.0,16.0,14.0,2.0,0.0,0.0,109.51,1.5,1533.14,2026-08-17,On Time,SAP-Style Time
LAB-006303,20260810,104,9,16.0,12.0,15.5,1.0,4.5,4.0,116.26,1.0,1802.03,2026-08-18,On Time,SAP-Style Time
LAB-006304,20260810,105,9,16.0,16.0,20.5,1.0,5.5,0.0,104.84,1.5,2437.53,2026-08-26,Late,Mobile Time Entry
LAB-006305,20260810,106,2,16.0,16.0,13.25,2.75,0.0,0.0,100.92,1.5,1337.19,2026-08-17,On Time,SAP-Style Time
LAB-006306,20260810,107,668,16.0,16.0,14.0,2.0,0.0,0.0,127.16,1.0,1780.24,2026-08-16,On Time,SAP-Style Time
LAB-006307,20260810,108,882,16.0,8.0,6.5,1.5,0.0,8.0,104.5,1.5,679.25,2026-08-17,On Time,SAP-Style Time
LAB-006308,20260810,109,699,16.0,16.0,13.5,2.5,0.0,0.0,122.66,1.0,1655.91,2026-08-17,On Time,SAP-Style Time
LAB-006309,20260810,110,736,16.0,16.0,13.5,2.5,0.0,0.0,144.93,1.0,1956.56,2026-08-19,On Time,SAP-Style Time
LAB-006310,20260810,111,86,16.0,16.0,13.5,2.5,0.0,0.0,106.37,1.5,1436.0,2026-08-17,On Time,Mobile Time Entry
LAB-006311,20260810,112,394,16.0,16.0,13.75,2.25,0.0,0.0,93.17,1.5,1281.09,2026-08-17,On Time,SAP-Style Time
LAB-006312,20260810,113,241,16.0,16.0,13.75,2.25,0.0,0.0,97.98,1.5,1347.23,2026-08-17,On Time,SAP-Style Time
LAB-006313,20260810,114,1,16.0,8.0,5.5,2.5,0.0,8.0,97.72,1.5,537.46,2026-08-19,On Time,SAP-Style Time
LAB-006314,20260810,115,909,16.0,16.0,11.25,4.75,0.0,0.0,89.67,1.5,1008.79,2026-08-18,On Time,SAP-Style Time
LAB-006315,20260810,116,403,16.0,16.0,11.5,4.5,0.0,0.0,131.09,1.0,1507.54,2026-08-17,On Time,SAP-Style Time
LAB-006316,20260810,118,463,16.0,16.0,11.75,4.25,0.0,0.0,123.33,1.0,1449.13,2026-08-17,On Time,SAP-Style Time
LAB-006317,20260810,119,198,16.0,8.0,5.75,2.25,0.0,8.0,98.99,1.5,569.19,2026-08-17,On Time,SAP-Style Time
LAB-006318,20260810,120,387,16.0,16.0,12.0,4.0,0.0,0.0,79.77,1.5,957.24,2026-08-17,On Time,SAP-Style Time
